dataset,metric,k,vote,retention,fold_id,num_folds,n_train,n_test,fit_time_s,predict_time_s,total_time_s,accuracy,precision_macro,recall_macro,f1_macro,precision_weighted,recall_weighted,f1_weighted,confusion_matrix_json
adult,cosine,3,borda,RetentionPolicy.ALWAYS_RETAIN,0,10,43958,4884,0.06921860000147717,52.74114369999734,52.810362299998815,0.759009009009009,0.6735946728086242,0.6827135960726116,0.6777086569837254,0.7657408168620901,0.759009009009009,0.762091329733979,"{""labels"": [""<=50K"", "">50K""], ""matrix"": [[3080, 635], [542, 627]]}"
adult,cosine,3,borda,RetentionPolicy.ALWAYS_RETAIN,1,10,43959,4883,0.06151699999827542,51.57415630000105,51.635673299999326,0.755273397501536,0.6666119324960122,0.671874711923155,0.6690876096094819,0.7592753511948506,0.755273397501536,0.7571755717928935,"{""labels"": [""<=50K"", "">50K""], ""matrix"": [[3090, 625], [570, 598]]}"
adult,cosine,3,borda,RetentionPolicy.ALWAYS_RETAIN,2,10,43957,4885,0.06018430000040098,51.290029499999946,51.35021380000035,0.7570112589559878,0.6694084247747274,0.6751250992166201,0.6720870050034979,0.7612704820434986,0.7570112589559878,0.7590267581447233,"{""labels"": [""<=50K"", "">50K""], ""matrix"": [[3092, 623], [564, 606]]}"
adult,cosine,3,borda,RetentionPolicy.ALWAYS_RETAIN,3,10,43958,4884,0.0627186999990954,51.020907800000714,51.08362649999981,0.7618755118755118,0.6750794747351346,0.680018929619417,0.6774224655144361,0.765347353361127,0.7618755118755118,0.7635314539610232,"{""labels"": [""<=50K"", "">50K""], ""matrix"": [[3110, 606], [557, 611]]}"
adult,cosine,3,borda,RetentionPolicy.ALWAYS_RETAIN,4,10,43957,4885,0.06089870000141673,50.70341159999953,50.76431030000094,0.7529170931422723,0.6637842155377354,0.6693187897617037,0.6663742445360828,0.7572471382461567,0.7529170931422723,0.7549693552273868,"{""labels"": [""<=50K"", "">50K""], ""matrix"": [[3083, 633], [574, 595]]}"
adult,cosine,3,borda,RetentionPolicy.ALWAYS_RETAIN,5,10,43958,4884,0.06499339999936637,50.69822070000009,50.76321409999946,0.7463144963144963,0.6532421296353927,0.6559970213958152,0.6545713943701987,0.7486356896910468,0.7463144963144963,0.7474444272482561,"{""labels"": [""<=50K"", "">50K""], ""matrix"": [[3081, 635], [604, 564]]}"
adult,cosine,3,borda,RetentionPolicy.ALWAYS_RETAIN,6,10,43958,4884,0.06555830000070273,50.66641339999842,50.73197169999912,0.7571662571662572,0.6696244454164844,0.6756397606632534,0.6724334961997829,0.7616481666034876,0.7571662571662572,0.7592811650486733,"{""labels"": [""<=50K"", "">50K""], ""matrix"": [[3091, 624], [562, 607]]}"
adult,cosine,3,borda,RetentionPolicy.ALWAYS_RETAIN,7,10,43958,4884,0.06307620000006864,50.85470070000156,50.91777690000163,0.7583947583947583,0.6687207079723678,0.6700997721810166,0.6693999070690615,0.7593911367327849,0.7583947583947583,0.7588864426562263,"{""labels"": [""<=50K"", "">50K""], ""matrix"": [[3119, 597], [583, 585]]}"
adult,cosine,3,borda,RetentionPolicy.ALWAYS_RETAIN,8,10,43958,4884,0.0630514000004041,50.88715020000018,50.95020160000058,0.7571662571662572,0.6676403698710354,0.670173039208458,0.6688713615959598,0.759031379818241,0.7571662571662572,0.7580765138216211,"{""labels"": [""<=50K"", "">50K""], ""matrix"": [[3110, 606], [580, 588]]}"
adult,cosine,3,borda,RetentionPolicy.ALWAYS_RETAIN,9,10,43957,4885,0.0659008000002359,51.05891360000169,51.124814400001924,0.7494370522006141,0.6600747114776403,0.6666321565379438,0.6630938809621368,0.7547965595159446,0.7494370522006141,0.7519508849257133,"{""labels"": [""<=50K"", "">50K""], ""matrix"": [[3067, 648], [576, 594]]}"
adult,cosine,3,borda,RetentionPolicy.NEVER_RETAIN,0,10,43958,4884,0.06315629999880912,46.82126860000062,46.88442489999943,0.7596232596232596,0.6742485278409247,0.6831173645786681,0.6782644802463539,0.766118378693767,0.7596232596232596,0.7626046481183418,"{""labels"": [""<=50K"", "">50K""], ""matrix"": [[3083, 632], [542, 627]]}"
adult,cosine,3,borda,RetentionPolicy.NEVER_RETAIN,1,10,43959,4883,0.05886069999905885,46.80795460000081,46.86681529999987,0.7524063075977883,0.6633307780333078,0.6694034735153671,0.6661525111312241,0.7571972959483809,0.7524063075977883,0.7546651701160504,"{""labels"": [""<=50K"", "">50K""], ""matrix"": [[3078, 637], [572, 596]]}"
adult,cosine,3,borda,RetentionPolicy.NEVER_RETAIN,2,10,43957,4885,0.05998650000037742,47.2952363000004,47.355222800000774,0.7578300921187308,0.6706938348394684,0.6768345009260218,0.6735588703794931,0.7623688140770554,0.7578300921187308,0.7599691279646502,"{""labels"": [""<=50K"", "">50K""], ""matrix"": [[3092, 623], [560, 610]]}"
adult,cosine,3,borda,RetentionPolicy.NEVER_RETAIN,3,10,43958,4884,0.060183100002177525,47.26154659999884,47.321729700001015,0.7592137592137592,0.6716685159997137,0.676802092395712,0.6740940474731381,0.7629390887122293,0.7592137592137592,0.7609870865416888,"{""labels"": [""<=50K"", "">50K""], ""matrix"": [[3102, 614], [562, 606]]}"
adult,cosine,3,borda,RetentionPolicy.NEVER_RETAIN,4,10,43957,4885,0.05930439999792725,47.265972500001226,47.32527689999915,0.7547594677584443,0.665146172431705,0.6687707930287357,0.6668839918434184,0.7575156840453046,0.7547594677584443,0.756090383694981,"{""labels"": [""<=50K"", "">50K""], ""matrix"": [[3098, 618], [580, 589]]}"
adult,cosine,3,borda,RetentionPolicy.NEVER_RETAIN,5,10,43958,4884,0.05994730000020354,47.00785040000119,47.06779770000139,0.7467239967239967,0.6537948290241868,0.6565596568706962,0.6551289869539433,0.7490416187663893,0.7467239967239967,0.7478521037175889,"{""labels"": [""<=50K"", "">50K""], ""matrix"": [[3082, 634], [603, 565]]}"
adult,cosine,3,borda,RetentionPolicy.NEVER_RETAIN,6,10,43958,4884,0.06103900000016438,46.796245599998656,46.85728459999882,0.7534807534807535,0.6646314165532241,0.6702858846813199,0.6672749679459251,0.7578756093881334,0.7534807534807535,0.7555613436384726,"{""labels"": [""<=50K"", "">50K""], ""matrix"": [[3083, 632], [572, 597]]}"
adult,cosine,3,borda,RetentionPolicy.NEVER_RETAIN,7,10,43958,4884,0.06186399999933201,46.87581080000018,46.93767479999951,0.7561425061425061,0.6665069149664522,0.6695002727929575,0.6679536163800699,0.7583779874992702,0.7561425061425061,0.7572286625122462,"{""labels"": [""<=50K"", "">50K""], ""matrix"": [[3105, 611], [580, 588]]}"
adult,cosine,3,borda,RetentionPolicy.NEVER_RETAIN,8,10,43958,4884,0.06094110000049113,46.5276051999972,46.58854629999769,0.7559377559377559,0.6658765187926734,0.6681916038751345,0.6670040634037413,0.7576669316909415,0.7559377559377559,0.7567834011916451,"{""labels"": [""<=50K"", "">50K""], ""matrix"": [[3108, 608], [584, 584]]}"
adult,cosine,3,borda,RetentionPolicy.NEVER_RETAIN,9,10,43957,4885,0.06443369999760762,47.0454447000011,47.109878399998706,0.7482088024564995,0.6591343942842007,0.6667029023018256,0.662568097947829,0.7545043432949288,0.7482088024564995,0.751131930932212,"{""labels"": [""<=50K"", "">50K""], ""matrix"": [[3058, 657], [573, 597]]}"
adult,cosine,3,borda,RetentionPolicy.DIFFERENT_CLASS_RETENTION,0,10,43958,4884,0.06432120000317809,51.14176999999836,51.20609120000154,0.7588042588042588,0.6733773232286457,0.6825790065705928,0.677523514176663,0.7656152273743247,0.7588042588042588,0.7619202416733428,"{""labels"": [""<=50K"", "">50K""], ""matrix"": [[3079, 636], [542, 627]]}"
adult,cosine,3,borda,RetentionPolicy.DIFFERENT_CLASS_RETENTION,1,10,43959,4883,0.061005999999906635,48.63035559999844,48.691361599998345,0.7528158918697522,0.6641944169060953,0.6708466232784528,0.6672645288267511,0.7580484280214524,0.7528158918697522,0.755269101391583,"{""labels"": [""<=50K"", "">50K""], ""matrix"": [[3076, 639], [568, 600]]}"
adult,cosine,3,borda,RetentionPolicy.DIFFERENT_CLASS_RETENTION,2,10,43957,4885,0.05866030000106548,48.13390449999861,48.19256479999967,0.7561924257932446,0.6685241296972895,0.6745867412085447,0.6713513225883148,0.7607588603976639,0.7561924257932446,0.7583459268012666,"{""labels"": [""<=50K"", "">50K""], ""matrix"": [[3088, 627], [564, 606]]}"
adult,cosine,3,borda,RetentionPolicy.DIFFERENT_CLASS_RETENTION,3,10,43958,4884,0.059767000002466375,48.00641790000009,48.066184900002554,0.7602375102375102,0.6729863786992447,0.678061916628574,0.675387734231059,0.763875946630357,0.7602375102375102,0.7619705252861002,"{""labels"": [""<=50K"", "">50K""], ""matrix"": [[3105, 611], [560, 608]]}"
adult,cosine,3,borda,RetentionPolicy.DIFFERENT_CLASS_RETENTION,4,10,43957,4885,0.05973740000263206,48.0372912999992,48.09702870000183,0.7529170931422723,0.6639971460923417,0.66990511518866,0.6667492606808954,0.7575448970779564,0.7529170931422723,0.7551025091829594,"{""labels"": [""<=50K"", "">50K""], ""matrix"": [[3081, 635], [572, 597]]}"
adult,cosine,3,borda,RetentionPolicy.DIFFERENT_CLASS_RETENTION,5,10,43958,4884,0.06208830000105081,48.076081199997134,48.138169499998185,0.7467239967239967,0.6543714657078712,0.6580273014140997,0.6561152072581197,0.7497949243571363,0.7467239967239967,0.7482058317332113,"{""labels"": [""<=50K"", "">50K""], ""matrix"": [[3077, 639], [598, 570]]}"
adult,cosine,3,borda,RetentionPolicy.DIFFERENT_CLASS_RETENTION,6,10,43958,4884,0.06156109999938053,48.71753230000104,48.77909340000042,0.7553235053235053,0.6671292402579199,0.6729628226722866,0.669854975874,0.759762325594958,0.7553235053235053,0.7574215255635133,"{""labels"": [""<=50K"", "">50K""], ""matrix"": [[3087, 628], [567, 602]]}"
adult,cosine,3,borda,RetentionPolicy.DIFFERENT_CLASS_RETENTION,7,10,43958,4884,0.06147350000173901,48.229021099999954,48.29049460000169,0.7573710073710074,0.667868059026703,0.6703075924915582,0.6690551144226529,0.759162499531622,0.7573710073710074,0.7582461153074754,"{""labels"": [""<=50K"", "">50K""], ""matrix"": [[3111, 605], [580, 588]]}"
adult,cosine,3,borda,RetentionPolicy.DIFFERENT_CLASS_RETENTION,8,10,43958,4884,0.06020410000201082,48.05481189999773,48.11501599999974,0.7559377559377559,0.6665855063994871,0.6702463062358996,0.6683410283480834,0.7586848315708095,0.7559377559377559,0.7572639215347311,"{""labels"": [""<=50K"", "">50K""], ""matrix"": [[3101, 615], [577, 591]]}"
adult,cosine,3,borda,RetentionPolicy.DIFFERENT_CLASS_RETENTION,9,10,43957,4885,0.0592891000014788,48.28345049999916,48.34273960000064,0.7486182190378711,0.6595580844389687,0.6669720813058633,0.6629303512935094,0.7547525584222557,0.7486182190378711,0.7514710022920479,"{""labels"": [""<=50K"", "">50K""], ""matrix"": [[3060, 655], [573, 597]]}"
adult,cosine,3,borda,RetentionPolicy.DD_RETENTION,0,10,43958,4884,0.06524700000227313,50.05957579999813,50.1248228000004,0.7585995085995086,0.6728610363064145,0.6815650375848956,0.6768051290574013,0.7650443768715401,0.7585995085995086,0.761562349372503,"{""labels"": [""<=50K"", "">50K""], ""matrix"": [[3081, 634], [545, 624]]}"
adult,cosine,3,borda,RetentionPolicy.DD_RETENTION,1,10,43959,4883,0.0659812999983842,52.13700040000185,52.20298170000024,0.754863813229572,0.6662739928915236,0.6718990256088793,0.6689078029370306,0.7591674767947799,0.754863813229572,0.7569021591328116,"{""labels"": [""<=50K"", "">50K""], ""matrix"": [[3087, 628], [569, 599]]}"
adult,cosine,3,borda,RetentionPolicy.DD_RETENTION,2,10,43957,4885,0.07030690000101458,49.26153089999934,49.33183780000036,0.7570112589559878,0.6693082738796257,0.6748323382912885,0.6719024260682107,0.7611240274869236,0.7570112589559878,0.7589610995808282,"{""labels"": [""<=50K"", "">50K""], ""matrix"": [[3093, 622], [565, 605]]}"
adult,cosine,3,borda,RetentionPolicy.DD_RETENTION,3,10,43958,4884,0.06447649999972782,48.79559410000002,48.860070599999744,0.7616707616707616,0.6746656850818561,0.6792973185189555,0.6768697808707467,0.7649299094908673,0.7616707616707616,0.7632298524448627,"{""labels"": [""<=50K"", "">50K""], ""matrix"": [[3111, 605], [559, 609]]}"
adult,cosine,3,borda,RetentionPolicy.DD_RETENTION,4,10,43957,4885,0.060633100001723506,48.679670599998644,48.74030370000037,0.7566018423746161,0.6677725304998032,0.6717407488575057,0.6696694211726895,0.7595568133984436,0.7566018423746161,0.7580241206145519,"{""labels"": [""<=50K"", "">50K""], ""matrix"": [[3101, 615], [574, 595]]}"
adult,cosine,3,borda,RetentionPolicy.DD_RETENTION,5,10,43958,4884,0.06069700000080047,48.68877549999888,48.74947249999968,0.7471334971334971,0.653774507181869,0.6556546478021734,0.6546923363297354,0.7486981729427423,0.7471334971334971,0.7479017062260492,"{""labels"": [""<=50K"", "">50K""], ""matrix"": [[3088, 628], [607, 561]]}"
adult,cosine,3,borda,RetentionPolicy.DD_RETENTION,6,10,43958,4884,0.058375999997224426,49.11507619999975,49.17345219999697,0.7565520065520066,0.6682542594315986,0.6731841066952808,0.6705846368289952,0.7602371007444295,0.7565520065520066,0.758309255392036,"{""labels"": [""<=50K"", "">50K""], ""matrix"": [[3095, 620], [569, 600]]}"
adult,cosine,3,borda,RetentionPolicy.DD_RETENTION,7,10,43958,4884,0.06031040000016219,49.11365569999907,49.173966099999234,0.7583947583947583,0.6685272448569154,0.6695127143636552,0.6690147008858023,0.7591057355588235,0.7583947583947583,0.7587469256820277,"{""labels"": [""<=50K"", "">50K""], ""matrix"": [[3121, 595], [585, 583]]}"
adult,cosine,3,borda,RetentionPolicy.DD_RETENTION,8,10,43958,4884,0.05910319999748026,48.960396300000866,49.019499499998346,0.7577805077805078,0.668128305493263,0.669989641240397,0.6690400149161269,0.7591377921179242,0.7577805077805078,0.7584472018747834,"{""labels"": [""<=50K"", "">50K""], ""matrix"": [[3115, 601], [582, 586]]}"
adult,cosine,3,borda,RetentionPolicy.DD_RETENTION,9,10,43957,4885,0.06184020000000601,49.19241780000084,49.254258000000846,0.7496417604912999,0.6598453091285735,0.6655957023386364,0.6625211314236011,0.7543190456800983,0.7496417604912999,0.7518531221477321,"{""labels"": [""<=50K"", "">50K""], ""matrix"": [[3072, 643], [580, 590]]}"
adult,cosine,3,modified_plurality,RetentionPolicy.ALWAYS_RETAIN,0,10,43958,4884,0.06599369999821647,51.645450200001505,51.71144389999972,0.777027027027027,0.6877712500040394,0.6605547988813758,0.6709539705295625,0.7635196527708815,0.777027027027027,0.768343801702496,"{""labels"": [""<=50K"", "">50K""], ""matrix"": [[3284, 431], [658, 511]]}"
adult,cosine,3,modified_plurality,RetentionPolicy.ALWAYS_RETAIN,1,10,43959,4883,0.06342539999968722,51.687529700000596,51.75095510000028,0.7843538808109769,0.6996498160476292,0.6739638452036357,0.6841877457475618,0.7727081475587184,0.7843538808109769,0.7769597988408411,"{""labels"": [""<=50K"", "">50K""], ""matrix"": [[3290, 425], [628, 540]]}"
adult,cosine,3,modified_plurality,RetentionPolicy.ALWAYS_RETAIN,2,10,43957,4885,0.06316349999906379,51.58468350000112,51.64784700000018,0.7828045035823951,0.6986276600129275,0.6818367440843888,0.6890849671516688,0.7746227174390697,0.7828045035823951,0.7780171894545019,"{""labels"": [""<=50K"", "">50K""], ""matrix"": [[3253, 462], [599, 571]]}"
adult,cosine,3,modified_plurality,RetentionPolicy.ALWAYS_RETAIN,3,10,43958,4884,0.06265890000213403,51.79642629999944,51.85908520000157,0.7790745290745291,0.6914304477081665,0.6678390927053689,0.677279401511641,0.7674403589816492,0.7790745290745291,0.7718379086316698,"{""labels"": [""<=50K"", "">50K""], ""matrix"": [[3274, 442], [637, 531]]}"
adult,cosine,3,modified_plurality,RetentionPolicy.ALWAYS_RETAIN,4,10,43957,4885,0.060156999999890104,51.832710799997585,51.892867799997475,0.7871033776867963,0.7038838213647824,0.6739062625172536,0.6854532855656219,0.7743727505141571,0.7871033776867963,0.778684392743379,"{""labels"": [""<=50K"", "">50K""], ""matrix"": [[3311, 405], [635, 534]]}"
adult,cosine,3,modified_plurality,RetentionPolicy.ALWAYS_RETAIN,5,10,43958,4884,0.06277469999986351,51.73760609999954,51.8003807999994,0.7714987714987716,0.6786370894652798,0.6525871094268398,0.6624481646444478,0.7574025907373626,0.7714987714987716,0.762542165460304,"{""labels"": [""<=50K"", "">50K""], ""matrix"": [[3272, 444], [672, 496]]}"
adult,cosine,3,modified_plurality,RetentionPolicy.ALWAYS_RETAIN,6,10,43958,4884,0.06313419999787584,51.69077300000208,51.75390719999996,0.788083538083538,0.7058208699700712,0.6815995772346866,0.6914740920304341,0.7775471552498269,0.788083538083538,0.7814732320418512,"{""labels"": [""<=50K"", "">50K""], ""matrix"": [[3291, 424], [611, 558]]}"
adult,cosine,3,modified_plurality,RetentionPolicy.ALWAYS_RETAIN,7,10,43958,4884,0.06237090000286116,51.614506199999596,51.67687710000246,0.7886977886977887,0.7063426211793764,0.6773919150065617,0.6887103165388146,0.7765705217272059,0.7886977886977887,0.7807508075290841,"{""labels"": [""<=50K"", "">50K""], ""matrix"": [[3310, 406], [626, 542]]}"
adult,cosine,3,modified_plurality,RetentionPolicy.ALWAYS_RETAIN,8,10,43958,4884,0.06728529999963939,51.4061967000016,51.47348200000124,0.7821457821457821,0.6958991785513606,0.6686832763171476,0.6792771575107852,0.7695440666071871,0.7821457821457821,0.7740382766611729,"{""labels"": [""<=50K"", "">50K""], ""matrix"": [[3293, 423], [641, 527]]}"
adult,cosine,3,modified_plurality,RetentionPolicy.ALWAYS_RETAIN,9,10,43957,4885,0.06632119999994757,51.9521818999965,52.01850309999645,0.7727737973387923,0.6823530555879722,0.6617748559202126,0.6701252007592349,0.7615684730598611,0.7727737973387923,0.7659933395830784,"{""labels"": [""<=50K"", "">50K""], ""matrix"": [[3250, 465], [645, 525]]}"
adult,cosine,3,modified_plurality,RetentionPolicy.NEVER_RETAIN,0,10,43958,4884,0.06357520000165096,47.675426300000254,47.739001500001905,0.777027027027027,0.6876929702367893,0.6599685458922571,0.6705014277592478,0.7633061712301221,0.777027027027027,0.7681658770699306,"{""labels"": [""<=50K"", "">50K""], ""matrix"": [[3286, 429], [660, 509]]}"
adult,cosine,3,modified_plurality,RetentionPolicy.NEVER_RETAIN,1,10,43959,4883,0.06031489999804762,47.45925050000005,47.5195653999981,0.7810772066352653,0.694550482431092,0.6700494570327624,0.6798214065446033,0.7693836119889966,0.7810772066352653,0.7737392954123804,"{""labels"": [""<=50K"", "">50K""], ""matrix"": [[3280, 435], [634, 534]]}"
adult,cosine,3,modified_plurality,RetentionPolicy.NEVER_RETAIN,2,10,43957,4885,0.05870329999743262,47.483900500003074,47.54260380000051,0.7848515864892528,0.7015632503475294,0.6834754000299088,0.6912193178315553,0.7763317919632917,0.7848515864892528,0.7798044939407895,"{""labels"": [""<=50K"", "">50K""], ""matrix"": [[3262, 453], [598, 572]]}"
adult,cosine,3,modified_plurality,RetentionPolicy.NEVER_RETAIN,3,10,43958,4884,0.0598675999972329,47.60626190000039,47.66612949999762,0.7786650286650286,0.6906694204642928,0.6663958705044458,0.6760274550508071,0.7666737627339453,0.7786650286650286,0.7711604261563133,"{""labels"": [""<=50K"", "">50K""], ""matrix"": [[3276, 440], [641, 527]]}"
adult,cosine,3,modified_plurality,RetentionPolicy.NEVER_RETAIN,4,10,43957,4885,0.05934030000207713,47.67571070000122,47.735051000003295,0.7825997952917093,0.6967861406156364,0.6694802767216605,0.6801165371809101,0.7700571357413346,0.7825997952917093,0.7745197409451797,"{""labels"": [""<=50K"", "">50K""], ""matrix"": [[3294, 422], [640, 529]]}"
adult,cosine,3,modified_plurality,RetentionPolicy.NEVER_RETAIN,5,10,43958,4884,0.06069810000190046,47.64917839999907,47.70987650000097,0.7749795249795249,0.6843038476058447,0.6578098043263488,0.6679324275592187,0.7613690997566578,0.7749795249795249,0.7662937705909317,"{""labels"": [""<=50K"", "">50K""], ""matrix"": [[3279, 437], [662, 506]]}"
adult,cosine,3,modified_plurality,RetentionPolicy.NEVER_RETAIN,6,10,43958,4884,0.06026360000032582,47.61990540000261,47.680169000002934,0.7874692874692875,0.7047972135309051,0.6797301762558329,0.689854602903635,0.7765365115019758,0.7874692874692875,0.780557882795661,"{""labels"": [""<=50K"", "">50K""], ""matrix"": [[3293, 422], [616, 553]]}"
adult,cosine,3,modified_plurality,RetentionPolicy.NEVER_RETAIN,7,10,43958,4884,0.06005160000131582,47.6761019000005,47.73615350000182,0.7897215397215397,0.7079592332611212,0.6780646814220623,0.6896875369456938,0.7774490120673742,0.7897215397215397,0.7816048247469398,"{""labels"": [""<=50K"", "">50K""], ""matrix"": [[3315, 401], [626, 542]]}"
adult,cosine,3,modified_plurality,RetentionPolicy.NEVER_RETAIN,8,10,43958,4884,0.05833100000018021,47.36429910000152,47.4226301000017,0.7841932841932842,0.6990150806640169,0.6694417513307873,0.6807616668121959,0.7710715423481381,0.7841932841932842,0.7755615808722726,"{""labels"": [""<=50K"", "">50K""], ""matrix"": [[3305, 411], [643, 525]]}"
adult,cosine,3,modified_plurality,RetentionPolicy.NEVER_RETAIN,9,10,43957,4885,0.061245400000188965,47.71777440000005,47.77901980000024,0.7713408393039918,0.6805210334991934,0.6617110121820754,0.6694661909377482,0.7608046061887426,0.7713408393039918,0.7650675847770144,"{""labels"": [""<=50K"", "">50K""], ""matrix"": [[3240, 475], [642, 528]]}"
adult,cosine,3,modified_plurality,RetentionPolicy.DIFFERENT_CLASS_RETENTION,0,10,43958,4884,0.06450870000116993,48.727191899997706,48.791700599998876,0.776003276003276,0.6861905970816862,0.6595887248767223,0.669782917224847,0.7625643714752626,0.776003276003276,0.7674136152211936,"{""labels"": [""<=50K"", "">50K""], ""matrix"": [[3280, 435], [659, 510]]}"
adult,cosine,3,modified_plurality,RetentionPolicy.DIFFERENT_CLASS_RETENTION,1,10,43959,4883,0.06208139999944251,48.66567519999808,48.72775659999752,0.7806676223633012,0.6939766272477086,0.6700737707184867,0.6796537239377953,0.7691560499781868,0.7806676223633012,0.7734839206153167,"{""labels"": [""<=50K"", "">50K""], ""matrix"": [[3277, 438], [633, 535]]}"
adult,cosine,3,modified_plurality,RetentionPolicy.DIFFERENT_CLASS_RETENTION,2,10,43957,4885,0.05825410000034026,48.545674699998926,48.60392879999927,0.7815762538382804,0.6969522721388723,0.6813219679976072,0.6881283488629086,0.7737871038994837,0.7815762538382804,0.777068108833859,"{""labels"": [""<=50K"", "">50K""], ""matrix"": [[3246, 469], [598, 572]]}"
adult,cosine,3,modified_plurality,RetentionPolicy.DIFFERENT_CLASS_RETENTION,3,10,43958,4884,0.060466300001280615,48.559225199998764,48.619691500000044,0.7790745290745291,0.6915492957746479,0.668719679431411,0.6779279082441225,0.7677674415190421,0.7790745290745291,0.7720899798100253,"{""labels"": [""<=50K"", "">50K""], ""matrix"": [[3271, 445], [634, 534]]}"
adult,cosine,3,modified_plurality,RetentionPolicy.DIFFERENT_CLASS_RETENTION,4,10,43957,4885,0.06033399999796529,48.43576200000098,48.49609599999894,0.7842374616171955,0.6994431344337423,0.6723156792673304,0.6829583111044117,0.7720384794207189,0.7842374616171955,0.7763875021062445,"{""labels"": [""<=50K"", "">50K""], ""matrix"": [[3296, 420], [634, 535]]}"
adult,cosine,3,modified_plurality,RetentionPolicy.DIFFERENT_CLASS_RETENTION,5,10,43958,4884,0.059900500000367174,48.688246400000935,48.7481469000013,0.7729320229320229,0.6812231855183151,0.6561707425866671,0.6658268258886488,0.7595847273459904,0.7729320229320229,0.7645262986070999,"{""labels"": [""<=50K"", "">50K""], ""matrix"": [[3270, 446], [663, 505]]}"
adult,cosine,3,modified_plurality,RetentionPolicy.DIFFERENT_CLASS_RETENTION,6,10,43958,4884,0.0599724999992759,48.57257010000103,48.632542600000306,0.7874692874692875,0.7048953070096068,0.6811958087286301,0.6908890162016459,0.7770412762101376,0.7874692874692875,0.7809598479406259,"{""labels"": [""<=50K"", "">50K""], ""matrix"": [[3288, 427], [611, 558]]}"
adult,cosine,3,modified_plurality,RetentionPolicy.DIFFERENT_CLASS_RETENTION,7,10,43958,4884,0.06062200000087614,48.57345989999885,48.63408189999973,0.788083538083538,0.7054072349651337,0.6775753129746229,0.6885498666540155,0.7762408665541365,0.788083538083538,0.7804049172887216,"{""labels"": [""<=50K"", "">50K""], ""matrix"": [[3305, 411], [624, 544]]}"
adult,cosine,3,modified_plurality,RetentionPolicy.DIFFERENT_CLASS_RETENTION,8,10,43958,4884,0.0584275000001071,48.21493950000149,48.2733670000016,0.7819410319410319,0.6957345922536401,0.6700163675774511,0.6801744970049678,0.7698919211947185,0.7819410319410319,0.7742946897516435,"{""labels"": [""<=50K"", "">50K""], ""matrix"": [[3287, 429], [636, 532]]}"
adult,cosine,3,modified_plurality,RetentionPolicy.DIFFERENT_CLASS_RETENTION,9,10,43957,4885,0.062450400000670925,48.488459899999725,48.550910300000396,0.7707267144319345,0.6798575881061653,0.6621855264520137,0.6695539824325832,0.7606901384378963,0.7707267144319345,0.7648128070490645,"{""labels"": [""<=50K"", "">50K""], ""matrix"": [[3234, 481], [639, 531]]}"
adult,cosine,3,modified_plurality,RetentionPolicy.DD_RETENTION,0,10,43958,4884,0.06635649999952875,49.2980882999982,49.36444479999773,0.7774365274365275,0.6884673707304483,0.6614102308745324,0.6717834264759569,0.7640733363424902,0.7774365274365275,0.768857693904904,"{""labels"": [""<=50K"", "">50K""], ""matrix"": [[3284, 431], [656, 513]]}"
adult,cosine,3,modified_plurality,RetentionPolicy.DD_RETENTION,1,10,43959,4883,0.06042570000136038,49.2604539999993,49.32087970000066,0.783739504403031,0.6986944681858713,0.6732665840078172,0.683394929650522,0.7720966055105427,0.783739504403031,0.7763660580225266,"{""labels"": [""<=50K"", "">50K""], ""matrix"": [[3288, 427], [629, 539]]}"
adult,cosine,3,modified_plurality,RetentionPolicy.DD_RETENTION,2,10,43957,4885,0.05926790000012261,49.38937260000239,49.44864050000251,0.7823950870010236,0.6979747445182729,0.6809820432296879,0.6882982182578463,0.774081642009807,0.7823950870010236,0.7775219630236385,"{""labels"": [""<=50K"", "">50K""], ""matrix"": [[3253, 462], [601, 569]]}"
adult,cosine,3,modified_plurality,RetentionPolicy.DD_RETENTION,3,10,43958,4884,0.05961539999771048,49.41083730000173,49.47045269999944,0.7796887796887797,0.6924499135862543,0.6691233392807113,0.6785005324897025,0.7682632256016823,0.7796887796887797,0.772598216381399,"{""labels"": [""<=50K"", "">50K""], ""matrix"": [[3274, 442], [634, 534]]}"
adult,cosine,3,modified_plurality,RetentionPolicy.DD_RETENTION,4,10,43957,4885,0.05904519999967306,49.35641439999745,49.41545959999712,0.786489252814739,0.7029170456069047,0.6735026026679534,0.6848708531817711,0.7738462064727342,0.786489252814739,0.7781736880286237,"{""labels"": [""<=50K"", "">50K""], ""matrix"": [[3308, 408], [635, 534]]}"
adult,cosine,3,modified_plurality,RetentionPolicy.DD_RETENTION,5,10,43958,4884,0.06007490000047255,49.77648689999842,49.83656179999889,0.7714987714987716,0.6788553565915406,0.6537612250615628,0.663372784164067,0.7578565015659798,0.7714987714987716,0.7629049430256375,"{""labels"": [""<=50K"", "">50K""], ""matrix"": [[3268, 448], [668, 500]]}"
adult,cosine,3,modified_plurality,RetentionPolicy.DD_RETENTION,6,10,43958,4884,0.0608403999976872,49.45904539999901,49.5198857999967,0.7870597870597871,0.7042171747444332,0.6800472502409141,0.6898801492181919,0.7763996836270105,0.7870597870597871,0.7803773540260563,"{""labels"": [""<=50K"", "">50K""], ""matrix"": [[3289, 426], [614, 555]]}"
adult,cosine,3,modified_plurality,RetentionPolicy.DD_RETENTION,7,10,43958,4884,0.06260309999925084,49.215830000001006,49.27843310000026,0.788083538083538,0.7053935102447972,0.6772817840659422,0.6883377179280445,0.7761437422572592,0.788083538083538,0.7803219197942036,"{""labels"": [""<=50K"", "">50K""], ""matrix"": [[3306, 410], [625, 543]]}"
adult,cosine,3,modified_plurality,RetentionPolicy.DD_RETENTION,8,10,43958,4884,0.05958399999872199,49.012544199998956,49.07212819999768,0.7815315315315315,0.6949042863282824,0.6676925586504858,0.6782629950040029,0.7688246549745914,0.7815315315315315,0.7733581273032956,"{""labels"": [""<=50K"", "">50K""], ""matrix"": [[3292, 424], [643, 525]]}"
adult,cosine,3,modified_plurality,RetentionPolicy.DD_RETENTION,9,10,43957,4885,0.06265530000018771,49.38416320000033,49.44681850000052,0.7721596724667349,0.6813746125242139,0.6607855655634929,0.6691239228660841,0.7608544809637448,0.7721596724667349,0.7653183405966991,"{""labels"": [""<=50K"", "">50K""], ""matrix"": [[3249, 466], [647, 523]]}"
adult,cosine,5,borda,RetentionPolicy.ALWAYS_RETAIN,0,10,43958,4884,0.06518560000040452,51.62227669999993,51.687462300000334,0.7833742833742834,0.6982783132628727,0.672934615291624,0.6830274067792618,0.7717204623827546,0.7833742833742834,0.7759979845852754,"{""labels"": [""<=50K"", "">50K""], ""matrix"": [[3287, 428], [630, 539]]}"
adult,cosine,5,borda,RetentionPolicy.ALWAYS_RETAIN,1,10,43959,4883,0.061189800002466654,51.606638699999166,51.66782850000163,0.7804628302273193,0.6935673347899053,0.669058703147182,0.6788146533739772,0.7686683958279417,0.7804628302273193,0.7730621620909275,"{""labels"": [""<=50K"", "">50K""], ""matrix"": [[3279, 436], [636, 532]]}"
adult,cosine,5,borda,RetentionPolicy.ALWAYS_RETAIN,2,10,43957,4885,0.06026410000049509,51.460585199998604,51.5208492999991,0.7873080859774821,0.7052399928521277,0.6865542786807928,0.6945471394127751,0.7788093119799991,0.7873080859774821,0.7822427594005831,"{""labels"": [""<=50K"", "">50K""], ""matrix"": [[3269, 446], [593, 577]]}"
adult,cosine,5,borda,RetentionPolicy.ALWAYS_RETAIN,3,10,43958,4884,0.05949479999981122,51.51493660000051,51.57443140000032,0.7864455364455365,0.7029602136899815,0.6776730023445449,0.6878369004961322,0.7752649731669202,0.7864455364455365,0.7793687053774008,"{""labels"": [""<=50K"", "">50K""], ""matrix"": [[3293, 423], [620, 548]]}"
adult,cosine,5,borda,RetentionPolicy.ALWAYS_RETAIN,4,10,43957,4885,0.059237199999188306,51.45713869999963,51.51637589999882,0.7875127942681679,0.7045930507877379,0.6756411826508447,0.6869182156629619,0.7752037450855164,0.7875127942681679,0.7794477901329726,"{""labels"": [""<=50K"", "">50K""], ""matrix"": [[3308, 408], [630, 539]]}"
adult,cosine,5,borda,RetentionPolicy.ALWAYS_RETAIN,5,10,43958,4884,0.05991340000036871,51.47080619999906,51.53071959999943,0.7766175266175266,0.6868911478472592,0.6597668173171919,0.6701232124573085,0.7630479809940418,0.7766175266175266,0.7679060998375736,"{""labels"": [""<=50K"", "">50K""], ""matrix"": [[3284, 432], [659, 509]]}"
adult,cosine,5,borda,RetentionPolicy.ALWAYS_RETAIN,6,10,43958,4884,0.05880550000074436,51.785592799998994,51.84439829999974,0.7874692874692875,0.705094713283494,0.683833947179665,0.6927242893177277,0.7779667306139423,0.7874692874692875,0.7816699992343469,"{""labels"": [""<=50K"", "">50K""], ""matrix"": [[3279, 436], [602, 567]]}"
adult,cosine,5,borda,RetentionPolicy.ALWAYS_RETAIN,7,10,43958,4884,0.06178830000135349,51.657651099998475,51.71943939999983,0.7927927927927928,0.7129099606341751,0.6797894517598833,0.6924202811861284,0.7800410478176044,0.7927927927927928,0.7840866466247595,"{""labels"": [""<=50K"", "">50K""], ""matrix"": [[3331, 385], [627, 541]]}"
adult,cosine,5,borda,RetentionPolicy.ALWAYS_RETAIN,8,10,43958,4884,0.057988600001408486,51.338463399999455,51.39645200000086,0.7882882882882883,0.7056051371826728,0.6744810482622352,0.6863864669498472,0.7753656236121789,0.7882882882882883,0.7796500591805757,"{""labels"": [""<=50K"", "">50K""], ""matrix"": [[3317, 399], [635, 533]]}"
adult,cosine,5,borda,RetentionPolicy.ALWAYS_RETAIN,9,10,43957,4885,0.06120960000043851,51.534463199997845,51.59567279999828,0.7762538382804504,0.6878081048324913,0.6669904867078488,0.6754999303814204,0.7654536348859774,0.7762538382804504,0.7697022432407264,"{""labels"": [""<=50K"", "">50K""], ""matrix"": [[3257, 458], [635, 535]]}"
adult,cosine,5,borda,RetentionPolicy.NEVER_RETAIN,0,10,43958,4884,0.06500210000012885,47.563169000000926,47.628171100001055,0.7817362817362817,0.6956994660930966,0.6706853932972355,0.6806306385885568,0.7699536127465032,0.7817362817362817,0.7743042075310995,"{""labels"": [""<=50K"", "">50K""], ""matrix"": [[3283, 432], [634, 535]]}"
adult,cosine,5,borda,RetentionPolicy.NEVER_RETAIN,1,10,43959,4883,0.06016970000200672,47.71213599999828,47.77230570000029,0.7802580380913373,0.6933348753952628,0.6695110990246871,0.679055504934878,0.7687156365075889,0.7802580380913373,0.7730609214007794,"{""labels"": [""<=50K"", "">50K""], ""matrix"": [[3276, 439], [634, 534]]}"
adult,cosine,5,borda,RetentionPolicy.NEVER_RETAIN,2,10,43957,4885,0.058214100001350744,47.819421899999725,47.877636000001075,0.7875127942681679,0.7054578285300277,0.6858105854068169,0.6941465105909875,0.778654424325179,0.7875127942681679,0.7821854850105593,"{""labels"": [""<=50K"", "">50K""], ""matrix"": [[3273, 442], [596, 574]]}"
adult,cosine,5,borda,RetentionPolicy.NEVER_RETAIN,3,10,43958,4884,0.06056990000070073,47.87789089999933,47.93846080000003,0.7864455364455365,0.703002932089655,0.6782600601619063,0.6882561140732695,0.7754677432344355,0.7864455364455365,0.7795317974751433,"{""labels"": [""<=50K"", "">50K""], ""matrix"": [[3291, 425], [618, 550]]}"
adult,cosine,5,borda,RetentionPolicy.NEVER_RETAIN,4,10,43957,4885,0.059813200001372024,48.066996699999436,48.12680990000081,0.7848515864892528,0.7003459819155925,0.6721330136896744,0.6831054919262847,0.7723552742705985,0.7848515864892528,0.7767280724363569,"{""labels"": [""<=50K"", "">50K""], ""matrix"": [[3301, 415], [636, 533]]}"
adult,cosine,5,borda,RetentionPolicy.NEVER_RETAIN,5,10,43958,4884,0.05985779999900842,47.52093009999953,47.58078789999854,0.7774365274365275,0.6880922944006673,0.6600115015409116,0.670652957800477,0.7636228537156545,0.7774365274365275,0.7684898997036257,"{""labels"": [""<=50K"", "">50K""], ""matrix"": [[3289, 427], [660, 508]]}"
adult,cosine,5,borda,RetentionPolicy.NEVER_RETAIN,6,10,43958,4884,0.058891399999993155,47.664377400000376,47.72326880000037,0.783988533988534,0.6996231890054982,0.677735281216072,0.6867634896014283,0.7737924460244241,0.783988533988534,0.7777355450992494,"{""labels"": [""<=50K"", "">50K""], ""matrix"": [[3275, 440], [615, 554]]}"
adult,cosine,5,borda,RetentionPolicy.NEVER_RETAIN,7,10,43958,4884,0.06070249999902444,52.678820000001,52.73952250000002,0.7921785421785422,0.7119065536804661,0.6793857919105829,0.6918293429595401,0.7794984329577621,0.7921785421785422,0.783573067254487,"{""labels"": [""<=50K"", "">50K""], ""matrix"": [[3328, 388], [627, 541]]}"
adult,cosine,5,borda,RetentionPolicy.NEVER_RETAIN,8,10,43958,4884,0.06376230000023497,49.33086689999982,49.394629200000054,0.7899262899262899,0.7082459780175645,0.6758510034357167,0.6881652257875175,0.7768876121677731,0.7899262899262899,0.7810997030009913,"{""labels"": [""<=50K"", "">50K""], ""matrix"": [[3324, 392], [634, 534]]}"
adult,cosine,5,borda,RetentionPolicy.NEVER_RETAIN,9,10,43957,4885,0.06055239999841433,47.62455090000003,47.685103299998445,0.7744114636642784,0.6853587600460183,0.6666574639656739,0.6744392144454411,0.7643546229628786,0.7744114636642784,0.7684286397361471,"{""labels"": [""<=50K"", "">50K""], ""matrix"": [[3245, 470], [632, 538]]}"
adult,cosine,5,borda,RetentionPolicy.DIFFERENT_CLASS_RETENTION,0,10,43958,4884,0.06396390000008978,48.365370300001814,48.429334200001904,0.7833742833742834,0.698361513879082,0.6738139947753023,0.6836665954081607,0.7720315312837052,0.7833742833742834,0.7762471109303154,"{""labels"": [""<=50K"", "">50K""], ""matrix"": [[3284, 431], [627, 542]]}"
adult,cosine,5,borda,RetentionPolicy.DIFFERENT_CLASS_RETENTION,1,10,43959,4883,0.05980049999925541,48.379097699998965,48.43889819999822,0.7782101167315175,0.6902090372473705,0.6672847259352127,0.6764987800547438,0.7667330213532504,0.7782101167315175,0.7711148408713043,"{""labels"": [""<=50K"", "">50K""], ""matrix"": [[3269, 446], [637, 531]]}"
adult,cosine,5,borda,RetentionPolicy.DIFFERENT_CLASS_RETENTION,2,10,43957,4885,0.05813239999770303,48.28698890000305,48.345121300000756,0.7877175025588536,0.7059384438422671,0.6879945013861568,0.695725996416882,0.7795598461888227,0.7877175025588536,0.7828884622140964,"{""labels"": [""<=50K"", "">50K""], ""matrix"": [[3267, 448], [589, 581]]}"
adult,cosine,5,borda,RetentionPolicy.DIFFERENT_CLASS_RETENTION,3,10,43958,4884,0.05991290000019944,48.28950710000208,48.34942000000228,0.7866502866502867,0.7033127294306706,0.6783946134450064,0.6884504654208916,0.7756370127397925,0.7866502866502867,0.7797025239520727,"{""labels"": [""<=50K"", "">50K""], ""matrix"": [[3292, 424], [618, 550]]}"
adult,cosine,5,borda,RetentionPolicy.DIFFERENT_CLASS_RETENTION,4,10,43957,4885,0.06138170000122045,48.221455399998376,48.2828370999996,0.7848515864892528,0.7003873441062161,0.6727193391166306,0.6835377185814504,0.7725545448273146,0.7848515864892528,0.7768974948336836,"{""labels"": [""<=50K"", "">50K""], ""matrix"": [[3299, 417], [634, 535]]}"
adult,cosine,5,borda,RetentionPolicy.DIFFERENT_CLASS_RETENTION,5,10,43958,4884,0.05984730000272975,48.29986139999892,48.35970870000165,0.7755937755937756,0.6854894551920463,0.6599746376277335,0.6698567142969922,0.7625316727704377,0.7755937755937756,0.7673306767370082,"{""labels"": [""<=50K"", "">50K""], ""matrix"": [[3276, 440], [656, 512]]}"
adult,cosine,5,borda,RetentionPolicy.DIFFERENT_CLASS_RETENTION,6,10,43958,4884,0.05972269999983837,48.23171699999875,48.29143969999859,0.7858312858312858,0.7025311025311025,0.6809984721961575,0.6899480481646922,0.7760176814230868,0.7858312858312858,0.7798297577004607,"{""labels"": [""<=50K"", "">50K""], ""matrix"": [[3277, 438], [608, 561]]}"
adult,cosine,5,borda,RetentionPolicy.DIFFERENT_CLASS_RETENTION,7,10,43958,4884,0.06086190000132774,48.19290969999929,48.25377160000062,0.7921785421785422,0.7119028842875059,0.6799728497279443,0.6922555836975901,0.7796770315063133,0.7921785421785422,0.7837409226158315,"{""labels"": [""<=50K"", "">50K""], ""matrix"": [[3326, 390], [625, 543]]}"
adult,cosine,5,borda,RetentionPolicy.DIFFERENT_CLASS_RETENTION,8,10,43958,4884,0.05871820000174921,48.19436140000107,48.25307960000282,0.7889025389025389,0.7066450451691614,0.6769394104723004,0.6884789197575565,0.7765556836056677,0.7889025389025389,0.7807542106271615,"{""labels"": [""<=50K"", "">50K""], ""matrix"": [[3313, 403], [628, 540]]}"
adult,cosine,5,borda,RetentionPolicy.DIFFERENT_CLASS_RETENTION,9,10,43957,4885,0.06123900000238791,48.576638799997454,48.63787779999984,0.7752302968270215,0.6865059730159495,0.6671958219737493,0.6751952196793645,0.7649916887264737,0.7752302968270215,0.7691049472119307,"{""labels"": [""<=50K"", "">50K""], ""matrix"": [[3249, 466], [632, 538]]}"
adult,cosine,5,borda,RetentionPolicy.DD_RETENTION,0,10,43958,4884,0.06890819999898667,48.593361000002915,48.6622692000019,0.7835790335790336,0.6985348919311183,0.672482951804524,0.6827918023881241,0.7716843461998996,0.7835790335790336,0.7760007710085584,"{""labels"": [""<=50K"", "">50K""], ""matrix"": [[3290, 425], [632, 537]]}"
adult,cosine,5,borda,RetentionPolicy.DD_RETENTION,1,10,43959,4883,0.06266949999917415,48.56650070000251,48.62917020000168,0.7814867909072292,0.6952601309526,0.671199114106086,0.6808501619436298,0.7700368769193826,0.7814867909072292,0.774329919044391,"{""labels"": [""<=50K"", "">50K""], ""matrix"": [[3279, 436], [631, 537]]}"
adult,cosine,5,borda,RetentionPolicy.DD_RETENTION,2,10,43957,4885,0.06063699999867822,48.483650000001944,48.54428700000062,0.7868986693961105,0.7046217677012352,0.6859923387514235,0.6939591647051963,0.7783782716862503,0.7868986693961105,0.7818235924311906,"{""labels"": [""<=50K"", "">50K""], ""matrix"": [[3268, 447], [594, 576]]}"
adult,cosine,5,borda,RetentionPolicy.DD_RETENTION,3,10,43958,4884,0.06140310000046156,48.43148110000038,48.492884200000844,0.7864455364455365,0.7028988573007549,0.6767924156185028,0.6872048094449925,0.7749628175109455,0.7864455364455365,0.7791224293640714,"{""labels"": [""<=50K"", "">50K""], ""matrix"": [[3296, 420], [623, 545]]}"
adult,cosine,5,borda,RetentionPolicy.DD_RETENTION,4,10,43957,4885,0.059082399999169866,48.407848300001206,48.466930700000376,0.7860798362333674,0.7022281638965764,0.6723540079613186,0.6838323018769856,0.7732053022953158,0.7860798362333674,0.7775776114542731,"{""labels"": [""<=50K"", "">50K""], ""matrix"": [[3309, 407], [638, 531]]}"
adult,cosine,5,borda,RetentionPolicy.DD_RETENTION,5,10,43958,4884,0.05989150000095833,48.4733226999997,48.53321420000066,0.776003276003276,0.6857151700231099,0.6576019840158072,0.6681883895968403,0.7618920223533958,0.776003276003276,0.7668637956900868,"{""labels"": [""<=50K"", "">50K""], ""matrix"": [[3287, 429], [665, 503]]}"
adult,cosine,5,borda,RetentionPolicy.DD_RETENTION,6,10,43958,4884,0.05905870000060531,48.437568599998485,48.49662729999909,0.7878787878787878,0.7056335935269042,0.6832237467000243,0.6925064247730303,0.7779889027252096,0.7878787878787878,0.7817777617095225,"{""labels"": [""<=50K"", "">50K""], ""matrix"": [[3284, 431], [605, 564]]}"
adult,cosine,5,borda,RetentionPolicy.DD_RETENTION,7,10,43958,4884,0.061528800000814954,48.531716000001325,48.59324480000214,0.7925880425880426,0.7125653402085516,0.6805354852028253,0.6928619766361171,0.7801259252526016,0.7925880425880426,0.7841670488766871,"{""labels"": [""<=50K"", "">50K""], ""matrix"": [[3327, 389], [624, 544]]}"
adult,cosine,5,borda,RetentionPolicy.DD_RETENTION,8,10,43958,4884,0.05856750000020838,48.199216299999534,48.25778379999974,0.7886977886977887,0.7062409812409812,0.6738695681023932,0.6861235685810707,0.7754438618074981,0.7886977886977887,0.779733566022832,"{""labels"": [""<=50K"", "">50K""], ""matrix"": [[3322, 394], [638, 530]]}"
adult,cosine,5,borda,RetentionPolicy.DD_RETENTION,9,10,43957,4885,0.063723300001584,48.484437800001615,48.5481611000032,0.7770726714431935,0.6890266118746169,0.6678216056412557,0.6764733231653084,0.7662147695053532,0.7770726714431935,0.7704620681606158,"{""labels"": [""<=50K"", "">50K""], ""matrix"": [[3260, 455], [634, 536]]}"
adult,cosine,5,modified_plurality,RetentionPolicy.ALWAYS_RETAIN,0,10,43958,4884,0.06654559999878984,51.629119599998376,51.695665199997165,0.7952497952497952,0.7188371068821104,0.665791355186186,0.6827951849296279,0.7783315119537084,0.7952497952497952,0.781250975120531,"{""labels"": [""<=50K"", "">50K""], ""matrix"": [[3396, 319], [681, 488]]}"
adult,cosine,5,modified_plurality,RetentionPolicy.ALWAYS_RETAIN,1,10,43959,4883,0.060797800000727875,51.56709060000139,51.62788840000212,0.7939791112021298,0.7158588275924274,0.6676693661387563,0.6837304918877156,0.7776706829369171,0.7939791112021298,0.7811301566098152,"{""labels"": [""<=50K"", "">50K""], ""matrix"": [[3380, 335], [671, 497]]}"
adult,cosine,5,modified_plurality,RetentionPolicy.ALWAYS_RETAIN,2,10,43957,4885,0.05900399999882211,51.88934810000137,51.94835210000019,0.7944728761514841,0.7162217023152957,0.6777979086861994,0.6918574376821385,0.7806087819832878,0.7944728761514841,0.7844989030615228,"{""labels"": [""<=50K"", "">50K""], ""matrix"": [[3350, 365], [639, 531]]}"
adult,cosine,5,modified_plurality,RetentionPolicy.ALWAYS_RETAIN,3,10,43958,4884,0.06132679999791435,51.80905250000069,51.8703792999986,0.7895167895167895,0.7077464788732395,0.6644277983396494,0.679204853887557,0.7732655831247381,0.7895167895167895,0.7773455005297653,"{""labels"": [""<=50K"", "">50K""], ""matrix"": [[3360, 356], [672, 496]]}"
adult,cosine,5,modified_plurality,RetentionPolicy.ALWAYS_RETAIN,4,10,43957,4885,0.06478559999959543,51.74740390000079,51.812189500000386,0.79467758444217,0.7175026136179867,0.6665719000258747,0.6831741537777902,0.7780026599981635,0.79467758444217,0.7811725105418259,"{""labels"": [""<=50K"", "">50K""], ""matrix"": [[3390, 326], [677, 492]]}"
adult,cosine,5,modified_plurality,RetentionPolicy.ALWAYS_RETAIN,5,10,43958,4884,0.060991499998635845,51.71013089999906,51.771122399997694,0.7917690417690417,0.7121460029219884,0.6620920086409012,0.6782524288824954,0.7744937297143338,0.7917690417690417,0.7779560930103548,"{""labels"": [""<=50K"", "">50K""], ""matrix"": [[3384, 332], [685, 483]]}"
adult,cosine,5,modified_plurality,RetentionPolicy.ALWAYS_RETAIN,6,10,43958,4884,0.06072639999911189,51.6200482000022,51.680774600001314,0.7932022932022932,0.7143117098441993,0.6703079900571861,0.6855117520285883,0.7776730427242331,0.7932022932022932,0.7814460129901882,"{""labels"": [""<=50K"", "">50K""], ""matrix"": [[3366, 349], [661, 508]]}"
adult,cosine,5,modified_plurality,RetentionPolicy.ALWAYS_RETAIN,7,10,43958,4884,0.06051649999790243,51.71042149999994,51.77093799999784,0.802006552006552,0.7296209589637133,0.6805608291431352,0.697464354039171,0.7873662598632603,0.802006552006552,0.7902450995706537,"{""labels"": [""<=50K"", "">50K""], ""matrix"": [[3394, 322], [645, 523]]}"
adult,cosine,5,modified_plurality,RetentionPolicy.ALWAYS_RETAIN,8,10,43958,4884,0.058712400001240894,51.582574100000784,51.641286500002025,0.7911547911547911,0.7108087649024224,0.663743051152366,0.679346035015448,0.7743869248064706,0.7911547911547911,0.7781285283036055,"{""labels"": [""<=50K"", "">50K""], ""matrix"": [[3374, 342], [678, 490]]}"
adult,cosine,5,modified_plurality,RetentionPolicy.ALWAYS_RETAIN,9,10,43957,4885,0.0599791999993613,51.86654030000136,51.92651950000072,0.7840327533265097,0.6987003757593138,0.6606872116966329,0.6740033402532396,0.7680618899428059,0.7840327533265097,0.7726731275229621,"{""labels"": [""<=50K"", "">50K""], ""matrix"": [[3334, 381], [674, 496]]}"
adult,cosine,5,modified_plurality,RetentionPolicy.NEVER_RETAIN,0,10,43958,4884,0.06490159999884781,47.73586980000255,47.800771400001395,0.7891072891072891,0.7075153723457253,0.6597017846637048,0.6752364395855025,0.7716701036844966,0.7891072891072891,0.7754837365711418,"{""labels"": [""<=50K"", "">50K""], ""matrix"": [[3373, 342], [688, 481]]}"
adult,cosine,5,modified_plurality,RetentionPolicy.NEVER_RETAIN,1,10,43959,4883,0.060471199998573866,47.84076189999905,47.901233099997626,0.7935695269301659,0.7151016652718822,0.6674001871347186,0.6833367559797235,0.7772657846011664,0.7935695269301659,0.7807900248484416,"{""labels"": [""<=50K"", "">50K""], ""matrix"": [[3378, 337], [671, 497]]}"
adult,cosine,5,modified_plurality,RetentionPolicy.NEVER_RETAIN,2,10,43957,4885,0.05864090000250144,47.91231589999734,47.97095679999984,0.795496417604913,0.7180076589525408,0.6781780952709621,0.6926289175584049,0.7814801052899362,0.795496417604913,0.7852679082230769,"{""labels"": [""<=50K"", "">50K""], ""matrix"": [[3356, 359], [640, 530]]}"
adult,cosine,5,modified_plurality,RetentionPolicy.NEVER_RETAIN,3,10,43958,4884,0.05959670000083861,54.81567019999784,54.87526689999868,0.7891072891072891,0.7070483245355653,0.6635716339560878,0.6783452156398861,0.7727161140232387,0.7891072891072891,0.7768175684643602,"{""labels"": [""<=50K"", "">50K""], ""matrix"": [[3360, 356], [674, 494]]}"
adult,cosine,5,modified_plurality,RetentionPolicy.NEVER_RETAIN,4,10,43957,4885,0.06068440000308328,48.924871399998665,48.98555580000175,0.7940634595701126,0.7161209498606945,0.6679272164574435,0.6839984166194258,0.7777921434704763,0.7940634595701126,0.7812358999338203,"{""labels"": [""<=50K"", "">50K""], ""matrix"": [[3381, 335], [671, 498]]}"
adult,cosine,5,modified_plurality,RetentionPolicy.NEVER_RETAIN,5,10,43958,4884,0.059813200001372024,47.78422679999858,47.84403999999995,0.7915642915642915,0.7117936117936118,0.6616639264491204,0.677814950532185,0.774218578641183,0.7915642915642915,0.777688596621023,"{""labels"": [""<=50K"", "">50K""], ""matrix"": [[3384, 332], [686, 482]]}"
adult,cosine,5,modified_plurality,RetentionPolicy.NEVER_RETAIN,6,10,43958,4884,0.06251630000042496,47.83118319999994,47.893699500000366,0.7911547911547911,0.7106735816636979,0.6692552215315571,0.6837779473318717,0.7758055458608764,0.7911547911547911,0.7798360795782361,"{""labels"": [""<=50K"", "">50K""], ""matrix"": [[3355, 360], [660, 509]]}"
adult,cosine,5,modified_plurality,RetentionPolicy.NEVER_RETAIN,7,10,43958,4884,0.06021580000015092,47.678501599999436,47.73871739999959,0.7987305487305487,0.7236765903341127,0.6775273898874914,0.6935836971024312,0.7839278461608672,0.7987305487305487,0.7872272406006638,"{""labels"": [""<=50K"", "">50K""], ""matrix"": [[3381, 335], [648, 520]]}"
adult,cosine,5,modified_plurality,RetentionPolicy.NEVER_RETAIN,8,10,43958,4884,0.0596382999974594,47.351471400001174,47.41110969999863,0.7925880425880426,0.7135165299996433,0.6640978663167052,0.6802382250080805,0.7756615682708468,0.7925880425880426,0.7791215877693045,"{""labels"": [""<=50K"", "">50K""], ""matrix"": [[3383, 333], [680, 488]]}"
adult,cosine,5,modified_plurality,RetentionPolicy.NEVER_RETAIN,9,10,43957,4885,0.0628835000024992,47.69497389999742,47.75785739999992,0.7848515864892528,0.7000847880299252,0.66151833063004,0.6750058948734383,0.7688986642911657,0.7848515864892528,0.7734415586629622,"{""labels"": [""<=50K"", "">50K""], ""matrix"": [[3337, 378], [673, 497]]}"
adult,cosine,5,modified_plurality,RetentionPolicy.DIFFERENT_CLASS_RETENTION,0,10,43958,4884,0.06413090000205557,48.43562299999758,48.49975389999963,0.7919737919737919,0.7125689874547672,0.6642241761430033,0.680128140996352,0.775158656899175,0.7919737919737919,0.7787289122527794,"{""labels"": [""<=50K"", "">50K""], ""matrix"": [[3378, 337], [679, 490]]}"
adult,cosine,5,modified_plurality,RetentionPolicy.DIFFERENT_CLASS_RETENTION,1,10,43959,4883,0.0598796999984188,48.424392900000385,48.4842725999988,0.7931599426582019,0.7142882171419149,0.6677179935102049,0.6834118796790153,0.7770063828896461,0.7931599426582019,0.7806391201687503,"{""labels"": [""<=50K"", "">50K""], ""matrix"": [[3374, 341], [669, 499]]}"
adult,cosine,5,modified_plurality,RetentionPolicy.DIFFERENT_CLASS_RETENTION,2,10,43957,4885,0.05946659999972326,48.42079609999928,48.480262699999,0.7942681678607983,0.7158376848125019,0.6782488410348437,0.6920953758158939,0.7805816288144203,0.7942681678607983,0.7845011170221063,"{""labels"": [""<=50K"", "">50K""], ""matrix"": [[3347, 368], [637, 533]]}"
adult,cosine,5,modified_plurality,RetentionPolicy.DIFFERENT_CLASS_RETENTION,3,10,43958,4884,0.06130660000053467,48.41572079999969,48.477027400000225,0.790950040950041,0.7102253839892068,0.666543786956073,0.6815058000456929,0.7749473556494351,0.790950040950041,0.7789084985522521,"{""labels"": [""<=50K"", "">50K""], ""matrix"": [[3363, 353], [668, 500]]}"
adult,cosine,5,modified_plurality,RetentionPolicy.DIFFERENT_CLASS_RETENTION,4,10,43957,4885,0.059475800000655,48.483201799997914,48.54267759999857,0.7936540429887411,0.7154656878490042,0.6667786217508087,0.6828995748192866,0.7771780338486662,0.7936540429887411,0.7806105656151302,"{""labels"": [""<=50K"", "">50K""], ""matrix"": [[3382, 334], [674, 495]]}"
adult,cosine,5,modified_plurality,RetentionPolicy.DIFFERENT_CLASS_RETENTION,5,10,43958,4884,0.06122020000111661,48.553179499998805,48.61439969999992,0.7901310401310402,0.7090998063253489,0.6610155823761004,0.6766922153935994,0.7728637296536074,0.7901310401310402,0.7766030779691262,"{""labels"": [""<=50K"", "">50K""], ""matrix"": [[3376, 340], [685, 483]]}"
adult,cosine,5,modified_plurality,RetentionPolicy.DIFFERENT_CLASS_RETENTION,6,10,43958,4884,0.06025910000244039,48.50609849999819,48.56635760000063,0.7913595413595413,0.711000599120071,0.6699760640226948,0.684429845600165,0.7761578815855779,0.7913595413595413,0.7801889048345555,"{""labels"": [""<=50K"", "">50K""], ""matrix"": [[3354, 361], [658, 511]]}"
adult,cosine,5,modified_plurality,RetentionPolicy.DIFFERENT_CLASS_RETENTION,7,10,43958,4884,0.06167180000193184,48.4715541000005,48.533225900002435,0.800982800982801,0.7275020061905308,0.6810621783623575,0.697343983140384,0.7866020898807785,0.800982800982801,0.78974136167869,"{""labels"": [""<=50K"", "">50K""], ""matrix"": [[3385, 331], [641, 527]]}"
adult,cosine,5,modified_plurality,RetentionPolicy.DIFFERENT_CLASS_RETENTION,8,10,43958,4884,0.06068600000071456,48.299975599999016,48.36066159999973,0.7913595413595413,0.7111090741139283,0.6647581911615081,0.6802534434235165,0.7748094449992311,0.7913595413595413,0.7785856204089251,"{""labels"": [""<=50K"", "">50K""], ""matrix"": [[3372, 344], [675, 493]]}"
adult,cosine,5,modified_plurality,RetentionPolicy.DIFFERENT_CLASS_RETENTION,9,10,43957,4885,0.06092789999820525,48.54726640000081,48.60819429999901,0.7836233367451382,0.6980570330260959,0.6615890763939216,0.6745517562133165,0.7680558253645602,0.7836233367451382,0.772708465001678,"{""labels"": [""<=50K"", "">50K""], ""matrix"": [[3328, 387], [670, 500]]}"
adult,cosine,5,modified_plurality,RetentionPolicy.DD_RETENTION,0,10,43958,4884,0.06632099999842467,48.58707900000081,48.65339999999924,0.7938165438165438,0.7161342146776738,0.6645561021774946,0.6811763895183257,0.7768026839990121,0.7938165438165438,0.7799644821270971,"{""labels"": [""<=50K"", "">50K""], ""matrix"": [[3390, 325], [682, 487]]}"
adult,cosine,5,modified_plurality,RetentionPolicy.DD_RETENTION,1,10,43959,4883,0.06079340000360389,48.70277779999742,48.763571200001024,0.7941839033381118,0.7161689960000948,0.6683909410202991,0.6843961804298576,0.7780127460747693,0.7941839033381118,0.781489697876845,"{""labels"": [""<=50K"", "">50K""], ""matrix"": [[3379, 336], [669, 499]]}"
adult,cosine,5,modified_plurality,RetentionPolicy.DD_RETENTION,2,10,43957,4885,0.05867990000115242,48.77121140000236,48.82989130000351,0.7916069600818834,0.7114105513844037,0.6747426119566092,0.6882225589357311,0.7776552317268528,0.7916069600818834,0.7817573264142087,"{""labels"": [""<=50K"", "">50K""], ""matrix"": [[3340, 375], [643, 527]]}"
adult,cosine,5,modified_plurality,RetentionPolicy.DD_RETENTION,3,10,43958,4884,0.06038110000008601,48.802768800000194,48.86314990000028,0.7907452907452908,0.7099954076586124,0.6643545313122079,0.6796674128229351,0.7742122310371568,0.7907452907452908,0.7780771600225742,"{""labels"": [""<=50K"", "">50K""], ""matrix"": [[3369, 347], [675, 493]]}"
adult,cosine,5,modified_plurality,RetentionPolicy.DD_RETENTION,4,10,43957,4885,0.06029879999914556,48.71720600000117,48.777504800000315,0.7942681678607983,0.7167684259316593,0.6660096307461963,0.6825423973546153,0.7775230712666907,0.7942681678607983,0.7807361646007327,"{""labels"": [""<=50K"", "">50K""], ""matrix"": [[3389, 327], [678, 491]]}"
adult,cosine,5,modified_plurality,RetentionPolicy.DD_RETENTION,5,10,43958,4884,0.06261449999874458,48.74821119999979,48.81082569999853,0.7917690417690417,0.7121784814016158,0.6617984797322205,0.6780103159286368,0.7744242603507261,0.7917690417690417,0.7778577955846312,"{""labels"": [""<=50K"", "">50K""], ""matrix"": [[3385, 331], [686, 482]]}"
adult,cosine,5,modified_plurality,RetentionPolicy.DD_RETENTION,6,10,43958,4884,0.061690599999565165,48.536509400000796,48.59820000000036,0.7921785421785422,0.7125320035156101,0.6690487895579731,0.6840699898993099,0.7765408694991407,0.7921785421785422,0.7804103378527314,"{""labels"": [""<=50K"", "">50K""], ""matrix"": [[3363, 352], [663, 506]]}"
adult,cosine,5,modified_plurality,RetentionPolicy.DD_RETENTION,7,10,43958,4884,0.06150809999962803,48.561886100000265,48.62339419999989,0.7985257985257985,0.7233013763468803,0.6773928366043913,0.6933839381961912,0.7837275515397818,0.7985257985257985,0.7870557773989323,"{""labels"": [""<=50K"", "">50K""], ""matrix"": [[3380, 336], [648, 520]]}"
adult,cosine,5,modified_plurality,RetentionPolicy.DD_RETENTION,8,10,43958,4884,0.05871290000141016,48.412075799999,48.47078870000041,0.7907452907452908,0.710208915100612,0.6617127711340814,0.677517957491236,0.7735443117495754,0.7907452907452908,0.7772080905704798,"{""labels"": [""<=50K"", "">50K""], ""matrix"": [[3378, 338], [684, 484]]}"
adult,cosine,5,modified_plurality,RetentionPolicy.DD_RETENTION,9,10,43957,4885,0.06073159999868949,48.86840540000048,48.92913699999917,0.7844421699078813,0.6994175618872331,0.662127434401997,0.6753200356422372,0.7687948069698076,0.7844421699078813,0.7733835355384463,"{""labels"": [""<=50K"", "">50K""], ""matrix"": [[3332, 383], [670, 500]]}"
adult,cosine,7,borda,RetentionPolicy.ALWAYS_RETAIN,0,10,43958,4884,0.06380340000032447,51.54242339999837,51.606226799998694,0.7874692874692875,0.7043783642701908,0.6639013455496237,0.6779647666371582,0.7715369326717465,0.7874692874692875,0.775857501903521,"{""labels"": [""<=50K"", "">50K""], ""matrix"": [[3347, 368], [670, 499]]}"
adult,cosine,7,borda,RetentionPolicy.ALWAYS_RETAIN,1,10,43959,4883,0.061325099999521626,51.60086239999873,51.662187499998254,0.792135981978292,0.7120967769431933,0.6720344217260643,0.6863293506851207,0.7773319306150002,0.792135981978292,0.7813538534720416,"{""labels"": [""<=50K"", "">50K""], ""matrix"": [[3352, 363], [652, 516]]}"
adult,cosine,7,borda,RetentionPolicy.ALWAYS_RETAIN,2,10,43957,4885,0.05888060000143014,51.38063079999847,51.4395113999999,0.7926305015353122,0.7129821973224695,0.6821490607493299,0.6941447994995562,0.7805730390102603,0.7926305015353122,0.7845654747091517,"{""labels"": [""<=50K"", "">50K""], ""matrix"": [[3322, 393], [620, 550]]}"
adult,cosine,7,borda,RetentionPolicy.ALWAYS_RETAIN,3,10,43958,4884,0.06133330000011483,51.3848545999972,51.44618789999731,0.7899262899262899,0.7082601301257223,0.6708610119881446,0.6844166444143268,0.7753844446972856,0.7899262899262899,0.7796144407190301,"{""labels"": [""<=50K"", "">50K""], ""matrix"": [[3341, 375], [651, 517]]}"
adult,cosine,7,borda,RetentionPolicy.ALWAYS_RETAIN,4,10,43957,4885,0.05888699999923119,51.4065225000013,51.46540950000053,0.7975435005117707,0.7218199759823893,0.6757847138262304,0.691729887499385,0.782527504146171,0.7975435005117707,0.7858973481361936,"{""labels"": [""<=50K"", "">50K""], ""matrix"": [[3379, 337], [652, 517]]}"
adult,cosine,7,borda,RetentionPolicy.ALWAYS_RETAIN,5,10,43958,4884,0.05994080000164104,51.589712099997996,51.64965289999964,0.7862407862407862,0.7020520463143414,0.660807301266644,0.6749250189285606,0.7697644545632623,0.7862407862407862,0.7741666477289634,"{""labels"": [""<=50K"", "">50K""], ""matrix"": [[3349, 367], [677, 491]]}"
adult,cosine,7,borda,RetentionPolicy.ALWAYS_RETAIN,6,10,43958,4884,0.060429900000599446,51.49368139999933,51.55411129999993,0.7940212940212941,0.7151386481303852,0.6808126488802821,0.6938182914958666,0.7811594293395416,0.7940212940212941,0.7851271119789512,"{""labels"": [""<=50K"", "">50K""], ""matrix"": [[3336, 379], [627, 542]]}"
adult,cosine,7,borda,RetentionPolicy.ALWAYS_RETAIN,7,10,43958,4884,0.06036939999830793,51.593050700001186,51.653420099999494,0.7977067977067978,0.7214049773755655,0.6803769703761594,0.6952364495132768,0.7837981218569453,0.7977067977067978,0.7874308164614021,"{""labels"": [""<=50K"", "">50K""], ""matrix"": [[3364, 352], [636, 532]]}"
adult,cosine,7,borda,RetentionPolicy.ALWAYS_RETAIN,8,10,43958,4884,0.05937610000182758,51.37406759999794,51.43344369999977,0.7901310401310402,0.7087098688704494,0.6674732183670761,0.6818828397775767,0.7745705496234605,0.7901310401310402,0.7786944980789543,"{""labels"": [""<=50K"", "">50K""], ""matrix"": [[3354, 362], [663, 505]]}"
adult,cosine,7,borda,RetentionPolicy.ALWAYS_RETAIN,9,10,43957,4885,0.060313500001939246,57.42689649999738,57.48720999999932,0.7840327533265097,0.6989929520039508,0.6674207129792594,0.6792576855271182,0.7702092384027375,0.7840327533265097,0.7747636122998444,"{""labels"": [""<=50K"", "">50K""], ""matrix"": [[3311, 404], [651, 519]]}"
adult,cosine,7,borda,RetentionPolicy.NEVER_RETAIN,0,10,43958,4884,0.06710289999682573,48.25827290000234,48.325375799999165,0.7819410319410319,0.6949323918011099,0.6567499110604018,0.6699462055451113,0.7653916786319754,0.7819410319410319,0.7701707496590002,"{""labels"": [""<=50K"", "">50K""], ""matrix"": [[3332, 383], [682, 487]]}"
adult,cosine,7,borda,RetentionPolicy.NEVER_RETAIN,1,10,43959,4883,0.05971099999806029,47.56872149999981,47.62843249999787,0.7909072291624002,0.7099846533436209,0.6712268847139512,0.6851525460806582,0.7761940335589858,0.7909072291624002,0.780331760854226,"{""labels"": [""<=50K"", "">50K""], ""matrix"": [[3346, 369], [652, 516]]}"
adult,cosine,7,borda,RetentionPolicy.NEVER_RETAIN,2,10,43957,4885,0.05832139999984065,48.07488639999792,48.13320779999776,0.7950870010235415,0.7169498842476203,0.6846424175495508,0.697144626008481,0.782994043063535,0.7950870010235415,0.7868722517872171,"{""labels"": [""<=50K"", "">50K""], ""matrix"": [[3331, 384], [617, 553]]}"
adult,cosine,7,borda,RetentionPolicy.NEVER_RETAIN,3,10,43958,4884,0.06167509999795584,47.76417270000093,47.82584779999888,0.7878787878787878,0.7048298298298299,0.6674607767963785,0.6808864249156401,0.7729150116537503,0.7878787878787878,0.7772854846151098,"{""labels"": [""<=50K"", "">50K""], ""matrix"": [[3338, 378], [658, 510]]}"
adult,cosine,7,borda,RetentionPolicy.NEVER_RETAIN,4,10,43957,4885,0.05946079999921494,47.849145500000304,47.90860629999952,0.797338792221085,0.7212970608351632,0.6768228113970429,0.6924276197027452,0.7826070607844963,0.797338792221085,0.7860864898058687,"{""labels"": [""<=50K"", "">50K""], ""matrix"": [[3374, 342], [648, 521]]}"
adult,cosine,7,borda,RetentionPolicy.NEVER_RETAIN,5,10,43958,4884,0.05956530000185012,48.237058899998374,48.296624200000224,0.7866502866502867,0.7027561375930463,0.6616634656502056,0.6757839854440928,0.7703169124975495,0.7866502866502867,0.7746941169123638,"{""labels"": [""<=50K"", "">50K""], ""matrix"": [[3349, 367], [675, 493]]}"
adult,cosine,7,borda,RetentionPolicy.NEVER_RETAIN,6,10,43958,4884,0.06225529999937862,47.52097919999869,47.58323449999807,0.7925880425880426,0.712794048887424,0.678991142882472,0.691795108420707,0.779621518611692,0.7925880425880426,0.7836743817433122,"{""labels"": [""<=50K"", "">50K""], ""matrix"": [[3332, 383], [630, 539]]}"
adult,cosine,7,borda,RetentionPolicy.NEVER_RETAIN,7,10,43958,4884,0.06066560000181198,47.67412649999824,47.73479210000005,0.7958640458640459,0.7183095222796793,0.6776983462848548,0.6923501887561114,0.7816863427071861,0.7958640458640459,0.7854505445312674,"{""labels"": [""<=50K"", "">50K""], ""matrix"": [[3360, 356], [641, 527]]}"
adult,cosine,7,borda,RetentionPolicy.NEVER_RETAIN,8,10,43958,4884,0.05857339999784017,47.32526399999915,47.38383739999699,0.7911547911547911,0.7105017531188671,0.6681459847825766,0.6828599694171302,0.7755346458136565,0.7911547911547911,0.7795436434842501,"{""labels"": [""<=50K"", "">50K""], ""matrix"": [[3359, 357], [663, 505]]}"
adult,cosine,7,borda,RetentionPolicy.NEVER_RETAIN,9,10,43957,4885,0.05994180000197957,47.71316769999976,47.77310950000174,0.7840327533265097,0.6989759080366074,0.6671279520539278,0.6790345192927427,0.7701128358258947,0.7840327533265097,0.7746753588116895,"{""labels"": [""<=50K"", "">50K""], ""matrix"": [[3312, 403], [652, 518]]}"
adult,cosine,7,borda,RetentionPolicy.DIFFERENT_CLASS_RETENTION,0,10,43958,4884,0.06439450000107172,48.3064177999986,48.37081229999967,0.7854217854217854,0.7008809965036014,0.6619691975403164,0.6755658989336794,0.7694727264544288,0.7854217854217854,0.7739800745138053,"{""labels"": [""<=50K"", "">50K""], ""matrix"": [[3339, 376], [672, 497]]}"
adult,cosine,7,borda,RetentionPolicy.DIFFERENT_CLASS_RETENTION,1,10,43959,4883,0.05986689999917871,48.57681279999815,48.63667969999733,0.7907024370264182,0.7096267575460317,0.6713857879016943,0.6851815823605707,0.7760895047737576,0.7907024370264182,0.7802511320011486,"{""labels"": [""<=50K"", "">50K""], ""matrix"": [[3344, 371], [651, 517]]}"
adult,cosine,7,borda,RetentionPolicy.DIFFERENT_CLASS_RETENTION,2,10,43957,4885,0.06080859999929089,49.539201399999,49.60000999999829,0.7930399181166837,0.71364188975088,0.6824182397533676,0.6945392450304608,0.7809305951091785,0.7930399181166837,0.7849084638496523,"{""labels"": [""<=50K"", "">50K""], ""matrix"": [[3324, 391], [620, 550]]}"
adult,cosine,7,borda,RetentionPolicy.DIFFERENT_CLASS_RETENTION,3,10,43958,4884,0.06081819999963045,48.3397272000002,48.40054539999983,0.7899262899262899,0.7082707707707707,0.6702739541707832,0.6839666717793887,0.7752135837721422,0.7899262899262899,0.7794352386246166,"{""labels"": [""<=50K"", "">50K""], ""matrix"": [[3343, 373], [653, 515]]}"
adult,cosine,7,borda,RetentionPolicy.DIFFERENT_CLASS_RETENTION,4,10,43957,4885,0.05989599999884376,48.18963950000034,48.24953549999918,0.7971340839303992,0.7209629318195319,0.6763950954004647,0.6920051515758234,0.7823384219892183,0.7971340839303992,0.7858255407514032,"{""labels"": [""<=50K"", "">50K""], ""matrix"": [[3374, 342], [649, 520]]}"
adult,cosine,7,borda,RetentionPolicy.DIFFERENT_CLASS_RETENTION,5,10,43958,4884,0.0597172000016144,48.254086000000825,48.31380320000244,0.7858312858312858,0.7013484082104761,0.6617123103351668,0.6754827995206816,0.769729085522364,0.7858312858312858,0.7742074986496913,"{""labels"": [""<=50K"", "">50K""], ""matrix"": [[3343, 373], [673, 495]]}"
adult,cosine,7,borda,RetentionPolicy.DIFFERENT_CLASS_RETENTION,6,10,43958,4884,0.0596761000015249,48.203833499999746,48.26350960000127,0.7932022932022932,0.7137799303679604,0.6805674173667662,0.6932411107308026,0.7805156847495484,0.7932022932022932,0.7845256051972356,"{""labels"": [""<=50K"", "">50K""], ""matrix"": [[3331, 384], [626, 543]]}"
adult,cosine,7,borda,RetentionPolicy.DIFFERENT_CLASS_RETENTION,7,10,43958,4884,0.06049630000052275,49.34445239999695,49.404948699997476,0.7972972972972973,0.720604325242413,0.6809884505360013,0.6954897446103153,0.783641000337847,0.7972972972972973,0.7873472673604677,"{""labels"": [""<=50K"", "">50K""], ""matrix"": [[3359, 357], [633, 535]]}"
adult,cosine,7,borda,RetentionPolicy.DIFFERENT_CLASS_RETENTION,8,10,43958,4884,0.0635651999982656,52.45474290000129,52.51830809999956,0.790950040950041,0.7100717871214983,0.6694790760428802,0.6838104733638551,0.775743485896236,0.790950040950041,0.7798328505040596,"{""labels"": [""<=50K"", "">50K""], ""matrix"": [[3353, 363], [658, 510]]}"
adult,cosine,7,borda,RetentionPolicy.DIFFERENT_CLASS_RETENTION,9,10,43957,4885,0.0637127000009059,48.57251600000018,48.636228700001084,0.7825997952917093,0.6967768168631041,0.6670641083157907,0.6783566813712021,0.7691730648249205,0.7825997952917093,0.7737535619636835,"{""labels"": [""<=50K"", "">50K""], ""matrix"": [[3302, 413], [649, 521]]}"
adult,cosine,7,borda,RetentionPolicy.DD_RETENTION,0,10,43958,4884,0.06841460000214283,48.96453329999713,49.03294789999927,0.7868550368550369,0.7033255227936182,0.6632044505490078,0.6771508238450139,0.7708814766692129,0.7868550368550369,0.7752565232912796,"{""labels"": [""<=50K"", "">50K""], ""matrix"": [[3345, 370], [671, 498]]}"
adult,cosine,7,borda,RetentionPolicy.DD_RETENTION,1,10,43959,4883,0.06003250000139815,49.0169410999988,49.0769736000002,0.7923407741142741,0.7124211010739379,0.6727559966076071,0.6869753063004969,0.7776841364165913,0.7923407741142741,0.7817038084260494,"{""labels"": [""<=50K"", "">50K""], ""matrix"": [[3351, 364], [650, 518]]}"
adult,cosine,7,borda,RetentionPolicy.DD_RETENTION,2,10,43957,4885,0.05983120000018971,48.97739880000154,49.03723000000173,0.792835209825998,0.7133098531732891,0.6825764111766803,0.6945513761567654,0.78084139560944,0.792835209825998,0.784819278245613,"{""labels"": [""<=50K"", "">50K""], ""matrix"": [[3322, 393], [619, 551]]}"
adult,cosine,7,borda,RetentionPolicy.DD_RETENTION,3,10,43958,4884,0.06050550000145449,48.97365229999923,49.034157800000685,0.7901310401310402,0.7086117207814605,0.670702036362564,0.6843872598142664,0.7754859080650178,0.7901310401310402,0.7796950603969122,"{""labels"": [""<=50K"", "">50K""], ""matrix"": [[3343, 373], [652, 516]]}"
adult,cosine,7,borda,RetentionPolicy.DD_RETENTION,4,10,43957,4885,0.05903749999924912,49.103021900002204,49.16205940000145,0.7971340839303992,0.7211489658672757,0.6749292818330739,0.6908806097085263,0.7819896121127254,0.7971340839303992,0.7853734863995564,"{""labels"": [""<=50K"", "">50K""], ""matrix"": [[3379, 337], [654, 515]]}"
adult,cosine,7,borda,RetentionPolicy.DD_RETENTION,5,10,43958,4884,0.06259480000153417,49.277749400000175,49.34034420000171,0.786036036036036,0.7016980600004339,0.6606727479835439,0.6747321570884519,0.7695733483575767,0.786036036036036,0.7739979196220341,"{""labels"": [""<=50K"", "">50K""], ""matrix"": [[3348, 368], [677, 491]]}"
adult,cosine,7,borda,RetentionPolicy.DD_RETENTION,6,10,43958,4884,0.05933789999835426,49.2088044000011,49.268142299999454,0.7946355446355446,0.7161480498398631,0.681509543880898,0.6946249994779145,0.7817949492320462,0.7946355446355446,0.7857258395392119,"{""labels"": [""<=50K"", "">50K""], ""matrix"": [[3338, 377], [626, 543]]}"
adult,cosine,7,borda,RetentionPolicy.DD_RETENTION,7,10,43958,4884,0.06138049999935902,49.25506310000128,49.31644360000064,0.7977067977067978,0.7214352007669634,0.6800834414674787,0.6950181710161232,0.7837236716011614,0.7977067977067978,0.7873437252884727,"{""labels"": [""<=50K"", "">50K""], ""matrix"": [[3365, 351], [637, 531]]}"
adult,cosine,7,borda,RetentionPolicy.DD_RETENTION,8,10,43958,4884,0.05869259999963106,48.86156630000187,48.9202589000015,0.7911547911547911,0.7104857656163626,0.6684395136912573,0.6830902051152603,0.7756139902906072,0.7911547911547911,0.779635985349736,"{""labels"": [""<=50K"", "">50K""], ""matrix"": [[3358, 358], [662, 506]]}"
adult,cosine,7,borda,RetentionPolicy.DD_RETENTION,9,10,43957,4885,0.06116979999933392,49.16489530000035,49.22606509999969,0.7830092118730808,0.6973332251355477,0.666162243618502,0.6778495147056555,0.769129532757221,0.7830092118730808,0.7737403886902837,"{""labels"": [""<=50K"", "">50K""], ""matrix"": [[3308, 407], [653, 517]]}"
adult,cosine,7,modified_plurality,RetentionPolicy.ALWAYS_RETAIN,0,10,43958,4884,0.06784459999835235,51.59436900000219,51.66221360000054,0.7952497952497952,0.720923361697335,0.6558250543711655,0.674332261110311,0.7764826981108887,0.7952497952497952,0.777778511755179,"{""labels"": [""<=50K"", "">50K""], ""matrix"": [[3430, 285], [715, 454]]}"
adult,cosine,7,modified_plurality,RetentionPolicy.ALWAYS_RETAIN,1,10,43959,4883,0.060444799997640075,51.693099000000075,51.753543799997715,0.8029899651853368,0.7345957361978624,0.6697758992606796,0.6893938432159794,0.7864564391544261,0.8029899651853368,0.7873719409660483,"{""labels"": [""<=50K"", "">50K""], ""matrix"": [[3437, 278], [684, 484]]}"
adult,cosine,7,modified_plurality,RetentionPolicy.ALWAYS_RETAIN,2,10,43957,4885,0.059987500000715954,51.594170000000304,51.65415750000102,0.800818833162743,0.7295535975150313,0.671723550862178,0.6900854642339598,0.7845976110881502,0.800818833162743,0.7865979381804507,"{""labels"": [""<=50K"", "">50K""], ""matrix"": [[3416, 299], [674, 496]]}"
adult,cosine,7,modified_plurality,RetentionPolicy.ALWAYS_RETAIN,3,10,43958,4884,0.06108510000194656,51.72965859999749,51.79074369999944,0.79995904995905,0.7284168731392633,0.6668870821475441,0.6856697942238926,0.7829618960407643,0.79995904995905,0.7845523149753972,"{""labels"": [""<=50K"", "">50K""], ""matrix"": [[3426, 290], [687, 481]]}"
adult,cosine,7,modified_plurality,RetentionPolicy.ALWAYS_RETAIN,4,10,43957,4885,0.05933759999970789,51.547360199998366,51.606697799998074,0.7987717502558853,0.7269838386634221,0.6631065487048354,0.6820239543757708,0.7811919059109773,0.7987717502558853,0.7824822773847747,"{""labels"": [""<=50K"", "">50K""], ""matrix"": [[3431, 285], [698, 471]]}"
adult,cosine,7,modified_plurality,RetentionPolicy.ALWAYS_RETAIN,5,10,43958,4884,0.059960400001727976,51.68793910000022,51.74789950000195,0.7962735462735463,0.7221797664409386,0.6588880737868086,0.6773665202717978,0.7780020464567531,0.7962735462735463,0.7795503658881402,"{""labels"": [""<=50K"", "">50K""], ""matrix"": [[3427, 289], [706, 462]]}"
adult,cosine,7,modified_plurality,RetentionPolicy.ALWAYS_RETAIN,6,10,43958,4884,0.06030159999863827,51.79717040000105,51.85747199999969,0.79995904995905,0.7276736260622187,0.6709387991945354,0.6890320854280215,0.7836464634227213,0.79995904995905,0.7858507524475616,"{""labels"": [""<=50K"", "">50K""], ""matrix"": [[3412, 303], [674, 495]]}"
adult,cosine,7,modified_plurality,RetentionPolicy.ALWAYS_RETAIN,7,10,43958,4884,0.059939099999610335,51.72162410000237,51.78156320000198,0.8022113022113022,0.7326967150496562,0.6698348128050489,0.6890881700532603,0.7856641696213889,0.8022113022113022,0.7869285436916481,"{""labels"": [""<=50K"", "">50K""], ""matrix"": [[3432, 284], [682, 486]]}"
adult,cosine,7,modified_plurality,RetentionPolicy.ALWAYS_RETAIN,8,10,43958,4884,0.05852769999910379,51.50093830000333,51.55946600000243,0.8001638001638002,0.7296090708739263,0.6643798752525178,0.683651885830785,0.7827964821847544,0.8001638001638002,0.7838112507837278,"{""labels"": [""<=50K"", "">50K""], ""matrix"": [[3436, 280], [696, 472]]}"
adult,cosine,7,modified_plurality,RetentionPolicy.ALWAYS_RETAIN,9,10,43957,4885,0.061586700001498684,51.65003009999782,51.71161679999932,0.7879222108495394,0.705985963482008,0.6529977798483855,0.6691360872223504,0.7690043223669785,0.7879222108495394,0.7724195462695645,"{""labels"": [""<=50K"", "">50K""], ""matrix"": [[3388, 327], [709, 461]]}"
adult,cosine,7,modified_plurality,RetentionPolicy.NEVER_RETAIN,0,10,43958,4884,0.06532589999915217,47.720634600002086,47.78596050000124,0.7936117936117936,0.7174021629807095,0.655041464849574,0.6730224557162119,0.7747056832366871,0.7936117936117936,0.7765357579016977,"{""labels"": [""<=50K"", "">50K""], ""matrix"": [[3421, 294], [714, 455]]}"
adult,cosine,7,modified_plurality,RetentionPolicy.NEVER_RETAIN,1,10,43959,4883,0.05986190000112401,47.76695950000067,47.82682140000179,0.7990989146016793,0.7274137457409948,0.6636967864451778,0.6826390087402714,0.7816084994032576,0.7990989146016793,0.7829173658156622,"{""labels"": [""<=50K"", "">50K""], ""matrix"": [[3430, 285], [696, 472]]}"
adult,cosine,7,modified_plurality,RetentionPolicy.NEVER_RETAIN,2,10,43957,4885,0.060372100000677165,47.75790319999942,47.818275300000096,0.8006141248720573,0.729439270284435,0.6704179176588329,0.6889368233152213,0.7841808855535491,0.8006141248720573,0.786039225932969,"{""labels"": [""<=50K"", "">50K""], ""matrix"": [[3419, 296], [678, 492]]}"
adult,cosine,7,modified_plurality,RetentionPolicy.NEVER_RETAIN,3,10,43958,4884,0.06390909999754513,47.652386699999624,47.71629579999717,0.79995904995905,0.7282592892077973,0.6674741399649056,0.68615654787646,0.7830556270584847,0.79995904995905,0.7847518471986087,"{""labels"": [""<=50K"", "">50K""], ""matrix"": [[3424, 292], [685, 483]]}"
adult,cosine,7,modified_plurality,RetentionPolicy.NEVER_RETAIN,4,10,43957,4885,0.06120129999908386,47.66203800000221,47.723239300001296,0.7961105424769703,0.7215844914017386,0.6607710305975777,0.6789497522373074,0.7781620926204019,0.7961105424769703,0.7800709087064439,"{""labels"": [""<=50K"", "">50K""], ""matrix"": [[3420, 296], [700, 469]]}"
adult,cosine,7,modified_plurality,RetentionPolicy.NEVER_RETAIN,5,10,43958,4884,0.06477989999984857,47.670206699996925,47.73498659999677,0.797911547911548,0.7252466772946944,0.6614321445950131,0.6802122742160106,0.7800572428162287,0.797911547911548,0.7814264994526724,"{""labels"": [""<=50K"", "">50K""], ""matrix"": [[3430, 286], [701, 467]]}"
adult,cosine,7,modified_plurality,RetentionPolicy.NEVER_RETAIN,6,10,43958,4884,0.0597739000004367,47.77218680000078,47.83196070000122,0.797911547911548,0.7238681439764936,0.6684203981961092,0.6860878167305506,0.781272074067434,0.797911547911548,0.783756159641981,"{""labels"": [""<=50K"", "">50K""], ""matrix"": [[3406, 309], [678, 491]]}"
adult,cosine,7,modified_plurality,RetentionPolicy.NEVER_RETAIN,7,10,43958,4884,0.060616799997660564,52.87532900000224,52.9359457999999,0.7987305487305487,0.7258143502006851,0.6663732913576241,0.6847167231204991,0.7816743844322223,0.7987305487305487,0.7836296368605081,"{""labels"": [""<=50K"", "">50K""], ""matrix"": [[3419, 297], [686, 482]]}"
adult,cosine,7,modified_plurality,RetentionPolicy.NEVER_RETAIN,8,10,43958,4884,0.061971399998583365,51.40813440000056,51.470105799999146,0.7991400491400491,0.7276018173734498,0.6631200510196558,0.6821562725490439,0.7815625676817077,0.7991400491400491,0.782755213741714,"{""labels"": [""<=50K"", "">50K""], ""matrix"": [[3433, 283], [698, 470]]}"
adult,cosine,7,modified_plurality,RetentionPolicy.NEVER_RETAIN,9,10,43957,4885,0.06314549999660812,48.400284600000305,48.46343009999691,0.7856704196519959,0.7018549013515613,0.6494679688488572,0.6652384996391947,0.7662019583876415,0.7856704196519959,0.7698457475684026,"{""labels"": [""<=50K"", "">50K""], ""matrix"": [[3384, 331], [716, 454]]}"
adult,cosine,7,modified_plurality,RetentionPolicy.DIFFERENT_CLASS_RETENTION,0,10,43958,4884,0.06438150000030873,48.447666899999604,48.51204839999991,0.7936117936117936,0.7172129293849512,0.6559208443332524,0.6737928058682776,0.7748630504049693,0.7936117936117936,0.7768533270828019,"{""labels"": [""<=50K"", "">50K""], ""matrix"": [[3418, 297], [711, 458]]}"
adult,cosine,7,modified_plurality,RetentionPolicy.DIFFERENT_CLASS_RETENTION,1,10,43959,4883,0.060427999997045845,48.37174109999978,48.43216909999683,0.8015564202334631,0.7314769779507133,0.6691272654363096,0.6882278209024144,0.7849018027020344,0.8015564202334631,0.786273997022041,"{""labels"": [""<=50K"", "">50K""], ""matrix"": [[3429, 286], [683, 485]]}"
adult,cosine,7,modified_plurality,RetentionPolicy.DIFFERENT_CLASS_RETENTION,2,10,43957,4885,0.06260919999840553,48.451767599999584,48.51437679999799,0.8002047082906858,0.7280457247281817,0.6724908260574478,0.6904241714014414,0.784154680782741,0.8002047082906858,0.7864679893399518,"{""labels"": [""<=50K"", "">50K""], ""matrix"": [[3409, 306], [670, 500]]}"
adult,cosine,7,modified_plurality,RetentionPolicy.DIFFERENT_CLASS_RETENTION,3,10,43958,4884,0.059948800000711344,48.78802209999776,48.84797089999847,0.7997542997542998,0.7273934456297588,0.6691007601338897,0.6874039938556067,0.7831296778877185,0.7997542997542998,0.7851733174313819,"{""labels"": [""<=50K"", "">50K""], ""matrix"": [[3417, 299], [679, 489]]}"
adult,cosine,7,modified_plurality,RetentionPolicy.DIFFERENT_CLASS_RETENTION,4,10,43957,4885,0.061158100001193816,48.79556930000035,48.856727400001546,0.7971340839303992,0.7234151397154076,0.6626164478669909,0.6809340385819864,0.779480278836215,0.7971340839303992,0.7813280397700486,"{""labels"": [""<=50K"", "">50K""], ""matrix"": [[3421, 295], [696, 473]]}"
adult,cosine,7,modified_plurality,RetentionPolicy.DIFFERENT_CLASS_RETENTION,5,10,43958,4884,0.06109929999729502,48.52405570000337,48.58515500000067,0.7946355446355446,0.7184649076375403,0.6592792920654114,0.6770541235483956,0.7764693257699118,0.7946355446355446,0.7787159698090185,"{""labels"": [""<=50K"", "">50K""], ""matrix"": [[3414, 302], [701, 467]]}"
adult,cosine,7,modified_plurality,RetentionPolicy.DIFFERENT_CLASS_RETENTION,6,10,43958,4884,0.060647999998764135,48.39376600000105,48.454413999999815,0.7991400491400491,0.726110430950049,0.6701073146919005,0.687996097479909,0.7827283992544767,0.7991400491400491,0.7850707118630023,"{""labels"": [""<=50K"", "">50K""], ""matrix"": [[3409, 306], [675, 494]]}"
adult,cosine,7,modified_plurality,RetentionPolicy.DIFFERENT_CLASS_RETENTION,7,10,43958,4884,0.06120279999959166,48.435182400000485,48.49638520000008,0.7995495495495496,0.7269799486529525,0.6689662068507896,0.6872042211869624,0.782910784431697,0.7995495495495496,0.7850026143088865,"{""labels"": [""<=50K"", "">50K""], ""matrix"": [[3416, 300], [679, 489]]}"
adult,cosine,7,modified_plurality,RetentionPolicy.DIFFERENT_CLASS_RETENTION,8,10,43958,4884,0.05836730000009993,48.123015499997564,48.181382799997664,0.7983210483210483,0.725560173085986,0.6637559535219782,0.6823557260108992,0.7808358767529325,0.7983210483210483,0.7824843743491778,"{""labels"": [""<=50K"", "">50K""], ""matrix"": [[3425, 291], [694, 474]]}"
adult,cosine,7,modified_plurality,RetentionPolicy.DIFFERENT_CLASS_RETENTION,9,10,43957,4885,0.059994899998855544,48.44941459999973,48.50940949999858,0.7862845445240533,0.7028388922888618,0.6525065856828979,0.668102303787583,0.7674870459992308,0.7862845445240533,0.7712837112230261,"{""labels"": [""<=50K"", "">50K""], ""matrix"": [[3378, 337], [707, 463]]}"
adult,cosine,7,modified_plurality,RetentionPolicy.DD_RETENTION,0,10,43958,4884,0.06365000000005239,49.35550769999827,49.41915769999832,0.7942260442260443,0.718824389170954,0.6548589803665117,0.673092957334489,0.7752869226327952,0.7942260442260443,0.7768281874811084,"{""labels"": [""<=50K"", "">50K""], ""matrix"": [[3426, 289], [716, 453]]}"
adult,cosine,7,modified_plurality,RetentionPolicy.DD_RETENTION,1,10,43959,4883,0.06061309999859077,49.36439900000187,49.42501210000046,0.802170796641409,0.7330407406912038,0.6686505558730802,0.6881023415245697,0.7854593928213534,0.802170796641409,0.7864878326124768,"{""labels"": [""<=50K"", "">50K""], ""matrix"": [[3435, 280], [686, 482]]}"
adult,cosine,7,modified_plurality,RetentionPolicy.DD_RETENTION,2,10,43957,4885,0.06154629999946337,49.265153699998336,49.3266999999978,0.7995905834186284,0.7272311530273752,0.6703304919994019,0.6884115914642088,0.7831882330473507,0.7995905834186284,0.7853788753997804,"{""labels"": [""<=50K"", "">50K""], ""matrix"": [[3412, 303], [676, 494]]}"
adult,cosine,7,modified_plurality,RetentionPolicy.DD_RETENTION,3,10,43958,4884,0.059057900001789676,49.30484929999875,49.36390720000054,0.8005733005733006,0.7294498198758936,0.6681713287228865,0.6869991312067331,0.7837731498570065,0.8005733005733006,0.7853631636832844,"{""labels"": [""<=50K"", "">50K""], ""matrix"": [[3426, 290], [684, 484]]}"
adult,cosine,7,modified_plurality,RetentionPolicy.DD_RETENTION,4,10,43957,4885,0.06004129999928409,49.270010100000945,49.33005140000023,0.7981576253838281,0.7258502637782018,0.6621165634285788,0.6809284283793589,0.7804182193365811,0.7981576253838281,0.7817669169880663,"{""labels"": [""<=50K"", "">50K""], ""matrix"": [[3430, 286], [700, 469]]}"
adult,cosine,7,modified_plurality,RetentionPolicy.DD_RETENTION,5,10,43958,4884,0.06006579999666428,49.28540229999999,49.34546809999665,0.7954545454545454,0.7205363971371835,0.6580563317457275,0.6763242775499438,0.7770465930852706,0.7954545454545454,0.7787690708745895,"{""labels"": [""<=50K"", "">50K""], ""matrix"": [[3424, 292], [707, 461]]}"
adult,cosine,7,modified_plurality,RetentionPolicy.DD_RETENTION,6,10,43958,4884,0.06073599999945145,49.33160130000033,49.39233729999978,0.7993447993447993,0.726650885717318,0.6696556512048005,0.6877208512841605,0.7828374989825176,0.7993447993447993,0.785047759421964,"{""labels"": [""<=50K"", "">50K""], ""matrix"": [[3412, 303], [677, 492]]}"
adult,cosine,7,modified_plurality,RetentionPolicy.DD_RETENTION,7,10,43958,4884,0.06160470000031637,49.31657769999947,49.37818239999979,0.8018018018018018,0.7320137876579204,0.6689786484214872,0.6882022471910112,0.7851260517076845,0.8018018018018018,0.7863880223430785,"{""labels"": [""<=50K"", "">50K""], ""matrix"": [[3432, 284], [684, 484]]}"
adult,cosine,7,modified_plurality,RetentionPolicy.DD_RETENTION,8,10,43958,4884,0.05936899999869638,49.091897599999356,49.15126659999805,0.8001638001638002,0.7296090708739263,0.6643798752525178,0.683651885830785,0.7827964821847544,0.8001638001638002,0.7838112507837278,"{""labels"": [""<=50K"", "">50K""], ""matrix"": [[3436, 280], [696, 472]]}"
adult,cosine,7,modified_plurality,RetentionPolicy.DD_RETENTION,9,10,43957,4885,0.061548000001494074,49.346331000000646,49.40787900000214,0.7868986693961105,0.7040358944774598,0.6523248323382913,0.6681736892339196,0.767960041845743,0.7868986693961105,0.7715806278077649,"{""labels"": [""<=50K"", "">50K""], ""matrix"": [[3383, 332], [709, 461]]}"
adult,euclidean,3,borda,RetentionPolicy.ALWAYS_RETAIN,0,10,43958,4884,0.06389990000025136,54.66374799999903,54.72764789999928,0.7514332514332515,0.6608308435036545,0.66454309224274,0.6626054575603383,0.7543725022987695,0.7514332514332515,0.7528510933147026,"{""labels"": [""<=50K"", "">50K""], ""matrix"": [[3088, 627], [587, 582]]}"
adult,euclidean,3,borda,RetentionPolicy.ALWAYS_RETAIN,1,10,43959,4883,0.06193899999925634,54.70078480000302,54.76272380000228,0.7405283637108335,0.6466025495335448,0.6507380528770811,0.6485530728367385,0.7442869303867724,0.7405283637108335,0.7423325227391884,"{""labels"": [""<=50K"", "">50K""], ""matrix"": [[3057, 658], [609, 559]]}"
adult,euclidean,3,borda,RetentionPolicy.ALWAYS_RETAIN,2,10,43957,4885,0.06011859999853186,54.721581400001014,54.781699999999546,0.7383828045035824,0.6460066024759284,0.6526308221463,0.6490116377129365,0.744579950132272,0.7383828045035824,0.7412832886184918,"{""labels"": [""<=50K"", "">50K""], ""matrix"": [[3036, 679], [599, 571]]}"
adult,euclidean,3,borda,RetentionPolicy.ALWAYS_RETAIN,3,10,43958,4884,0.059953500000119675,54.60066590000133,54.66061940000145,0.7448812448812449,0.6505403312669809,0.6521198593273073,0.6513138820468475,0.7462332643438697,0.7448812448812449,0.7455469415338216,"{""labels"": [""<=50K"", "">50K""], ""matrix"": [[3084, 632], [614, 554]]}"
adult,euclidean,3,borda,RetentionPolicy.ALWAYS_RETAIN,4,10,43957,4885,0.060224599998036865,56.05905089999942,56.11927549999746,0.7467758444216991,0.6568951856946355,0.6641095404147879,0.6601776205007415,0.7528809457691977,0.7467758444216991,0.7496203116307817,"{""labels"": [""<=50K"", "">50K""], ""matrix"": [[3057, 659], [578, 591]]}"
adult,euclidean,3,borda,RetentionPolicy.ALWAYS_RETAIN,5,10,43958,4884,0.06138640000062878,55.238738700001704,55.30012510000233,0.7319819819819819,0.6365022668436134,0.6418818290399162,0.6389682299230037,0.7374492851724779,0.7319819819819819,0.7345709085217438,"{""labels"": [""<=50K"", "">50K""], ""matrix"": [[3027, 689], [620, 548]]}"
adult,euclidean,3,borda,RetentionPolicy.ALWAYS_RETAIN,6,10,43958,4884,0.059082400002807844,54.81336620000002,54.872448600002826,0.7432432432432432,0.6521232481188286,0.658866385667427,0.6551972162370558,0.7491908245149622,0.7432432432432432,0.7460258972572151,"{""labels"": [""<=50K"", "">50K""], ""matrix"": [[3049, 666], [588, 581]]}"
adult,euclidean,3,borda,RetentionPolicy.ALWAYS_RETAIN,7,10,43958,4884,0.06490979999944102,55.12117600000056,55.1860858,0.7448812448812449,0.6499501904321598,0.6506522147839038,0.6502979912027774,0.7454811251621238,0.7448812448812449,0.7451791448928307,"{""labels"": [""<=50K"", "">50K""], ""matrix"": [[3089, 627], [619, 549]]}"
adult,euclidean,3,borda,RetentionPolicy.ALWAYS_RETAIN,8,10,43958,4884,0.06309389999660198,54.255850000001374,54.318943899997976,0.7481572481572482,0.6553335890406975,0.657501529852397,0.6563884211296994,0.7499394624122859,0.7481572481572482,0.7490298519007748,"{""labels"": [""<=50K"", "">50K""], ""matrix"": [[3089, 627], [603, 565]]}"
adult,euclidean,3,borda,RetentionPolicy.ALWAYS_RETAIN,9,10,43957,4885,0.06228890000056708,54.73237540000264,54.794664300003205,0.7363357215967247,0.6417620054151487,0.6463079913954746,0.6438848220499495,0.7406892999823952,0.7363357215967247,0.7384157739770458,"{""labels"": [""<=50K"", "">50K""], ""matrix"": [[3043, 672], [616, 554]]}"
adult,euclidean,3,borda,RetentionPolicy.NEVER_RETAIN,0,10,43958,4884,0.06505699999979697,50.73808690000442,50.803143900004216,0.7483619983619983,0.6569902006113957,0.6610586172396602,0.658922558826897,0.7517103134261491,0.7483619983619983,0.7499712645671481,"{""labels"": [""<=50K"", "">50K""], ""matrix"": [[3078, 637], [592, 577]]}"
adult,euclidean,3,borda,RetentionPolicy.NEVER_RETAIN,1,10,43959,4883,0.06054980000044452,51.2014960000015,51.26204580000194,0.7411427401187795,0.6469907725123922,0.6505548360036136,0.6486863201436375,0.7443537694646732,0.7411427401187795,0.7426929076393207,"{""labels"": [""<=50K"", "">50K""], ""matrix"": [[3062, 653], [611, 557]]}"
adult,euclidean,3,borda,RetentionPolicy.NEVER_RETAIN,2,10,43957,4885,0.06419160000223201,50.97188339999411,51.036074999996345,0.7373592630501535,0.6445986271965868,0.6510795918602109,0.647540733308368,0.7434992632449015,0.7373592630501535,0.7402366612048984,"{""labels"": [""<=50K"", "">50K""], ""matrix"": [[3034, 681], [602, 568]]}"
adult,euclidean,3,borda,RetentionPolicy.NEVER_RETAIN,3,10,43958,4884,0.06230879999930039,50.97411500000453,51.03642380000383,0.7461097461097461,0.6526753006223529,0.654981881386673,0.6537946782284909,0.7480562970574002,0.7461097461097461,0.7470614478404808,"{""labels"": [""<=50K"", "">50K""], ""matrix"": [[3083, 633], [607, 561]]}"
adult,euclidean,3,borda,RetentionPolicy.NEVER_RETAIN,4,10,43957,4885,0.06299569999828236,50.98904980000225,51.05204550000053,0.7467758444216991,0.6565486320054471,0.6632300522743533,0.6596104727231595,0.7524221030209639,0.7467758444216991,0.7494204248737178,"{""labels"": [""<=50K"", "">50K""], ""matrix"": [[3060, 656], [581, 588]]}"
adult,euclidean,3,borda,RetentionPolicy.NEVER_RETAIN,5,10,43958,4884,0.06402549999620533,50.84573000000091,50.90975549999712,0.7295249795249795,0.6338140691372249,0.6396801318253535,0.6364714920849928,0.7356818217136655,0.7295249795249795,0.7324246632695682,"{""labels"": [""<=50K"", "">50K""], ""matrix"": [[3017, 699], [622, 546]]}"
adult,euclidean,3,borda,RetentionPolicy.NEVER_RETAIN,6,10,43958,4884,0.06385669999872334,50.68541710000136,50.74927380000008,0.7414004914004914,0.6489014453497924,0.6544306887091036,0.6514601147750648,0.7463776751697757,0.7414004914004914,0.7437568495144183,"{""labels"": [""<=50K"", "">50K""], ""matrix"": [[3051, 664], [599, 570]]}"
adult,euclidean,3,borda,RetentionPolicy.NEVER_RETAIN,7,10,43958,4884,0.06738939999922877,50.72326560000511,50.790655000004335,0.7448812448812449,0.6497141454336826,0.6500651569665423,0.6498888474655842,0.7451809837771427,0.7448812448812449,0.7450306039966783,"{""labels"": [""<=50K"", "">50K""], ""matrix"": [[3091, 625], [621, 547]]}"
adult,euclidean,3,borda,RetentionPolicy.NEVER_RETAIN,8,10,43958,4884,0.059602599998470396,50.23108130000037,50.29068389999884,0.7491809991809992,0.6567765364790502,0.6590548829939396,0.6578839790445146,0.7510305680901656,0.7491809991809992,0.7500856466258711,"{""labels"": [""<=50K"", "">50K""], ""matrix"": [[3091, 625], [600, 568]]}"
adult,euclidean,3,borda,RetentionPolicy.NEVER_RETAIN,9,10,43957,4885,0.062344399993889965,51.194596700006514,51.256941100000404,0.7301944728761515,0.6352555708390647,0.6413920235589146,0.6380260864676449,0.7365635396794781,0.7301944728761515,0.7331857389664884,"{""labels"": [""<=50K"", "">50K""], ""matrix"": [[3016, 699], [619, 551]]}"
adult,euclidean,3,borda,RetentionPolicy.DIFFERENT_CLASS_RETENTION,0,10,43958,4884,0.06511160000081873,51.5456692000007,51.61078080000152,0.75,0.6594031427120202,0.6638940922231675,0.66152726173879,0.75362683497313,0.75,0.7517361490487782,"{""labels"": [""<=50K"", "">50K""], ""matrix"": [[3080, 635], [586, 583]]}"
adult,euclidean,3,borda,RetentionPolicy.DIFFERENT_CLASS_RETENTION,1,10,43959,4883,0.06003620000410592,51.60299870000017,51.66303490000428,0.7397091951669056,0.6457594454590632,0.6501996948690058,0.6478429869221778,0.7437889466904744,0.7397091951669056,0.7416614441793237,"{""labels"": [""<=50K"", "">50K""], ""matrix"": [[3053, 662], [609, 559]]}"
adult,euclidean,3,borda,RetentionPolicy.DIFFERENT_CLASS_RETENTION,2,10,43957,4885,0.06271130000095582,51.514001800002006,51.57671310000296,0.7381780962128967,0.6456742952117469,0.6522034717189495,0.6486395930642266,0.7443010960278031,0.7381780962128967,0.7410465235238232,"{""labels"": [""<=50K"", "">50K""], ""matrix"": [[3036, 679], [600, 570]]}"
adult,euclidean,3,borda,RetentionPolicy.DIFFERENT_CLASS_RETENTION,3,10,43958,4884,0.0621129999999539,51.45084409999981,51.51295709999977,0.7442669942669943,0.6498836310746571,0.651716199478007,0.6507779174703154,0.7458488383428434,0.7442669942669943,0.7450439118027007,"{""labels"": [""<=50K"", "">50K""], ""matrix"": [[3081, 635], [614, 554]]}"
adult,euclidean,3,borda,RetentionPolicy.DIFFERENT_CLASS_RETENTION,4,10,43957,4885,0.06167309999727877,51.58906900000147,51.65074209999875,0.7465711361310133,0.6569161371044747,0.664561312558644,0.6603734189100914,0.7530640455341984,0.7465711361310133,0.7495833277933455,"{""labels"": [""<=50K"", "">50K""], ""matrix"": [[3054, 662], [576, 593]]}"
adult,euclidean,3,borda,RetentionPolicy.DIFFERENT_CLASS_RETENTION,5,10,43958,4884,0.06095729999651667,52.07481489999918,52.1357721999957,0.7297297297297297,0.6341533147964635,0.6401082140171344,0.6368477868764363,0.7359629741818993,0.7297297297297297,0.7326628437145706,"{""labels"": [""<=50K"", "">50K""], ""matrix"": [[3017, 699], [621, 547]]}"
adult,euclidean,3,borda,RetentionPolicy.DIFFERENT_CLASS_RETENTION,6,10,43958,4884,0.062373100001423154,51.79601890000049,51.85839200000191,0.7416052416052417,0.6505827087088154,0.6580827961458355,0.6539571872228647,0.7483647208414319,0.7416052416052417,0.7447431703219418,"{""labels"": [""<=50K"", "">50K""], ""matrix"": [[3040, 675], [587, 582]]}"
adult,euclidean,3,borda,RetentionPolicy.DIFFERENT_CLASS_RETENTION,7,10,43958,4884,0.061540700000477955,51.646095199997944,51.70763589999842,0.7444717444717445,0.649746192893401,0.650970166035065,0.6503483762899904,0.7455242506003927,0.7444717444717445,0.7449917630804835,"{""labels"": [""<=50K"", "">50K""], ""matrix"": [[3085, 631], [617, 551]]}"
adult,euclidean,3,borda,RetentionPolicy.DIFFERENT_CLASS_RETENTION,8,10,43958,4884,0.06080130000191275,50.942957299994305,51.00375859999622,0.7483619983619983,0.6561184305865123,0.6591037276789006,0.6575560876622404,0.7508148893665036,0.7483619983619983,0.7495534874487149,"{""labels"": [""<=50K"", "">50K""], ""matrix"": [[3085, 631], [598, 570]]}"
adult,euclidean,3,borda,RetentionPolicy.DIFFERENT_CLASS_RETENTION,9,10,43957,4885,0.06497269999817945,51.49905430000217,51.56402700000035,0.7361310133060389,0.6422053611950247,0.6476372065201137,0.6447070461617648,0.7413512693752533,0.7361310133060389,0.7386029284790278,"{""labels"": [""<=50K"", "">50K""], ""matrix"": [[3037, 678], [611, 559]]}"
adult,euclidean,3,borda,RetentionPolicy.DD_RETENTION,0,10,43958,4884,0.06556819999968866,52.448320700001204,52.51388890000089,0.7526617526617526,0.6617379952385867,0.6641781232766154,0.6629233203618843,0.7545575166497256,0.7526617526617526,0.7535876253759577,"{""labels"": [""<=50K"", "">50K""], ""matrix"": [[3098, 617], [591, 578]]}"
adult,euclidean,3,borda,RetentionPolicy.DD_RETENTION,1,10,43959,4883,0.06040789999678964,52.19337280000036,52.25378069999715,0.7423714929346713,0.6480297990768396,0.6507753876362027,0.649352020816437,0.7448031757405116,0.7423714929346713,0.7435550408900524,"{""labels"": [""<=50K"", "">50K""], ""matrix"": [[3070, 645], [613, 555]]}"
adult,euclidean,3,borda,RetentionPolicy.DD_RETENTION,2,10,43957,4885,0.060797899997851346,52.67547039999772,52.73626829999557,0.7383828045035824,0.6449920250085788,0.6502887347436472,0.6474430795267007,0.7433286132645922,0.7383828045035824,0.7407286901942395,"{""labels"": [""<=50K"", "">50K""], ""matrix"": [[3044, 671], [607, 563]]}"
adult,euclidean,3,borda,RetentionPolicy.DD_RETENTION,3,10,43958,4884,0.06169580000278074,52.44380639999872,52.5055022000015,0.7471334971334971,0.6529730442913443,0.6535999454414085,0.6532840138473941,0.7476537206298627,0.7471334971334971,0.7473920356549464,"{""labels"": [""<=50K"", "">50K""], ""matrix"": [[3095, 621], [614, 554]]}"
adult,euclidean,3,borda,RetentionPolicy.DD_RETENTION,4,10,43957,4885,0.06155670000589453,52.468887499999255,52.53044420000515,0.7484135107471852,0.6581402177951735,0.664013315825676,0.6608654705802173,0.7532689216217247,0.7484135107471852,0.7507062676411631,"{""labels"": [""<=50K"", "">50K""], ""matrix"": [[3069, 647], [582, 587]]}"
adult,euclidean,3,borda,RetentionPolicy.DD_RETENTION,5,10,43958,4884,0.06502360000013141,52.51588400000037,52.5809076000005,0.7338247338247338,0.6383349132923257,0.6430928085878171,0.6405430646302347,0.7385441648230406,0.7338247338247338,0.7360742917635079,"{""labels"": [""<=50K"", "">50K""], ""matrix"": [[3036, 680], [620, 548]]}"
adult,euclidean,3,borda,RetentionPolicy.DD_RETENTION,6,10,43958,4884,0.060563400002138223,52.44355849999556,52.5041218999977,0.7440622440622441,0.6518897211795349,0.6567666052244674,0.6541734047622446,0.7483035433896326,0.7440622440622441,0.7460838404481075,"{""labels"": [""<=50K"", "">50K""], ""matrix"": [[3062, 653], [597, 572]]}"
adult,euclidean,3,borda,RetentionPolicy.DD_RETENTION,7,10,43958,4884,0.06268789999739965,52.33797720000439,52.40066510000179,0.7475429975429976,0.6527372621201679,0.6521078785555244,0.6524200754370844,0.7470249334150039,0.7475429975429976,0.7472823867975018,"{""labels"": [""<=50K"", "">50K""], ""matrix"": [[3103, 613], [620, 548]]}"
adult,euclidean,3,borda,RetentionPolicy.DD_RETENTION,8,10,43958,4884,0.0598286000022199,51.690054300001066,51.749882900003286,0.7510237510237511,0.6579176312723948,0.6579176312723948,0.6579176312723948,0.7510237510237511,0.7510237510237511,0.7510237510237511,"{""labels"": [""<=50K"", "">50K""], ""matrix"": [[3108, 608], [608, 560]]}"
adult,euclidean,3,borda,RetentionPolicy.DD_RETENTION,9,10,43957,4885,0.06252819999644998,52.77132820000406,52.83385640000051,0.7363357215967247,0.6407218755270703,0.6439659039928218,0.6422669744487781,0.739438807878904,0.7363357215967247,0.7378378173595661,"{""labels"": [""<=50K"", "">50K""], ""matrix"": [[3051, 664], [624, 546]]}"
adult,euclidean,3,modified_plurality,RetentionPolicy.ALWAYS_RETAIN,0,10,43958,4884,0.06541830000060145,54.98700090000057,55.05241920000117,0.7674037674037674,0.6715874895542746,0.6439696649769102,0.6540110153256705,0.7516755537055578,0.7674037674037674,0.7572649304869132,"{""labels"": [""<=50K"", "">50K""], ""matrix"": [[3272, 443], [693, 476]]}"
adult,euclidean,3,modified_plurality,RetentionPolicy.ALWAYS_RETAIN,1,10,43959,4883,0.06362599999556551,54.99600199999986,55.05962799999543,0.7694040548842924,0.6740588553423628,0.6433008305831598,0.6541307855203219,0.7526237933020182,0.7694040548842924,0.7582815542574743,"{""labels"": [""<=50K"", "">50K""], ""matrix"": [[3288, 427], [699, 469]]}"
adult,euclidean,3,modified_plurality,RetentionPolicy.ALWAYS_RETAIN,2,10,43957,4885,0.059510799997951835,54.847042100002,54.90655289999995,0.7668372569089048,0.6708769259930032,0.6435264750204185,0.6534789739094161,0.7511329372256583,0.7668372569089048,0.7567348186602031,"{""labels"": [""<=50K"", "">50K""], ""matrix"": [[3270, 445], [694, 476]]}"
adult,euclidean,3,modified_plurality,RetentionPolicy.ALWAYS_RETAIN,3,10,43958,4884,0.061966599998413585,54.80376239999896,54.86572899999737,0.765970515970516,0.6679148600709499,0.6369194855272277,0.6475504130812155,0.7481479401069469,0.765970515970516,0.7541326886594344,"{""labels"": [""<=50K"", "">50K""], ""matrix"": [[3286, 430], [713, 455]]}"
adult,euclidean,3,modified_plurality,RetentionPolicy.ALWAYS_RETAIN,4,10,43957,4885,0.061906199996883515,54.7817864000026,54.843692599999486,0.7590583418628455,0.6585142026223811,0.6346579100755892,0.6434041415181291,0.7433951846062932,0.7590583418628455,0.7492888461471702,"{""labels"": [""<=50K"", "">50K""], ""matrix"": [[3245, 471], [706, 463]]}"
adult,euclidean,3,modified_plurality,RetentionPolicy.ALWAYS_RETAIN,5,10,43958,4884,0.06052950000594137,55.04884079999465,55.10937030000059,0.7624897624897625,0.6630691153866539,0.6360997242579294,0.6457115984951574,0.7458546738241443,0.7624897624897625,0.7518281326814106,"{""labels"": [""<=50K"", "">50K""], ""matrix"": [[3264, 452], [708, 460]]}"
adult,euclidean,3,modified_plurality,RetentionPolicy.ALWAYS_RETAIN,6,10,43958,4884,0.060101499999291264,55.21616450000147,55.27626600000076,0.7663800163800164,0.6694267799172855,0.6403654525212217,0.6506559317842229,0.7496748098373482,0.7663800163800164,0.7554704175120387,"{""labels"": [""<=50K"", "">50K""], ""matrix"": [[3277, 438], [703, 466]]}"
adult,euclidean,3,modified_plurality,RetentionPolicy.ALWAYS_RETAIN,7,10,43958,4884,0.060725600000296254,55.23434850000194,55.29507410000224,0.7714987714987716,0.6773996423339954,0.6455424156185028,0.6567338939243554,0.7547430555958824,0.7714987714987716,0.7602823741154362,"{""labels"": [""<=50K"", "">50K""], ""matrix"": [[3296, 420], [696, 472]]}"
adult,euclidean,3,modified_plurality,RetentionPolicy.ALWAYS_RETAIN,8,10,43958,4884,0.06124650000128895,54.31531990000076,54.37656640000205,0.7717035217035217,0.67883306272623,0.6521346048925786,0.6621693173390357,0.7573446518019232,0.7717035217035217,0.7625264380584569,"{""labels"": [""<=50K"", "">50K""], ""matrix"": [[3275, 441], [674, 494]]}"
adult,euclidean,3,modified_plurality,RetentionPolicy.ALWAYS_RETAIN,9,10,43957,4885,0.06314949999796227,54.79795340000419,54.86110290000215,0.7551688843398158,0.6524307130658923,0.6294141330480496,0.6377726844820694,0.7390958260563248,0.7551688843398158,0.7452064596125851,"{""labels"": [""<=50K"", "">50K""], ""matrix"": [[3235, 480], [716, 454]]}"
adult,euclidean,3,modified_plurality,RetentionPolicy.NEVER_RETAIN,0,10,43958,4884,0.06654549999802839,50.731571299998905,50.79811679999693,0.765970515970516,0.6685529084535294,0.6389237675389463,0.6493011953096774,0.748871959210734,0.765970515970516,0.7547467368086107,"{""labels"": [""<=50K"", "">50K""], ""matrix"": [[3279, 436], [707, 462]]}"
adult,euclidean,3,modified_plurality,RetentionPolicy.NEVER_RETAIN,1,10,43959,4883,0.06200430000171764,51.13486369999737,51.196867999999085,0.7651034200286709,0.667188736948243,0.6387134949021922,0.6487995144595211,0.7483435361040678,0.7651034200286709,0.7542180366960423,"{""labels"": [""<=50K"", "">50K""], ""matrix"": [[3273, 442], [705, 463]]}"
adult,euclidean,3,modified_plurality,RetentionPolicy.NEVER_RETAIN,2,10,43957,4885,0.05982389999553561,51.34664960000373,51.406473499999265,0.7654042988741044,0.6685015625856681,0.6414133048049603,0.6512279455741627,0.7494925195163974,0.7654042988741044,0.7551917449116767,"{""labels"": [""<=50K"", "">50K""], ""matrix"": [[3267, 448], [698, 472]]}"
adult,euclidean,3,modified_plurality,RetentionPolicy.NEVER_RETAIN,3,10,43958,4884,0.0626683000009507,51.08907950000139,51.15174780000234,0.764946764946765,0.6664270244524925,0.6365402480204079,0.6468911381945879,0.7474038950264944,0.764946764946765,0.7534087504341584,"{""labels"": [""<=50K"", "">50K""], ""matrix"": [[3280, 436], [712, 456]]}"
adult,euclidean,3,modified_plurality,RetentionPolicy.NEVER_RETAIN,4,10,43957,4885,0.06173720000515459,51.12866379999468,51.19040099999984,0.7563971340839304,0.6540725866258971,0.6305634156874625,0.6390916992611908,0.7402851643220966,0.7563971340839304,0.7463724685586838,"{""labels"": [""<=50K"", "">50K""], ""matrix"": [[3240, 476], [714, 455]]}"
adult,euclidean,3,modified_plurality,RetentionPolicy.NEVER_RETAIN,5,10,43958,4884,0.06263760000001639,50.964819000000716,51.02745660000073,0.7628992628992629,0.6634438786854627,0.6354882440980876,0.6453259578259578,0.7458275974685457,0.7628992628992629,0.7518610863205458,"{""labels"": [""<=50K"", "">50K""], ""matrix"": [[3269, 447], [711, 457]]}"
adult,euclidean,3,modified_plurality,RetentionPolicy.NEVER_RETAIN,6,10,43958,4884,0.06183650000457419,50.753814700001385,50.81565120000596,0.7682227682227682,0.6719870793737919,0.6404042520611536,0.6513160550236531,0.7507703796340792,0.7682227682227682,0.7565651681088535,"{""labels"": [""<=50K"", "">50K""], ""matrix"": [[3290, 425], [707, 462]]}"
adult,euclidean,3,modified_plurality,RetentionPolicy.NEVER_RETAIN,7,10,43958,4884,0.06700970000383677,50.7117247999995,50.77873450000334,0.7743652743652744,0.6816594112769485,0.6453714592211393,0.6576131431735459,0.7565055897145448,0.7743652743652744,0.7619204469170676,"{""labels"": [""<=50K"", "">50K""], ""matrix"": [[3317, 399], [703, 465]]}"
adult,euclidean,3,modified_plurality,RetentionPolicy.NEVER_RETAIN,8,10,43958,4884,0.06028890000015963,50.308433900005184,50.368722800005344,0.7714987714987716,0.6783689852660434,0.6511194648834363,0.6612814339850581,0.7568394532954718,0.7714987714987716,0.7620832200528763,"{""labels"": [""<=50K"", "">50K""], ""matrix"": [[3277, 439], [677, 491]]}"
adult,euclidean,3,modified_plurality,RetentionPolicy.NEVER_RETAIN,9,10,43957,4885,0.0631333999990602,54.0006560000038,54.06378940000286,0.7537359263050154,0.6502631866343576,0.6278864846832546,0.6360289561320706,0.7377218789165974,0.7537359263050154,0.7438634554445777,"{""labels"": [""<=50K"", "">50K""], ""matrix"": [[3230, 485], [718, 452]]}"
adult,euclidean,3,modified_plurality,RetentionPolicy.DIFFERENT_CLASS_RETENTION,0,10,43958,4884,0.06634569999732776,51.93717210000614,52.003517800003465,0.7655610155610155,0.6686731651338474,0.6418789799750624,0.6516341551250835,0.7498167398666007,0.7655610155610155,0.7554858510326679,"{""labels"": [""<=50K"", "">50K""], ""matrix"": [[3266, 449], [696, 473]]}"
adult,euclidean,3,modified_plurality,RetentionPolicy.DIFFERENT_CLASS_RETENTION,1,10,43959,4883,0.05943400000251131,51.87844749999931,51.93788150000182,0.7653082121646528,0.6676976182639409,0.639728562473497,0.6497223526984544,0.7488645078052772,0.7653082121646528,0.7546767855185641,"{""labels"": [""<=50K"", "">50K""], ""matrix"": [[3271, 444], [702, 466]]}"
adult,euclidean,3,modified_plurality,RetentionPolicy.DIFFERENT_CLASS_RETENTION,2,10,43957,4885,0.06159220000699861,51.67077489999792,51.73236710000492,0.7668372569089048,0.6711330012266252,0.6446975187217447,0.654439677372735,0.7515979271306231,0.7668372569089048,0.7571144224982024,"{""labels"": [""<=50K"", "">50K""], ""matrix"": [[3266, 449], [690, 480]]}"
adult,euclidean,3,modified_plurality,RetentionPolicy.DIFFERENT_CLASS_RETENTION,3,10,43958,4884,0.06389659999695141,51.69197669999994,51.75587329999689,0.7639230139230139,0.664819174517633,0.6355739526962266,0.6457310488590577,0.7464341010867701,0.7639230139230139,0.7524850818200505,"{""labels"": [""<=50K"", "">50K""], ""matrix"": [[3276, 440], [713, 455]]}"
adult,euclidean,3,modified_plurality,RetentionPolicy.DIFFERENT_CLASS_RETENTION,4,10,43957,4885,0.0628802999999607,51.77877669999725,51.84165699999721,0.7574206755373593,0.6564088877581855,0.6341678092377447,0.6424577641276503,0.7423684679364534,0.7574206755373593,0.7481655386260362,"{""labels"": [""<=50K"", "">50K""], ""matrix"": [[3235, 481], [704, 465]]}"
adult,euclidean,3,modified_plurality,RetentionPolicy.DIFFERENT_CLASS_RETENTION,5,10,43958,4884,0.06523919999744976,51.8045254000026,51.86976460000005,0.7616707616707616,0.6620354933532224,0.6361485689428904,0.6454831178160919,0.7454358427859064,0.7616707616707616,0.7513651337465992,"{""labels"": [""<=50K"", "">50K""], ""matrix"": [[3258, 458], [706, 462]]}"
adult,euclidean,3,modified_plurality,RetentionPolicy.DIFFERENT_CLASS_RETENTION,6,10,43958,4884,0.061163099999248516,52.02286800000002,52.084031099999265,0.7651515151515151,0.6680046668951569,0.6413166744764652,0.6510256558327255,0.7493651523098569,0.7651515151515151,0.7550587520825066,"{""labels"": [""<=50K"", "">50K""], ""matrix"": [[3265, 450], [697, 472]]}"
adult,euclidean,3,modified_plurality,RetentionPolicy.DIFFERENT_CLASS_RETENTION,7,10,43958,4884,0.06056640000315383,51.848491299999296,51.90905770000245,0.7721130221130221,0.6784992528335605,0.6468266621938452,0.6580213854120827,0.7555929451813524,0.7721130221130221,0.761071895980673,"{""labels"": [""<=50K"", "">50K""], ""matrix"": [[3296, 420], [693, 475]]}"
adult,euclidean,3,modified_plurality,RetentionPolicy.DIFFERENT_CLASS_RETENTION,8,10,43958,4884,0.062056199996732175,51.14424770000187,51.2063038999986,0.7700655200655201,0.6763606418024328,0.650764649719097,0.6604476329876787,0.7558942959711026,0.7700655200655201,0.7610985793928462,"{""labels"": [""<=50K"", "">50K""], ""matrix"": [[3268, 448], [675, 493]]}"
adult,euclidean,3,modified_plurality,RetentionPolicy.DIFFERENT_CLASS_RETENTION,9,10,43957,4885,0.06065729999681935,52.06687780000357,52.12753510000039,0.7525076765609007,0.6491028224837986,0.6285427522977994,0.6362108144337079,0.7374429881857875,0.7525076765609007,0.7433706674799446,"{""labels"": [""<=50K"", "">50K""], ""matrix"": [[3219, 496], [713, 457]]}"
adult,euclidean,3,modified_plurality,RetentionPolicy.DD_RETENTION,0,10,43958,4884,0.06976959999883547,52.597049900003185,52.66681950000202,0.7680180180180181,0.6725623683664086,0.6446665599775262,0.6548043208566905,0.7522966478982319,0.7680180180180181,0.7578583333603516,"{""labels"": [""<=50K"", "">50K""], ""matrix"": [[3274, 441], [692, 477]]}"
adult,euclidean,3,modified_plurality,RetentionPolicy.DD_RETENTION,1,10,43959,4883,0.06386139999813167,52.498824800000875,52.56268619999901,0.7696088470202744,0.6744279448526924,0.6437289127749406,0.6545604435510874,0.7529082808257683,0.7696088470202744,0.7585449302920454,"{""labels"": [""<=50K"", "">50K""], ""matrix"": [[3288, 427], [698, 470]]}"
adult,euclidean,3,modified_plurality,RetentionPolicy.DD_RETENTION,2,10,43957,4885,0.06004370000300696,52.739964899999904,52.80000860000291,0.7670419651995906,0.6710541082032037,0.6430755426717742,0.6531791727203443,0.7510701894530578,0.7670419651995906,0.7567092930703557,"{""labels"": [""<=50K"", "">50K""], ""matrix"": [[3273, 442], [696, 474]]}"
adult,euclidean,3,modified_plurality,RetentionPolicy.DD_RETENTION,3,10,43958,4884,0.06123509999451926,52.891010500003176,52.952245599997696,0.764946764946765,0.6660214785214785,0.6347790745683236,0.6453742308937824,0.7467070194342921,0.764946764946765,0.7528039970316525,"{""labels"": [""<=50K"", "">50K""], ""matrix"": [[3286, 430], [718, 450]]}"
adult,euclidean,3,modified_plurality,RetentionPolicy.DD_RETENTION,4,10,43957,4885,0.05933589999767719,52.96491320000496,53.024249100002635,0.7586489252814739,0.6576784524829058,0.6335093153689545,0.6423041085359567,0.7426939216458655,0.7586489252814739,0.7486681603129963,"{""labels"": [""<=50K"", "">50K""], ""matrix"": [[3246, 470], [709, 460]]}"
adult,euclidean,3,modified_plurality,RetentionPolicy.DD_RETENTION,5,10,43958,4884,0.06068339999910677,55.79856750000181,55.859250900000916,0.7624897624897625,0.6629169288860919,0.635512666440568,0.6452135542069082,0.7456130110315131,0.7624897624897625,0.7516308543154241,"{""labels"": [""<=50K"", "">50K""], ""matrix"": [[3266, 450], [710, 458]]}"
adult,euclidean,3,modified_plurality,RetentionPolicy.DD_RETENTION,6,10,43958,4884,0.05985710000095423,52.5795769000033,52.63943400000426,0.7671990171990172,0.6705996041825677,0.6406106840347376,0.6511421339169757,0.7502440684118036,0.7671990171990172,0.7560341555130274,"{""labels"": [""<=50K"", "">50K""], ""matrix"": [[3282, 433], [704, 465]]}"
adult,euclidean,3,modified_plurality,RetentionPolicy.DD_RETENTION,7,10,43958,4884,0.06025059999956284,52.546210199994675,52.60646079999424,0.7714987714987716,0.677253976875571,0.6446618288924606,0.6559989437381522,0.7544184166891683,0.7714987714987716,0.7599896013826957,"{""labels"": [""<=50K"", "">50K""], ""matrix"": [[3299, 417], [699, 469]]}"
adult,euclidean,3,modified_plurality,RetentionPolicy.DD_RETENTION,8,10,43958,4884,0.06204689999867696,51.927519500000926,51.9895663999996,0.7723177723177723,0.679646368676127,0.6519512069245175,0.6622615001313391,0.7576274573415538,0.7723177723177723,0.7628437747120534,"{""labels"": [""<=50K"", "">50K""], ""matrix"": [[3280, 436], [676, 492]]}"
adult,euclidean,3,modified_plurality,RetentionPolicy.DD_RETENTION,9,10,43957,4885,0.06278040000324836,52.97024099999544,53.03302139999869,0.7535312180143295,0.649983010496758,0.6277518951812358,0.6358516882894315,0.7375636645785858,0.7535312180143295,0.7436998709145182,"{""labels"": [""<=50K"", "">50K""], ""matrix"": [[3229, 486], [718, 452]]}"
adult,euclidean,5,borda,RetentionPolicy.ALWAYS_RETAIN,0,10,43958,4884,0.06343850000121165,55.141955599996436,55.20539409999765,0.7745700245700246,0.6823817538211054,0.6469215385802132,0.6590355839114638,0.7571305873646559,0.7745700245700246,0.7625004751941568,"{""labels"": [""<=50K"", "">50K""], ""matrix"": [[3313, 402], [699, 470]]}"
adult,euclidean,5,borda,RetentionPolicy.ALWAYS_RETAIN,1,10,43959,4883,0.06216850000055274,55.03977639999357,55.10194489999412,0.7696088470202744,0.6739961460813294,0.6413809712568447,0.6525848220477275,0.7520241977607568,0.7696088470202744,0.7577577901511422,"{""labels"": [""<=50K"", "">50K""], ""matrix"": [[3296, 419], [706, 462]]}"
adult,euclidean,5,borda,RetentionPolicy.ALWAYS_RETAIN,2,10,43957,4885,0.06295790000149282,55.00100859999657,55.06396649999806,0.7686796315250768,0.673975754952781,0.6464943460905777,0.6565754260541421,0.7533374164201807,0.7686796315250768,0.7587987162453026,"{""labels"": [""<=50K"", "">50K""], ""matrix"": [[3273, 442], [688, 482]]}"
adult,euclidean,5,borda,RetentionPolicy.ALWAYS_RETAIN,3,10,43958,4884,0.06075779999810038,54.917784900004335,54.978542700002436,0.7686322686322686,0.6720915103545484,0.6389622071162098,0.6501807879723832,0.7505308764551961,0.7686322686322686,0.7563786671846943,"{""labels"": [""<=50K"", "">50K""], ""matrix"": [[3298, 418], [712, 456]]}"
adult,euclidean,5,borda,RetentionPolicy.ALWAYS_RETAIN,4,10,43957,4885,0.059914799996477086,54.97726759999932,55.0371823999958,0.7719549641760491,0.6783957099452542,0.646652719472634,0.6578543196985335,0.7553893837823574,0.7719549641760491,0.7608725194448052,"{""labels"": [""<=50K"", "">50K""], ""matrix"": [[3296, 420], [694, 475]]}"
adult,euclidean,5,borda,RetentionPolicy.ALWAYS_RETAIN,5,10,43958,4884,0.061990500005776994,54.93943779999972,55.0014283000055,0.766994266994267,0.6698559675404621,0.6393534253948125,0.6499669993601402,0.7496973827044281,0.766994266994267,0.7555567578345577,"{""labels"": [""<=50K"", "">50K""], ""matrix"": [[3285, 431], [707, 461]]}"
adult,euclidean,5,borda,RetentionPolicy.ALWAYS_RETAIN,6,10,43958,4884,0.06158509999659145,55.265454400003364,55.327039499999955,0.7723177723177723,0.6790118191462706,0.6469066865308031,0.6582073046737235,0.7556925669754001,0.7723177723177723,0.7611574289195591,"{""labels"": [""<=50K"", "">50K""], ""matrix"": [[3297, 418], [694, 475]]}"
adult,euclidean,5,borda,RetentionPolicy.ALWAYS_RETAIN,7,10,43958,4884,0.06290150000131689,55.19650309999997,55.25940460000129,0.7704750204750205,0.6751028579535603,0.6407602444814722,0.6523401282711437,0.7523464275990404,0.7704750204750205,0.7580681596499558,"{""labels"": [""<=50K"", "">50K""], ""matrix"": [[3305, 411], [710, 458]]}"
adult,euclidean,5,borda,RetentionPolicy.ALWAYS_RETAIN,8,10,43958,4884,0.06397149999975227,54.462298800004646,54.5262703000044,0.7764127764127764,0.6860270408810059,0.6555228593125617,0.6667139100171651,0.7613879224696678,0.7764127764127764,0.7664686250692769,"{""labels"": [""<=50K"", "">50K""], ""matrix"": [[3297, 419], [673, 495]]}"
adult,euclidean,5,borda,RetentionPolicy.ALWAYS_RETAIN,9,10,43957,4885,0.06193879999773344,54.96661989999848,55.02855869999621,0.763971340839304,0.6654850534212321,0.6366652862615177,0.646752207279329,0.7467849565931403,0.763971340839304,0.7527659581358096,"{""labels"": [""<=50K"", "">50K""], ""matrix"": [[3273, 442], [711, 459]]}"
adult,euclidean,5,borda,RetentionPolicy.NEVER_RETAIN,0,10,43958,4884,0.06552450000162935,50.645846899999015,50.711371400000644,0.7745700245700246,0.6823093570418786,0.6463352855910943,0.6585428021646113,0.7569267838292547,0.7745700245700246,0.7623030087835724,"{""labels"": [""<=50K"", "">50K""], ""matrix"": [[3315, 400], [701, 468]]}"
adult,euclidean,5,borda,RetentionPolicy.NEVER_RETAIN,1,10,43959,4883,0.06098750000091968,50.58490919999895,50.64589669999987,0.7704280155642024,0.6753304999892031,0.6422128219546821,0.653571627702483,0.7528387790834506,0.7704280155642024,0.7585198716671513,"{""labels"": [""<=50K"", "">50K""], ""matrix"": [[3299, 416], [705, 463]]}"
adult,euclidean,5,borda,RetentionPolicy.NEVER_RETAIN,2,10,43957,4885,0.06015849999675993,51.04503030000342,51.10518880000018,0.7666325486182191,0.6707682751213475,0.6442701682943943,0.6540165369272688,0.7513145201030372,0.7666325486182191,0.7568539067706375,"{""labels"": [""<=50K"", "">50K""], ""matrix"": [[3266, 449], [691, 479]]}"
adult,euclidean,5,borda,RetentionPolicy.NEVER_RETAIN,3,10,43958,4884,0.06251029999839375,50.88290799999959,50.94541829999798,0.7661752661752662,0.6684843903052742,0.6382281544450507,0.6487366548939193,0.7487799876332547,0.7661752661752662,0.7546975548743979,"{""labels"": [""<=50K"", "">50K""], ""matrix"": [[3283, 433], [709, 459]]}"
adult,euclidean,5,borda,RetentionPolicy.NEVER_RETAIN,4,10,43957,4885,0.06041030000051251,50.71797599999991,50.77838630000042,0.7705220061412488,0.6760793570194445,0.6451245210639769,0.6560702007856878,0.7539509747964712,0.7705220061412488,0.7595154627589361,"{""labels"": [""<=50K"", "">50K""], ""matrix"": [[3291, 425], [696, 473]]}"
adult,euclidean,5,borda,RetentionPolicy.NEVER_RETAIN,5,10,43958,4884,0.06401290000212612,50.776962700001604,50.84097560000373,0.7657657657657657,0.6677330602645541,0.6373719900614889,0.6478708882107596,0.7482057837236673,0.7657657657657657,0.7541681805002698,"{""labels"": [""<=50K"", "">50K""], ""matrix"": [[3283, 433], [711, 457]]}"
adult,euclidean,5,borda,RetentionPolicy.NEVER_RETAIN,6,10,43958,4884,0.06529329999466427,50.618719500002044,50.68401279999671,0.7745700245700246,0.6826826826826827,0.6492665505366886,0.6609857298102509,0.7579546171888515,0.7745700245700246,0.7632798983487666,"{""labels"": [""<=50K"", "">50K""], ""matrix"": [[3305, 410], [691, 478]]}"
adult,euclidean,5,borda,RetentionPolicy.NEVER_RETAIN,7,10,43958,4884,0.0598420999958762,50.731778200002736,50.79162029999861,0.7714987714987716,0.6763372078727268,0.6387912507188463,0.6509765661519735,0.752299508661938,0.7714987714987716,0.7579767679720576,"{""labels"": [""<=50K"", "">50K""], ""matrix"": [[3319, 397], [719, 449]]}"
adult,euclidean,5,borda,RetentionPolicy.NEVER_RETAIN,8,10,43958,4884,0.05995950000215089,50.24864749999688,50.30860699999903,0.7741605241605242,0.6821302167873047,0.6511074841116534,0.6622905282716895,0.7584129829509232,0.7741605241605242,0.7636938543210494,"{""labels"": [""<=50K"", "">50K""], ""matrix"": [[3296, 420], [683, 485]]}"
adult,euclidean,5,borda,RetentionPolicy.NEVER_RETAIN,9,10,43957,4885,0.0604241999972146,50.98150789999636,51.04193209999357,0.7578300921187308,0.6561584115892106,0.6311637965742946,0.6400927358514832,0.7411910855779155,0.7578300921187308,0.7473373928665674,"{""labels"": [""<=50K"", "">50K""], ""matrix"": [[3248, 467], [716, 454]]}"
adult,euclidean,5,borda,RetentionPolicy.DIFFERENT_CLASS_RETENTION,0,10,43958,4884,0.06404979999933857,51.760548300000664,51.8245981,0.773955773955774,0.6814314971604709,0.646810896568716,0.6587212071083038,0.7566924584131359,0.773955773955774,0.7620993632723837,"{""labels"": [""<=50K"", "">50K""], ""matrix"": [[3309, 406], [698, 471]]}"
adult,euclidean,5,borda,RetentionPolicy.DIFFERENT_CLASS_RETENTION,1,10,43959,4883,0.06108990000211634,51.56839220000256,51.62948210000468,0.7700184312922383,0.6747406568516421,0.6422371356404063,0.6534508086566375,0.7525951616640253,0.7700184312922383,0.75828757943802,"{""labels"": [""<=50K"", "">50K""], ""matrix"": [[3296, 419], [704, 464]]}"
adult,euclidean,5,borda,RetentionPolicy.DIFFERENT_CLASS_RETENTION,2,10,43957,4885,0.06382309999753488,51.51420340000186,51.578026499999396,0.7682702149437052,0.6735500771403042,0.6471034498625347,0.6569193857155691,0.7533457576135434,0.7682702149437052,0.758747578452043,"{""labels"": [""<=50K"", "">50K""], ""matrix"": [[3268, 447], [685, 485]]}"
adult,euclidean,5,borda,RetentionPolicy.DIFFERENT_CLASS_RETENTION,3,10,43958,4884,0.06106960000033723,51.51687099999981,51.57794060000015,0.7671990171990172,0.6699848690986305,0.6386073919518704,0.6494005421464061,0.7495293936200773,0.7671990171990172,0.7554233307137155,"{""labels"": [""<=50K"", "">50K""], ""matrix"": [[3289, 427], [710, 458]]}"
adult,euclidean,5,borda,RetentionPolicy.DIFFERENT_CLASS_RETENTION,4,10,43957,4885,0.060808199996245094,51.40691969999898,51.467727899995225,0.771136131013306,0.6773815334249722,0.6475803199076244,0.6583184309085549,0.7552403400951667,0.771136131013306,0.7606863262298236,"{""labels"": [""<=50K"", "">50K""], ""matrix"": [[3287, 429], [689, 480]]}"
adult,euclidean,5,borda,RetentionPolicy.DIFFERENT_CLASS_RETENTION,5,10,43958,4884,0.06011949999810895,51.42463790000329,51.4847574000014,0.7653562653562653,0.6677198493504481,0.6397446436734152,0.6497417367654955,0.7489135791098549,0.7653562653562653,0.7547259915229018,"{""labels"": [""<=50K"", "">50K""], ""matrix"": [[3272, 444], [702, 466]]}"
adult,euclidean,5,borda,RetentionPolicy.DIFFERENT_CLASS_RETENTION,6,10,43958,4884,0.05939389999548439,51.66580840000097,51.725202299996454,0.7731367731367731,0.6806934803455038,0.6500831829899133,0.6611177741907364,0.7573581785365695,0.7731367731367731,0.7626848579929478,"{""labels"": [""<=50K"", "">50K""], ""matrix"": [[3292, 423], [685, 484]]}"
adult,euclidean,5,borda,RetentionPolicy.DIFFERENT_CLASS_RETENTION,7,10,43958,4884,0.06348060000163969,51.727069499997015,51.790550099998654,0.7700655200655201,0.6744029509592193,0.6401976090065913,0.651719860881797,0.7518817259378762,0.7700655200655201,0.75763652389554,"{""labels"": [""<=50K"", "">50K""], ""matrix"": [[3304, 412], [711, 457]]}"
adult,euclidean,5,borda,RetentionPolicy.DIFFERENT_CLASS_RETENTION,8,10,43958,4884,0.06093720000353642,50.86858850000135,50.92952570000489,0.7737510237510238,0.6818120546652628,0.6528930799062183,0.6635699146790582,0.7588207638140197,0.7737510237510238,0.7640140885307105,"{""labels"": [""<=50K"", "">50K""], ""matrix"": [[3287, 429], [676, 492]]}"
adult,euclidean,5,borda,RetentionPolicy.DIFFERENT_CLASS_RETENTION,9,10,43957,4885,0.06364910000411328,51.6420947000006,51.70574380000471,0.7623336745138178,0.6631391641719475,0.6358813311706986,0.6455501093725948,0.745558370446861,0.7623336745138178,0.7515466048377918,"{""labels"": [""<=50K"", "">50K""], ""matrix"": [[3264, 451], [710, 460]]}"
adult,euclidean,5,borda,RetentionPolicy.DD_RETENTION,0,10,43958,4884,0.06402909999451367,51.646000300002925,51.71002939999744,0.7764127764127764,0.6853004182097563,0.6472534646147045,0.659979042787345,0.7584777254605101,0.7764127764127764,0.7637020259260253,"{""labels"": [""<=50K"", "">50K""], ""matrix"": [[3325, 390], [702, 467]]}"
adult,euclidean,5,borda,RetentionPolicy.DD_RETENTION,1,10,43959,4883,0.06189799999992829,51.66410119999637,51.725999199996295,0.7706328077001843,0.6755041754441341,0.641466933387415,0.6530076695446494,0.7526920143597632,0.7706328077001843,0.7583862227919753,"{""labels"": [""<=50K"", "">50K""], ""matrix"": [[3303, 412], [708, 460]]}"
adult,euclidean,5,borda,RetentionPolicy.DD_RETENTION,2,10,43957,4885,0.05919469999935245,51.605344499999774,51.664539199999126,0.7686796315250768,0.6736253703728236,0.6447377805385881,0.6551351657985147,0.7526561102070229,0.7686796315250768,0.758228517662268,"{""labels"": [""<=50K"", "">50K""], ""matrix"": [[3279, 436], [694, 476]]}"
adult,euclidean,5,borda,RetentionPolicy.DD_RETENTION,3,10,43958,4884,0.06264930000179447,51.90436960000079,51.967018900002586,0.7702702702702703,0.6747779324089823,0.6406256911983721,0.6521557420650589,0.7521680331947843,0.7702702702702703,0.7579026914209545,"{""labels"": [""<=50K"", "">50K""], ""matrix"": [[3304, 412], [710, 458]]}"
adult,euclidean,5,borda,RetentionPolicy.DD_RETENTION,4,10,43957,4885,0.059667900000931695,52.001312000000325,52.06097990000126,0.7707267144319345,0.6760420752251282,0.6432069353527299,0.6545378591449976,0.7533622983927254,0.7707267144319345,0.7589970947312411,"{""labels"": [""<=50K"", "">50K""], ""matrix"": [[3299, 417], [703, 466]]}"
adult,euclidean,5,borda,RetentionPolicy.DD_RETENTION,5,10,43958,4884,0.06118630000128178,51.664473899996665,51.72566019999795,0.7692465192465192,0.6733802110061387,0.6411270404175944,0.6522353688346415,0.7517212480159173,0.7692465192465192,0.757475189254502,"{""labels"": [""<=50K"", "">50K""], ""matrix"": [[3295, 421], [706, 462]]}"
adult,euclidean,5,borda,RetentionPolicy.DD_RETENTION,6,10,43958,4884,0.0603149000016856,51.638416199995845,51.69873109999753,0.7725225225225225,0.6790646853146853,0.6452825170654654,0.6569268620317951,0.7552310276742096,0.7725225225225225,0.7607386968146495,"{""labels"": [""<=50K"", "">50K""], ""matrix"": [[3304, 411], [700, 469]]}"
adult,euclidean,5,borda,RetentionPolicy.DD_RETENTION,7,10,43958,4884,0.0631199999988894,51.59657860000152,51.65969860000041,0.7714987714987716,0.6764245093178571,0.6393783085362077,0.6514886025768087,0.7525078070681617,0.7714987714987716,0.7581829188409961,"{""labels"": [""<=50K"", "">50K""], ""matrix"": [[3317, 399], [717, 451]]}"
adult,euclidean,5,borda,RetentionPolicy.DD_RETENTION,8,10,43958,4884,0.060079199996835086,50.96884050000517,51.02891970000201,0.7788697788697788,0.6897438374506861,0.6556698541663595,0.6678069941203439,0.7629996112364437,0.7788697788697788,0.7680152007568737,"{""labels"": [""<=50K"", "">50K""], ""matrix"": [[3314, 402], [678, 490]]}"
adult,euclidean,5,borda,RetentionPolicy.DD_RETENTION,9,10,43957,4885,0.06376250000175787,51.52277409999806,51.58653659999982,0.7635619242579325,0.6645199693900679,0.6349323026308221,0.6451359822274114,0.7458564570114669,0.7635619242579325,0.7519375493669139,"{""labels"": [""<=50K"", "">50K""], ""matrix"": [[3276, 439], [716, 454]]}"
adult,euclidean,5,modified_plurality,RetentionPolicy.ALWAYS_RETAIN,0,10,43958,4884,0.06327360000432236,55.18798439999955,55.25125800000387,0.788083538083538,0.7084336286750459,0.638216856039891,0.6556255477781794,0.7661752771243685,0.788083538083538,0.7669619767373882,"{""labels"": [""<=50K"", "">50K""], ""matrix"": [[3439, 276], [759, 410]]}"
adult,euclidean,5,modified_plurality,RetentionPolicy.ALWAYS_RETAIN,1,10,43959,4883,0.06274890000349842,55.03131809999468,55.09406699999818,0.7784149088674995,0.6879875069805081,0.6295587584579362,0.6444947004645505,0.7548046211685461,0.7784149088674995,0.7583067694676572,"{""labels"": [""<=50K"", "">50K""], ""matrix"": [[3399, 316], [766, 402]]}"
adult,euclidean,5,modified_plurality,RetentionPolicy.ALWAYS_RETAIN,2,10,43957,4885,0.06016010000166716,54.91944140000123,54.9796015000029,0.7801432958034801,0.6917102077807337,0.6355874199077429,0.6508042599232613,0.7578855118142207,0.7801432958034801,0.7615233471466574,"{""labels"": [""<=50K"", "">50K""], ""matrix"": [[3392, 323], [751, 419]]}"
adult,euclidean,5,modified_plurality,RetentionPolicy.ALWAYS_RETAIN,3,10,43958,4884,0.06219460000284016,54.87569529999746,54.9378899000003,0.777027027027027,0.6851653236110262,0.63038950410664,0.6449248498649611,0.753805681471428,0.777027027027027,0.7579145603077082,"{""labels"": [""<=50K"", "">50K""], ""matrix"": [[3387, 329], [760, 408]]}"
adult,euclidean,5,modified_plurality,RetentionPolicy.ALWAYS_RETAIN,4,10,43957,4885,0.06278550000570249,54.87258649999421,54.935371999999916,0.7750255885363357,0.681360343513814,0.6240453507869699,0.6382142067006402,0.7502899531851122,0.7750255885363357,0.754212405613928,"{""labels"": [""<=50K"", "">50K""], ""matrix"": [[3395, 321], [778, 391]]}"
adult,euclidean,5,modified_plurality,RetentionPolicy.ALWAYS_RETAIN,5,10,43958,4884,0.06502049999835435,54.75728540000273,54.82230590000108,0.7815315315315315,0.6942610896405486,0.6321755607001195,0.647875129861903,0.7583432469714491,0.7815315315315315,0.7610544291155465,"{""labels"": [""<=50K"", "">50K""], ""matrix"": [[3413, 303], [764, 404]]}"
adult,euclidean,5,modified_plurality,RetentionPolicy.ALWAYS_RETAIN,6,10,43958,4884,0.06191970000509173,55.21990309999819,55.28182280000328,0.777027027027027,0.6854407274876071,0.6300696434471952,0.6446420631391729,0.7537014765003012,0.777027027027027,0.7577088588649283,"{""labels"": [""<=50K"", "">50K""], ""matrix"": [[3388, 327], [762, 407]]}"
adult,euclidean,5,modified_plurality,RetentionPolicy.ALWAYS_RETAIN,7,10,43958,4884,0.06308999999600928,55.30825460000051,55.37134459999652,0.7823505323505323,0.6958582448349395,0.6338878894672427,0.6497644843491361,0.7595157689798645,0.7823505323505323,0.7621868638192052,"{""labels"": [""<=50K"", "">50K""], ""matrix"": [[3413, 303], [760, 408]]}"
adult,euclidean,5,modified_plurality,RetentionPolicy.ALWAYS_RETAIN,8,10,43958,4884,0.060546699998667464,54.29211210000358,54.352658800002246,0.7819410319410319,0.6950097564731837,0.6336187829010426,0.6493897352739018,0.7590643805021245,0.7819410319410319,0.7618575021429819,"{""labels"": [""<=50K"", "">50K""], ""matrix"": [[3411, 305], [760, 408]]}"
adult,euclidean,5,modified_plurality,RetentionPolicy.ALWAYS_RETAIN,9,10,43957,4885,0.06077329999970971,54.98323459999665,55.04400789999636,0.7686796315250768,0.6695415737440303,0.6204386237360665,0.6331769564914598,0.7439024216817738,0.7686796315250768,0.7493286264007071,"{""labels"": [""<=50K"", "">50K""], ""matrix"": [[3362, 353], [777, 393]]}"
adult,euclidean,5,modified_plurality,RetentionPolicy.NEVER_RETAIN,0,10,43958,4884,0.06352379999589175,50.67652410000301,50.7400478999989,0.7872645372645373,0.7070598128107634,0.6356266125698996,0.6528595865284665,0.7648744301548485,0.7872645372645373,0.7654607726337762,"{""labels"": [""<=50K"", "">50K""], ""matrix"": [[3442, 273], [766, 403]]}"
adult,euclidean,5,modified_plurality,RetentionPolicy.NEVER_RETAIN,1,10,43959,4883,0.06084349999582628,50.72856490000413,50.78940839999996,0.7763669875076797,0.6839101177601539,0.6273323853684618,0.6417865808927261,0.7523857348717992,0.7763669875076797,0.7563125734247297,"{""labels"": [""<=50K"", "">50K""], ""matrix"": [[3392, 323], [769, 399]]}"
adult,euclidean,5,modified_plurality,RetentionPolicy.NEVER_RETAIN,2,10,43957,4885,0.05882189999829279,50.76943610000308,50.82825800000137,0.7799385875127943,0.6913727444152522,0.6336962648537345,0.6489480658727216,0.7572214358214002,0.7799385875127943,0.7606675288666843,"{""labels"": [""<=50K"", "">50K""], ""matrix"": [[3397, 318], [757, 413]]}"
adult,euclidean,5,modified_plurality,RetentionPolicy.NEVER_RETAIN,3,10,43958,4884,0.06342669999867212,51.03438620000088,51.09781289999955,0.777027027027027,0.6851653236110262,0.63038950410664,0.6449248498649611,0.753805681471428,0.777027027027027,0.7579145603077082,"{""labels"": [""<=50K"", "">50K""], ""matrix"": [[3387, 329], [760, 408]]}"
adult,euclidean,5,modified_plurality,RetentionPolicy.NEVER_RETAIN,4,10,43957,4885,0.05885110000235727,50.968709599997965,51.02756070000032,0.7762538382804504,0.6838310063865884,0.6242663450586141,0.638724235536719,0.7514555260170586,0.7762538382804504,0.7549445069993215,"{""labels"": [""<=50K"", "">50K""], ""matrix"": [[3403, 313], [780, 389]]}"
adult,euclidean,5,modified_plurality,RetentionPolicy.NEVER_RETAIN,5,10,43958,4884,0.060142199996334966,50.67690450000373,50.737046700000064,0.7805077805077805,0.6922248803827751,0.6303286786498961,0.6457927415374224,0.7569385827759034,0.7805077805077805,0.7597548661378448,"{""labels"": [""<=50K"", "">50K""], ""matrix"": [[3412, 304], [768, 400]]}"
adult,euclidean,5,modified_plurality,RetentionPolicy.NEVER_RETAIN,6,10,43958,4884,0.0625036999990698,50.671107099995425,50.733610799994494,0.7774365274365275,0.6862501514161234,0.6288731899784358,0.6435875837430961,0.7537386727382015,0.7774365274365275,0.7574463911749291,"{""labels"": [""<=50K"", "">50K""], ""matrix"": [[3395, 320], [767, 402]]}"
adult,euclidean,5,modified_plurality,RetentionPolicy.NEVER_RETAIN,7,10,43958,4884,0.05981759999849601,51.27521859999979,51.335036199998285,0.7841932841932842,0.6999397420906324,0.6336312244717401,0.6500252908447142,0.7612763207413629,0.7841932841932842,0.7630742482032314,"{""labels"": [""<=50K"", "">50K""], ""matrix"": [[3427, 289], [765, 403]]}"
adult,euclidean,5,modified_plurality,RetentionPolicy.NEVER_RETAIN,8,10,43958,4884,0.059029500000178814,50.16687449999881,50.22590399999899,0.783988533988534,0.6992975742393535,0.6349643157320436,0.6512676877274871,0.7613425901798112,0.783988533988534,0.7635055623617877,"{""labels"": [""<=50K"", "">50K""], ""matrix"": [[3421, 295], [760, 408]]}"
adult,euclidean,5,modified_plurality,RetentionPolicy.NEVER_RETAIN,9,10,43957,4885,0.06352619999961462,50.86455730000307,50.928083500002685,0.7649948822927328,0.6627001746582759,0.616844968998401,0.6287960505029805,0.7398836999857865,0.7649948822927328,0.7459390132961268,"{""labels"": [""<=50K"", "">50K""], ""matrix"": [[3348, 367], [781, 389]]}"
adult,euclidean,5,modified_plurality,RetentionPolicy.DIFFERENT_CLASS_RETENTION,0,10,43958,4884,0.06855749999522232,51.85211120000167,51.920668699996895,0.7872645372645373,0.7066150401194253,0.6376784980318155,0.6548640190450397,0.765214817440046,0.7872645372645373,0.7662992981811855,"{""labels"": [""<=50K"", "">50K""], ""matrix"": [[3435, 280], [759, 410]]}"
adult,euclidean,5,modified_plurality,RetentionPolicy.DIFFERENT_CLASS_RETENTION,1,10,43959,4883,0.06098770000244258,51.85618270000123,51.91717040000367,0.7757526110997338,0.6827461495312543,0.6286895730009772,0.6429507976685461,0.7522349901340462,0.7757526110997338,0.7565324695319561,"{""labels"": [""<=50K"", "">50K""], ""matrix"": [[3383, 332], [763, 405]]}"
adult,euclidean,5,modified_plurality,RetentionPolicy.DIFFERENT_CLASS_RETENTION,2,10,43957,4885,0.060098599999037106,51.659499100001995,51.71959770000103,0.7803480040941658,0.6920718598363259,0.6368930531110881,0.6520920619705113,0.7584027683501147,0.7803480040941658,0.7621430979464724,"{""labels"": [""<=50K"", "">50K""], ""matrix"": [[3389, 326], [747, 423]]}"
adult,euclidean,5,modified_plurality,RetentionPolicy.DIFFERENT_CLASS_RETENTION,3,10,43958,4884,0.06314900000143098,51.82115209999756,51.88430109999899,0.7757985257985258,0.6827973100300543,0.6295821844080393,0.6438176997823537,0.7525345371572071,0.7757985257985258,0.7569314383256455,"{""labels"": [""<=50K"", "">50K""], ""matrix"": [[3381, 335], [760, 408]]}"
adult,euclidean,5,modified_plurality,RetentionPolicy.DIFFERENT_CLASS_RETENTION,4,10,43957,4885,0.05858790000638692,51.6148991999944,51.673487100000784,0.7754350051177072,0.682202881152461,0.6257802709205609,0.6400369605881129,0.751132407927347,0.7754350051177072,0.7551433756137728,"{""labels"": [""<=50K"", "">50K""], ""matrix"": [[3392, 324], [773, 396]]}"
adult,euclidean,5,modified_plurality,RetentionPolicy.DIFFERENT_CLASS_RETENTION,5,10,43958,4884,0.06188259999908041,51.50350530000287,51.56538790000195,0.7815315315315315,0.6941434643387525,0.633643205243523,0.6492988470976897,0.7586839846886658,0.7815315315315315,0.7616459227687231,"{""labels"": [""<=50K"", "">50K""], ""matrix"": [[3408, 308], [759, 409]]}"
adult,euclidean,5,modified_plurality,RetentionPolicy.DIFFERENT_CLASS_RETENTION,6,10,43958,4884,0.059634400000504684,51.51197239999601,51.571606799996516,0.7749795249795249,0.6814551394428561,0.6278443689433285,0.6419490269014051,0.751324002581459,0.7749795249795249,0.7557198190098678,"{""labels"": [""<=50K"", "">50K""], ""matrix"": [[3381, 334], [765, 404]]}"
adult,euclidean,5,modified_plurality,RetentionPolicy.DIFFERENT_CLASS_RETENTION,7,10,43958,4884,0.06196210000052815,51.853475900003104,51.91543800000363,0.7817362817362817,0.6945871873929428,0.6334842296179424,0.6492025173817225,0.758839471069687,0.7817362817362817,0.7616928676733338,"{""labels"": [""<=50K"", "">50K""], ""matrix"": [[3410, 306], [760, 408]]}"
adult,euclidean,5,modified_plurality,RetentionPolicy.DIFFERENT_CLASS_RETENTION,8,10,43958,4884,0.05912189999799011,51.22395140000299,51.28307330000098,0.7823505323505323,0.6957781452797585,0.6347684761932848,0.6506135655715503,0.7597162444844923,0.7823505323505323,0.7625394713244167,"{""labels"": [""<=50K"", "">50K""], ""matrix"": [[3410, 306], [757, 411]]}"
adult,euclidean,5,modified_plurality,RetentionPolicy.DIFFERENT_CLASS_RETENTION,9,10,43957,4885,0.06395020000491058,51.975674499997695,52.039624700002605,0.7660184237461617,0.66478649385476,0.6189817211351532,0.6311346506126103,0.7413952543583632,0.7660184237461617,0.7473429114876571,"{""labels"": [""<=50K"", "">50K""], ""matrix"": [[3348, 367], [776, 394]]}"
adult,euclidean,5,modified_plurality,RetentionPolicy.DD_RETENTION,0,10,43958,4884,0.06556840000121156,51.97574429999804,52.04131269999925,0.7872645372645373,0.7068638589918779,0.6365059920535779,0.6537226070563129,0.7650173041288639,0.7872645372645373,0.7658220974322243,"{""labels"": [""<=50K"", "">50K""], ""matrix"": [[3439, 276], [763, 406]]}"
adult,euclidean,5,modified_plurality,RetentionPolicy.DD_RETENTION,1,10,43959,4883,0.06331610000052024,51.93870069999684,52.002016799997364,0.7773909481875896,0.6859427912937941,0.6285923182580799,0.6432832808668321,0.7536319675822268,0.7773909481875896,0.7573688615835886,"{""labels"": [""<=50K"", "">50K""], ""matrix"": [[3395, 320], [767, 401]]}"
adult,euclidean,5,modified_plurality,RetentionPolicy.DD_RETENTION,2,10,43957,4885,0.05896450000000186,52.01659959999961,52.07556409999961,0.7783009211873081,0.688131828940116,0.6334978316135786,0.6482953931656177,0.7557254489015605,0.7783009211873081,0.7596974365377396,"{""labels"": [""<=50K"", "">50K""], ""matrix"": [[3386, 329], [754, 416]]}"
adult,euclidean,5,modified_plurality,RetentionPolicy.DD_RETENTION,3,10,43958,4884,0.06610830000136048,51.723264799999015,51.789373100000375,0.7776412776412777,0.6863643672616176,0.6313802217733017,0.6460437830647932,0.754607784998523,0.7776412776412777,0.7586396246298981,"{""labels"": [""<=50K"", "">50K""], ""matrix"": [[3388, 328], [758, 410]]}"
adult,euclidean,5,modified_plurality,RetentionPolicy.DD_RETENTION,4,10,43957,4885,0.060563400002138223,52.49908460000006,52.5596480000022,0.7750255885363357,0.6813734587960352,0.6246316762139261,0.6387987802108896,0.750453092288229,0.7750255885363357,0.7544553404791934,"{""labels"": [""<=50K"", "">50K""], ""matrix"": [[3393, 323], [776, 393]]}"
adult,euclidean,5,modified_plurality,RetentionPolicy.DD_RETENTION,5,10,43958,4884,0.06242070000007516,52.17080399999395,52.233224699994025,0.7811220311220312,0.6933261238682495,0.6330805697686421,0.6486414878607594,0.7581678547907527,0.7811220311220312,0.7611991484908761,"{""labels"": [""<=50K"", "">50K""], ""matrix"": [[3407, 309], [760, 408]]}"
adult,euclidean,5,modified_plurality,RetentionPolicy.DD_RETENTION,6,10,43958,4884,0.06017989999963902,51.87291769999865,51.93309759999829,0.776003276003276,0.6834217289893183,0.6279310634643038,0.6422974494652969,0.7522228436120668,0.776003276003276,0.7563011448322409,"{""labels"": [""<=50K"", "">50K""], ""matrix"": [[3388, 327], [767, 402]]}"
adult,euclidean,5,modified_plurality,RetentionPolicy.DD_RETENTION,7,10,43958,4884,0.06370549999701325,51.88170550000359,51.945411000000604,0.7833742833742834,0.6979653711279954,0.634854184791424,0.650987153869347,0.7607167864692703,0.7833742833742834,0.7631289111760551,"{""labels"": [""<=50K"", "">50K""], ""matrix"": [[3417, 299], [759, 409]]}"
adult,euclidean,5,modified_plurality,RetentionPolicy.DD_RETENTION,8,10,43958,4884,0.059440500001073815,51.26011390000349,51.31955440000456,0.782964782964783,0.6971394246379635,0.6342915493165431,0.6503273942358297,0.7601968101675874,0.782964782964783,0.7626811397416053,"{""labels"": [""<=50K"", "">50K""], ""matrix"": [[3416, 300], [760, 408]]}"
adult,euclidean,5,modified_plurality,RetentionPolicy.DD_RETENTION,9,10,43957,4885,0.06206289999681758,51.86570670000219,51.92776959999901,0.7678607983623337,0.667959486918069,0.619314743877328,0.631878467841872,0.7428928313406017,0.7678607983623337,0.7484412941047803,"{""labels"": [""<=50K"", "">50K""], ""matrix"": [[3360, 355], [779, 391]]}"
adult,euclidean,7,borda,RetentionPolicy.ALWAYS_RETAIN,0,10,43958,4884,0.06572530000266852,54.9836604000011,55.04938570000377,0.785012285012285,0.7006867981704505,0.6449918083463912,0.6609979018122155,0.7645454208650699,0.785012285012285,0.7678836904470757,"{""labels"": [""<=50K"", "">50K""], ""matrix"": [[3394, 321], [729, 440]]}"
adult,euclidean,7,borda,RetentionPolicy.ALWAYS_RETAIN,1,10,43959,4883,0.06084469999768771,55.07570929999929,55.13655399999698,0.7782101167315175,0.6876558356443601,0.6396964130975866,0.6539579051803557,0.7574415403127384,0.7782101167315175,0.7621159307513773,"{""labels"": [""<=50K"", "">50K""], ""matrix"": [[3363, 352], [731, 437]]}"
adult,euclidean,7,borda,RetentionPolicy.ALWAYS_RETAIN,2,10,43957,4885,0.059068299997306895,54.85981460000039,54.9188828999977,0.7811668372569089,0.693500592230927,0.6465069998044426,0.6610536763697444,0.7617092726317598,0.7811668372569089,0.7661733443401136,"{""labels"": [""<=50K"", "">50K""], ""matrix"": [[3362, 353], [716, 454]]}"
adult,euclidean,7,borda,RetentionPolicy.ALWAYS_RETAIN,3,10,43958,4884,0.06473209999967366,54.75031509999826,54.815047199997935,0.7768222768222768,0.6851242654260529,0.6393543469926419,0.6531973108192621,0.7562711999685555,0.7768222768222768,0.761220772196382,"{""labels"": [""<=50K"", "">50K""], ""matrix"": [[3355, 361], [729, 439]]}"
adult,euclidean,7,borda,RetentionPolicy.ALWAYS_RETAIN,4,10,43957,4885,0.058831199996348005,54.7648135000054,54.82364470000175,0.7731832139201638,0.6785368430999206,0.6330950662108046,0.6464122396717971,0.7515202843591271,0.7731832139201638,0.7568005034019133,"{""labels"": [""<=50K"", "">50K""], ""matrix"": [[3351, 365], [743, 426]]}"
adult,euclidean,7,borda,RetentionPolicy.ALWAYS_RETAIN,5,10,43958,4884,0.062073000000964385,54.70070029999624,54.76277329999721,0.7733415233415234,0.6784409892518001,0.6311963630063259,0.6446712564328966,0.7510555720928256,0.7733415233415234,0.7562234306701137,"{""labels"": [""<=50K"", "">50K""], ""matrix"": [[3358, 358], [749, 419]]}"
adult,euclidean,7,borda,RetentionPolicy.ALWAYS_RETAIN,6,10,43958,4884,0.060870300003443845,54.57030329999543,54.631173599998874,0.7782555282555282,0.6879381991552936,0.6399641017906506,0.6542403952560334,0.7575350272089248,0.7782555282555282,0.7621865588856792,"{""labels"": [""<=50K"", "">50K""], ""matrix"": [[3363, 352], [731, 438]]}"
adult,euclidean,7,borda,RetentionPolicy.ALWAYS_RETAIN,7,10,43958,4884,0.05994220000138739,54.98911049999879,55.049052700000175,0.7792792792792793,0.6895772238514174,0.6415560442072047,0.6559682377049181,0.7588380836181422,0.7792792792792793,0.7634225926746419,"{""labels"": [""<=50K"", "">50K""], ""matrix"": [[3365, 351], [727, 441]]}"
adult,euclidean,7,borda,RetentionPolicy.ALWAYS_RETAIN,8,10,43958,4884,0.06005820000427775,54.24477239999396,54.30483059999824,0.786036036036036,0.702119369887372,0.6492251205449961,0.6650893998522629,0.7664841096064557,0.786036036036036,0.7700883875852285,"{""labels"": [""<=50K"", "">50K""], ""matrix"": [[3387, 329], [716, 452]]}"
adult,euclidean,7,borda,RetentionPolicy.ALWAYS_RETAIN,9,10,43957,4885,0.06477989999984857,54.78864980000071,54.85342970000056,0.7672466734902763,0.6686363194970604,0.6294503686832085,0.6413837199910202,0.746022489991274,0.7672466734902763,0.7520683145506631,"{""labels"": [""<=50K"", "">50K""], ""matrix"": [[3321, 394], [743, 427]]}"
adult,euclidean,7,borda,RetentionPolicy.NEVER_RETAIN,0,10,43958,4884,0.06450209999457002,52.27608760000294,52.34058969999751,0.7866502866502867,0.7039633903726397,0.6457753978679825,0.6622594928644241,0.7662108291434525,0.7866502866502867,0.769107995218947,"{""labels"": [""<=50K"", "">50K""], ""matrix"": [[3403, 312], [730, 439]]}"
adult,euclidean,7,borda,RetentionPolicy.NEVER_RETAIN,1,10,43959,4883,0.06432199999835575,51.6279424999957,51.69226449999405,0.7773909481875896,0.6861576904397344,0.6388645623997492,0.6529455215287284,0.7565518459937445,0.7773909481875896,0.7613458299077023,"{""labels"": [""<=50K"", "">50K""], ""matrix"": [[3360, 355], [732, 436]]}"
adult,euclidean,7,borda,RetentionPolicy.NEVER_RETAIN,2,10,43957,4885,0.05930159999843454,50.691073199996026,50.75037479999446,0.7780962128966223,0.6879276959941891,0.6421460698715074,0.6561678297122566,0.758040398565742,0.7780962128966223,0.7628394471767498,"{""labels"": [""<=50K"", "">50K""], ""matrix"": [[3355, 360], [724, 446]]}"
adult,euclidean,7,borda,RetentionPolicy.NEVER_RETAIN,3,10,43958,4884,0.06340129999443889,50.48283800000354,50.54623929999798,0.7764127764127764,0.6844161545215101,0.6393787693351225,0.653087816397237,0.7559690826591617,0.7764127764127764,0.760997156410834,"{""labels"": [""<=50K"", "">50K""], ""matrix"": [[3352, 364], [728, 440]]}"
adult,euclidean,7,borda,RetentionPolicy.NEVER_RETAIN,4,10,43957,4885,0.061932699994940776,51.09562050000386,51.1575531999988,0.7733879222108495,0.6787633904868984,0.6317638059265138,0.6452372081873742,0.7512472047127341,0.7733879222108495,0.7564088255640062,"{""labels"": [""<=50K"", "">50K""], ""matrix"": [[3357, 359], [748, 421]]}"
adult,euclidean,7,borda,RetentionPolicy.NEVER_RETAIN,5,10,43958,4884,0.06284210000012536,50.720735299997614,50.78357739999774,0.7710892710892711,0.6742143817946376,0.6279551034401404,0.6410017294049332,0.7482951794905337,0.7710892710892711,0.7537442655313593,"{""labels"": [""<=50K"", "">50K""], ""matrix"": [[3353, 363], [755, 413]]}"
adult,euclidean,7,borda,RetentionPolicy.NEVER_RETAIN,6,10,43958,4884,0.060118100002000574,50.62540749999607,50.68552559999807,0.7788697788697788,0.6890671643523354,0.6406609967912665,0.6550662504136155,0.7582254996703666,0.7788697788697788,0.7627913985507966,"{""labels"": [""<=50K"", "">50K""], ""matrix"": [[3365, 350], [730, 439]]}"
adult,euclidean,7,borda,RetentionPolicy.NEVER_RETAIN,7,10,43958,4884,0.06379229999583913,50.74038609999843,50.80417839999427,0.7833742833742834,0.697281172164896,0.6430729942344839,0.6586815430613286,0.7626462637505691,0.7833742833742834,0.7663092877487977,"{""labels"": [""<=50K"", "">50K""], ""matrix"": [[3389, 327], [731, 437]]}"
adult,euclidean,7,borda,RetentionPolicy.NEVER_RETAIN,8,10,43958,4884,0.05999080000037793,49.68831529999443,49.74830609999481,0.7858312858312858,0.7017919523384093,0.6482099805358539,0.6641214749173168,0.7660573250094326,0.7858312858312858,0.7696033110427566,"{""labels"": [""<=50K"", "">50K""], ""matrix"": [[3389, 327], [719, 449]]}"
adult,euclidean,7,borda,RetentionPolicy.NEVER_RETAIN,9,10,43957,4885,0.06451849999575643,50.38448690000223,50.449005399997986,0.7647901740020471,0.6644936807493642,0.6272497728083193,0.6386775938477539,0.7435933322300206,0.7647901740020471,0.7498891380240102,"{""labels"": [""<=50K"", "">50K""], ""matrix"": [[3311, 404], [745, 425]]}"
adult,euclidean,7,borda,RetentionPolicy.DIFFERENT_CLASS_RETENTION,0,10,43958,4884,0.06496110000443878,51.245674199999485,51.31063530000392,0.7843980343980343,0.6994872413968383,0.6445880398403347,0.6604269842532761,0.7639040706522152,0.7843980343980343,0.7673840475093096,"{""labels"": [""<=50K"", "">50K""], ""matrix"": [[3391, 324], [729, 440]]}"
adult,euclidean,7,borda,RetentionPolicy.DIFFERENT_CLASS_RETENTION,1,10,43959,4883,0.06167480000294745,51.934335699996154,51.9960104999991,0.7755478189637518,0.6829053433494454,0.6382402422611037,0.6517990382158013,0.754954315987503,0.7755478189637518,0.7600739075270448,"{""labels"": [""<=50K"", "">50K""], ""matrix"": [[3349, 366], [730, 438]]}"
adult,euclidean,7,borda,RetentionPolicy.DIFFERENT_CLASS_RETENTION,2,10,43957,4885,0.059917099999438506,51.71585200000118,51.775769100000616,0.7805527123848516,0.6924172915402942,0.6472742749997125,0.6615053983629353,0.7614553481883085,0.7805527123848516,0.766087867878219,"{""labels"": [""<=50K"", "">50K""], ""matrix"": [[3355, 360], [712, 458]]}"
adult,euclidean,7,borda,RetentionPolicy.DIFFERENT_CLASS_RETENTION,3,10,43958,4884,0.061918100000184495,51.731260600005044,51.79317870000523,0.7764127764127764,0.6844161545215101,0.6393787693351225,0.653087816397237,0.7559690826591617,0.7764127764127764,0.760997156410834,"{""labels"": [""<=50K"", "">50K""], ""matrix"": [[3352, 364], [728, 440]]}"
adult,euclidean,7,borda,RetentionPolicy.DIFFERENT_CLASS_RETENTION,4,10,43957,4885,0.0597806000005221,51.6353506000014,51.695131200001924,0.7740020470829069,0.6801519214240512,0.635392255624074,0.6487611056577113,0.752873634248239,0.7740020470829069,0.7581161546155356,"{""labels"": [""<=50K"", "">50K""], ""matrix"": [[3349, 367], [737, 432]]}"
adult,euclidean,7,borda,RetentionPolicy.DIFFERENT_CLASS_RETENTION,5,10,43958,4884,0.062247599998954684,51.4719896999959,51.53423729999486,0.7727272727272727,0.677397336983574,0.631379760974387,0.6446680411765693,0.7506484456310241,0.7727272727272727,0.7559555316237699,"{""labels"": [""<=50K"", "">50K""], ""matrix"": [[3353, 363], [747, 421]]}"
adult,euclidean,7,borda,RetentionPolicy.DIFFERENT_CLASS_RETENTION,6,10,43958,4884,0.06026130000100238,51.55484969999816,51.61511099999916,0.7768222768222768,0.6853671128077784,0.6393151017710781,0.6531973108192621,0.7562267742748852,0.7768222768222768,0.7611359814103718,"{""labels"": [""<=50K"", "">50K""], ""matrix"": [[3355, 360], [730, 439]]}"
adult,euclidean,7,borda,RetentionPolicy.DIFFERENT_CLASS_RETENTION,7,10,43958,4884,0.06208450000121957,51.502370399997744,51.564454899998964,0.7792792792792793,0.6895844752514273,0.6418495731158854,0.6562308770560715,0.7589237837049972,0.7792792792792793,0.7635297575710385,"{""labels"": [""<=50K"", "">50K""], ""matrix"": [[3364, 352], [726, 442]]}"
adult,euclidean,7,borda,RetentionPolicy.DIFFERENT_CLASS_RETENTION,8,10,43958,4884,0.06293400000140537,51.27156909999758,51.33450309999898,0.785012285012285,0.7001562747858503,0.6488458830381763,0.664390790949271,0.7655169501355951,0.785012285012285,0.7693578561379867,"{""labels"": [""<=50K"", "">50K""], ""matrix"": [[3381, 335], [715, 453]]}"
adult,euclidean,7,borda,RetentionPolicy.DIFFERENT_CLASS_RETENTION,9,10,43957,4885,0.06216549999953713,51.846674799999164,51.9088402999987,0.7660184237461617,0.6666144710643671,0.6286428316710955,0.6402969950873821,0.7449131586456631,0.7660184237461617,0.7510868274753995,"{""labels"": [""<=50K"", "">50K""], ""matrix"": [[3315, 400], [743, 427]]}"
adult,euclidean,7,borda,RetentionPolicy.DD_RETENTION,0,10,43958,4884,0.06416960000206018,52.61226159999933,52.67643120000139,0.7862407862407862,0.7031443338242287,0.6455062188639449,0.6618771921401654,0.7657741644496152,0.7862407862407862,0.7687744610733798,"{""labels"": [""<=50K"", "">50K""], ""matrix"": [[3401, 314], [730, 439]]}"
adult,euclidean,7,borda,RetentionPolicy.DD_RETENTION,1,10,43959,4883,0.06147849999979371,52.55119350000314,52.61267200000293,0.7790292852754455,0.6891480546989377,0.6399412784159,0.6544412318042849,0.7581644834834915,0.7790292852754455,0.7626696670672609,"{""labels"": [""<=50K"", "">50K""], ""matrix"": [[3368, 347], [732, 436]]}"
adult,euclidean,7,borda,RetentionPolicy.DD_RETENTION,2,10,43957,4885,0.06273380000493489,52.39908109999669,52.46181490000163,0.7801432958034801,0.6916423282843738,0.6449557695183536,0.6593397132019959,0.7604583876599086,0.7801432958034801,0.7650272751548242,"{""labels"": [""<=50K"", "">50K""], ""matrix"": [[3360, 355], [719, 451]]}"
adult,euclidean,7,borda,RetentionPolicy.DD_RETENTION,3,10,43958,4884,0.06190690000221366,52.34549500000139,52.407401900003606,0.7772317772317773,0.6858399138549892,0.6393299246501615,0.6533064144869047,0.7565769940141799,0.7772317772317773,0.7614440255396223,"{""labels"": [""<=50K"", "">50K""], ""matrix"": [[3358, 358], [730, 438]]}"
adult,euclidean,7,borda,RetentionPolicy.DD_RETENTION,4,10,43957,4885,0.059377600002335384,52.62788429999637,52.6872618999987,0.7735926305015353,0.6792637349988118,0.6333641727770047,0.6467804174400767,0.7519143841809819,0.7735926305015353,0.7571291385427535,"{""labels"": [""<=50K"", "">50K""], ""matrix"": [[3353, 363], [743, 426]]}"
adult,euclidean,7,borda,RetentionPolicy.DD_RETENTION,5,10,43958,4884,0.06109769999602577,52.88528360000055,52.946381299996574,0.7749795249795249,0.6814817199067351,0.6331533759971688,0.6469662703339094,0.7529371510181534,0.7749795249795249,0.7578733675243305,"{""labels"": [""<=50K"", "">50K""], ""matrix"": [[3363, 353], [746, 422]]}"
adult,euclidean,7,borda,RetentionPolicy.DD_RETENTION,6,10,43958,4884,0.06314520000159973,52.40081329999521,52.46395849999681,0.7786650286650286,0.6886644404014759,0.63935390131101,0.653818410334243,0.7576829638108149,0.7786650286650286,0.762191915370104,"{""labels"": [""<=50K"", "">50K""], ""matrix"": [[3368, 347], [734, 435]]}"
adult,euclidean,7,borda,RetentionPolicy.DD_RETENTION,7,10,43958,4884,0.06248359999881359,52.54308360000141,52.60556720000022,0.7800982800982801,0.6910744023336649,0.6418007284309244,0.6564563145329525,0.7595625788264908,0.7800982800982801,0.7639784060894217,"{""labels"": [""<=50K"", "">50K""], ""matrix"": [[3370, 346], [728, 440]]}"
adult,euclidean,7,borda,RetentionPolicy.DD_RETENTION,8,10,43958,4884,0.06003730000520591,51.78349879999587,51.843536100001074,0.7868550368550369,0.7037744988131964,0.6488827469513544,0.6650790745005857,0.7671165727002729,0.7868550368550369,0.7704390582286472,"{""labels"": [""<=50K"", "">50K""], ""matrix"": [[3394, 322], [719, 449]]}"
adult,euclidean,7,borda,RetentionPolicy.DD_RETENTION,9,10,43957,4885,0.061949100003403146,52.42264789999899,52.484597000002395,0.7688843398157625,0.6712813466267009,0.6299415628486961,0.6422995294774312,0.7473142874489115,0.7688843398157625,0.75315924809789,"{""labels"": [""<=50K"", "">50K""], ""matrix"": [[3331, 384], [745, 425]]}"
adult,euclidean,7,modified_plurality,RetentionPolicy.ALWAYS_RETAIN,0,10,43958,4884,0.0643532000030973,54.93006310000055,54.99441630000365,0.7905405405405406,0.7188711473071847,0.6269343643035022,0.6447132384234593,0.7680280102307094,0.7905405405405406,0.7633697776340982,"{""labels"": [""<=50K"", "">50K""], ""matrix"": [[3495, 220], [803, 366]]}"
adult,euclidean,7,modified_plurality,RetentionPolicy.ALWAYS_RETAIN,1,10,43959,4883,0.05984280000120634,55.200912499996775,55.26075529999798,0.7880401392586525,0.7113595167788123,0.6267861916702004,0.6440022729621265,0.7646488879810369,0.7880401392586525,0.7621170332510034,"{""labels"": [""<=50K"", "">50K""], ""matrix"": [[3477, 238], [797, 371]]}"
adult,euclidean,7,modified_plurality,RetentionPolicy.ALWAYS_RETAIN,2,10,43957,4885,0.05960890000278596,55.162003799996455,55.22161269999924,0.7860798362333674,0.706353036727257,0.627780078453026,0.6446221835342557,0.7624195481235132,0.7860798362333674,0.7614326073237558,"{""labels"": [""<=50K"", "">50K""], ""matrix"": [[3461, 254], [791, 379]]}"
adult,euclidean,7,modified_plurality,RetentionPolicy.ALWAYS_RETAIN,3,10,43958,4884,0.060290399997029454,55.05923890000122,55.11952929999825,0.7854217854217854,0.7045696355066277,0.6256326769099194,0.6422017040330908,0.7612908023523937,0.7854217854217854,0.7603003342526358,"{""labels"": [""<=50K"", "">50K""], ""matrix"": [[3463, 253], [795, 373]]}"
adult,euclidean,7,modified_plurality,RetentionPolicy.ALWAYS_RETAIN,4,10,43957,4885,0.06381089999922551,56.53790989999834,56.601720799997565,0.7856704196519959,0.7073643673182088,0.6199019383960052,0.6360703413973202,0.7610220254549201,0.7856704196519959,0.7577278762998294,"{""labels"": [""<=50K"", "">50K""], ""matrix"": [[3485, 231], [816, 353]]}"
adult,euclidean,7,modified_plurality,RetentionPolicy.ALWAYS_RETAIN,5,10,43958,4884,0.06398250000347616,58.204441800000495,58.26842430000397,0.7852170352170352,0.7058478261645242,0.619627545453205,0.6356834673569979,0.7603579999288903,0.7852170352170352,0.7574512944287061,"{""labels"": [""<=50K"", "">50K""], ""matrix"": [[3482, 234], [815, 353]]}"
adult,euclidean,7,modified_plurality,RetentionPolicy.ALWAYS_RETAIN,6,10,43958,4884,0.06446529999811901,54.9869675000009,55.05143279999902,0.7848075348075348,0.7036923172098904,0.6243383642252123,0.6407116019695653,0.7604284007273636,0.7848075348075348,0.7593240316512564,"{""labels"": [""<=50K"", "">50K""], ""matrix"": [[3463, 252], [799, 370]]}"
adult,euclidean,7,modified_plurality,RetentionPolicy.ALWAYS_RETAIN,7,10,43958,4884,0.060843999999633525,55.03343450000102,55.094278500000655,0.7899262899262899,0.7155434690887332,0.6294734358641638,0.647268309233561,0.7672703870729294,0.7899262899262899,0.7642974575932111,"{""labels"": [""<=50K"", "">50K""], ""matrix"": [[3482, 234], [792, 376]]}"
adult,euclidean,7,modified_plurality,RetentionPolicy.ALWAYS_RETAIN,8,10,43958,4884,0.0648492999971495,54.582696700003,54.64754600000015,0.7878787878787878,0.7106545934441486,0.6272473163071206,0.6444518648375397,0.7644749565238699,0.7878787878787878,0.7622635346986295,"{""labels"": [""<=50K"", "">50K""], ""matrix"": [[3475, 241], [795, 373]]}"
adult,euclidean,7,modified_plurality,RetentionPolicy.ALWAYS_RETAIN,9,10,43957,4885,0.06279060000088066,55.07339309999952,55.1361837000004,0.7789150460593655,0.6902668200544522,0.6195563147783875,0.6344420220806497,0.7529884589709114,0.7789150460593655,0.754169747911269,"{""labels"": [""<=50K"", "">50K""], ""matrix"": [[3438, 277], [803, 367]]}"
adult,euclidean,7,modified_plurality,RetentionPolicy.NEVER_RETAIN,0,10,43958,4884,0.06570859999919776,51.159910800000944,51.22561940000014,0.7911547911547911,0.7205432698845815,0.6273381328095587,0.6452813550980232,0.7688963987586949,0.7911547911547911,0.7638617408580906,"{""labels"": [""<=50K"", "">50K""], ""matrix"": [[3498, 217], [803, 366]]}"
adult,euclidean,7,modified_plurality,RetentionPolicy.NEVER_RETAIN,1,10,43959,4883,0.062164400005713105,50.99424409999483,51.05640850000054,0.7855826336268688,0.7060069589745974,0.6225296834381165,0.6389258673458037,0.7611277757652787,0.7855826336268688,0.7589563248386934,"{""labels"": [""<=50K"", "">50K""], ""matrix"": [[3474, 241], [806, 362]]}"
adult,euclidean,7,modified_plurality,RetentionPolicy.NEVER_RETAIN,2,10,43957,4885,0.060715599996910896,50.74418069999956,50.80489629999647,0.7868986693961105,0.7088997841537567,0.6265618709091119,0.6435286623694826,0.7632704121849236,0.7868986693961105,0.7613067991941335,"{""labels"": [""<=50K"", "">50K""], ""matrix"": [[3471, 244], [797, 373]]}"
adult,euclidean,7,modified_plurality,RetentionPolicy.NEVER_RETAIN,3,10,43958,4884,0.06114769999840064,50.773589500000526,50.834737199998926,0.786036036036036,0.7063296057831787,0.6251557500331775,0.6418313285479543,0.7619712453131186,0.786036036036036,0.760396541416503,"{""labels"": [""<=50K"", "">50K""], ""matrix"": [[3469, 247], [798, 370]]}"
adult,euclidean,7,modified_plurality,RetentionPolicy.NEVER_RETAIN,4,10,43957,4885,0.060365199999068864,50.917529999998806,50.977895199997874,0.7862845445240533,0.7087676406281057,0.6208919236722619,0.6372747663168532,0.7619131464754754,0.7862845445240533,0.7584909608533393,"{""labels"": [""<=50K"", "">50K""], ""matrix"": [[3486, 230], [814, 355]]}"
adult,euclidean,7,modified_plurality,RetentionPolicy.NEVER_RETAIN,5,10,43958,4884,0.06043910000153119,52.528423699994164,52.588862799995695,0.7846027846027847,0.7054748222986365,0.6157015386997361,0.6311833875578963,0.7592109758036923,0.7846027846027847,0.7552826331675392,"{""labels"": [""<=50K"", "">50K""], ""matrix"": [[3491, 225], [827, 341]]}"
adult,euclidean,7,modified_plurality,RetentionPolicy.NEVER_RETAIN,6,10,43958,4884,0.06247840000287397,51.15861859999859,51.221097000001464,0.7856265356265356,0.7057053058957938,0.6248767222332876,0.6414576392855809,0.761483664145374,0.7856265356265356,0.7599768546824394,"{""labels"": [""<=50K"", "">50K""], ""matrix"": [[3467, 248], [799, 370]]}"
adult,euclidean,7,modified_plurality,RetentionPolicy.NEVER_RETAIN,7,10,43958,4884,0.06329830000322545,50.93183839999983,50.99513670000306,0.7915642915642915,0.7210727938834023,0.6279081019508382,0.6459768818527328,0.769407652896025,0.7915642915642915,0.764417724747066,"{""labels"": [""<=50K"", "">50K""], ""matrix"": [[3499, 217], [801, 367]]}"
adult,euclidean,7,modified_plurality,RetentionPolicy.NEVER_RETAIN,8,10,43958,4884,0.06492699999944307,50.04039979999652,50.105326799995964,0.7889025389025389,0.7137126114425991,0.6267459670878983,0.6441468694044641,0.7657451848179188,0.7889025389025389,0.7625537541174962,"{""labels"": [""<=50K"", "">50K""], ""matrix"": [[3484, 232], [799, 369]]}"
adult,euclidean,7,modified_plurality,RetentionPolicy.NEVER_RETAIN,9,10,43957,4885,0.06345080000028247,50.84206290000293,50.90551370000321,0.7780962128966223,0.6884782315784541,0.6184324349196489,0.6330881036439114,0.7518860054051814,0.7780962128966223,0.7532592654961254,"{""labels"": [""<=50K"", "">50K""], ""matrix"": [[3436, 279], [805, 365]]}"
adult,euclidean,7,modified_plurality,RetentionPolicy.DIFFERENT_CLASS_RETENTION,0,10,43958,4884,0.0659287000016775,51.64143209999747,51.70736079999915,0.7917690417690417,0.7217798738043093,0.6286212807992935,0.6467970317464888,0.7697842977370164,0.7917690417690417,0.7647576381758336,"{""labels"": [""<=50K"", "">50K""], ""matrix"": [[3498, 217], [800, 369]]}"
adult,euclidean,7,modified_plurality,RetentionPolicy.DIFFERENT_CLASS_RETENTION,1,10,43959,4883,0.06019979999837233,51.875896000005014,51.936095800003386,0.7880401392586525,0.7112541912625585,0.6270796843599624,0.6443134511794144,0.7646750624851893,0.7880401392586525,0.7622489777702066,"{""labels"": [""<=50K"", "">50K""], ""matrix"": [[3476, 239], [796, 372]]}"
adult,euclidean,7,modified_plurality,RetentionPolicy.DIFFERENT_CLASS_RETENTION,2,10,43957,4885,0.060696399996231776,51.99136600000202,52.05206239999825,0.7848515864892528,0.7031310517267411,0.6281435851422392,0.6447113168511123,0.761047721448432,0.7848515864892528,0.7609619642530248,"{""labels"": [""<=50K"", "">50K""], ""matrix"": [[3451, 264], [787, 383]]}"
adult,euclidean,7,modified_plurality,RetentionPolicy.DIFFERENT_CLASS_RETENTION,3,10,43958,4884,0.06057090000103926,51.864684399995895,51.925255299996934,0.7852170352170352,0.704072549237788,0.6254981236268192,0.6420149201326063,0.761030166393469,0.7852170352170352,0.7601369626172697,"{""labels"": [""<=50K"", "">50K""], ""matrix"": [[3462, 254], [795, 373]]}"
adult,euclidean,7,modified_plurality,RetentionPolicy.DIFFERENT_CLASS_RETENTION,4,10,43957,4885,0.06196980000095209,51.76292410000315,51.8248939000041,0.7850562947799385,0.7052662644691117,0.6209640921140956,0.637125802896966,0.7603259250493545,0.7850562947799385,0.7579270093175915,"{""labels"": [""<=50K"", "">50K""], ""matrix"": [[3477, 239], [811, 358]]}"
adult,euclidean,7,modified_plurality,RetentionPolicy.DIFFERENT_CLASS_RETENTION,5,10,43958,4884,0.06371790000412147,51.762731700000586,51.82644960000471,0.7833742833742834,0.7013609845823499,0.6175359791792618,0.6330474279164696,0.7577783402307966,0.7833742833742834,0.7555787227682002,"{""labels"": [""<=50K"", "">50K""], ""matrix"": [[3476, 240], [818, 350]]}"
adult,euclidean,7,modified_plurality,RetentionPolicy.DIFFERENT_CLASS_RETENTION,6,10,43958,4884,0.061714899995422456,51.637416999998095,51.69913189999352,0.7837837837837838,0.7010716403038706,0.624251669704237,0.6404016064257028,0.7592122027831248,0.7837837837837838,0.7587709396143131,"{""labels"": [""<=50K"", "">50K""], ""matrix"": [[3456, 259], [797, 372]]}"
adult,euclidean,7,modified_plurality,RetentionPolicy.DIFFERENT_CLASS_RETENTION,7,10,43958,4884,0.06119670000043698,51.614994900002785,51.67619160000322,0.7905405405405406,0.7170091896407687,0.6301706246221449,0.6481458072520668,0.7681160860108228,0.7905405405405406,0.7649214044258779,"{""labels"": [""<=50K"", "">50K""], ""matrix"": [[3484, 232], [791, 377]]}"
adult,euclidean,7,modified_plurality,RetentionPolicy.DIFFERENT_CLASS_RETENTION,8,10,43958,4884,0.05870429999777116,51.151298199998564,51.210002499996335,0.7876740376740377,0.7101388912694467,0.6271127630240205,0.6442637292090364,0.7642055450841424,0.7876740376740377,0.7620997388732813,"{""labels"": [""<=50K"", "">50K""], ""matrix"": [[3474, 242], [795, 373]]}"
adult,euclidean,7,modified_plurality,RetentionPolicy.DIFFERENT_CLASS_RETENTION,9,10,43957,4885,0.06268560000171419,52.05600659999618,52.118692199997895,0.777482088024565,0.6869985382491473,0.6191997101149187,0.6337839771718234,0.7514127016557035,0.777482088024565,0.7532976020477147,"{""labels"": [""<=50K"", "">50K""], ""matrix"": [[3429, 286], [801, 369]]}"
adult,euclidean,7,modified_plurality,RetentionPolicy.DD_RETENTION,0,10,43958,4884,0.06597929999406915,52.68325660000119,52.749235899995256,0.7915642915642915,0.7210765469383399,0.6287798177918341,0.6469208710954311,0.7695012090585971,0.7915642915642915,0.7647270606391671,"{""labels"": [""<=50K"", "">50K""], ""matrix"": [[3496, 219], [799, 370]]}"
adult,euclidean,7,modified_plurality,RetentionPolicy.DD_RETENTION,1,10,43959,4883,0.06581049999658717,52.77880659999937,52.84461709999596,0.7878353471226704,0.711048852137961,0.6260646167886577,0.6431896947680488,0.7643245815648352,0.7878353471226704,0.7616884006372097,"{""labels"": [""<=50K"", "">50K""], ""matrix"": [[3478, 237], [799, 369]]}"
adult,euclidean,7,modified_plurality,RetentionPolicy.DD_RETENTION,2,10,43957,4885,0.059501199997612275,52.599624100002984,52.659125300000596,0.7862845445240533,0.7069330199764983,0.6276219070297132,0.644504391468005,0.7626432627278161,0.7862845445240533,0.7614672730004662,"{""labels"": [""<=50K"", "">50K""], ""matrix"": [[3463, 252], [792, 378]]}"
adult,euclidean,7,modified_plurality,RetentionPolicy.DD_RETENTION,3,10,43958,4884,0.06491169999935664,52.54966080000304,52.614572500002396,0.7852170352170352,0.704072549237788,0.6254981236268192,0.6420149201326063,0.761030166393469,0.7852170352170352,0.7601369626172697,"{""labels"": [""<=50K"", "">50K""], ""matrix"": [[3462, 254], [795, 373]]}"
adult,euclidean,7,modified_plurality,RetentionPolicy.DD_RETENTION,4,10,43957,4885,0.06328909999865573,52.565006099997845,52.6282951999965,0.7854657113613102,0.7068256807791691,0.6197673851129051,0.6358850144636611,0.7607412010733045,0.7854657113613102,0.7575656388642718,"{""labels"": [""<=50K"", "">50K""], ""matrix"": [[3484, 232], [816, 353]]}"
adult,euclidean,7,modified_plurality,RetentionPolicy.DD_RETENTION,5,10,43958,4884,0.06013119999988703,52.92333140000119,52.983462600001076,0.7848075348075348,0.7048796771567978,0.6190649099783241,0.6349888695826547,0.7597735265622096,0.7848075348075348,0.7569888564771879,"{""labels"": [""<=50K"", "">50K""], ""matrix"": [[3481, 235], [816, 352]]}"
adult,euclidean,7,modified_plurality,RetentionPolicy.DD_RETENTION,6,10,43958,4884,0.06146409999928437,52.771623399996315,52.8330874999956,0.785012285012285,0.7041128183762317,0.6247660802217906,0.6412087825977935,0.7607291026135578,0.785012285012285,0.7596187816751853,"{""labels"": [""<=50K"", "">50K""], ""matrix"": [[3463, 252], [798, 371]]}"
adult,euclidean,7,modified_plurality,RetentionPolicy.DD_RETENTION,7,10,43958,4884,0.06077489999734098,52.672333000002254,52.733107899999595,0.7901310401310402,0.7160712125140438,0.629607989147264,0.6474579202672224,0.7675454189428781,0.7901310401310402,0.7644618177287633,"{""labels"": [""<=50K"", "">50K""], ""matrix"": [[3483, 233], [792, 376]]}"
adult,euclidean,7,modified_plurality,RetentionPolicy.DD_RETENTION,8,10,43958,4884,0.06231590000243159,52.24770020000142,52.31001610000385,0.7876740376740377,0.7101388912694467,0.6271127630240205,0.6442637292090364,0.7642055450841424,0.7876740376740377,0.7620997388732813,"{""labels"": [""<=50K"", "">50K""], ""matrix"": [[3474, 242], [795, 373]]}"
adult,euclidean,7,modified_plurality,RetentionPolicy.DD_RETENTION,9,10,43957,4885,0.060771399999794085,52.57973689999926,52.640508299999055,0.779324462640737,0.6912378533568905,0.6195327328570935,0.6344963769121852,0.7534238230177475,0.779324462640737,0.754362223474515,"{""labels"": [""<=50K"", "">50K""], ""matrix"": [[3441, 274], [804, 366]]}"
adult,heom,3,borda,RetentionPolicy.ALWAYS_RETAIN,0,10,43958,4884,0.006478499999502674,8.462123700002849,8.468602200002351,0.7524570024570024,0.6621516693209579,0.6658022927419531,0.6638991799313393,0.7553110607976069,0.7524570024570024,0.7538346470834488,"{""labels"": [""<=50K"", "">50K""], ""matrix"": [[3091, 624], [585, 584]]}"
adult,heom,3,borda,RetentionPolicy.ALWAYS_RETAIN,1,10,43959,4883,0.00593309999385383,8.497597200002929,8.503530299996783,0.7399139873028876,0.6453427175749775,0.6488668209222146,0.6470186919164713,0.7431393168429382,0.7399139873028876,0.741471513213558,"{""labels"": [""<=50K"", "">50K""], ""matrix"": [[3059, 656], [614, 554]]}"
adult,heom,3,borda,RetentionPolicy.ALWAYS_RETAIN,2,10,43957,4885,0.0070731000014347956,8.5885180999976,8.595591199999035,0.737768679631525,0.6450088238159708,0.6513487708642487,0.6478947655386071,0.7437431747363328,0.737768679631525,0.7405726874861258,"{""labels"": [""<=50K"", "">50K""], ""matrix"": [[3036, 679], [602, 568]]}"
adult,heom,3,borda,RetentionPolicy.ALWAYS_RETAIN,3,10,43958,4884,0.0063669000010122545,8.463439999999537,8.469806900000549,0.745085995085995,0.6505244506193687,0.651667354793046,0.6510874274863288,0.7460608563691562,0.745085995085995,0.7455680390224037,"{""labels"": [""<=50K"", "">50K""], ""matrix"": [[3087, 629], [616, 552]]}"
adult,heom,3,borda,RetentionPolicy.ALWAYS_RETAIN,4,10,43957,4885,0.005973000006633811,8.40299089999462,8.408963900001254,0.745957011258956,0.6557034009432965,0.662691839141953,0.6588894645069567,0.7519260654363834,0.745957011258956,0.7487440194410501,"{""labels"": [""<=50K"", "">50K""], ""matrix"": [[3056, 660], [581, 588]]}"
adult,heom,3,borda,RetentionPolicy.ALWAYS_RETAIN,5,10,43958,4884,0.006587800002307631,8.392194299995026,8.398782099997334,0.7315724815724816,0.6360980745789283,0.641612722473716,0.6386188971204136,0.7372072969478285,0.7315724815724816,0.7342368757977931,"{""labels"": [""<=50K"", "">50K""], ""matrix"": [[3025, 691], [620, 548]]}"
adult,heom,3,borda,RetentionPolicy.ALWAYS_RETAIN,6,10,43958,4884,0.0061443000013241544,8.340355499996804,8.346499799998128,0.742014742014742,0.6503858798756443,0.6568863426770761,0.65335470565478,0.7478324475473831,0.742014742014742,0.7447427431335101,"{""labels"": [""<=50K"", "">50K""], ""matrix"": [[3047, 668], [592, 577]]}"
adult,heom,3,borda,RetentionPolicy.ALWAYS_RETAIN,7,10,43958,4884,0.006030100004863925,8.301687799998035,8.3077179000029,0.745085995085995,0.6499359579274978,0.6501997102496424,0.6500673815008386,0.7453105821131198,0.745085995085995,0.7451980013102605,"{""labels"": [""<=50K"", "">50K""], ""matrix"": [[3092, 624], [621, 547]]}"
adult,heom,3,borda,RetentionPolicy.ALWAYS_RETAIN,8,10,43958,4884,0.0060464999987743795,8.248686300001282,8.254732800000056,0.7467239967239967,0.6534490797147544,0.655679070144654,0.654532638431073,0.7485909886577286,0.7467239967239967,0.7476375060213899,"{""labels"": [""<=50K"", "">50K""], ""matrix"": [[3085, 631], [606, 562]]}"
adult,heom,3,borda,RetentionPolicy.ALWAYS_RETAIN,9,10,43957,4885,0.006318799998553004,8.318343300001288,8.324662099999841,0.7361310133060389,0.6410339205532336,0.6450023581921294,0.642903058654837,0.7399395605433805,0.7361310133060389,0.7379612095311627,"{""labels"": [""<=50K"", "">50K""], ""matrix"": [[3046, 669], [620, 550]]}"
adult,heom,3,borda,RetentionPolicy.NEVER_RETAIN,0,10,43958,4884,0.006426599997212179,6.848599300006754,6.855025900003966,0.7485667485667485,0.6574328007978956,0.661779459730798,0.6594902577870596,0.7521377114180995,0.7485667485667485,0.7502783865000653,"{""labels"": [""<=50K"", "">50K""], ""matrix"": [[3077, 638], [590, 579]]}"
adult,heom,3,borda,RetentionPolicy.NEVER_RETAIN,1,10,43959,4883,0.005616900001768954,6.761401600000681,6.76701850000245,0.7390948187589597,0.644497308811571,0.6483284629141393,0.6463100601932332,0.7426398170950735,0.7390948187589597,0.7408013756937951,"{""labels"": [""<=50K"", "">50K""], ""matrix"": [[3055, 660], [614, 554]]}"
adult,heom,3,borda,RetentionPolicy.NEVER_RETAIN,2,10,43957,4885,0.005421800000476651,6.787458699996932,6.792880499997409,0.7367451381780962,0.6437273517198593,0.6500903015034912,0.646618555429851,0.742819133442845,0.7367451381780962,0.7395947017996459,"{""labels"": [""<=50K"", "">50K""], ""matrix"": [[3033, 682], [604, 566]]}"
adult,heom,3,borda,RetentionPolicy.NEVER_RETAIN,3,10,43958,4884,0.005816600001708139,6.741518299997551,6.7473348999992595,0.7473382473382474,0.6539953102453102,0.6557892010852736,0.6548720608163516,0.7488269704178795,0.7473382473382474,0.7480697836240218,"{""labels"": [""<=50K"", "">50K""], ""matrix"": [[3089, 627], [607, 561]]}"
adult,heom,3,borda,RetentionPolicy.NEVER_RETAIN,4,10,43957,4885,0.005508000002009794,6.796494099995471,6.80200209999748,0.7475946775844422,0.6572843193755196,0.6634751026932756,0.6601425817823552,0.7527681227620392,0.7475946775844422,0.7500297843682775,"{""labels"": [""<=50K"", "">50K""], ""matrix"": [[3065, 651], [582, 587]]}"
adult,heom,3,borda,RetentionPolicy.NEVER_RETAIN,5,10,43958,4884,0.005400800000643358,6.764101900000242,6.769502700000885,0.7285012285012284,0.6321133281399384,0.6375397208664494,0.6345862523472483,0.73427487977079,0.7285012285012284,0.7312321971131375,"{""labels"": [""<=50K"", "">50K""], ""matrix"": [[3017, 699], [627, 541]]}"
adult,heom,3,borda,RetentionPolicy.NEVER_RETAIN,6,10,43958,4884,0.0055911999952513725,6.754243800001859,6.759834999997111,0.7411957411957412,0.6483224046331307,0.6534167197234065,0.6506939862821007,0.7457896407783929,0.7411957411957412,0.7433800152483633,"{""labels"": [""<=50K"", "">50K""], ""matrix"": [[3053, 662], [602, 567]]}"
adult,heom,3,borda,RetentionPolicy.NEVER_RETAIN,7,10,43958,4884,0.005655000000842847,6.765088099993591,6.770743099994434,0.7446764946764947,0.6489008839467751,0.6484629591400386,0.6486806636060367,0.744302078684588,0.7446764946764947,0.7444884887402031,"{""labels"": [""<=50K"", "">50K""], ""matrix"": [[3095, 621], [626, 542]]}"
adult,heom,3,borda,RetentionPolicy.NEVER_RETAIN,8,10,43958,4884,0.006106699998781551,6.750295099998766,6.756401799997548,0.7483619983619983,0.6556673842242849,0.6579296120441778,0.6567668655067007,0.7502173749460198,0.7483619983619983,0.7492695997577108,"{""labels"": [""<=50K"", "">50K""], ""matrix"": [[3089, 627], [602, 566]]}"
adult,heom,3,borda,RetentionPolicy.NEVER_RETAIN,9,10,43957,4885,0.005435899998701643,6.768329600003199,6.7737655000019,0.7301944728761515,0.6348411402471495,0.6405137407829198,0.6374223815850353,0.7360819544068533,0.7301944728761515,0.7329727548492565,"{""labels"": [""<=50K"", "">50K""], ""matrix"": [[3019, 696], [622, 548]]}"
adult,heom,3,borda,RetentionPolicy.DIFFERENT_CLASS_RETENTION,0,10,43958,4884,0.006409499997971579,7.22032770000078,7.226737199998752,0.7497952497952498,0.6590743935506872,0.6634663762265893,0.6611539861692075,0.7533500262032,0.7497952497952498,0.751498524676775,"{""labels"": [""<=50K"", "">50K""], ""matrix"": [[3080, 635], [587, 582]]}"
adult,heom,3,borda,RetentionPolicy.DIFFERENT_CLASS_RETENTION,1,10,43959,4883,0.006000400004268158,7.264757899996766,7.2707583000010345,0.7390948187589597,0.6448771051230068,0.6492089409834252,0.646911820328715,0.7431057242923772,0.7390948187589597,0.7410160676240388,"{""labels"": [""<=50K"", "">50K""], ""matrix"": [[3052, 663], [611, 557]]}"
adult,heom,3,borda,RetentionPolicy.DIFFERENT_CLASS_RETENTION,2,10,43957,4885,0.006284600000071805,7.271649800000887,7.277934400000959,0.7379733879222109,0.6452143423947012,0.6514833603662675,0.6480718697037428,0.7438653122515805,0.7379733879222109,0.7407407088556266,"{""labels"": [""<=50K"", "">50K""], ""matrix"": [[3037, 678], [602, 568]]}"
adult,heom,3,borda,RetentionPolicy.DIFFERENT_CLASS_RETENTION,3,10,43958,4884,0.006032499994034879,7.3857892000014544,7.391821699995489,0.7440622440622441,0.6493074324324324,0.6507010594688647,0.6499914690795412,0.7452673926998252,0.7440622440622441,0.7446566881379642,"{""labels"": [""<=50K"", "">50K""], ""matrix"": [[3083, 633], [617, 551]]}"
adult,heom,3,borda,RetentionPolicy.DIFFERENT_CLASS_RETENTION,4,10,43957,4885,0.006911800002853852,7.4092256000003545,7.416137400003208,0.7465711361310133,0.6570320866872087,0.6648544752721222,0.6605609931982319,0.7532176450732779,0.7465711361310133,0.7496491729663467,"{""labels"": [""<=50K"", "">50K""], ""matrix"": [[3053, 663], [575, 594]]}"
adult,heom,3,borda,RetentionPolicy.DIFFERENT_CLASS_RETENTION,5,10,43958,4884,0.005960000002232846,7.387053600003128,7.393013600005361,0.7289107289107289,0.6329352319706018,0.6386894141586917,0.6355444095455296,0.7349993247099357,0.7289107289107289,0.7317812144575554,"{""labels"": [""<=50K"", "">50K""], ""matrix"": [[3016, 700], [624, 544]]}"
adult,heom,3,borda,RetentionPolicy.DIFFERENT_CLASS_RETENTION,6,10,43958,4884,0.006125300002167933,7.365754400001606,7.371879700003774,0.7416052416052417,0.6500921232171432,0.6569102901675978,0.6531901892270556,0.7477419134166815,0.7416052416052417,0.7444735320311358,"{""labels"": [""<=50K"", "">50K""], ""matrix"": [[3044, 671], [591, 578]]}"
adult,heom,3,borda,RetentionPolicy.DIFFERENT_CLASS_RETENTION,7,10,43958,4884,0.006413000002794433,7.399793099997623,7.406206100000418,0.7440622440622441,0.6488301631332144,0.6495269438341419,0.6491753523302342,0.7446640265641653,0.7440622440622441,0.7443611004141559,"{""labels"": [""<=50K"", "">50K""], ""matrix"": [[3087, 629], [621, 547]]}"
adult,heom,3,borda,RetentionPolicy.DIFFERENT_CLASS_RETENTION,8,10,43958,4884,0.006039600004442036,7.373557699997036,7.379597300001478,0.747952497952498,0.6555663519607495,0.6585410922040197,0.6569988152255639,0.7504091803197241,0.747952497952498,0.7491459259962311,"{""labels"": [""<=50K"", "">50K""], ""matrix"": [[3084, 632], [599, 569]]}"
adult,heom,3,borda,RetentionPolicy.DIFFERENT_CLASS_RETENTION,9,10,43957,4885,0.006009299999277573,7.460085999999137,7.466095299998415,0.7365404298874104,0.6420990400515466,0.646735341822825,0.6442615184075714,0.740969191072638,0.7365404298874104,0.7386545367822459,"{""labels"": [""<=50K"", "">50K""], ""matrix"": [[3043, 672], [615, 555]]}"
adult,heom,3,borda,RetentionPolicy.DD_RETENTION,0,10,43958,4884,0.006840599999122787,7.62433510000119,7.631175700000313,0.7536855036855037,0.6629666356424557,0.6651441972812691,0.6640281035024906,0.7553547308574957,0.7536855036855037,0.7545028323435337,"{""labels"": [""<=50K"", "">50K""], ""matrix"": [[3102, 613], [590, 579]]}"
adult,heom,3,borda,RetentionPolicy.DD_RETENTION,1,10,43959,4883,0.0058906999984174035,7.656679300001997,7.662570000000414,0.7403235715748515,0.6451427412942874,0.6476685364774425,0.6463615178999794,0.7426198521606312,0.7403235715748515,0.741443500700893,"{""labels"": [""<=50K"", "">50K""], ""matrix"": [[3066, 649], [619, 549]]}"
adult,heom,3,borda,RetentionPolicy.DD_RETENTION,2,10,43957,4885,0.006223900003533345,7.62344199999643,7.629665899999964,0.7385875127942682,0.6449465906885568,0.649837802395003,0.6472241831419266,0.7431403058756335,0.7385875127942682,0.7407558299501363,"{""labels"": [""<=50K"", "">50K""], ""matrix"": [[3047, 668], [609, 561]]}"
adult,heom,3,borda,RetentionPolicy.DD_RETENTION,3,10,43958,4884,0.0060387999983504415,7.6121624000006705,7.618201199999021,0.7477477477477478,0.6535299559532193,0.653710076382028,0.6536198128641775,0.7478958889298146,0.7477477477477478,0.7478216895661951,"{""labels"": [""<=50K"", "">50K""], ""matrix"": [[3099, 617], [615, 553]]}"
adult,heom,3,borda,RetentionPolicy.DD_RETENTION,4,10,43957,4885,0.0059181999968132,7.672505399998045,7.678423599994858,0.7469805527123848,0.6561852364112499,0.6618987919900626,0.6588381831644097,0.7517849348895429,0.7469805527123848,0.7492524462488611,"{""labels"": [""<=50K"", "">50K""], ""matrix"": [[3066, 650], [586, 583]]}"
adult,heom,3,borda,RetentionPolicy.DD_RETENTION,5,10,43958,4884,0.0066136000023107044,7.668515199999092,7.675128800001403,0.733005733005733,0.6372470580688387,0.6419675376380554,0.6394370432906354,0.7377384517011314,0.733005733005733,0.7352622126612418,"{""labels"": [""<=50K"", "">50K""], ""matrix"": [[3034, 682], [622, 546]]}"
adult,heom,3,borda,RetentionPolicy.DD_RETENTION,6,10,43958,4884,0.0061337000006460585,7.5919069000010495,7.598040600001696,0.743038493038493,0.6502263941584938,0.654628025241576,0.6522991751222783,0.7469119930735829,0.743038493038493,0.7448932847073215,"{""labels"": [""<=50K"", "">50K""], ""matrix"": [[3062, 653], [602, 567]]}"
adult,heom,3,borda,RetentionPolicy.DD_RETENTION,7,10,43958,4884,0.0067048000055365264,7.625777099994593,7.63248190000013,0.7471334971334971,0.6520579532228084,0.6512517141719628,0.6516507137338872,0.7464665603484649,0.7471334971334971,0.7467974216346326,"{""labels"": [""<=50K"", "">50K""], ""matrix"": [[3103, 613], [622, 546]]}"
adult,heom,3,borda,RetentionPolicy.DD_RETENTION,8,10,43958,4884,0.00608940000529401,7.652319199994963,7.658408600000257,0.7504095004095004,0.6570191290900628,0.6569269136057331,0.6569729699519851,0.750336253059446,0.7504095004095004,0.750372844257889,"{""labels"": [""<=50K"", "">50K""], ""matrix"": [[3107, 609], [610, 558]]}"
adult,heom,3,borda,RetentionPolicy.DD_RETENTION,9,10,43957,4885,0.006179600000905339,7.585334699993837,7.591514299994742,0.7349027635619243,0.6387332582706235,0.6418527337773636,0.640220269485814,0.7379433883745393,0.7349027635619243,0.7363762740443538,"{""labels"": [""<=50K"", "">50K""], ""matrix"": [[3048, 667], [628, 542]]}"
adult,heom,3,modified_plurality,RetentionPolicy.ALWAYS_RETAIN,0,10,43958,4884,0.0071233999988180585,8.785039700000198,8.792163099999016,0.766994266994267,0.6708537913247762,0.6431142329837537,0.6531598938934836,0.7511074474082265,0.766994266994267,0.7567418502603867,"{""labels"": [""<=50K"", "">50K""], ""matrix"": [[3272, 443], [695, 474]]}"
adult,heom,3,modified_plurality,RetentionPolicy.ALWAYS_RETAIN,1,10,43959,4883,0.0059438999960548244,8.641988300005323,8.647932200001378,0.7689944706123285,0.6733754120534594,0.64273815888936,0.6535164529901626,0.7521660112606543,0.7689944706123285,0.7578522142117505,"{""labels"": [""<=50K"", "">50K""], ""matrix"": [[3287, 428], [700, 468]]}"
adult,heom,3,modified_plurality,RetentionPolicy.ALWAYS_RETAIN,2,10,43957,4885,0.00686909999785712,8.598843300002045,8.605712399999902,0.7664278403275333,0.6701431701563397,0.6426717741657176,0.6526286412687733,0.7505647276180029,0.7664278403275333,0.7562119608698262,"{""labels"": [""<=50K"", "">50K""], ""matrix"": [[3270, 445], [696, 474]]}"
adult,heom,3,modified_plurality,RetentionPolicy.ALWAYS_RETAIN,3,10,43958,4884,0.006569800003489945,8.57782149999548,8.58439129999897,0.7657657657657657,0.6674723862558516,0.6361978744267661,0.64686314538709,0.7477453128556149,0.7657657657657657,0.7537664187550738,"{""labels"": [""<=50K"", "">50K""], ""matrix"": [[3287, 429], [715, 453]]}"
adult,heom,3,modified_plurality,RetentionPolicy.ALWAYS_RETAIN,4,10,43957,4885,0.006105200001911726,8.548347600000852,8.554452800002764,0.7586489252814739,0.6577653577605534,0.6338024780824327,0.6425514143647733,0.742820123227546,0.7586489252814739,0.7487656242443841,"{""labels"": [""<=50K"", "">50K""], ""matrix"": [[3245, 471], [708, 461]]}"
adult,heom,3,modified_plurality,RetentionPolicy.ALWAYS_RETAIN,5,10,43958,4884,0.006172499997774139,8.563146899999992,8.569319399997767,0.7616707616707616,0.6617208618222292,0.6349744533081676,0.6444899143520371,0.7449471182974124,0.7616707616707616,0.7509723676216913,"{""labels"": [""<=50K"", "">50K""], ""matrix"": [[3262, 454], [710, 458]]}"
adult,heom,3,modified_plurality,RetentionPolicy.ALWAYS_RETAIN,6,10,43958,4884,0.00608490000013262,8.56068249999953,8.566767399999662,0.7665847665847666,0.6697343945201502,0.6405000420232405,0.6508390258390258,0.7498451961044625,0.7665847665847666,0.7556358451628721,"{""labels"": [""<=50K"", "">50K""], ""matrix"": [[3278, 437], [703, 466]]}"
adult,heom,3,modified_plurality,RetentionPolicy.ALWAYS_RETAIN,7,10,43958,4884,0.005734999998821877,8.629407000000356,8.635141999999178,0.7708845208845209,0.6762449232640376,0.6439646401344795,0.6551973585216352,0.7537824456875075,0.7708845208845209,0.7593935019294235,"{""labels"": [""<=50K"", "">50K""], ""matrix"": [[3297, 419], [700, 468]]}"
adult,heom,3,modified_plurality,RetentionPolicy.ALWAYS_RETAIN,8,10,43958,4884,0.006012800004100427,8.64796359999309,8.653976399997191,0.7714987714987716,0.6784221820646036,0.651412993792117,0.6615157612340711,0.756951701891842,0.7714987714987716,0.7621754990769076,"{""labels"": [""<=50K"", "">50K""], ""matrix"": [[3276, 440], [676, 492]]}"
adult,heom,3,modified_plurality,RetentionPolicy.ALWAYS_RETAIN,9,10,43957,4885,0.005880500000785105,8.61703889999626,8.622919399997045,0.7555783009211873,0.6529981032496642,0.6296833120520873,0.6381287513643017,0.73941538331389,0.7555783009211873,0.7455341066004763,"{""labels"": [""<=50K"", "">50K""], ""matrix"": [[3237, 478], [716, 454]]}"
adult,heom,3,modified_plurality,RetentionPolicy.NEVER_RETAIN,0,10,43958,4884,0.006500199997390155,7.109811300004367,7.116311500001757,0.7651515151515151,0.6671213417036825,0.6375060300471926,0.647824516657923,0.7478408829708824,0.7651515151515151,0.7537892339919725,"{""labels"": [""<=50K"", "">50K""], ""matrix"": [[3278, 437], [710, 459]]}"
adult,heom,3,modified_plurality,RetentionPolicy.NEVER_RETAIN,1,10,43959,4883,0.005608899999060668,7.129752400003781,7.135361300002842,0.764284251484743,0.6659030811106995,0.6378816442043548,0.6478228816971174,0.7475507972862253,0.764284251484743,0.7534593164724316,"{""labels"": [""<=50K"", "">50K""], ""matrix"": [[3270, 445], [706, 462]]}"
adult,heom,3,modified_plurality,RetentionPolicy.NEVER_RETAIN,2,10,43957,4885,0.005538499994145241,7.078244800002722,7.083783299996867,0.7647901740020471,0.6674626051579887,0.6404240144482405,0.6501930839770557,0.7487552414258353,0.7647901740020471,0.7545026669933658,"{""labels"": [""<=50K"", "">50K""], ""matrix"": [[3266, 449], [700, 470]]}"
adult,heom,3,modified_plurality,RetentionPolicy.NEVER_RETAIN,3,10,43958,4884,0.005820500002300832,7.057349399998202,7.063169900000503,0.764946764946765,0.6662912912912913,0.6359531902030464,0.6463876600416552,0.7471710039277607,0.764946764946765,0.7532082397086353,"{""labels"": [""<=50K"", "">50K""], ""matrix"": [[3282, 434], [714, 454]]}"
adult,heom,3,modified_plurality,RetentionPolicy.NEVER_RETAIN,4,10,43957,4885,0.006218199996510521,7.249749000002339,7.2559671999988495,0.7561924257932446,0.6536006956245153,0.6298425369774061,0.6384130892431276,0.7398671653306076,0.7561924257932446,0.7460113568877288,"{""labels"": [""<=50K"", "">50K""], ""matrix"": [[3241, 475], [716, 453]]}"
adult,heom,3,modified_plurality,RetentionPolicy.NEVER_RETAIN,5,10,43958,4884,0.005979499997920357,7.089932499999122,7.095911999997043,0.7622850122850123,0.662387620266031,0.6344975264314258,0.6442816333026713,0.7450837069666042,0.7622850122850123,0.7511684479656663,"{""labels"": [""<=50K"", "">50K""], ""matrix"": [[3268, 448], [713, 455]]}"
adult,heom,3,modified_plurality,RetentionPolicy.NEVER_RETAIN,6,10,43958,4884,0.005833900002471637,7.119094899993797,7.124928799996269,0.7682227682227682,0.6719870793737919,0.6404042520611536,0.6513160550236531,0.7507703796340792,0.7682227682227682,0.7565651681088535,"{""labels"": [""<=50K"", "">50K""], ""matrix"": [[3290, 425], [707, 462]]}"
adult,heom,3,modified_plurality,RetentionPolicy.NEVER_RETAIN,7,10,43958,4884,0.005743000001530163,7.116447200001858,7.122190200003388,0.7737510237510238,0.6805472193424396,0.6440872126457968,0.6563067209147424,0.755652625298503,0.7737510237510238,0.7611221617647758,"{""labels"": [""<=50K"", "">50K""], ""matrix"": [[3317, 399], [706, 462]]}"
adult,heom,3,modified_plurality,RetentionPolicy.NEVER_RETAIN,8,10,43958,4884,0.006104899999627378,7.066316699994786,7.0724215999944136,0.7710892710892711,0.6776508184861059,0.6502633004998746,0.6604391700960766,0.7562773631468935,0.7710892710892711,0.7615641547914351,"{""labels"": [""<=50K"", "">50K""], ""matrix"": [[3277, 439], [679, 489]]}"
adult,heom,3,modified_plurality,RetentionPolicy.NEVER_RETAIN,9,10,43957,4885,0.005636800000502262,7.112542700000631,7.118179500001133,0.7543500511770727,0.6511069487734382,0.6282902531893111,0.6365612218883638,0.7381979980333818,0.7543500511770727,0.7443543073035972,"{""labels"": [""<=50K"", "">50K""], ""matrix"": [[3233, 482], [718, 452]]}"
adult,heom,3,modified_plurality,RetentionPolicy.DIFFERENT_CLASS_RETENTION,0,10,43958,4884,0.006968500005314127,7.429705199996533,7.4366737000018475,0.764946764946765,0.6677051413798074,0.6411820849744464,0.6508428844293306,0.7491986152446771,0.764946764946765,0.7548931995430082,"{""labels"": [""<=50K"", "">50K""], ""matrix"": [[3264, 451], [697, 472]]}"
adult,heom,3,modified_plurality,RetentionPolicy.DIFFERENT_CLASS_RETENTION,1,10,43959,4883,0.00652049999916926,7.461227700005111,7.46774820000428,0.7653082121646528,0.6675617138502237,0.639141577093973,0.6492292960763754,0.7486298777078763,0.7653082121646528,0.7544813428107444,"{""labels"": [""<=50K"", "">50K""], ""matrix"": [[3273, 442], [704, 464]]}"
adult,heom,3,modified_plurality,RetentionPolicy.DIFFERENT_CLASS_RETENTION,2,10,43957,4885,0.00649130000238074,7.503852399997413,7.510343699999794,0.7660184237461617,0.6698037943753734,0.6435736388630062,0.6532261204890573,0.7506978253461881,0.7660184237461617,0.7562614441751057,"{""labels"": [""<=50K"", "">50K""], ""matrix"": [[3264, 451], [692, 478]]}"
adult,heom,3,modified_plurality,RetentionPolicy.DIFFERENT_CLASS_RETENTION,3,10,43958,4884,0.006127300002845004,7.501947500000824,7.508074800003669,0.7633087633087633,0.6636111470576651,0.6339961772122034,0.6441772261989843,0.745450556274095,0.7633087633087633,0.7515895250509719,"{""labels"": [""<=50K"", "">50K""], ""matrix"": [[3277, 439], [717, 451]]}"
adult,heom,3,modified_plurality,RetentionPolicy.DIFFERENT_CLASS_RETENTION,4,10,43957,4885,0.006146899999293964,7.518167700000049,7.524314599999343,0.7570112589559878,0.6556618760187339,0.6333123772445881,0.6416089605192233,0.741793633890334,0.7570112589559878,0.747644189277679,"{""labels"": [""<=50K"", "">50K""], ""matrix"": [[3235, 481], [706, 463]]}"
adult,heom,3,modified_plurality,RetentionPolicy.DIFFERENT_CLASS_RETENTION,5,10,43958,4884,0.006575200000952464,7.498559899999236,7.505135100000189,0.7612612612612613,0.6612061337864488,0.634998875650648,0.644377578456518,0.7447383961736775,0.7612612612612613,0.7507417298088342,"{""labels"": [""<=50K"", "">50K""], ""matrix"": [[3259, 457], [709, 459]]}"
adult,heom,3,modified_plurality,RetentionPolicy.DIFFERENT_CLASS_RETENTION,6,10,43958,4884,0.006074600001738872,7.400298499997007,7.406373099998746,0.7657657657657657,0.6689067973714506,0.6417204429825218,0.6515744731800767,0.7498663947227069,0.7657657657657657,0.7555555285889338,"{""labels"": [""<=50K"", "">50K""], ""matrix"": [[3268, 447], [697, 472]]}"
adult,heom,3,modified_plurality,RetentionPolicy.DIFFERENT_CLASS_RETENTION,7,10,43958,4884,0.0066206999981659465,7.385864199997741,7.392484899995907,0.7717035217035217,0.6777184146330152,0.6456769689016029,0.656919424140533,0.754918302710272,0.7717035217035217,0.7604485854115048,"{""labels"": [""<=50K"", "">50K""], ""matrix"": [[3297, 419], [696, 472]]}"
adult,heom,3,modified_plurality,RetentionPolicy.DIFFERENT_CLASS_RETENTION,8,10,43958,4884,0.00611639999988256,7.407039899997471,7.413156299997354,0.7686322686322686,0.6740879698300517,0.6489421900113541,0.6584484335682166,0.7543875942794012,0.7686322686322686,0.7596555034107562,"{""labels"": [""<=50K"", "">50K""], ""matrix"": [[3264, 452], [678, 490]]}"
adult,heom,3,modified_plurality,RetentionPolicy.DIFFERENT_CLASS_RETENTION,9,10,43957,4885,0.006001000001560897,7.406367299998237,7.412368299999798,0.7525076765609007,0.6491028224837986,0.6285427522977994,0.6362108144337079,0.7374429881857875,0.7525076765609007,0.7433706674799446,"{""labels"": [""<=50K"", "">50K""], ""matrix"": [[3219, 496], [713, 457]]}"
adult,heom,3,modified_plurality,RetentionPolicy.DD_RETENTION,0,10,43958,4884,0.006433700000343379,7.770162799999525,7.776596499999869,0.7678132678132679,0.6721963835228421,0.6442388439809479,0.6543790155318194,0.7520129695567516,0.7678132678132679,0.7575968876935663,"{""labels"": [""<=50K"", "">50K""], ""matrix"": [[3274, 441], [693, 476]]}"
adult,heom,3,modified_plurality,RetentionPolicy.DD_RETENTION,1,10,43959,4883,0.00614050000149291,7.779075599995849,7.785216099997342,0.7691992627483105,0.6736892240968716,0.6428727483913789,0.6537007790872094,0.7523391007361262,0.7691992627483105,0.7580180265640974,"{""labels"": [""<=50K"", "">50K""], ""matrix"": [[3288, 427], [700, 468]]}"
adult,heom,3,modified_plurality,RetentionPolicy.DD_RETENTION,2,10,43957,4885,0.005790000002889428,7.789305499994953,7.795095499997842,0.7664278403275333,0.6699499177705053,0.641793491389723,0.651899969404237,0.7502167739024557,0.7664278403275333,0.7559233211172238,"{""labels"": [""<=50K"", "">50K""], ""matrix"": [[3273, 442], [699, 471]]}"
adult,heom,3,modified_plurality,RetentionPolicy.DD_RETENTION,3,10,43958,4884,0.006785499994293787,7.766973900004814,7.773759399999108,0.7657657657657657,0.6674075924075924,0.6359043455180855,0.6466098607512953,0.7476305839942203,0.7657657657657657,0.7536653071465247,"{""labels"": [""<=50K"", "">50K""], ""matrix"": [[3288, 428], [716, 452]]}"
adult,heom,3,modified_plurality,RetentionPolicy.DD_RETENTION,4,10,43957,4885,0.006099300000641961,7.772200500003237,7.778299800003879,0.7586489252814739,0.6575916043589274,0.6332161526554764,0.6420562822986124,0.7425678329458294,0.7586489252814739,0.7485704364153083,"{""labels"": [""<=50K"", "">50K""], ""matrix"": [[3247, 469], [710, 459]]}"
adult,heom,3,modified_plurality,RetentionPolicy.DD_RETENTION,5,10,43958,4884,0.006297700005234219,7.775789399995119,7.7820871000003535,0.7622850122850123,0.662463985648411,0.6347910553401065,0.644532459948714,0.7452043811819373,0.7622850122850123,0.7512679645210684,"{""labels"": [""<=50K"", "">50K""], ""matrix"": [[3267, 449], [712, 456]]}"
adult,heom,3,modified_plurality,RetentionPolicy.DD_RETENTION,6,10,43958,4884,0.00590350000129547,7.806271199995535,7.812174699996831,0.7678132678132679,0.6715338689776774,0.6410144525407941,0.6516925668332971,0.7507605494674684,0.7678132678132679,0.7565306181435827,"{""labels"": [""<=50K"", "">50K""], ""matrix"": [[3285, 430], [704, 465]]}"
adult,heom,3,modified_plurality,RetentionPolicy.DD_RETENTION,7,10,43958,4884,0.007145499999751337,7.7202739999993355,7.727419499999087,0.7706797706797707,0.6758246606334841,0.6432430290340181,0.6545190520798281,0.7533891087714618,0.7706797706797707,0.7590308850574601,"{""labels"": [""<=50K"", "">50K""], ""matrix"": [[3298, 418], [702, 466]]}"
adult,heom,3,modified_plurality,RetentionPolicy.DD_RETENTION,8,10,43958,4884,0.005938399997830857,7.825758099999803,7.8316964999976335,0.7714987714987716,0.6784221820646036,0.651412993792117,0.6615157612340711,0.756951701891842,0.7714987714987716,0.7621754990769076,"{""labels"": [""<=50K"", "">50K""], ""matrix"": [[3276, 440], [676, 492]]}"
adult,heom,3,modified_plurality,RetentionPolicy.DD_RETENTION,9,10,43957,4885,0.005823499996040482,8.017928799999936,8.023752299995977,0.7539406345957012,0.6505439005439005,0.6280210741852734,0.6362063009157651,0.7378803386991719,0.7539406345957012,0.744027056300953,"{""labels"": [""<=50K"", "">50K""], ""matrix"": [[3231, 484], [718, 452]]}"
adult,heom,5,borda,RetentionPolicy.ALWAYS_RETAIN,0,10,43958,4884,0.007896600000094622,8.772197300000698,8.780093900000793,0.7749795249795249,0.6830797744381534,0.6474838440788102,0.6596549561477736,0.7575946677115075,0.7749795249795249,0.7629319003073369,"{""labels"": [""<=50K"", "">50K""], ""matrix"": [[3314, 401], [698, 471]]}"
adult,heom,5,borda,RetentionPolicy.ALWAYS_RETAIN,1,10,43959,4883,0.0059706999963964336,8.51017149999825,8.516142199994647,0.7700184312922383,0.6745337895637297,0.6410631648813585,0.6524541723652338,0.7521588717477423,0.7700184312922383,0.7578894426071636,"{""labels"": [""<=50K"", "">50K""], ""matrix"": [[3300, 415], [708, 460]]}"
adult,heom,5,borda,RetentionPolicy.ALWAYS_RETAIN,2,10,43957,4885,0.006227300000318792,8.31543740000052,8.321664700000838,0.7682702149437052,0.6733083986618448,0.6459324061612083,0.6559675949498132,0.7528862130962652,0.7682702149437052,0.758371811318303,"{""labels"": [""<=50K"", "">50K""], ""matrix"": [[3272, 443], [689, 481]]}"
adult,heom,5,borda,RetentionPolicy.ALWAYS_RETAIN,3,10,43958,4884,0.00634350000473205,8.285166999994544,8.291510499999276,0.7684275184275184,0.671603322981856,0.6379470671070676,0.64923879132441,0.750022919293219,0.7684275184275184,0.755909980877877,"{""labels"": [""<=50K"", "">50K""], ""matrix"": [[3300, 416], [715, 453]]}"
adult,heom,5,borda,RetentionPolicy.ALWAYS_RETAIN,4,10,43957,4885,0.005936199995630886,8.408867000005557,8.414803200001188,0.7717502558853634,0.6779344967726513,0.6456386780490995,0.6569381812588804,0.754890612218731,0.7717502558853634,0.7604153058426214,"{""labels"": [""<=50K"", "">50K""], ""matrix"": [[3298, 418], [697, 472]]}"
adult,heom,5,borda,RetentionPolicy.ALWAYS_RETAIN,5,10,43958,4884,0.006458099996962119,8.2904234000016,8.296881499998563,0.7667895167895168,0.6694817782972053,0.6389253432030317,0.6495347301310018,0.749410894247692,0.7667895167895168,0.7552923217791067,"{""labels"": [""<=50K"", "">50K""], ""matrix"": [[3285, 431], [708, 460]]}"
adult,heom,5,borda,RetentionPolicy.ALWAYS_RETAIN,6,10,43958,4884,0.005890499996894505,8.360628599999472,8.366519099996367,0.7719082719082719,0.6782795818608491,0.6460512545376464,0.6573490661574659,0.7551263403588305,0.7719082719082719,0.7606308430135396,"{""labels"": [""<=50K"", "">50K""], ""matrix"": [[3297, 418], [696, 473]]}"
adult,heom,5,borda,RetentionPolicy.ALWAYS_RETAIN,7,10,43958,4884,0.005869700005860068,8.34617309999885,8.35204280000471,0.7700655200655201,0.6744029509592193,0.6401976090065913,0.651719860881797,0.7518817259378762,0.7700655200655201,0.75763652389554,"{""labels"": [""<=50K"", "">50K""], ""matrix"": [[3304, 412], [711, 457]]}"
adult,heom,5,borda,RetentionPolicy.ALWAYS_RETAIN,8,10,43958,4884,0.005867099993338343,8.386840500003018,8.392707599996356,0.7747747747747747,0.6833350787360345,0.653272317413038,0.6642722536802945,0.7595747205903245,0.7747747747747747,0.764757772505682,"{""labels"": [""<=50K"", "">50K""], ""matrix"": [[3293, 423], [677, 491]]}"
adult,heom,5,borda,RetentionPolicy.ALWAYS_RETAIN,9,10,43957,4885,0.0061158999960753135,8.346028100000694,8.35214399999677,0.763971340839304,0.6653448360689649,0.6360797644108546,0.646252400986528,0.7465497712486844,0.763971340839304,0.7525670574539924,"{""labels"": [""<=50K"", "">50K""], ""matrix"": [[3275, 440], [713, 457]]}"
adult,heom,5,borda,RetentionPolicy.NEVER_RETAIN,0,10,43958,4884,0.006882699999550823,6.709530000000086,6.716412699999637,0.7741605241605242,0.6816461350789478,0.6460661065870567,0.658169638231228,0.75656395778941,0.7741605241605242,0.7619702693651429,"{""labels"": [""<=50K"", "">50K""], ""matrix"": [[3313, 402], [701, 468]]}"
adult,heom,5,borda,RetentionPolicy.NEVER_RETAIN,1,10,43959,4883,0.0056248999972012825,6.709022100003494,6.714647000000696,0.7698136391562564,0.6743161378965776,0.6415155607588635,0.6527691455849961,0.7522002671659985,0.7698136391562564,0.7579234048886998,"{""labels"": [""<=50K"", "">50K""], ""matrix"": [[3297, 418], [706, 462]]}"
adult,heom,5,borda,RetentionPolicy.NEVER_RETAIN,2,10,43957,4885,0.005212300005950965,6.716349599999376,6.721561900005327,0.7658137154554759,0.6694379722098769,0.6431462884356558,0.6528025598638556,0.7504139598493782,0.7658137154554759,0.7560007625838677,"{""labels"": [""<=50K"", "">50K""], ""matrix"": [[3264, 451], [693, 477]]}"
adult,heom,5,borda,RetentionPolicy.NEVER_RETAIN,3,10,43958,4884,0.005413700004282873,6.659938600001624,6.665352300005907,0.7665847665847666,0.6691070313335171,0.6384972610112508,0.6491021088813513,0.7491241928735247,0.7665847665847666,0.7550277323167024,"{""labels"": [""<=50K"", "">50K""], ""matrix"": [[3285, 431], [709, 459]]}"
adult,heom,5,borda,RetentionPolicy.NEVER_RETAIN,4,10,43957,4885,0.005482000000483822,6.730800900004397,6.7362829000048805,0.771136131013306,0.6769781163671127,0.645235018199799,0.6563819217138454,0.7543645194983984,0.771136131013306,0.7599168034303618,"{""labels"": [""<=50K"", "">50K""], ""matrix"": [[3295, 421], [697, 472]]}"
adult,heom,5,borda,RetentionPolicy.NEVER_RETAIN,5,10,43958,4884,0.00581640000018524,6.7043612000052235,6.710177600005409,0.7653562653562653,0.6669794794794794,0.6365158256779273,0.647003709414405,0.7476307183514391,0.7653562653562653,0.7536381905105366,"{""labels"": [""<=50K"", "">50K""], ""matrix"": [[3283, 433], [713, 455]]}"
adult,heom,5,borda,RetentionPolicy.NEVER_RETAIN,6,10,43958,4884,0.005795099998067599,6.668440300003567,6.674235400001635,0.7737510237510238,0.6812245475113122,0.6475556865503755,0.6592678971607552,0.7568254488291253,0.7737510237510238,0.7622258767788491,"{""labels"": [""<=50K"", "">50K""], ""matrix"": [[3305, 410], [695, 474]]}"
adult,heom,5,borda,RetentionPolicy.NEVER_RETAIN,7,10,43958,4884,0.005547199994907714,6.663859899999807,6.669407099994714,0.7708845208845209,0.6752422753889225,0.6378005330521845,0.6499096299584615,0.7515404724843466,0.7708845208845209,0.7572743189447378,"{""labels"": [""<=50K"", "">50K""], ""matrix"": [[3318, 398], [721, 447]]}"
adult,heom,5,borda,RetentionPolicy.NEVER_RETAIN,8,10,43958,4884,0.005480300002091099,6.72026360000018,6.725743900002271,0.7731367731367731,0.6804120158313692,0.6495541309701107,0.6606400356400356,0.7572204298801889,0.7731367731367731,0.762575201764391,"{""labels"": [""<=50K"", "">50K""], ""matrix"": [[3294, 422], [686, 482]]}"
adult,heom,5,borda,RetentionPolicy.NEVER_RETAIN,9,10,43957,4885,0.005850599998666439,6.700391900005343,6.706242500004009,0.7580348004094166,0.6563614690477485,0.6310056251509818,0.6400209326474487,0.7412281887313974,0.7580348004094166,0.7474021601963254,"{""labels"": [""<=50K"", "">50K""], ""matrix"": [[3250, 465], [717, 453]]}"
adult,heom,5,borda,RetentionPolicy.DIFFERENT_CLASS_RETENTION,0,10,43958,4884,0.006595500002731569,7.154416500001389,7.161012000004121,0.773955773955774,0.6814706872382219,0.6471040230632754,0.6589661593264249,0.7567960329781092,0.773955773955774,0.7621973154781607,"{""labels"": [""<=50K"", "">50K""], ""matrix"": [[3308, 407], [697, 472]]}"
adult,heom,5,borda,RetentionPolicy.DIFFERENT_CLASS_RETENTION,1,10,43959,4883,0.005850300003658049,7.188211100001354,7.194061400005012,0.7694040548842924,0.6736768188905156,0.6412463817548258,0.6524005866808279,0.7518484348174632,0.7694040548842924,0.7575921975224178,"{""labels"": [""<=50K"", "">50K""], ""matrix"": [[3295, 420], [706, 462]]}"
adult,heom,5,borda,RetentionPolicy.DIFFERENT_CLASS_RETENTION,2,10,43957,4885,0.006142400001408532,7.171482600002491,7.1776250000039,0.7670419651995906,0.6714972200698721,0.6451248691490952,0.6548624821506177,0.7518811461376848,0.7670419651995906,0.7573747925131441,"{""labels"": [""<=50K"", "">50K""], ""matrix"": [[3266, 449], [689, 481]]}"
adult,heom,5,borda,RetentionPolicy.DIFFERENT_CLASS_RETENTION,3,10,43958,4884,0.0059628000017255545,7.173905299998296,7.1798681000000215,0.766994266994267,0.6695478791216637,0.6378857808514089,0.6487152617574374,0.7491290958842898,0.766994266994267,0.7550578536217428,"{""labels"": [""<=50K"", "">50K""], ""matrix"": [[3290, 426], [712, 456]]}"
adult,heom,5,borda,RetentionPolicy.DIFFERENT_CLASS_RETENTION,4,10,43957,4885,0.006228100006410386,7.184751499997219,7.1909796000036295,0.7707267144319345,0.6767057238923087,0.647018050627946,0.6577071937545451,0.7547857574444531,0.7707267144319345,0.7602582159010756,"{""labels"": [""<=50K"", "">50K""], ""matrix"": [[3286, 430], [690, 479]]}"
adult,heom,5,borda,RetentionPolicy.DIFFERENT_CLASS_RETENTION,5,10,43958,4884,0.0059422000049380586,7.179782699997304,7.185724900002242,0.7651515151515151,0.667347904601781,0.6393165614816344,0.6493129205099195,0.748627617478729,0.7651515151515151,0.7544631660199964,"{""labels"": [""<=50K"", "">50K""], ""matrix"": [[3272, 444], [703, 465]]}"
adult,heom,5,borda,RetentionPolicy.DIFFERENT_CLASS_RETENTION,6,10,43958,4884,0.0061381999985314906,7.1641869000013685,7.1703250999999,0.7723177723177723,0.6792919734684442,0.6486654454981595,0.659654895209457,0.7563393657489872,0.7723177723177723,0.7617330749666709,"{""labels"": [""<=50K"", "">50K""], ""matrix"": [[3291, 424], [688, 481]]}"
adult,heom,5,borda,RetentionPolicy.DIFFERENT_CLASS_RETENTION,7,10,43958,4884,0.005931900006544311,7.176484699994035,7.182416600000579,0.7694512694512694,0.6733268538748233,0.6392068913399295,0.6506631283559152,0.7511302245510574,0.7694512694512694,0.7569384736898206,"{""labels"": [""<=50K"", "">50K""], ""matrix"": [[3303, 413], [713, 455]]}"
adult,heom,5,borda,RetentionPolicy.DIFFERENT_CLASS_RETENTION,8,10,43958,4884,0.005862600002728868,7.173363099995186,7.1792256999979145,0.7733415233415234,0.68109601559895,0.6520369155226565,0.6627258457090524,0.7582600187926719,0.7733415233415234,0.7634940783181107,"{""labels"": [""<=50K"", "">50K""], ""matrix"": [[3287, 429], [678, 490]]}"
adult,heom,5,borda,RetentionPolicy.DIFFERENT_CLASS_RETENTION,9,10,43957,4885,0.0059834999992745,7.182154800000717,7.188138299999991,0.7619242579324462,0.6623879691792117,0.6350266303159977,0.6446903669631533,0.7449832919301025,0.7619242579324462,0.7510197513241123,"{""labels"": [""<=50K"", "">50K""], ""matrix"": [[3264, 451], [712, 458]]}"
adult,heom,5,borda,RetentionPolicy.DD_RETENTION,0,10,43958,4884,0.0063955000005080365,7.255245500004094,7.261641000004602,0.777027027027027,0.6863485972027583,0.6479503596153204,0.6607895303284688,0.7591314730957558,0.777027027027027,0.7643014808687029,"{""labels"": [""<=50K"", "">50K""], ""matrix"": [[3327, 388], [701, 468]]}"
adult,heom,5,borda,RetentionPolicy.DD_RETENTION,1,10,43959,4883,0.006267400000069756,7.255156299994269,7.261423699994339,0.7710423919721483,0.6761070237760471,0.6414426197016907,0.6531263899231682,0.7529422264438164,0.7710423919721483,0.7586171019775244,"{""labels"": [""<=50K"", "">50K""], ""matrix"": [[3306, 409], [709, 459]]}"
adult,heom,5,borda,RetentionPolicy.DD_RETENTION,2,10,43957,4885,0.006618899999011774,7.27669109999988,7.283309999998892,0.7680655066530194,0.6725844774790253,0.6437484901818684,0.6540984271482773,0.7519182088691053,0.7680655066530194,0.7575385902508339,"{""labels"": [""<=50K"", "">50K""], ""matrix"": [[3278, 437], [696, 474]]}"
adult,heom,5,borda,RetentionPolicy.DD_RETENTION,3,10,43958,4884,0.007058099996356759,7.247990800002299,7.2550488999986555,0.7704750204750205,0.6750045664596058,0.6401731866641107,0.6518362341342,0.7521316168182858,0.7704750204750205,0.7578662683665432,"{""labels"": [""<=50K"", "">50K""], ""matrix"": [[3307, 409], [712, 456]]}"
adult,heom,5,borda,RetentionPolicy.DD_RETENTION,4,10,43957,4885,0.005823899999086279,7.253408600001421,7.259232500000508,0.7705220061412488,0.6756213823629553,0.6424860566426734,0.653857704223471,0.7529691867672156,0.7705220061412488,0.7586334365875682,"{""labels"": [""<=50K"", "">50K""], ""matrix"": [[3300, 416], [705, 464]]}"
adult,heom,5,borda,RetentionPolicy.DD_RETENTION,5,10,43958,4884,0.006027499999618158,7.222351800002798,7.228379300002416,0.7692465192465192,0.6733257378192236,0.6408335115089137,0.6519861147703268,0.7516108598809625,0.7692465192465192,0.757375712867448,"{""labels"": [""<=50K"", "">50K""], ""matrix"": [[3296, 420], [707, 461]]}"
adult,heom,5,borda,RetentionPolicy.DD_RETENTION,6,10,43958,4884,0.006677500001387671,7.245346399999107,7.252023900000495,0.7723177723177723,0.6786518689215196,0.6445616745743277,0.6562481723772047,0.7548414504061393,0.7723177723177723,0.7603754456149373,"{""labels"": [""<=50K"", "">50K""], ""matrix"": [[3305, 410], [702, 467]]}"
adult,heom,5,borda,RetentionPolicy.DD_RETENTION,7,10,43958,4884,0.007009799999650568,7.21798839999974,7.224998199999391,0.7710892710892711,0.675712327568608,0.6388156730613268,0.650864030179993,0.7520378464412995,0.7710892710892711,0.7577495548962668,"{""labels"": [""<=50K"", "">50K""], ""matrix"": [[3316, 400], [718, 450]]}"
adult,heom,5,borda,RetentionPolicy.DD_RETENTION,8,10,43958,4884,0.005926400001044385,7.294020699999237,7.299947100000281,0.7774365274365275,0.6873278236914601,0.6535538655499359,0.665534900484986,0.7613436125832821,0.7774365274365275,0.7664642263159691,"{""labels"": [""<=50K"", "">50K""], ""matrix"": [[3311, 405], [682, 486]]}"
adult,heom,5,borda,RetentionPolicy.DD_RETENTION,9,10,43957,4885,0.0064860999991651624,7.219941200004541,7.2264273000037065,0.763152507676561,0.6635473163841807,0.6331993190001266,0.6435076863884145,0.7449261965893517,0.763152507676561,0.7511034709037264,"{""labels"": [""<=50K"", "">50K""], ""matrix"": [[3279, 436], [721, 449]]}"
adult,heom,5,modified_plurality,RetentionPolicy.ALWAYS_RETAIN,0,10,43958,4884,0.006575799998245202,8.522547100001248,8.529122899999493,0.788083538083538,0.7084336286750459,0.638216856039891,0.6556255477781794,0.7661752771243685,0.788083538083538,0.7669619767373882,"{""labels"": [""<=50K"", "">50K""], ""matrix"": [[3439, 276], [759, 410]]}"
adult,heom,5,modified_plurality,RetentionPolicy.ALWAYS_RETAIN,1,10,43959,4883,0.006067700000130571,8.540076600002067,8.546144300002197,0.7784149088674995,0.6879875069805081,0.6295587584579362,0.6444947004645505,0.7548046211685461,0.7784149088674995,0.7583067694676572,"{""labels"": [""<=50K"", "">50K""], ""matrix"": [[3399, 316], [766, 402]]}"
adult,heom,5,modified_plurality,RetentionPolicy.ALWAYS_RETAIN,2,10,43957,4885,0.006073999997170176,8.47962820000248,8.48570219999965,0.7801432958034801,0.6917102077807337,0.6355874199077429,0.6508042599232613,0.7578855118142207,0.7801432958034801,0.7615233471466574,"{""labels"": [""<=50K"", "">50K""], ""matrix"": [[3392, 323], [751, 419]]}"
adult,heom,5,modified_plurality,RetentionPolicy.ALWAYS_RETAIN,3,10,43958,4884,0.005971700004010927,8.46574509999482,8.47171679999883,0.777027027027027,0.6851619027943787,0.6300959751979591,0.6446420631391729,0.7537243915304033,0.777027027027027,0.757797678028892,"{""labels"": [""<=50K"", "">50K""], ""matrix"": [[3388, 328], [761, 407]]}"
adult,heom,5,modified_plurality,RetentionPolicy.ALWAYS_RETAIN,4,10,43957,4885,0.005797999998321757,8.4176815000028,8.423479500001122,0.7746161719549641,0.680546517336256,0.6237762442207696,0.6378489687817588,0.7498538388039593,0.7746161719549641,0.7538869656112571,"{""labels"": [""<=50K"", "">50K""], ""matrix"": [[3393, 323], [778, 391]]}"
adult,heom,5,modified_plurality,RetentionPolicy.ALWAYS_RETAIN,5,10,43958,4884,0.005824799998663366,8.345999299999676,8.351824099998339,0.7811220311220312,0.6934341729258258,0.6316129252252385,0.6472151019891043,0.7578228365235005,0.7811220311220312,0.7606065461335701,"{""labels"": [""<=50K"", "">50K""], ""matrix"": [[3412, 304], [765, 403]]}"
adult,heom,5,modified_plurality,RetentionPolicy.ALWAYS_RETAIN,6,10,43958,4884,0.005991400001221336,8.431818000004569,8.43780940000579,0.777027027027027,0.6854407274876071,0.6300696434471952,0.6446420631391729,0.7537014765003012,0.777027027027027,0.7577088588649283,"{""labels"": [""<=50K"", "">50K""], ""matrix"": [[3388, 327], [762, 407]]}"
adult,heom,5,modified_plurality,RetentionPolicy.ALWAYS_RETAIN,7,10,43958,4884,0.0061850999991293065,8.479125800004113,8.485310900003242,0.7821457821457821,0.6954601591340086,0.6334598072754619,0.649292791862551,0.759223140494863,0.7821457821457821,0.7619040424419499,"{""labels"": [""<=50K"", "">50K""], ""matrix"": [[3413, 303], [761, 407]]}"
adult,heom,5,modified_plurality,RetentionPolicy.ALWAYS_RETAIN,8,10,43958,4884,0.00579460000153631,8.507549399997515,8.513343999999051,0.7813267813267813,0.6937670032041594,0.6329215941430615,0.6485443607539209,0.7583220711024351,0.7813267813267813,0.7612457623594001,"{""labels"": [""<=50K"", "">50K""], ""matrix"": [[3409, 307], [761, 407]]}"
adult,heom,5,modified_plurality,RetentionPolicy.ALWAYS_RETAIN,9,10,43957,4885,0.005747600000177044,8.629687600005127,8.635435200005304,0.768474923234391,0.6691258956651428,0.6200112733087161,0.6327073773502434,0.7436010871713982,0.768474923234391,0.7490469074092183,"{""labels"": [""<=50K"", "">50K""], ""matrix"": [[3362, 353], [778, 392]]}"
adult,heom,5,modified_plurality,RetentionPolicy.NEVER_RETAIN,0,10,43958,4884,0.0068436000001383945,6.8644327000001795,6.871276300000318,0.7874692874692875,0.7075230326548929,0.6357612020719184,0.6530494141196026,0.7651187216071987,0.7874692874692875,0.7656260580499636,"{""labels"": [""<=50K"", "">50K""], ""matrix"": [[3443, 272], [766, 403]]}"
adult,heom,5,modified_plurality,RetentionPolicy.NEVER_RETAIN,1,10,43959,4883,0.005609100000583567,6.871238799998537,6.87684789999912,0.7761621953716977,0.6835057253431216,0.627197795866443,0.6416026457824449,0.7521691030454154,0.7761621953716977,0.756149160756986,"{""labels"": [""<=50K"", "">50K""], ""matrix"": [[3391, 324], [769, 399]]}"
adult,heom,5,modified_plurality,RetentionPolicy.NEVER_RETAIN,2,10,43957,4885,0.0062546000044676475,6.864503899996635,6.870758500001102,0.7801432958034801,0.6917816461434483,0.6338308543557534,0.6491346218150204,0.7574401566207566,0.7801432958034801,0.7608321344785479,"{""labels"": [""<=50K"", "">50K""], ""matrix"": [[3398, 317], [757, 413]]}"
adult,heom,5,modified_plurality,RetentionPolicy.NEVER_RETAIN,3,10,43958,4884,0.005988700002490077,6.839300599996932,6.845289299999422,0.777027027027027,0.6851619027943787,0.6300959751979591,0.6446420631391729,0.7537243915304033,0.777027027027027,0.757797678028892,"{""labels"": [""<=50K"", "">50K""], ""matrix"": [[3388, 328], [761, 407]]}"
adult,heom,5,modified_plurality,RetentionPolicy.NEVER_RETAIN,4,10,43957,4885,0.00585230000433512,6.948912799998652,6.954765100002987,0.775639713408393,0.6825837957567928,0.6235695224958356,0.6378803029220856,0.7507106776937361,0.775639713408393,0.7543334122843907,"{""labels"": [""<=50K"", "">50K""], ""matrix"": [[3401, 315], [781, 388]]}"
adult,heom,5,modified_plurality,RetentionPolicy.NEVER_RETAIN,5,10,43958,4884,0.0054539999982807785,6.857556100003421,6.863010100001702,0.7803030303030303,0.6918201387227936,0.6299005964581152,0.645317752541795,0.7566431426751924,0.7803030303030303,0.7594705861745954,"{""labels"": [""<=50K"", "">50K""], ""matrix"": [[3412, 304], [769, 399]]}"
adult,heom,5,modified_plurality,RetentionPolicy.NEVER_RETAIN,6,10,43958,4884,0.0055934000047273,6.917433399998117,6.9230268000028445,0.7772317772317773,0.6858429538861648,0.6287386004764169,0.6434029787284302,0.7535206572712517,0.7772317772317773,0.7572826983104896,"{""labels"": [""<=50K"", "">50K""], ""matrix"": [[3394, 321], [767, 402]]}"
adult,heom,5,modified_plurality,RetentionPolicy.NEVER_RETAIN,7,10,43958,4884,0.005507300003955606,6.929079100002127,6.934586400006083,0.7837837837837838,0.6991395575459767,0.6327750600881785,0.6490725179256953,0.7606902106435602,0.7837837837837838,0.7625042117149912,"{""labels"": [""<=50K"", "">50K""], ""matrix"": [[3427, 289], [767, 401]]}"
adult,heom,5,modified_plurality,RetentionPolicy.NEVER_RETAIN,8,10,43958,4884,0.006938999998965301,6.8974077999955625,6.904346799994528,0.7835790335790336,0.6984667480708469,0.6344016802571626,0.6506065838179658,0.7608204293459646,0.7835790335790336,0.7630572316743218,"{""labels"": [""<=50K"", "">50K""], ""matrix"": [[3420, 296], [761, 407]]}"
adult,heom,5,modified_plurality,RetentionPolicy.NEVER_RETAIN,9,10,43957,4885,0.005805000000691507,6.8570506000032765,6.862855600003968,0.7649948822927328,0.6627001746582759,0.616844968998401,0.6287960505029805,0.7398836999857865,0.7649948822927328,0.7459390132961268,"{""labels"": [""<=50K"", "">50K""], ""matrix"": [[3348, 367], [781, 389]]}"
adult,heom,5,modified_plurality,RetentionPolicy.DIFFERENT_CLASS_RETENTION,0,10,43958,4884,0.006340099993394688,7.22935540000617,7.235695499999565,0.7872645372645373,0.7066150401194253,0.6376784980318155,0.6548640190450397,0.765214817440046,0.7872645372645373,0.7662992981811855,"{""labels"": [""<=50K"", "">50K""], ""matrix"": [[3435, 280], [759, 410]]}"
adult,heom,5,modified_plurality,RetentionPolicy.DIFFERENT_CLASS_RETENTION,1,10,43959,4883,0.006064500004868023,7.276351199994679,7.282415699999547,0.7757526110997338,0.6827461495312543,0.6286895730009772,0.6429507976685461,0.7522349901340462,0.7757526110997338,0.7565324695319561,"{""labels"": [""<=50K"", "">50K""], ""matrix"": [[3383, 332], [763, 405]]}"
adult,heom,5,modified_plurality,RetentionPolicy.DIFFERENT_CLASS_RETENTION,2,10,43957,4885,0.005643700002110563,7.307165300000634,7.312809000002744,0.7803480040941658,0.6920628969469509,0.6371858140364197,0.6523657194565646,0.7584789766660353,0.7803480040941658,0.7622560414547748,"{""labels"": [""<=50K"", "">50K""], ""matrix"": [[3388, 327], [746, 424]]}"
adult,heom,5,modified_plurality,RetentionPolicy.DIFFERENT_CLASS_RETENTION,3,10,43958,4884,0.005884899997909088,7.325257299999066,7.331142199996975,0.7755937755937756,0.6823841698841698,0.6288605733075777,0.6430681581769008,0.7521544622895974,0.7755937755937756,0.7565343117986068,"{""labels"": [""<=50K"", "">50K""], ""matrix"": [[3382, 334], [762, 406]]}"
adult,heom,5,modified_plurality,RetentionPolicy.DIFFERENT_CLASS_RETENTION,4,10,43957,4885,0.0057697999945958145,7.282548100003623,7.288317899998219,0.7752302968270215,0.6817991808793689,0.6256457176374608,0.6398537587623883,0.7509159547157532,0.7752302968270215,0.754980317176619,"{""labels"": [""<=50K"", "">50K""], ""matrix"": [[3391, 325], [773, 396]]}"
adult,heom,5,modified_plurality,RetentionPolicy.DIFFERENT_CLASS_RETENTION,5,10,43958,4884,0.006435600000259001,7.287670899997465,7.294106499997724,0.7813267813267813,0.6937453757814259,0.6332151230517422,0.6488283938768189,0.7583912104655411,0.7813267813267813,0.761363690950987,"{""labels"": [""<=50K"", "">50K""], ""matrix"": [[3408, 308], [760, 408]]}"
adult,heom,5,modified_plurality,RetentionPolicy.DIFFERENT_CLASS_RETENTION,6,10,43958,4884,0.005968000004941132,7.301630699999805,7.307598700004746,0.7747747747747747,0.681062499285867,0.6277097794413097,0.6417654872213421,0.7511128379220264,0.7747747747747747,0.7555563629306968,"{""labels"": [""<=50K"", "">50K""], ""matrix"": [[3380, 335], [765, 404]]}"
adult,heom,5,modified_plurality,RetentionPolicy.DIFFERENT_CLASS_RETENTION,7,10,43958,4884,0.006221299998287577,7.2619518000065,7.268173100004788,0.7815315315315315,0.6941886188714368,0.6330561474261616,0.6487313122415523,0.7585465545157172,0.7815315315315315,0.761410286184565,"{""labels"": [""<=50K"", "">50K""], ""matrix"": [[3410, 306], [761, 407]]}"
adult,heom,5,modified_plurality,RetentionPolicy.DIFFERENT_CLASS_RETENTION,8,10,43958,4884,0.00662910000392003,7.307856400002493,7.314485500006413,0.7813267813267813,0.6937243663721571,0.6335086519604229,0.6491117794467333,0.7584607217388574,0.7813267813267813,0.7614813007243726,"{""labels"": [""<=50K"", "">50K""], ""matrix"": [[3407, 309], [759, 409]]}"
adult,heom,5,modified_plurality,RetentionPolicy.DIFFERENT_CLASS_RETENTION,9,10,43957,4885,0.005774000004748814,7.309322000000975,7.315096000005724,0.7656090071647902,0.6640082221182757,0.6184197812057839,0.6304892169303927,0.74089611921711,0.7656090071647902,0.746900816844591,"{""labels"": [""<=50K"", "">50K""], ""matrix"": [[3347, 368], [777, 393]]}"
adult,heom,5,modified_plurality,RetentionPolicy.DD_RETENTION,0,10,43958,4884,0.007211800002551172,7.4894910999937565,7.496702899996308,0.7870597870597871,0.7064693668566924,0.6360782760569996,0.6532457691336196,0.764726950569662,0.7870597870597871,0.7655366358574239,"{""labels"": [""<=50K"", "">50K""], ""matrix"": [[3439, 276], [764, 405]]}"
adult,heom,5,modified_plurality,RetentionPolicy.DD_RETENTION,1,10,43959,4883,0.005774299999757204,7.389682700006233,7.39545700000599,0.7778005324595536,0.6867564071204965,0.6291549899518796,0.6439396133767367,0.7541465225632685,0.7778005324595536,0.7578152850213373,"{""labels"": [""<=50K"", "">50K""], ""matrix"": [[3396, 319], [766, 402]]}"
adult,heom,5,modified_plurality,RetentionPolicy.DD_RETENTION,2,10,43957,4885,0.005899299998418428,7.424838099999761,7.430737399998179,0.7787103377686796,0.6889273327168168,0.6337670106176163,0.6486673278581779,0.7561523247312301,0.7787103377686796,0.7600265002075139,"{""labels"": [""<=50K"", "">50K""], ""matrix"": [[3388, 327], [754, 416]]}"
adult,heom,5,modified_plurality,RetentionPolicy.DD_RETENTION,3,10,43958,4884,0.005935599998338148,7.370381900000211,7.3763174999985495,0.7772317772317773,0.6855634983858119,0.63052405738974,0.6451097224240663,0.75401917672682,0.7772317772317773,0.7580785129106593,"{""labels"": [""<=50K"", "">50K""], ""matrix"": [[3388, 328], [760, 408]]}"
adult,heom,5,modified_plurality,RetentionPolicy.DD_RETENTION,4,10,43957,4885,0.0062170999954105355,7.436938400001964,7.443155499997374,0.7746161719549641,0.6805643292269209,0.624362569647726,0.6384332710082089,0.7500192562864529,0.7746161719549641,0.7541296848545684,"{""labels"": [""<=50K"", "">50K""], ""matrix"": [[3391, 325], [776, 393]]}"
adult,heom,5,modified_plurality,RetentionPolicy.DD_RETENTION,5,10,43958,4884,0.006283000002440531,7.441442799994547,7.447725799996988,0.780917280917281,0.6929270901467954,0.6326524875768613,0.6481707691462513,0.757874658537061,0.780917280917281,0.7609168064771125,"{""labels"": [""<=50K"", "">50K""], ""matrix"": [[3407, 309], [761, 407]]}"
adult,heom,5,modified_plurality,RetentionPolicy.DD_RETENTION,6,10,43958,4884,0.005766800000856165,7.395941599999787,7.4017084000006435,0.7757985257985258,0.6830218109628613,0.627796473962285,0.6421135429145143,0.752008235019988,0.7757985257985258,0.7561376522688504,"{""labels"": [""<=50K"", "">50K""], ""matrix"": [[3387, 328], [767, 402]]}"
adult,heom,5,modified_plurality,RetentionPolicy.DD_RETENTION,7,10,43958,4884,0.006850799996755086,7.352796099999978,7.359646899996733,0.7835790335790336,0.698395673214163,0.634988738074524,0.6511752692258963,0.7609452992111918,0.7835790335790336,0.763293844025429,"{""labels"": [""<=50K"", "">50K""], ""matrix"": [[3418, 298], [759, 409]]}"
adult,heom,5,modified_plurality,RetentionPolicy.DD_RETENTION,8,10,43958,4884,0.0063519999966956675,7.454471900004137,7.4608239000008325,0.7825552825552825,0.6962841736571803,0.6340224427503428,0.6499520159379972,0.7597422526041677,0.7825552825552825,0.7623515912343521,"{""labels"": [""<=50K"", "">50K""], ""matrix"": [[3414, 302], [760, 408]]}"
adult,heom,5,modified_plurality,RetentionPolicy.DD_RETENTION,9,10,43957,4885,0.0059668000030796975,7.418942500000412,7.424909300003492,0.7676560900716479,0.6675859228762966,0.6191801543753092,0.6316991516188737,0.7426901916796493,0.7676560900716479,0.7482794778864985,"{""labels"": [""<=50K"", "">50K""], ""matrix"": [[3359, 356], [779, 391]]}"
adult,heom,7,borda,RetentionPolicy.ALWAYS_RETAIN,0,10,43958,4884,0.006921500003954861,8.30701119999867,8.313932700002624,0.7848075348075348,0.7003094849150033,0.644564092349813,0.6605424446932304,0.7642607438408016,0.7848075348075348,0.7676080688661641,"{""labels"": [""<=50K"", "">50K""], ""matrix"": [[3394, 321], [730, 439]]}"
adult,heom,7,borda,RetentionPolicy.ALWAYS_RETAIN,1,10,43959,4883,0.005868700005521532,8.363537599994743,8.369406300000264,0.7786197010034814,0.6884031962257783,0.6399655921016243,0.6543321258858171,0.7578445494046269,0.7786197010034814,0.7624470349789493,"{""labels"": [""<=50K"", "">50K""], ""matrix"": [[3365, 350], [731, 437]]}"
adult,heom,7,borda,RetentionPolicy.ALWAYS_RETAIN,2,10,43957,4885,0.005989099998259917,8.321855599999253,8.327844699997513,0.7805527123848516,0.6923894790141266,0.6458104703730545,0.6602307102978762,0.7610268081448991,0.7805527123848516,0.765569373975672,"{""labels"": [""<=50K"", "">50K""], ""matrix"": [[3360, 355], [717, 453]]}"
adult,heom,7,borda,RetentionPolicy.ALWAYS_RETAIN,3,10,43958,4884,0.006143799997516908,8.323503799998434,8.329647599995951,0.7764127764127764,0.6843390140526507,0.6382046537003996,0.652031805716636,0.755603882367839,0.7764127764127764,0.7605669815158709,"{""labels"": [""<=50K"", "">50K""], ""matrix"": [[3356, 360], [732, 436]]}"
adult,heom,7,borda,RetentionPolicy.ALWAYS_RETAIN,4,10,43957,4885,0.006784900004277006,8.294557099994563,8.30134199999884,0.7733879222108495,0.6789281466016135,0.6335227822073828,0.646866293804877,0.751811832901742,0.7733879222108495,0.757075113076427,"{""labels"": [""<=50K"", "">50K""], ""matrix"": [[3351, 365], [742, 427]]}"
adult,heom,7,borda,RetentionPolicy.ALWAYS_RETAIN,5,10,43958,4884,0.006161199999041855,8.271851099998457,8.2780122999975,0.7731367731367731,0.6781001649422702,0.6313553386319064,0.644761759716832,0.7509501281431106,0.7731367731367731,0.7561716828074349,"{""labels"": [""<=50K"", "">50K""], ""matrix"": [[3356, 360], [748, 420]]}"
adult,heom,7,borda,RetentionPolicy.ALWAYS_RETAIN,6,10,43958,4884,0.006201200005307328,8.255522499996005,8.261723700001312,0.7782555282555282,0.6879287952093909,0.6396709752960912,0.6539756604141782,0.757448705226158,0.7782555282555282,0.7620783401285879,"{""labels"": [""<=50K"", "">50K""], ""matrix"": [[3364, 351], [732, 437]]}"
adult,heom,7,borda,RetentionPolicy.ALWAYS_RETAIN,7,10,43958,4884,0.006157399999210611,8.256155700000818,8.262313100000028,0.7790745290745291,0.6891823409387164,0.6405409041980624,0.6549893400172773,0.7583803153707558,0.7790745290745291,0.7629337106959654,"{""labels"": [""<=50K"", "">50K""], ""matrix"": [[3367, 349], [730, 438]]}"
adult,heom,7,borda,RetentionPolicy.ALWAYS_RETAIN,8,10,43958,4884,0.00606270000571385,8.270149699994363,8.276212400000077,0.7856265356265356,0.701357302969658,0.6486624850701151,0.6644484226270997,0.7659924639599424,0.7856265356265356,0.7696483653605112,"{""labels"": [""<=50K"", "">50K""], ""matrix"": [[3386, 330], [717, 451]]}"
adult,heom,7,borda,RetentionPolicy.ALWAYS_RETAIN,9,10,43957,4885,0.006000599998515099,8.315885399999388,8.321885999997903,0.7678607983623337,0.6695556513168894,0.6292686153386019,0.6413906940082695,0.7463706956001733,0.7678607983623337,0.7523408544981328,"{""labels"": [""<=50K"", "">50K""], ""matrix"": [[3326, 389], [745, 425]]}"
adult,heom,7,borda,RetentionPolicy.NEVER_RETAIN,0,10,43958,4884,0.006958899997698609,6.725454400002491,6.732413300000189,0.7862407862407862,0.7032432364216353,0.6446268393802665,0.6610775335353305,0.7655770894716526,0.7862407862407862,0.7684446633830698,"{""labels"": [""<=50K"", "">50K""], ""matrix"": [[3404, 311], [733, 436]]}"
adult,heom,7,borda,RetentionPolicy.NEVER_RETAIN,1,10,43959,4883,0.006005399998684879,6.713731700001517,6.719737100000202,0.7771861560516076,0.6857878466898266,0.6387299728977304,0.6527589975267586,0.7563521067518018,0.7771861560516076,0.7611804729844358,"{""labels"": [""<=50K"", "">50K""], ""matrix"": [[3359, 356], [732, 436]]}"
adult,heom,7,borda,RetentionPolicy.NEVER_RETAIN,2,10,43957,4885,0.005578099997364916,6.789871799999673,6.795449899997038,0.7778915046059366,0.687549476312264,0.6417187194441569,0.6557205608918407,0.7577541975358966,0.7778915046059366,0.7625676577139623,"{""labels"": [""<=50K"", "">50K""], ""matrix"": [[3355, 360], [725, 445]]}"
adult,heom,7,borda,RetentionPolicy.NEVER_RETAIN,3,10,43958,4884,0.005411599995568395,6.73471850000351,6.740130099999078,0.7762080262080262,0.6839931493314011,0.6383636293259802,0.6521106134829351,0.7554975639028073,0.7762080262080262,0.7605097247697133,"{""labels"": [""<=50K"", "">50K""], ""matrix"": [[3354, 362], [731, 437]]}"
adult,heom,7,borda,RetentionPolicy.NEVER_RETAIN,4,10,43957,4885,0.00549190000310773,6.775748099993507,6.781239999996615,0.7733879222108495,0.6787111457625077,0.6311774804995576,0.6446893402432714,0.7510609056226717,0.7733879222108495,0.756184336253959,"{""labels"": [""<=50K"", "">50K""], ""matrix"": [[3359, 357], [750, 419]]}"
adult,heom,7,borda,RetentionPolicy.NEVER_RETAIN,5,10,43958,4884,0.005644800003210548,6.727113699998881,6.732758500002092,0.7710892710892711,0.6742499846609826,0.6282486323488211,0.6412789920016356,0.7483925633326409,0.7710892710892711,0.7538578181130363,"{""labels"": [""<=50K"", "">50K""], ""matrix"": [[3352, 364], [754, 414]]}"
adult,heom,7,borda,RetentionPolicy.NEVER_RETAIN,6,10,43958,4884,0.005555700001423247,6.735962500002643,6.741518200004066,0.7782555282555282,0.6879381991552936,0.6399641017906506,0.6542403952560334,0.7575350272089248,0.7782555282555282,0.7621865588856792,"{""labels"": [""<=50K"", "">50K""], ""matrix"": [[3363, 352], [731, 438]]}"
adult,heom,7,borda,RetentionPolicy.NEVER_RETAIN,7,10,43958,4884,0.005604600002698135,6.767372099995555,6.772976699998253,0.7819410319410319,0.6946046574752276,0.6400764188920183,0.6554816852152056,0.7606382130060495,0.7819410319410319,0.7643760466404862,"{""labels"": [""<=50K"", "">50K""], ""matrix"": [[3389, 327], [738, 430]]}"
adult,heom,7,borda,RetentionPolicy.NEVER_RETAIN,8,10,43958,4884,0.005667199999152217,6.729939299999387,6.735606499998539,0.7856265356265356,0.701441687857932,0.6474883694353923,0.6634097995110256,0.765702620186992,0.7856265356265356,0.7692229981594523,"{""labels"": [""<=50K"", "">50K""], ""matrix"": [[3390, 326], [721, 447]]}"
adult,heom,7,borda,RetentionPolicy.NEVER_RETAIN,9,10,43957,4885,0.005539500001759734,6.72083990000101,6.72637940000277,0.7658137154554759,0.6661034569280786,0.6276299593930819,0.6393106496440893,0.744401083571777,0.7658137154554759,0.75059661662991,"{""labels"": [""<=50K"", "">50K""], ""matrix"": [[3317, 398], [746, 424]]}"
adult,heom,7,borda,RetentionPolicy.DIFFERENT_CLASS_RETENTION,0,10,43958,4884,0.006391199996869545,7.1392546000060975,7.145645800002967,0.7841932841932842,0.6991094744401259,0.6441603238437564,0.6599719720100571,0.7636191169748314,0.7841932841932842,0.7671086457290599,"{""labels"": [""<=50K"", "">50K""], ""matrix"": [[3391, 324], [730, 439]]}"
adult,heom,7,borda,RetentionPolicy.DIFFERENT_CLASS_RETENTION,1,10,43959,4883,0.0060178999992785975,7.1766330000027665,7.182650900002045,0.7755478189637518,0.682882508260102,0.6379467495713417,0.6515349534969124,0.7548613269127998,0.7755478189637518,0.7599663878752303,"{""labels"": [""<=50K"", "">50K""], ""matrix"": [[3350, 365], [731, 437]]}"
adult,heom,7,borda,RetentionPolicy.DIFFERENT_CLASS_RETENTION,2,10,43957,4885,0.006207300000824034,7.1716413000031025,7.1778486000039265,0.7803480040941658,0.6920465609726449,0.646846924572362,0.6610626789666689,0.76117211395458,0.7803480040941658,0.7658180800879524,"{""labels"": [""<=50K"", "">50K""], ""matrix"": [[3355, 360], [713, 457]]}"
adult,heom,7,borda,RetentionPolicy.DIFFERENT_CLASS_RETENTION,3,10,43958,4884,0.006550799997057766,7.144066300003033,7.15061710000009,0.7762080262080262,0.6840335937001742,0.6389506871433417,0.6526385182296044,0.755681078151061,0.7762080262080262,0.7607247201963118,"{""labels"": [""<=50K"", "">50K""], ""matrix"": [[3352, 364], [729, 439]]}"
adult,heom,7,borda,RetentionPolicy.DIFFERENT_CLASS_RETENTION,4,10,43957,4885,0.006664300002739765,7.139536800001224,7.146201100003964,0.7742067553735926,0.6805393206854345,0.6358199716206523,0.6492125184299731,0.753163660457349,0.7742067553735926,0.7583895834146779,"{""labels"": [""<=50K"", "">50K""], ""matrix"": [[3349, 367], [736, 433]]}"
adult,heom,7,borda,RetentionPolicy.DIFFERENT_CLASS_RETENTION,5,10,43958,4884,0.006153900001663715,7.167572199999995,7.173726100001659,0.7733415233415234,0.6785792374809224,0.6326640075497294,0.6460363293782446,0.7515261572310163,0.7733415233415234,0.7567818514739887,"{""labels"": [""<=50K"", "">50K""], ""matrix"": [[3353, 363], [744, 424]]}"
adult,heom,7,borda,RetentionPolicy.DIFFERENT_CLASS_RETENTION,6,10,43958,4884,0.005980699999781791,7.108205399999861,7.1141860999996425,0.7768222768222768,0.6853671128077784,0.6393151017710781,0.6531973108192621,0.7562267742748852,0.7768222768222768,0.7611359814103718,"{""labels"": [""<=50K"", "">50K""], ""matrix"": [[3355, 360], [730, 439]]}"
adult,heom,7,borda,RetentionPolicy.DIFFERENT_CLASS_RETENTION,7,10,43958,4884,0.0059814000051119365,7.14058759999898,7.146569000004092,0.7788697788697788,0.6887999731762655,0.6401128220062816,0.6545370760666562,0.7580928067834732,0.7788697788697788,0.7626598496988598,"{""labels"": [""<=50K"", "">50K""], ""matrix"": [[3367, 349], [731, 437]]}"
adult,heom,7,borda,RetentionPolicy.DIFFERENT_CLASS_RETENTION,8,10,43958,4884,0.006231599996681325,7.163183600001503,7.169415199998184,0.7848075348075348,0.6997706560444203,0.6487113297550762,0.6641998329596503,0.765310271013693,0.7848075348075348,0.7691907534613277,"{""labels"": [""<=50K"", "">50K""], ""matrix"": [[3380, 336], [715, 453]]}"
adult,heom,7,borda,RetentionPolicy.DIFFERENT_CLASS_RETENTION,9,10,43957,4885,0.006465899998147506,7.174832600001537,7.181298499999684,0.7666325486182191,0.6675104251042511,0.6284610783264888,0.6403030577049773,0.7452502723594278,0.7666325486182191,0.7513595531710223,"{""labels"": [""<=50K"", "">50K""], ""matrix"": [[3320, 395], [745, 425]]}"
adult,heom,7,borda,RetentionPolicy.DD_RETENTION,0,10,43958,4884,0.006674699994619004,7.5163787999990745,7.5230534999936935,0.7858312858312858,0.7023592871313102,0.6449439133653477,0.661229447297522,0.7652721671461528,0.7858312858312858,0.7683315002708382,"{""labels"": [""<=50K"", "">50K""], ""matrix"": [[3400, 315], [731, 438]]}"
adult,heom,7,borda,RetentionPolicy.DD_RETENTION,1,10,43959,4883,0.006196500005898997,7.514071699995839,7.520268200001738,0.7788244931394634,0.6887645456070536,0.6395131962241192,0.6539878749704747,0.7578765330626268,0.7788244931394634,0.7623952621086997,"{""labels"": [""<=50K"", "">50K""], ""matrix"": [[3368, 347], [733, 435]]}"
adult,heom,7,borda,RetentionPolicy.DD_RETENTION,2,10,43957,4885,0.005870400003914256,7.499616499997501,7.505486900001415,0.7803480040941658,0.6920114785044452,0.6450903590203725,0.6595282597575531,0.7606577251077548,0.7803480040941658,0.7651936375364807,"{""labels"": [""<=50K"", "">50K""], ""matrix"": [[3361, 354], [719, 451]]}"
adult,heom,7,borda,RetentionPolicy.DD_RETENTION,3,10,43958,4884,0.005873500005691312,7.459117499995045,7.464991000000737,0.7768222768222768,0.6850562072336266,0.6381802313579191,0.6521385705921713,0.7559107361160148,0.7768222768222768,0.7607890779363261,"{""labels"": [""<=50K"", "">50K""], ""matrix"": [[3359, 357], [733, 435]]}"
adult,heom,7,borda,RetentionPolicy.DD_RETENTION,4,10,43957,4885,0.005938800000876654,7.495813599998655,7.501752399999532,0.7735926305015353,0.6792367181933356,0.6330710100635266,0.6465097515183016,0.7518203813310538,0.7735926305015353,0.7570184892343467,"{""labels"": [""<=50K"", "">50K""], ""matrix"": [[3354, 362], [744, 425]]}"
adult,heom,7,borda,RetentionPolicy.DD_RETENTION,5,10,43958,4884,0.00638049999543,7.550192000002426,7.556572499997856,0.7747747747747747,0.6811087744305805,0.6330188227140687,0.6467816657830291,0.7527357158702584,0.7747747747747747,0.7577090269092087,"{""labels"": [""<=50K"", "">50K""], ""matrix"": [[3362, 354], [746, 422]]}"
adult,heom,7,borda,RetentionPolicy.DD_RETENTION,6,10,43958,4884,0.005857999996806029,7.498449400001846,7.504307399998652,0.7784602784602784,0.6882803033163643,0.6389261853144317,0.6533648188598303,0.7573947574754267,0.7784602784602784,0.7619173206126392,"{""labels"": [""<=50K"", "">50K""], ""matrix"": [[3368, 347], [735, 434]]}"
adult,heom,7,borda,RetentionPolicy.DD_RETENTION,7,10,43958,4884,0.006185799997183494,7.449773500004085,7.455959300001268,0.7796887796887797,0.6903033619369485,0.6400639773213206,0.6547550942699104,0.7587390724031943,0.7796887796887797,0.7631046621553015,"{""labels"": [""<=50K"", "">50K""], ""matrix"": [[3373, 343], [733, 435]]}"
adult,heom,7,borda,RetentionPolicy.DD_RETENTION,8,10,43958,4884,0.006080799998017028,7.463331600003585,7.469412400001602,0.7864455364455365,0.7030044246155069,0.6483201114764734,0.6644356145092323,0.7666214063458826,0.7864455364455365,0.7699980189553114,"{""labels"": [""<=50K"", "">50K""], ""matrix"": [[3393, 323], [720, 448]]}"
adult,heom,7,borda,RetentionPolicy.DD_RETENTION,9,10,43957,4885,0.005893300003663171,7.472899200001848,7.478792500005511,0.769293756397134,0.6719324686396297,0.6299179809274021,0.6423936148618475,0.7475918510343927,0.769293756397134,0.753376728335148,"{""labels"": [""<=50K"", "">50K""], ""matrix"": [[3334, 381], [746, 424]]}"
adult,heom,7,modified_plurality,RetentionPolicy.ALWAYS_RETAIN,0,10,43958,4884,0.006371399998897687,8.445483800001966,8.451855200000864,0.7907452907452908,0.7192855520213579,0.6273620803000804,0.6452183910921773,0.7683250384879706,0.7907452907452908,0.7636683548123905,"{""labels"": [""<=50K"", "">50K""], ""matrix"": [[3495, 220], [802, 367]]}"
adult,heom,7,modified_plurality,RetentionPolicy.ALWAYS_RETAIN,1,10,43959,4883,0.005860299999767449,8.359063100004278,8.364923400004045,0.7880401392586525,0.7113595167788123,0.6267861916702004,0.6440022729621265,0.7646488879810369,0.7880401392586525,0.7621170332510034,"{""labels"": [""<=50K"", "">50K""], ""matrix"": [[3477, 238], [797, 371]]}"
adult,heom,7,modified_plurality,RetentionPolicy.ALWAYS_RETAIN,2,10,43957,4885,0.00628129999677185,8.498951000001398,8.50523229999817,0.7856704196519959,0.7055257771747594,0.6269253775983251,0.643636094307418,0.7618239044462379,0.7856704196519959,0.7608466513767924,"{""labels"": [""<=50K"", "">50K""], ""matrix"": [[3461, 254], [793, 377]]}"
adult,heom,7,modified_plurality,RetentionPolicy.ALWAYS_RETAIN,3,10,43958,4884,0.005771399999503046,8.381327199997031,8.387098599996534,0.7856265356265356,0.7050682319793379,0.6257672301930195,0.6423885993422698,0.7615521498915723,0.7856265356265356,0.7604637406079796,"{""labels"": [""<=50K"", "">50K""], ""matrix"": [[3464, 252], [795, 373]]}"
adult,heom,7,modified_plurality,RetentionPolicy.ALWAYS_RETAIN,4,10,43957,4885,0.0059599000014713965,8.456598800003121,8.462558700004593,0.7854657113613102,0.7069309579572467,0.619474222399427,0.6355602861597934,0.760716388696733,0.7854657113613102,0.757427224553749,"{""labels"": [""<=50K"", "">50K""], ""matrix"": [[3485, 231], [817, 352]]}"
adult,heom,7,modified_plurality,RetentionPolicy.ALWAYS_RETAIN,5,10,43958,4884,0.0060765000016544946,8.382866200001445,8.3889427000031,0.7854217854217854,0.706382998997867,0.6197620987363051,0.6358687006973828,0.7606369935582507,0.7854217854217854,0.7576135121599316,"{""labels"": [""<=50K"", "">50K""], ""matrix"": [[3483, 233], [815, 353]]}"
adult,heom,7,modified_plurality,RetentionPolicy.ALWAYS_RETAIN,6,10,43958,4884,0.006041399996320251,8.449442199998884,8.455483599995205,0.7848075348075348,0.7036923172098904,0.6243383642252123,0.6407116019695653,0.7604284007273636,0.7848075348075348,0.7593240316512564,"{""labels"": [""<=50K"", "">50K""], ""matrix"": [[3463, 252], [799, 370]]}"
adult,heom,7,modified_plurality,RetentionPolicy.ALWAYS_RETAIN,7,10,43958,4884,0.006076300000131596,8.374287200000254,8.380363500000385,0.7899262899262899,0.7156613103736891,0.6291799069554831,0.6469594594594594,0.7672499602919081,0.7899262899262899,0.7641665006529871,"{""labels"": [""<=50K"", "">50K""], ""matrix"": [[3483, 233], [793, 375]]}"
adult,heom,7,modified_plurality,RetentionPolicy.ALWAYS_RETAIN,8,10,43958,4884,0.006194499997945968,8.485519200003182,8.491713700001128,0.7876740376740377,0.7102391675257427,0.6268192341153398,0.6439534288136808,0.7641768518171193,0.7876740376740377,0.7619682890702677,"{""labels"": [""<=50K"", "">50K""], ""matrix"": [[3475, 241], [796, 372]]}"
adult,heom,7,modified_plurality,RetentionPolicy.ALWAYS_RETAIN,9,10,43957,4885,0.006091800001740921,8.565709499998775,8.571801300000516,0.7789150460593655,0.6902668200544522,0.6195563147783875,0.6344420220806497,0.7529884589709114,0.7789150460593655,0.754169747911269,"{""labels"": [""<=50K"", "">50K""], ""matrix"": [[3438, 277], [803, 367]]}"
adult,heom,7,modified_plurality,RetentionPolicy.NEVER_RETAIN,0,10,43958,4884,0.006514300002891105,6.856591699994169,6.86310599999706,0.790950040950041,0.7201289738170211,0.6269104168129804,0.6447751269842277,0.7685995213763406,0.790950040950041,0.7635626568140906,"{""labels"": [""<=50K"", "">50K""], ""matrix"": [[3498, 217], [804, 365]]}"
adult,heom,7,modified_plurality,RetentionPolicy.NEVER_RETAIN,1,10,43959,4883,0.005707699994673021,6.8357168000002275,6.8414244999949005,0.7861970100348147,0.7074749278469883,0.623226944633935,0.6398021044420515,0.7619748309000989,0.7861970100348147,0.7595797544724942,"{""labels"": [""<=50K"", "">50K""], ""matrix"": [[3476, 239], [805, 363]]}"
adult,heom,7,modified_plurality,RetentionPolicy.NEVER_RETAIN,2,10,43957,4885,0.005687099997885525,6.880144700000528,6.885831799998414,0.7866939611054248,0.7084835403528307,0.6261345204817614,0.6430311631100948,0.7629717749039809,0.7866939611054248,0.7610117442324293,"{""labels"": [""<=50K"", "">50K""], ""matrix"": [[3471, 244], [798, 372]]}"
adult,heom,7,modified_plurality,RetentionPolicy.NEVER_RETAIN,3,10,43958,4884,0.0056215000004158355,6.870465799998783,6.876087299999199,0.7862407862407862,0.7068382648279555,0.6252903033162776,0.6420183416159673,0.7622373953208067,0.7862407862407862,0.7605598864237217,"{""labels"": [""<=50K"", "">50K""], ""matrix"": [[3470, 246], [798, 370]]}"
adult,heom,7,modified_plurality,RetentionPolicy.NEVER_RETAIN,4,10,43957,4885,0.005538799996429589,6.905601600003138,6.911140399999567,0.7862845445240533,0.708878673846701,0.6205987609587836,0.6369512774339927,0.7618909762439089,0.7862845445240533,0.7583530748417119,"{""labels"": [""<=50K"", "">50K""], ""matrix"": [[3487, 229], [815, 354]]}"
adult,heom,7,modified_plurality,RetentionPolicy.NEVER_RETAIN,5,10,43958,4884,0.0053926000036881305,6.8853499999968335,6.890742600000522,0.7848075348075348,0.706030156931607,0.6158360919828362,0.6313672403373729,0.7594997250796793,0.7848075348075348,0.7554440001945524,"{""labels"": [""<=50K"", "">50K""], ""matrix"": [[3492, 224], [827, 341]]}"
adult,heom,7,modified_plurality,RetentionPolicy.NEVER_RETAIN,6,10,43958,4884,0.005544199993892107,6.852355800001533,6.857899999995425,0.7856265356265356,0.7057053058957938,0.6248767222332876,0.6414576392855809,0.761483664145374,0.7856265356265356,0.7599768546824394,"{""labels"": [""<=50K"", "">50K""], ""matrix"": [[3467, 248], [799, 370]]}"
adult,heom,7,modified_plurality,RetentionPolicy.NEVER_RETAIN,7,10,43958,4884,0.005348899998352863,6.878623399999924,6.883972299998277,0.7917690417690417,0.7216334068865073,0.6280426552339384,0.6461668013153374,0.769698387435377,0.7917690417690417,0.7645819014353626,"{""labels"": [""<=50K"", "">50K""], ""matrix"": [[3500, 216], [801, 367]]}"
adult,heom,7,modified_plurality,RetentionPolicy.NEVER_RETAIN,8,10,43958,4884,0.005702299997210503,6.837381000004825,6.843083300002036,0.7889025389025389,0.7137126114425991,0.6267459670878983,0.6441468694044641,0.7657451848179188,0.7889025389025389,0.7625537541174962,"{""labels"": [""<=50K"", "">50K""], ""matrix"": [[3484, 232], [799, 369]]}"
adult,heom,7,modified_plurality,RetentionPolicy.NEVER_RETAIN,9,10,43957,4885,0.006153399997856468,6.8242419000016525,6.830395299999509,0.7783009211873081,0.6889413280363805,0.6185670244216678,0.6332704863378663,0.7521311487002068,0.7783009211873081,0.7534210256255711,"{""labels"": [""<=50K"", "">50K""], ""matrix"": [[3437, 278], [805, 365]]}"
adult,heom,7,modified_plurality,RetentionPolicy.DIFFERENT_CLASS_RETENTION,0,10,43958,4884,0.006828099998529069,7.266099100001156,7.272927199999685,0.7911547911547911,0.7202537010290846,0.6279243857986776,0.6459126799550106,0.7689098130129253,0.7911547911547911,0.7641308433548321,"{""labels"": [""<=50K"", "">50K""], ""matrix"": [[3496, 219], [801, 368]]}"
adult,heom,7,modified_plurality,RetentionPolicy.DIFFERENT_CLASS_RETENTION,1,10,43959,4883,0.006266699994739611,7.325841700003366,7.332108399998106,0.7884497235306164,0.7124067435885977,0.6270553706742381,0.6443788698905988,0.7651953698934005,0.7884497235306164,0.7624446563195321,"{""labels"": [""<=50K"", "">50K""], ""matrix"": [[3479, 236], [797, 371]]}"
adult,heom,7,modified_plurality,RetentionPolicy.DIFFERENT_CLASS_RETENTION,2,10,43957,4885,0.006627499999012798,7.309130299996468,7.315757799995481,0.7844421699078813,0.7022402740203634,0.62758164521287,0.6440352204036358,0.7604980921862596,0.7844421699078813,0.7605070869252475,"{""labels"": [""<=50K"", "">50K""], ""matrix"": [[3450, 265], [788, 382]]}"
adult,heom,7,modified_plurality,RetentionPolicy.DIFFERENT_CLASS_RETENTION,3,10,43958,4884,0.006050099997082725,7.347450300003402,7.353500400000485,0.7854217854217854,0.7045696355066277,0.6256326769099194,0.6422017040330908,0.7612908023523937,0.7854217854217854,0.7603003342526358,"{""labels"": [""<=50K"", "">50K""], ""matrix"": [[3463, 253], [795, 373]]}"
adult,heom,7,modified_plurality,RetentionPolicy.DIFFERENT_CLASS_RETENTION,4,10,43957,4885,0.0059192999979131855,7.297129999999015,7.303049299996928,0.784646878198567,0.7044044191103014,0.6201086601209391,0.6361133345002585,0.7597163388120098,0.784646878198567,0.7573292703540206,"{""labels"": [""<=50K"", "">50K""], ""matrix"": [[3477, 239], [813, 356]]}"
adult,heom,7,modified_plurality,RetentionPolicy.DIFFERENT_CLASS_RETENTION,5,10,43958,4884,0.006030600001395214,7.293731500001741,7.299762100003136,0.7835790335790336,0.7018867439732306,0.6176705324623619,0.6332313984605829,0.7580529484836425,0.7835790335790336,0.7557404404438934,"{""labels"": [""<=50K"", "">50K""], ""matrix"": [[3477, 239], [818, 350]]}"
adult,heom,7,modified_plurality,RetentionPolicy.DIFFERENT_CLASS_RETENTION,6,10,43958,4884,0.005962399998679757,7.3052088000040385,7.311171200002718,0.7835790335790336,0.7005831953987401,0.6241170802022181,0.6402157790391194,0.758955406450405,0.7835790335790336,0.7586078796095448,"{""labels"": [""<=50K"", "">50K""], ""matrix"": [[3455, 260], [797, 372]]}"
adult,heom,7,modified_plurality,RetentionPolicy.DIFFERENT_CLASS_RETENTION,7,10,43958,4884,0.0071546999970451,7.299434699998528,7.306589399995573,0.790950040950041,0.7180722989023316,0.6304397311883451,0.6485259813604509,0.7686697067327304,0.790950040950041,0.7652504920823151,"{""labels"": [""<=50K"", "">50K""], ""matrix"": [[3486, 230], [791, 377]]}"
adult,heom,7,modified_plurality,RetentionPolicy.DIFFERENT_CLASS_RETENTION,8,10,43958,4884,0.005787000001873821,7.26194449999457,7.267731499996444,0.7876740376740377,0.7101388912694467,0.6271127630240205,0.6442637292090364,0.7642055450841424,0.7876740376740377,0.7620997388732813,"{""labels"": [""<=50K"", "">50K""], ""matrix"": [[3474, 242], [795, 373]]}"
adult,heom,7,modified_plurality,RetentionPolicy.DIFFERENT_CLASS_RETENTION,9,10,43957,4885,0.0066007000059471466,7.282570700001088,7.289171400007035,0.777482088024565,0.6869985382491473,0.6191997101149187,0.6337839771718234,0.7514127016557035,0.777482088024565,0.7532976020477147,"{""labels"": [""<=50K"", "">50K""], ""matrix"": [[3429, 286], [801, 369]]}"
adult,heom,7,modified_plurality,RetentionPolicy.DD_RETENTION,0,10,43958,4884,0.006909999996423721,7.664410299999872,7.671320299996296,0.7915642915642915,0.7210765469383399,0.6287798177918341,0.6469208710954311,0.7695012090585971,0.7915642915642915,0.7647270606391671,"{""labels"": [""<=50K"", "">50K""], ""matrix"": [[3496, 219], [799, 370]]}"
adult,heom,7,modified_plurality,RetentionPolicy.DD_RETENTION,1,10,43959,4883,0.006550999998580664,7.629864599999564,7.636415599998145,0.7882449313946345,0.7119908390184353,0.6266272884824573,0.643878517751122,0.7648971787847603,0.7882449313946345,0.7621484616398406,"{""labels"": [""<=50K"", "">50K""], ""matrix"": [[3479, 236], [798, 370]]}"
adult,heom,7,modified_plurality,RetentionPolicy.DD_RETENTION,2,10,43957,4885,0.006403599996701814,7.646101799997268,7.65250539999397,0.7856704196519959,0.7056070472285643,0.6266326166729935,0.6433294288237329,0.7617860609637817,0.7856704196519959,0.7607169277407548,"{""labels"": [""<=50K"", "">50K""], ""matrix"": [[3462, 253], [794, 376]]}"
adult,heom,7,modified_plurality,RetentionPolicy.DD_RETENTION,3,10,43958,4884,0.006383200001437217,7.5965319000024465,7.602915100003884,0.7854217854217854,0.7046496930299747,0.6253391480012386,0.6418921944404643,0.761252358435457,0.7854217854217854,0.7601694899839333,"{""labels"": [""<=50K"", "">50K""], ""matrix"": [[3464, 252], [796, 372]]}"
adult,heom,7,modified_plurality,RetentionPolicy.DD_RETENTION,4,10,43957,4885,0.006016500003170222,7.614625199996226,7.620641699999396,0.7854657113613102,0.7069309579572467,0.619474222399427,0.6355602861597934,0.760716388696733,0.7854657113613102,0.757427224553749,"{""labels"": [""<=50K"", "">50K""], ""matrix"": [[3485, 231], [817, 352]]}"
adult,heom,7,modified_plurality,RetentionPolicy.DD_RETENTION,5,10,43958,4884,0.0061377000020002015,7.5812900000019,7.5874277000039,0.7848075348075348,0.7048796771567978,0.6190649099783241,0.6349888695826547,0.7597735265622096,0.7848075348075348,0.7569888564771879,"{""labels"": [""<=50K"", "">50K""], ""matrix"": [[3481, 235], [816, 352]]}"
adult,heom,7,modified_plurality,RetentionPolicy.DD_RETENTION,6,10,43958,4884,0.006049499999789987,7.624418699997477,7.630468199997267,0.785012285012285,0.7041128183762317,0.6247660802217906,0.6412087825977935,0.7607291026135578,0.785012285012285,0.7596187816751853,"{""labels"": [""<=50K"", "">50K""], ""matrix"": [[3463, 252], [798, 371]]}"
adult,heom,7,modified_plurality,RetentionPolicy.DD_RETENTION,7,10,43958,4884,0.006375900004059076,7.647065699995437,7.653441599999496,0.7901310401310402,0.7160712125140438,0.629607989147264,0.6474579202672224,0.7675454189428781,0.7901310401310402,0.7644618177287633,"{""labels"": [""<=50K"", "">50K""], ""matrix"": [[3483, 233], [792, 376]]}"
adult,heom,7,modified_plurality,RetentionPolicy.DD_RETENTION,8,10,43958,4884,0.005852599999343511,7.656341699999757,7.662194299999101,0.7876740376740377,0.7101388912694467,0.6271127630240205,0.6442637292090364,0.7642055450841424,0.7876740376740377,0.7620997388732813,"{""labels"": [""<=50K"", "">50K""], ""matrix"": [[3474, 242], [795, 373]]}"
adult,heom,7,modified_plurality,RetentionPolicy.DD_RETENTION,9,10,43957,4885,0.006026900002325419,7.591876200000115,7.597903100002441,0.779324462640737,0.6912378533568905,0.6195327328570935,0.6344963769121852,0.7534238230177475,0.779324462640737,0.754362223474515,"{""labels"": [""<=50K"", "">50K""], ""matrix"": [[3441, 274], [804, 366]]}"
