config_id,metric,k,vote,retention,fold_id,num_folds,n_train,n_test,fit_time_s,predict_time_s,total_time_s,accuracy,precision_macro,recall_macro,f1_macro,precision_weighted,recall_weighted,f1_weighted,confusion_matrix_json
c-k3-b-AR,cosine,3,borda,RetentionPolicy.ALWAYS_RETAIN,0,10,9894,1098,0.0017225000046892,0.2320469999976921,0.2337695000023814,0.9908925318761383,0.9909011926202264,0.990886712268777,0.9908686757547912,0.9909246947584884,0.9908925318761383,0.9908837064918878,"{""labels"": [""0"", ""1"", ""2"", ""3"", ""4"", ""5"", ""6"", ""7"", ""8"", ""9""], ""matrix"": [[115, 0, 0, 0, 0, 0, 0, 0, 0, 0], [0, 113, 1, 0, 0, 0, 0, 0, 0, 0], [0, 2, 112, 0, 0, 0, 0, 0, 0, 0], [0, 0, 0, 105, 0, 0, 0, 0, 0, 0], [0, 0, 0, 0, 114, 0, 0, 0, 0, 1], [0, 0, 0, 0, 0, 105, 0, 0, 0, 0], [0, 0, 0, 0, 0, 0, 105, 0, 0, 0], [0, 0, 0, 0, 0, 0, 0, 113, 0, 1], [1, 0, 0, 0, 0, 1, 0, 1, 103, 0], [0, 0, 0, 0, 0, 1, 0, 0, 1, 103]]}"
c-k3-b-AR,cosine,3,borda,RetentionPolicy.ALWAYS_RETAIN,1,10,9893,1099,0.0022900999974808,0.2325410999983432,0.2348311999958241,0.9936305732484076,0.993703199126702,0.9937245287130873,0.9936804280599818,0.9936724341772446,0.9936305732484076,0.9936183661229236,"{""labels"": [""0"", ""1"", ""2"", ""3"", ""4"", ""5"", ""6"", ""7"", ""8"", ""9""], ""matrix"": [[114, 0, 0, 0, 1, 0, 0, 0, 0, 0], [0, 114, 0, 0, 0, 0, 0, 0, 0, 0], [0, 0, 114, 0, 0, 0, 0, 0, 0, 0], [0, 0, 0, 103, 0, 0, 0, 1, 0, 1], [0, 0, 0, 0, 114, 1, 0, 0, 0, 0], [0, 0, 0, 0, 0, 105, 0, 0, 0, 0], [0, 0, 0, 0, 0, 0, 106, 0, 0, 0], [0, 1, 1, 0, 0, 0, 0, 111, 0, 1], [0, 0, 0, 0, 0, 0, 0, 0, 105, 0], [0, 0, 0, 0, 0, 0, 0, 0, 0, 106]]}"
c-k3-b-AR,cosine,3,borda,RetentionPolicy.ALWAYS_RETAIN,2,10,9895,1097,0.0014539000039803,0.2307620999999926,0.232216000003973,0.9972652689152234,0.9972436423297784,0.9973008608477716,0.9972597727221242,0.9972903952385618,0.9972652689152234,0.997265400500295,"{""labels"": [""0"", ""1"", ""2"", ""3"", ""4"", ""5"", ""6"", ""7"", ""8"", ""9""], ""matrix"": [[114, 0, 0, 0, 0, 0, 0, 0, 0, 0], [0, 114, 0, 0, 1, 0, 0, 0, 0, 0], [0, 0, 115, 0, 0, 0, 0, 0, 0, 0], [0, 0, 0, 104, 0, 1, 0, 0, 0, 0], [0, 0, 0, 0, 114, 0, 0, 0, 0, 0], [0, 0, 0, 0, 0, 105, 0, 0, 0, 0], [0, 0, 0, 0, 0, 0, 105, 0, 0, 0], [0, 0, 0, 0, 0, 0, 0, 113, 1, 0], [0, 0, 0, 0, 0, 0, 0, 0, 105, 0], [0, 0, 0, 0, 0, 0, 0, 0, 0, 105]]}"
c-k3-b-AR,cosine,3,borda,RetentionPolicy.ALWAYS_RETAIN,3,10,9892,1100,0.001573699999426,0.2292062999986228,0.2307799999980488,0.9927272727272728,0.9928199307898304,0.9927874032908358,0.9927842040105552,0.9927667007429812,0.9927272727272728,0.9927270931982196,"{""labels"": [""0"", ""1"", ""2"", ""3"", ""4"", ""5"", ""6"", ""7"", ""8"", ""9""], ""matrix"": [[114, 0, 0, 0, 0, 0, 0, 0, 0, 0], [0, 113, 0, 1, 0, 0, 0, 0, 0, 0], [0, 0, 114, 0, 0, 0, 0, 1, 0, 0], [0, 1, 1, 103, 0, 0, 0, 0, 0, 0], [0, 0, 0, 0, 115, 0, 0, 0, 0, 0], [0, 0, 0, 1, 0, 104, 0, 0, 0, 0], [0, 0, 0, 0, 0, 0, 105, 0, 0, 0], [0, 2, 0, 0, 0, 0, 0, 112, 1, 0], [0, 0, 0, 0, 0, 0, 0, 0, 106, 0], [0, 0, 0, 0, 0, 0, 0, 0, 0, 106]]}"
c-k3-b-AR,cosine,3,borda,RetentionPolicy.ALWAYS_RETAIN,4,10,9894,1098,0.0014463000043178,0.2294423999992432,0.2308887000035611,0.9963570127504554,0.9964539158991932,0.9962822766514318,0.9963522888360024,0.9963963373504504,0.9963570127504554,0.9963605953000272,"{""labels"": [""0"", ""1"", ""2"", ""3"", ""4"", ""5"", ""6"", ""7"", ""8"", ""9""], ""matrix"": [[114, 0, 0, 0, 0, 0, 0, 0, 0, 0], [0, 114, 1, 0, 0, 0, 0, 0, 0, 0], [0, 0, 114, 0, 0, 0, 0, 0, 0, 0], [0, 0, 1, 104, 0, 0, 0, 0, 0, 0], [0, 0, 0, 0, 114, 0, 0, 0, 0, 0], [0, 0, 0, 1, 0, 105, 0, 0, 0, 0], [0, 0, 0, 0, 0, 0, 106, 0, 0, 0], [0, 0, 0, 0, 0, 0, 0, 114, 0, 0], [0, 0, 0, 0, 0, 0, 0, 0, 105, 0], [0, 0, 0, 0, 1, 0, 0, 0, 0, 104]]}"
c-k3-b-AR,cosine,3,borda,RetentionPolicy.ALWAYS_RETAIN,5,10,9894,1098,0.0016391999961342,0.2278774000005796,0.2295165999967139,0.9927140255009108,0.9927208311298124,0.9926817042606516,0.9926662239075166,0.9927982765439526,0.9927140255009108,0.9927224230744482,"{""labels"": [""0"", ""1"", ""2"", ""3"", ""4"", ""5"", ""6"", ""7"", ""8"", ""9""], ""matrix"": [[114, 0, 0, 0, 0, 0, 0, 0, 0, 0], [0, 113, 0, 1, 0, 0, 0, 0, 0, 0], [0, 0, 113, 1, 0, 0, 0, 0, 0, 0], [0, 0, 0, 105, 0, 0, 0, 0, 0, 0], [0, 0, 0, 0, 113, 0, 0, 0, 0, 1], [0, 0, 0, 1, 0, 103, 1, 0, 0, 0], [0, 0, 0, 0, 0, 0, 108, 0, 0, 0], [0, 0, 1, 0, 0, 0, 0, 113, 0, 0], [0, 0, 0, 0, 0, 0, 0, 1, 104, 0], [0, 1, 0, 0, 0, 0, 0, 0, 0, 104]]}"
c-k3-b-AR,cosine,3,borda,RetentionPolicy.ALWAYS_RETAIN,6,10,9890,1102,0.0015029999995022,0.2291025000013178,0.23060550000082,0.9954627949183305,0.9955750700168216,0.99549552716903,0.9954970181791908,0.995540923220372,0.9954627949183305,0.995462403388296,"{""labels"": [""0"", ""1"", ""2"", ""3"", ""4"", ""5"", ""6"", ""7"", ""8"", ""9""], ""matrix"": [[114, 0, 0, 0, 0, 0, 0, 0, 0, 0], [0, 112, 3, 0, 0, 0, 0, 0, 0, 0], [0, 0, 114, 0, 0, 0, 0, 0, 0, 0], [0, 0, 0, 108, 0, 0, 0, 0, 0, 0], [0, 0, 0, 0, 114, 0, 0, 0, 0, 0], [0, 0, 0, 1, 0, 105, 0, 0, 0, 0], [0, 0, 0, 0, 0, 1, 104, 0, 0, 0], [0, 0, 0, 0, 0, 0, 0, 114, 0, 0], [0, 0, 0, 0, 0, 0, 0, 0, 105, 0], [0, 0, 0, 0, 0, 0, 0, 0, 0, 107]]}"
c-k3-b-AR,cosine,3,borda,RetentionPolicy.ALWAYS_RETAIN,7,10,9892,1100,0.0015032000010251,0.2292157999982009,0.230718999999226,0.9918181818181818,0.9921389816386068,0.9918886839740862,0.991973931174871,0.9918965089688476,0.9918181818181818,0.9918169746751948,"{""labels"": [""0"", ""1"", ""2"", ""3"", ""4"", ""5"", ""6"", ""7"", ""8"", ""9""], ""matrix"": [[113, 0, 0, 0, 1, 0, 0, 0, 0, 0], [0, 111, 3, 0, 0, 0, 0, 0, 0, 0], [0, 1, 112, 1, 0, 0, 0, 0, 0, 0], [0, 0, 0, 107, 0, 0, 0, 0, 0, 0], [0, 0, 0, 0, 114, 0, 0, 0, 0, 0], [0, 0, 0, 0, 0, 106, 0, 0, 0, 0], [0, 0, 0, 0, 0, 0, 105, 0, 0, 0], [0, 0, 0, 0, 0, 0, 0, 115, 0, 0], [0, 0, 0, 0, 0, 0, 0, 1, 105, 0], [0, 0, 0, 0, 1, 0, 0, 1, 0, 103]]}"
c-k3-b-AR,cosine,3,borda,RetentionPolicy.ALWAYS_RETAIN,8,10,9894,1098,0.0014515000002575,0.2278411999941454,0.2292926999944029,0.9936247723132968,0.9936851117082226,0.9936506977040632,0.9936550877178052,0.9936497954543082,0.9936247723132968,0.9936246932240742,"{""labels"": [""0"", ""1"", ""2"", ""3"", ""4"", ""5"", ""6"", ""7"", ""8"", ""9""], ""matrix"": [[113, 0, 0, 0, 0, 0, 1, 0, 0, 0], [0, 112, 1, 0, 0, 0, 0, 1, 0, 0], [0, 1, 114, 0, 0, 0, 0, 0, 0, 0], [0, 1, 0, 104, 0, 0, 0, 0, 0, 0], [0, 0, 0, 0, 114, 0, 0, 0, 0, 0], [0, 0, 0, 0, 0, 105, 0, 0, 1, 0], [0, 0, 0, 0, 0, 0, 105, 0, 0, 0], [0, 0, 0, 0, 0, 0, 0, 114, 0, 0], [0, 0, 0, 0, 0, 0, 0, 0, 106, 0], [0, 0, 0, 0, 0, 1, 0, 0, 0, 104]]}"
c-k3-b-AR,cosine,3,borda,RetentionPolicy.ALWAYS_RETAIN,9,10,9890,1102,0.0018967999931192,0.2272592000008444,0.2291559999939636,0.9945553539019965,0.994575940233526,0.9945368754124854,0.9945366865404116,0.9945873709853692,0.9945553539019965,0.9945512315756814,"{""labels"": [""0"", ""1"", ""2"", ""3"", ""4"", ""5"", ""6"", ""7"", ""8"", ""9""], ""matrix"": [[114, 0, 0, 0, 1, 0, 0, 0, 0, 0], [0, 112, 1, 1, 0, 0, 0, 0, 0, 0], [0, 0, 115, 0, 0, 0, 0, 0, 0, 0], [0, 0, 0, 104, 0, 0, 0, 0, 0, 1], [0, 0, 0, 0, 115, 0, 0, 0, 0, 0], [0, 0, 0, 0, 0, 105, 0, 0, 1, 0], [0, 0, 0, 0, 0, 0, 106, 0, 0, 0], [0, 0, 0, 0, 0, 0, 0, 114, 0, 0], [0, 0, 0, 0, 0, 0, 0, 0, 106, 0], [0, 0, 0, 0, 0, 0, 0, 1, 0, 105]]}"
c-k3-b-NR,cosine,3,borda,RetentionPolicy.NEVER_RETAIN,0,10,9894,1098,0.0016888000027392,0.2021408000000519,0.2038296000027912,0.9908925318761383,0.9909011926202264,0.990886712268777,0.9908686757547912,0.9909246947584884,0.9908925318761383,0.9908837064918878,"{""labels"": [""0"", ""1"", ""2"", ""3"", ""4"", ""5"", ""6"", ""7"", ""8"", ""9""], ""matrix"": [[115, 0, 0, 0, 0, 0, 0, 0, 0, 0], [0, 113, 1, 0, 0, 0, 0, 0, 0, 0], [0, 2, 112, 0, 0, 0, 0, 0, 0, 0], [0, 0, 0, 105, 0, 0, 0, 0, 0, 0], [0, 0, 0, 0, 114, 0, 0, 0, 0, 1], [0, 0, 0, 0, 0, 105, 0, 0, 0, 0], [0, 0, 0, 0, 0, 0, 105, 0, 0, 0], [0, 0, 0, 0, 0, 0, 0, 113, 0, 1], [1, 0, 0, 0, 0, 1, 0, 1, 103, 0], [0, 0, 0, 0, 0, 1, 0, 0, 1, 103]]}"
c-k3-b-NR,cosine,3,borda,RetentionPolicy.NEVER_RETAIN,1,10,9893,1099,0.0015526999995927,0.2036459000009927,0.2051986000005854,0.9936305732484076,0.993703199126702,0.9937245287130873,0.9936804280599818,0.9936724341772446,0.9936305732484076,0.9936183661229236,"{""labels"": [""0"", ""1"", ""2"", ""3"", ""4"", ""5"", ""6"", ""7"", ""8"", ""9""], ""matrix"": [[114, 0, 0, 0, 1, 0, 0, 0, 0, 0], [0, 114, 0, 0, 0, 0, 0, 0, 0, 0], [0, 0, 114, 0, 0, 0, 0, 0, 0, 0], [0, 0, 0, 103, 0, 0, 0, 1, 0, 1], [0, 0, 0, 0, 114, 1, 0, 0, 0, 0], [0, 0, 0, 0, 0, 105, 0, 0, 0, 0], [0, 0, 0, 0, 0, 0, 106, 0, 0, 0], [0, 1, 1, 0, 0, 0, 0, 111, 0, 1], [0, 0, 0, 0, 0, 0, 0, 0, 105, 0], [0, 0, 0, 0, 0, 0, 0, 0, 0, 106]]}"
c-k3-b-NR,cosine,3,borda,RetentionPolicy.NEVER_RETAIN,2,10,9895,1097,0.0014950000040698,0.2000400999968405,0.2015351000009104,0.9963536918869644,0.9963178796776888,0.9963484798953908,0.9963118412454768,0.9964042960729336,0.9963536918869644,0.9963580823138958,"{""labels"": [""0"", ""1"", ""2"", ""3"", ""4"", ""5"", ""6"", ""7"", ""8"", ""9""], ""matrix"": [[114, 0, 0, 0, 0, 0, 0, 0, 0, 0], [0, 114, 0, 0, 1, 0, 0, 0, 0, 0], [0, 0, 115, 0, 0, 0, 0, 0, 0, 0], [0, 0, 0, 104, 0, 1, 0, 0, 0, 0], [0, 0, 0, 0, 114, 0, 0, 0, 0, 0], [0, 0, 0, 0, 0, 105, 0, 0, 0, 0], [0, 0, 0, 0, 0, 0, 105, 0, 0, 0], [0, 0, 0, 0, 0, 0, 0, 113, 1, 0], [0, 0, 0, 0, 0, 0, 0, 0, 105, 0], [0, 0, 0, 0, 0, 1, 0, 0, 0, 104]]}"
c-k3-b-NR,cosine,3,borda,RetentionPolicy.NEVER_RETAIN,3,10,9892,1100,0.0017221000016434,0.1944928000011714,0.1962149000028148,0.9927272727272728,0.9928199307898304,0.9927874032908358,0.9927842040105552,0.9927667007429812,0.9927272727272728,0.9927270931982196,"{""labels"": [""0"", ""1"", ""2"", ""3"", ""4"", ""5"", ""6"", ""7"", ""8"", ""9""], ""matrix"": [[114, 0, 0, 0, 0, 0, 0, 0, 0, 0], [0, 113, 0, 1, 0, 0, 0, 0, 0, 0], [0, 0, 114, 0, 0, 0, 0, 1, 0, 0], [0, 1, 1, 103, 0, 0, 0, 0, 0, 0], [0, 0, 0, 0, 115, 0, 0, 0, 0, 0], [0, 0, 0, 1, 0, 104, 0, 0, 0, 0], [0, 0, 0, 0, 0, 0, 105, 0, 0, 0], [0, 2, 0, 0, 0, 0, 0, 112, 1, 0], [0, 0, 0, 0, 0, 0, 0, 0, 106, 0], [0, 0, 0, 0, 0, 0, 0, 0, 0, 106]]}"
c-k3-b-NR,cosine,3,borda,RetentionPolicy.NEVER_RETAIN,4,10,9894,1098,0.0015052999951876,0.1996424000026309,0.2011476999978185,0.9963570127504554,0.9964539158991932,0.9962822766514318,0.9963522888360024,0.9963963373504504,0.9963570127504554,0.9963605953000272,"{""labels"": [""0"", ""1"", ""2"", ""3"", ""4"", ""5"", ""6"", ""7"", ""8"", ""9""], ""matrix"": [[114, 0, 0, 0, 0, 0, 0, 0, 0, 0], [0, 114, 1, 0, 0, 0, 0, 0, 0, 0], [0, 0, 114, 0, 0, 0, 0, 0, 0, 0], [0, 0, 1, 104, 0, 0, 0, 0, 0, 0], [0, 0, 0, 0, 114, 0, 0, 0, 0, 0], [0, 0, 0, 1, 0, 105, 0, 0, 0, 0], [0, 0, 0, 0, 0, 0, 106, 0, 0, 0], [0, 0, 0, 0, 0, 0, 0, 114, 0, 0], [0, 0, 0, 0, 0, 0, 0, 0, 105, 0], [0, 0, 0, 0, 1, 0, 0, 0, 0, 104]]}"
c-k3-b-NR,cosine,3,borda,RetentionPolicy.NEVER_RETAIN,5,10,9894,1098,0.0017912999974214,0.1968941000013728,0.1986853999987943,0.9918032786885246,0.9918329331375066,0.9917293233082706,0.9917550314732456,0.9918785431535788,0.9918032786885246,0.9918155846248174,"{""labels"": [""0"", ""1"", ""2"", ""3"", ""4"", ""5"", ""6"", ""7"", ""8"", ""9""], ""matrix"": [[114, 0, 0, 0, 0, 0, 0, 0, 0, 0], [0, 113, 0, 1, 0, 0, 0, 0, 0, 0], [0, 0, 113, 1, 0, 0, 0, 0, 0, 0], [0, 1, 0, 104, 0, 0, 0, 0, 0, 0], [0, 0, 0, 0, 113, 0, 0, 0, 0, 1], [0, 0, 0, 1, 0, 103, 1, 0, 0, 0], [0, 0, 0, 0, 0, 0, 108, 0, 0, 0], [0, 0, 1, 0, 0, 0, 0, 113, 0, 0], [0, 0, 0, 0, 0, 0, 0, 1, 104, 0], [0, 1, 0, 0, 0, 0, 0, 0, 0, 104]]}"
c-k3-b-NR,cosine,3,borda,RetentionPolicy.NEVER_RETAIN,6,10,9890,1102,0.0015056999982334,0.1980805999992299,0.1995862999974633,0.9954627949183305,0.9955750700168216,0.99549552716903,0.9954970181791908,0.995540923220372,0.9954627949183305,0.995462403388296,"{""labels"": [""0"", ""1"", ""2"", ""3"", ""4"", ""5"", ""6"", ""7"", ""8"", ""9""], ""matrix"": [[114, 0, 0, 0, 0, 0, 0, 0, 0, 0], [0, 112, 3, 0, 0, 0, 0, 0, 0, 0], [0, 0, 114, 0, 0, 0, 0, 0, 0, 0], [0, 0, 0, 108, 0, 0, 0, 0, 0, 0], [0, 0, 0, 0, 114, 0, 0, 0, 0, 0], [0, 0, 0, 1, 0, 105, 0, 0, 0, 0], [0, 0, 0, 0, 0, 1, 104, 0, 0, 0], [0, 0, 0, 0, 0, 0, 0, 114, 0, 0], [0, 0, 0, 0, 0, 0, 0, 0, 105, 0], [0, 0, 0, 0, 0, 0, 0, 0, 0, 107]]}"
c-k3-b-NR,cosine,3,borda,RetentionPolicy.NEVER_RETAIN,7,10,9892,1100,0.0017324000000371,0.1941998000038438,0.195932200003881,0.99,0.9903671972509492,0.990134298009174,0.9901913854950224,0.9901181374690547,0.99,0.989998933402697,"{""labels"": [""0"", ""1"", ""2"", ""3"", ""4"", ""5"", ""6"", ""7"", ""8"", ""9""], ""matrix"": [[112, 0, 0, 0, 2, 0, 0, 0, 0, 0], [0, 111, 3, 0, 0, 0, 0, 0, 0, 0], [0, 1, 111, 2, 0, 0, 0, 0, 0, 0], [0, 0, 0, 107, 0, 0, 0, 0, 0, 0], [0, 0, 0, 0, 114, 0, 0, 0, 0, 0], [0, 0, 0, 0, 0, 106, 0, 0, 0, 0], [0, 0, 0, 0, 0, 0, 105, 0, 0, 0], [0, 0, 0, 0, 0, 0, 0, 115, 0, 0], [0, 0, 0, 0, 0, 0, 0, 1, 105, 0], [0, 0, 0, 0, 1, 0, 0, 1, 0, 103]]}"
c-k3-b-NR,cosine,3,borda,RetentionPolicy.NEVER_RETAIN,8,10,9894,1098,0.0016400999957113,0.1972210000021732,0.1988610999978846,0.9936247723132968,0.9936851117082226,0.9936506977040632,0.9936550877178052,0.9936497954543082,0.9936247723132968,0.9936246932240742,"{""labels"": [""0"", ""1"", ""2"", ""3"", ""4"", ""5"", ""6"", ""7"", ""8"", ""9""], ""matrix"": [[113, 0, 0, 0, 0, 0, 1, 0, 0, 0], [0, 112, 1, 0, 0, 0, 0, 1, 0, 0], [0, 1, 114, 0, 0, 0, 0, 0, 0, 0], [0, 1, 0, 104, 0, 0, 0, 0, 0, 0], [0, 0, 0, 0, 114, 0, 0, 0, 0, 0], [0, 0, 0, 0, 0, 105, 0, 0, 1, 0], [0, 0, 0, 0, 0, 0, 105, 0, 0, 0], [0, 0, 0, 0, 0, 0, 0, 114, 0, 0], [0, 0, 0, 0, 0, 0, 0, 0, 106, 0], [0, 0, 0, 0, 0, 1, 0, 0, 0, 104]]}"
c-k3-b-NR,cosine,3,borda,RetentionPolicy.NEVER_RETAIN,9,10,9890,1102,0.0015057999989949,0.2019712999972398,0.2034770999962347,0.9945553539019965,0.994575940233526,0.9945368754124854,0.9945366865404116,0.9945873709853692,0.9945553539019965,0.9945512315756814,"{""labels"": [""0"", ""1"", ""2"", ""3"", ""4"", ""5"", ""6"", ""7"", ""8"", ""9""], ""matrix"": [[114, 0, 0, 0, 1, 0, 0, 0, 0, 0], [0, 112, 1, 1, 0, 0, 0, 0, 0, 0], [0, 0, 115, 0, 0, 0, 0, 0, 0, 0], [0, 0, 0, 104, 0, 0, 0, 0, 0, 1], [0, 0, 0, 0, 115, 0, 0, 0, 0, 0], [0, 0, 0, 0, 0, 105, 0, 0, 1, 0], [0, 0, 0, 0, 0, 0, 106, 0, 0, 0], [0, 0, 0, 0, 0, 0, 0, 114, 0, 0], [0, 0, 0, 0, 0, 0, 0, 0, 106, 0], [0, 0, 0, 0, 0, 0, 0, 1, 0, 105]]}"
c-k3-b-DC,cosine,3,borda,RetentionPolicy.DIFFERENT_CLASS_RETENTION,0,10,9894,1098,0.0014531999986502,0.1958937000017613,0.1973469000004115,0.9908925318761383,0.9909011926202264,0.990886712268777,0.9908686757547912,0.9909246947584884,0.9908925318761383,0.9908837064918878,"{""labels"": [""0"", ""1"", ""2"", ""3"", ""4"", ""5"", ""6"", ""7"", ""8"", ""9""], ""matrix"": [[115, 0, 0, 0, 0, 0, 0, 0, 0, 0], [0, 113, 1, 0, 0, 0, 0, 0, 0, 0], [0, 2, 112, 0, 0, 0, 0, 0, 0, 0], [0, 0, 0, 105, 0, 0, 0, 0, 0, 0], [0, 0, 0, 0, 114, 0, 0, 0, 0, 1], [0, 0, 0, 0, 0, 105, 0, 0, 0, 0], [0, 0, 0, 0, 0, 0, 105, 0, 0, 0], [0, 0, 0, 0, 0, 0, 0, 113, 0, 1], [1, 0, 0, 0, 0, 1, 0, 1, 103, 0], [0, 0, 0, 0, 0, 1, 0, 0, 1, 103]]}"
c-k3-b-DC,cosine,3,borda,RetentionPolicy.DIFFERENT_CLASS_RETENTION,1,10,9893,1099,0.0016222999984165,0.1967731000040657,0.1983954000024823,0.9936305732484076,0.993703199126702,0.9937245287130873,0.9936804280599818,0.9936724341772446,0.9936305732484076,0.9936183661229236,"{""labels"": [""0"", ""1"", ""2"", ""3"", ""4"", ""5"", ""6"", ""7"", ""8"", ""9""], ""matrix"": [[114, 0, 0, 0, 1, 0, 0, 0, 0, 0], [0, 114, 0, 0, 0, 0, 0, 0, 0, 0], [0, 0, 114, 0, 0, 0, 0, 0, 0, 0], [0, 0, 0, 103, 0, 0, 0, 1, 0, 1], [0, 0, 0, 0, 114, 1, 0, 0, 0, 0], [0, 0, 0, 0, 0, 105, 0, 0, 0, 0], [0, 0, 0, 0, 0, 0, 106, 0, 0, 0], [0, 1, 1, 0, 0, 0, 0, 111, 0, 1], [0, 0, 0, 0, 0, 0, 0, 0, 105, 0], [0, 0, 0, 0, 0, 0, 0, 0, 0, 106]]}"
c-k3-b-DC,cosine,3,borda,RetentionPolicy.DIFFERENT_CLASS_RETENTION,2,10,9895,1097,0.0015058999997563,0.1943339999997988,0.1958398999995552,0.9963536918869644,0.9963178796776888,0.9963484798953908,0.9963118412454768,0.9964042960729336,0.9963536918869644,0.9963580823138958,"{""labels"": [""0"", ""1"", ""2"", ""3"", ""4"", ""5"", ""6"", ""7"", ""8"", ""9""], ""matrix"": [[114, 0, 0, 0, 0, 0, 0, 0, 0, 0], [0, 114, 0, 0, 1, 0, 0, 0, 0, 0], [0, 0, 115, 0, 0, 0, 0, 0, 0, 0], [0, 0, 0, 104, 0, 1, 0, 0, 0, 0], [0, 0, 0, 0, 114, 0, 0, 0, 0, 0], [0, 0, 0, 0, 0, 105, 0, 0, 0, 0], [0, 0, 0, 0, 0, 0, 105, 0, 0, 0], [0, 0, 0, 0, 0, 0, 0, 113, 1, 0], [0, 0, 0, 0, 0, 0, 0, 0, 105, 0], [0, 0, 0, 0, 0, 1, 0, 0, 0, 104]]}"
c-k3-b-DC,cosine,3,borda,RetentionPolicy.DIFFERENT_CLASS_RETENTION,3,10,9892,1100,0.00151950000145,0.2012772000016411,0.2027967000030912,0.9927272727272728,0.9928199307898304,0.9927874032908358,0.9927842040105552,0.9927667007429812,0.9927272727272728,0.9927270931982196,"{""labels"": [""0"", ""1"", ""2"", ""3"", ""4"", ""5"", ""6"", ""7"", ""8"", ""9""], ""matrix"": [[114, 0, 0, 0, 0, 0, 0, 0, 0, 0], [0, 113, 0, 1, 0, 0, 0, 0, 0, 0], [0, 0, 114, 0, 0, 0, 0, 1, 0, 0], [0, 1, 1, 103, 0, 0, 0, 0, 0, 0], [0, 0, 0, 0, 115, 0, 0, 0, 0, 0], [0, 0, 0, 1, 0, 104, 0, 0, 0, 0], [0, 0, 0, 0, 0, 0, 105, 0, 0, 0], [0, 2, 0, 0, 0, 0, 0, 112, 1, 0], [0, 0, 0, 0, 0, 0, 0, 0, 106, 0], [0, 0, 0, 0, 0, 0, 0, 0, 0, 106]]}"
c-k3-b-DC,cosine,3,borda,RetentionPolicy.DIFFERENT_CLASS_RETENTION,4,10,9894,1098,0.0014862000025459,0.2009135999978752,0.2023998000004212,0.9963570127504554,0.9964539158991932,0.9962822766514318,0.9963522888360024,0.9963963373504504,0.9963570127504554,0.9963605953000272,"{""labels"": [""0"", ""1"", ""2"", ""3"", ""4"", ""5"", ""6"", ""7"", ""8"", ""9""], ""matrix"": [[114, 0, 0, 0, 0, 0, 0, 0, 0, 0], [0, 114, 1, 0, 0, 0, 0, 0, 0, 0], [0, 0, 114, 0, 0, 0, 0, 0, 0, 0], [0, 0, 1, 104, 0, 0, 0, 0, 0, 0], [0, 0, 0, 0, 114, 0, 0, 0, 0, 0], [0, 0, 0, 1, 0, 105, 0, 0, 0, 0], [0, 0, 0, 0, 0, 0, 106, 0, 0, 0], [0, 0, 0, 0, 0, 0, 0, 114, 0, 0], [0, 0, 0, 0, 0, 0, 0, 0, 105, 0], [0, 0, 0, 0, 1, 0, 0, 0, 0, 104]]}"
c-k3-b-DC,cosine,3,borda,RetentionPolicy.DIFFERENT_CLASS_RETENTION,5,10,9894,1098,0.0015028999987407,0.200415500003146,0.2019184000018867,0.9918032786885246,0.9918329331375066,0.9917293233082706,0.9917550314732456,0.9918785431535788,0.9918032786885246,0.9918155846248174,"{""labels"": [""0"", ""1"", ""2"", ""3"", ""4"", ""5"", ""6"", ""7"", ""8"", ""9""], ""matrix"": [[114, 0, 0, 0, 0, 0, 0, 0, 0, 0], [0, 113, 0, 1, 0, 0, 0, 0, 0, 0], [0, 0, 113, 1, 0, 0, 0, 0, 0, 0], [0, 1, 0, 104, 0, 0, 0, 0, 0, 0], [0, 0, 0, 0, 113, 0, 0, 0, 0, 1], [0, 0, 0, 1, 0, 103, 1, 0, 0, 0], [0, 0, 0, 0, 0, 0, 108, 0, 0, 0], [0, 0, 1, 0, 0, 0, 0, 113, 0, 0], [0, 0, 0, 0, 0, 0, 0, 1, 104, 0], [0, 1, 0, 0, 0, 0, 0, 0, 0, 104]]}"
c-k3-b-DC,cosine,3,borda,RetentionPolicy.DIFFERENT_CLASS_RETENTION,6,10,9890,1102,0.0016214999996009,0.2015296000026865,0.2031511000022874,0.9954627949183305,0.9955750700168216,0.99549552716903,0.9954970181791908,0.995540923220372,0.9954627949183305,0.995462403388296,"{""labels"": [""0"", ""1"", ""2"", ""3"", ""4"", ""5"", ""6"", ""7"", ""8"", ""9""], ""matrix"": [[114, 0, 0, 0, 0, 0, 0, 0, 0, 0], [0, 112, 3, 0, 0, 0, 0, 0, 0, 0], [0, 0, 114, 0, 0, 0, 0, 0, 0, 0], [0, 0, 0, 108, 0, 0, 0, 0, 0, 0], [0, 0, 0, 0, 114, 0, 0, 0, 0, 0], [0, 0, 0, 1, 0, 105, 0, 0, 0, 0], [0, 0, 0, 0, 0, 1, 104, 0, 0, 0], [0, 0, 0, 0, 0, 0, 0, 114, 0, 0], [0, 0, 0, 0, 0, 0, 0, 0, 105, 0], [0, 0, 0, 0, 0, 0, 0, 0, 0, 107]]}"
c-k3-b-DC,cosine,3,borda,RetentionPolicy.DIFFERENT_CLASS_RETENTION,7,10,9892,1100,0.0015541999964625,0.2026504000023123,0.2042045999987749,0.990909090909091,0.9912071618840173,0.99101149099163,0.9910649486941836,0.990988646270598,0.990909090909091,0.990904262536373,"{""labels"": [""0"", ""1"", ""2"", ""3"", ""4"", ""5"", ""6"", ""7"", ""8"", ""9""], ""matrix"": [[113, 0, 0, 0, 1, 0, 0, 0, 0, 0], [0, 111, 3, 0, 0, 0, 0, 0, 0, 0], [0, 1, 111, 2, 0, 0, 0, 0, 0, 0], [0, 0, 0, 107, 0, 0, 0, 0, 0, 0], [0, 0, 0, 0, 114, 0, 0, 0, 0, 0], [0, 0, 0, 0, 0, 106, 0, 0, 0, 0], [0, 0, 0, 0, 0, 0, 105, 0, 0, 0], [0, 0, 0, 0, 0, 0, 0, 115, 0, 0], [0, 0, 0, 0, 0, 0, 0, 1, 105, 0], [0, 0, 0, 0, 1, 0, 0, 1, 0, 103]]}"
c-k3-b-DC,cosine,3,borda,RetentionPolicy.DIFFERENT_CLASS_RETENTION,8,10,9894,1098,0.0017960999975912,0.2019863000023178,0.2037823999999091,0.9936247723132968,0.9936851117082226,0.9936506977040632,0.9936550877178052,0.9936497954543082,0.9936247723132968,0.9936246932240742,"{""labels"": [""0"", ""1"", ""2"", ""3"", ""4"", ""5"", ""6"", ""7"", ""8"", ""9""], ""matrix"": [[113, 0, 0, 0, 0, 0, 1, 0, 0, 0], [0, 112, 1, 0, 0, 0, 0, 1, 0, 0], [0, 1, 114, 0, 0, 0, 0, 0, 0, 0], [0, 1, 0, 104, 0, 0, 0, 0, 0, 0], [0, 0, 0, 0, 114, 0, 0, 0, 0, 0], [0, 0, 0, 0, 0, 105, 0, 0, 1, 0], [0, 0, 0, 0, 0, 0, 105, 0, 0, 0], [0, 0, 0, 0, 0, 0, 0, 114, 0, 0], [0, 0, 0, 0, 0, 0, 0, 0, 106, 0], [0, 0, 0, 0, 0, 1, 0, 0, 0, 104]]}"
c-k3-b-DC,cosine,3,borda,RetentionPolicy.DIFFERENT_CLASS_RETENTION,9,10,9890,1102,0.0014653999969596,0.191386100006639,0.1928515000035986,0.9945553539019965,0.994575940233526,0.9945368754124854,0.9945366865404116,0.9945873709853692,0.9945553539019965,0.9945512315756814,"{""labels"": [""0"", ""1"", ""2"", ""3"", ""4"", ""5"", ""6"", ""7"", ""8"", ""9""], ""matrix"": [[114, 0, 0, 0, 1, 0, 0, 0, 0, 0], [0, 112, 1, 1, 0, 0, 0, 0, 0, 0], [0, 0, 115, 0, 0, 0, 0, 0, 0, 0], [0, 0, 0, 104, 0, 0, 0, 0, 0, 1], [0, 0, 0, 0, 115, 0, 0, 0, 0, 0], [0, 0, 0, 0, 0, 105, 0, 0, 1, 0], [0, 0, 0, 0, 0, 0, 106, 0, 0, 0], [0, 0, 0, 0, 0, 0, 0, 114, 0, 0], [0, 0, 0, 0, 0, 0, 0, 0, 106, 0], [0, 0, 0, 0, 0, 0, 0, 1, 0, 105]]}"
c-k3-b-DD,cosine,3,borda,RetentionPolicy.DD_RETENTION,0,10,9894,1098,0.0014436000055866,0.2062682999967364,0.2077119000023231,0.9908925318761383,0.9909011926202264,0.990886712268777,0.9908686757547912,0.9909246947584884,0.9908925318761383,0.9908837064918878,"{""labels"": [""0"", ""1"", ""2"", ""3"", ""4"", ""5"", ""6"", ""7"", ""8"", ""9""], ""matrix"": [[115, 0, 0, 0, 0, 0, 0, 0, 0, 0], [0, 113, 1, 0, 0, 0, 0, 0, 0, 0], [0, 2, 112, 0, 0, 0, 0, 0, 0, 0], [0, 0, 0, 105, 0, 0, 0, 0, 0, 0], [0, 0, 0, 0, 114, 0, 0, 0, 0, 1], [0, 0, 0, 0, 0, 105, 0, 0, 0, 0], [0, 0, 0, 0, 0, 0, 105, 0, 0, 0], [0, 0, 0, 0, 0, 0, 0, 113, 0, 1], [1, 0, 0, 0, 0, 1, 0, 1, 103, 0], [0, 0, 0, 0, 0, 1, 0, 0, 1, 103]]}"
c-k3-b-DD,cosine,3,borda,RetentionPolicy.DD_RETENTION,1,10,9893,1099,0.0020094999999855,0.2054975999999442,0.2075070999999297,0.9936305732484076,0.993703199126702,0.9937245287130873,0.9936804280599818,0.9936724341772446,0.9936305732484076,0.9936183661229236,"{""labels"": [""0"", ""1"", ""2"", ""3"", ""4"", ""5"", ""6"", ""7"", ""8"", ""9""], ""matrix"": [[114, 0, 0, 0, 1, 0, 0, 0, 0, 0], [0, 114, 0, 0, 0, 0, 0, 0, 0, 0], [0, 0, 114, 0, 0, 0, 0, 0, 0, 0], [0, 0, 0, 103, 0, 0, 0, 1, 0, 1], [0, 0, 0, 0, 114, 1, 0, 0, 0, 0], [0, 0, 0, 0, 0, 105, 0, 0, 0, 0], [0, 0, 0, 0, 0, 0, 106, 0, 0, 0], [0, 1, 1, 0, 0, 0, 0, 111, 0, 1], [0, 0, 0, 0, 0, 0, 0, 0, 105, 0], [0, 0, 0, 0, 0, 0, 0, 0, 0, 106]]}"
c-k3-b-DD,cosine,3,borda,RetentionPolicy.DD_RETENTION,2,10,9895,1097,0.001705700000457,0.2050918999957502,0.2067975999962072,0.9972652689152234,0.9972436423297784,0.9973008608477716,0.9972597727221242,0.9972903952385618,0.9972652689152234,0.997265400500295,"{""labels"": [""0"", ""1"", ""2"", ""3"", ""4"", ""5"", ""6"", ""7"", ""8"", ""9""], ""matrix"": [[114, 0, 0, 0, 0, 0, 0, 0, 0, 0], [0, 114, 0, 0, 1, 0, 0, 0, 0, 0], [0, 0, 115, 0, 0, 0, 0, 0, 0, 0], [0, 0, 0, 104, 0, 1, 0, 0, 0, 0], [0, 0, 0, 0, 114, 0, 0, 0, 0, 0], [0, 0, 0, 0, 0, 105, 0, 0, 0, 0], [0, 0, 0, 0, 0, 0, 105, 0, 0, 0], [0, 0, 0, 0, 0, 0, 0, 113, 1, 0], [0, 0, 0, 0, 0, 0, 0, 0, 105, 0], [0, 0, 0, 0, 0, 0, 0, 0, 0, 105]]}"
c-k3-b-DD,cosine,3,borda,RetentionPolicy.DD_RETENTION,3,10,9892,1100,0.001752000003762,0.2108379999990575,0.2125900000028195,0.9927272727272728,0.9928199307898304,0.9927874032908358,0.9927842040105552,0.9927667007429812,0.9927272727272728,0.9927270931982196,"{""labels"": [""0"", ""1"", ""2"", ""3"", ""4"", ""5"", ""6"", ""7"", ""8"", ""9""], ""matrix"": [[114, 0, 0, 0, 0, 0, 0, 0, 0, 0], [0, 113, 0, 1, 0, 0, 0, 0, 0, 0], [0, 0, 114, 0, 0, 0, 0, 1, 0, 0], [0, 1, 1, 103, 0, 0, 0, 0, 0, 0], [0, 0, 0, 0, 115, 0, 0, 0, 0, 0], [0, 0, 0, 1, 0, 104, 0, 0, 0, 0], [0, 0, 0, 0, 0, 0, 105, 0, 0, 0], [0, 2, 0, 0, 0, 0, 0, 112, 1, 0], [0, 0, 0, 0, 0, 0, 0, 0, 106, 0], [0, 0, 0, 0, 0, 0, 0, 0, 0, 106]]}"
c-k3-b-DD,cosine,3,borda,RetentionPolicy.DD_RETENTION,4,10,9894,1098,0.0015657000039936,0.2058881999982986,0.2074539000022923,0.9963570127504554,0.9964539158991932,0.9962822766514318,0.9963522888360024,0.9963963373504504,0.9963570127504554,0.9963605953000272,"{""labels"": [""0"", ""1"", ""2"", ""3"", ""4"", ""5"", ""6"", ""7"", ""8"", ""9""], ""matrix"": [[114, 0, 0, 0, 0, 0, 0, 0, 0, 0], [0, 114, 1, 0, 0, 0, 0, 0, 0, 0], [0, 0, 114, 0, 0, 0, 0, 0, 0, 0], [0, 0, 1, 104, 0, 0, 0, 0, 0, 0], [0, 0, 0, 0, 114, 0, 0, 0, 0, 0], [0, 0, 0, 1, 0, 105, 0, 0, 0, 0], [0, 0, 0, 0, 0, 0, 106, 0, 0, 0], [0, 0, 0, 0, 0, 0, 0, 114, 0, 0], [0, 0, 0, 0, 0, 0, 0, 0, 105, 0], [0, 0, 0, 0, 1, 0, 0, 0, 0, 104]]}"
c-k3-b-DD,cosine,3,borda,RetentionPolicy.DD_RETENTION,5,10,9894,1098,0.0016622000039205,0.2148024999987683,0.2164647000026889,0.9918032786885246,0.9918329331375066,0.9917293233082706,0.9917550314732456,0.9918785431535788,0.9918032786885246,0.9918155846248174,"{""labels"": [""0"", ""1"", ""2"", ""3"", ""4"", ""5"", ""6"", ""7"", ""8"", ""9""], ""matrix"": [[114, 0, 0, 0, 0, 0, 0, 0, 0, 0], [0, 113, 0, 1, 0, 0, 0, 0, 0, 0], [0, 0, 113, 1, 0, 0, 0, 0, 0, 0], [0, 1, 0, 104, 0, 0, 0, 0, 0, 0], [0, 0, 0, 0, 113, 0, 0, 0, 0, 1], [0, 0, 0, 1, 0, 103, 1, 0, 0, 0], [0, 0, 0, 0, 0, 0, 108, 0, 0, 0], [0, 0, 1, 0, 0, 0, 0, 113, 0, 0], [0, 0, 0, 0, 0, 0, 0, 1, 104, 0], [0, 1, 0, 0, 0, 0, 0, 0, 0, 104]]}"
c-k3-b-DD,cosine,3,borda,RetentionPolicy.DD_RETENTION,6,10,9890,1102,0.0017192000013892,0.2126447999980882,0.2143639999994775,0.9954627949183305,0.9955750700168216,0.99549552716903,0.9954970181791908,0.995540923220372,0.9954627949183305,0.995462403388296,"{""labels"": [""0"", ""1"", ""2"", ""3"", ""4"", ""5"", ""6"", ""7"", ""8"", ""9""], ""matrix"": [[114, 0, 0, 0, 0, 0, 0, 0, 0, 0], [0, 112, 3, 0, 0, 0, 0, 0, 0, 0], [0, 0, 114, 0, 0, 0, 0, 0, 0, 0], [0, 0, 0, 108, 0, 0, 0, 0, 0, 0], [0, 0, 0, 0, 114, 0, 0, 0, 0, 0], [0, 0, 0, 1, 0, 105, 0, 0, 0, 0], [0, 0, 0, 0, 0, 1, 104, 0, 0, 0], [0, 0, 0, 0, 0, 0, 0, 114, 0, 0], [0, 0, 0, 0, 0, 0, 0, 0, 105, 0], [0, 0, 0, 0, 0, 0, 0, 0, 0, 107]]}"
c-k3-b-DD,cosine,3,borda,RetentionPolicy.DD_RETENTION,7,10,9892,1100,0.0018909999998868,0.2069770999951288,0.2088680999950156,0.99,0.9903671972509492,0.990134298009174,0.9901913854950224,0.9901181374690547,0.99,0.989998933402697,"{""labels"": [""0"", ""1"", ""2"", ""3"", ""4"", ""5"", ""6"", ""7"", ""8"", ""9""], ""matrix"": [[112, 0, 0, 0, 2, 0, 0, 0, 0, 0], [0, 111, 3, 0, 0, 0, 0, 0, 0, 0], [0, 1, 111, 2, 0, 0, 0, 0, 0, 0], [0, 0, 0, 107, 0, 0, 0, 0, 0, 0], [0, 0, 0, 0, 114, 0, 0, 0, 0, 0], [0, 0, 0, 0, 0, 106, 0, 0, 0, 0], [0, 0, 0, 0, 0, 0, 105, 0, 0, 0], [0, 0, 0, 0, 0, 0, 0, 115, 0, 0], [0, 0, 0, 0, 0, 0, 0, 1, 105, 0], [0, 0, 0, 0, 1, 0, 0, 1, 0, 103]]}"
c-k3-b-DD,cosine,3,borda,RetentionPolicy.DD_RETENTION,8,10,9894,1098,0.0014701999971293,0.2055145000049378,0.2069847000020672,0.9936247723132968,0.9936851117082226,0.9936506977040632,0.9936550877178052,0.9936497954543082,0.9936247723132968,0.9936246932240742,"{""labels"": [""0"", ""1"", ""2"", ""3"", ""4"", ""5"", ""6"", ""7"", ""8"", ""9""], ""matrix"": [[113, 0, 0, 0, 0, 0, 1, 0, 0, 0], [0, 112, 1, 0, 0, 0, 0, 1, 0, 0], [0, 1, 114, 0, 0, 0, 0, 0, 0, 0], [0, 1, 0, 104, 0, 0, 0, 0, 0, 0], [0, 0, 0, 0, 114, 0, 0, 0, 0, 0], [0, 0, 0, 0, 0, 105, 0, 0, 1, 0], [0, 0, 0, 0, 0, 0, 105, 0, 0, 0], [0, 0, 0, 0, 0, 0, 0, 114, 0, 0], [0, 0, 0, 0, 0, 0, 0, 0, 106, 0], [0, 0, 0, 0, 0, 1, 0, 0, 0, 104]]}"
c-k3-b-DD,cosine,3,borda,RetentionPolicy.DD_RETENTION,9,10,9890,1102,0.0015088000000105,0.2016913999977987,0.2032001999978092,0.9945553539019965,0.994575940233526,0.9945368754124854,0.9945366865404116,0.9945873709853692,0.9945553539019965,0.9945512315756814,"{""labels"": [""0"", ""1"", ""2"", ""3"", ""4"", ""5"", ""6"", ""7"", ""8"", ""9""], ""matrix"": [[114, 0, 0, 0, 1, 0, 0, 0, 0, 0], [0, 112, 1, 1, 0, 0, 0, 0, 0, 0], [0, 0, 115, 0, 0, 0, 0, 0, 0, 0], [0, 0, 0, 104, 0, 0, 0, 0, 0, 1], [0, 0, 0, 0, 115, 0, 0, 0, 0, 0], [0, 0, 0, 0, 0, 105, 0, 0, 1, 0], [0, 0, 0, 0, 0, 0, 106, 0, 0, 0], [0, 0, 0, 0, 0, 0, 0, 114, 0, 0], [0, 0, 0, 0, 0, 0, 0, 0, 106, 0], [0, 0, 0, 0, 0, 0, 0, 1, 0, 105]]}"
c-k3-mp-AR,cosine,3,modified_plurality,RetentionPolicy.ALWAYS_RETAIN,0,10,9894,1098,0.0015657999974791,0.248149300001387,0.2497150999988662,0.994535519125683,0.9944857961854654,0.9945292476474203,0.9944918269033184,0.9945598818798664,0.994535519125683,0.994531571380538,"{""labels"": [""0"", ""1"", ""2"", ""3"", ""4"", ""5"", ""6"", ""7"", ""8"", ""9""], ""matrix"": [[115, 0, 0, 0, 0, 0, 0, 0, 0, 0], [0, 113, 1, 0, 0, 0, 0, 0, 0, 0], [0, 0, 114, 0, 0, 0, 0, 0, 0, 0], [0, 0, 0, 105, 0, 0, 0, 0, 0, 0], [0, 0, 0, 0, 115, 0, 0, 0, 0, 0], [0, 0, 0, 0, 0, 105, 0, 0, 0, 0], [0, 0, 0, 0, 0, 0, 105, 0, 0, 0], [0, 0, 0, 0, 0, 0, 0, 112, 1, 1], [1, 0, 0, 0, 0, 1, 0, 0, 104, 0], [0, 0, 0, 0, 0, 0, 0, 0, 1, 104]]}"
c-k3-mp-AR,cosine,3,modified_plurality,RetentionPolicy.ALWAYS_RETAIN,1,10,9893,1099,0.001498999998148,0.2478965999980573,0.2493955999962054,0.991810737033667,0.9919865574475416,0.9919701427481749,0.9919375003971757,0.9918996626921956,0.991810737033667,0.9918143545709196,"{""labels"": [""0"", ""1"", ""2"", ""3"", ""4"", ""5"", ""6"", ""7"", ""8"", ""9""], ""matrix"": [[114, 1, 0, 0, 0, 0, 0, 0, 0, 0], [0, 113, 1, 0, 0, 0, 0, 0, 0, 0], [0, 1, 113, 0, 0, 0, 0, 0, 0, 0], [0, 0, 0, 103, 0, 0, 0, 1, 0, 1], [0, 0, 0, 0, 114, 1, 0, 0, 0, 0], [0, 0, 0, 0, 0, 105, 0, 0, 0, 0], [0, 0, 0, 0, 0, 0, 106, 0, 0, 0], [0, 1, 1, 0, 0, 0, 0, 111, 0, 1], [0, 0, 0, 0, 0, 0, 0, 0, 105, 0], [0, 0, 0, 0, 0, 0, 0, 0, 0, 106]]}"
c-k3-mp-AR,cosine,3,modified_plurality,RetentionPolicy.ALWAYS_RETAIN,2,10,9895,1097,0.001771600000211,0.2439662000033422,0.2457378000035532,0.9954421148587056,0.9953911185432924,0.9953960989430096,0.9953637826179124,0.9955172412040948,0.9954421148587056,0.9954506424242489,"{""labels"": [""0"", ""1"", ""2"", ""3"", ""4"", ""5"", ""6"", ""7"", ""8"", ""9""], ""matrix"": [[113, 0, 0, 0, 0, 0, 0, 0, 0, 1], [0, 114, 0, 0, 1, 0, 0, 0, 0, 0], [0, 0, 115, 0, 0, 0, 0, 0, 0, 0], [0, 0, 0, 104, 0, 1, 0, 0, 0, 0], [0, 0, 0, 0, 114, 0, 0, 0, 0, 0], [0, 0, 0, 0, 0, 105, 0, 0, 0, 0], [0, 0, 0, 0, 0, 0, 105, 0, 0, 0], [0, 0, 0, 0, 0, 0, 0, 114, 0, 0], [0, 0, 0, 0, 0, 0, 0, 0, 105, 0], [0, 0, 0, 0, 0, 2, 0, 0, 0, 103]]}"
c-k3-mp-AR,cosine,3,modified_plurality,RetentionPolicy.ALWAYS_RETAIN,3,10,9892,1100,0.0016441999978269,0.2388581999985035,0.2405023999963305,0.99,0.9900199003814912,0.9900054484036176,0.9899695201553824,0.990067479074989,0.99,0.9899915927907952,"{""labels"": [""0"", ""1"", ""2"", ""3"", ""4"", ""5"", ""6"", ""7"", ""8"", ""9""], ""matrix"": [[114, 0, 0, 0, 0, 0, 0, 0, 0, 0], [0, 112, 0, 2, 0, 0, 0, 0, 0, 0], [0, 0, 114, 0, 0, 0, 0, 1, 0, 0], [0, 1, 1, 103, 0, 0, 0, 0, 0, 0], [0, 0, 0, 0, 115, 0, 0, 0, 0, 0], [0, 0, 0, 1, 0, 102, 0, 0, 0, 2], [0, 0, 0, 0, 0, 0, 105, 0, 0, 0], [0, 1, 1, 0, 0, 0, 0, 112, 1, 0], [0, 0, 0, 0, 0, 0, 0, 0, 106, 0], [0, 0, 0, 0, 0, 0, 0, 0, 0, 106]]}"
c-k3-mp-AR,cosine,3,modified_plurality,RetentionPolicy.ALWAYS_RETAIN,4,10,9894,1098,0.0019801000016741,0.2376169999988633,0.2395971000005374,0.994535519125683,0.9946499391813528,0.9943864994726356,0.9944846707526998,0.9945999471652976,0.994535519125683,0.9945344707366918,"{""labels"": [""0"", ""1"", ""2"", ""3"", ""4"", ""5"", ""6"", ""7"", ""8"", ""9""], ""matrix"": [[114, 0, 0, 0, 0, 0, 0, 0, 0, 0], [0, 114, 1, 0, 0, 0, 0, 0, 0, 0], [0, 0, 114, 0, 0, 0, 0, 0, 0, 0], [0, 0, 1, 104, 0, 0, 0, 0, 0, 0], [0, 0, 0, 0, 114, 0, 0, 0, 0, 0], [0, 0, 0, 2, 0, 104, 0, 0, 0, 0], [0, 0, 0, 0, 0, 0, 106, 0, 0, 0], [0, 0, 0, 0, 0, 0, 0, 114, 0, 0], [0, 0, 0, 0, 0, 0, 0, 0, 105, 0], [0, 0, 0, 0, 1, 0, 0, 1, 0, 103]]}"
c-k3-mp-AR,cosine,3,modified_plurality,RetentionPolicy.ALWAYS_RETAIN,5,10,9894,1098,0.0014851000014459,0.2351362999979755,0.2366213999994215,0.994535519125683,0.9945545089868107,0.9945112781954888,0.99451568920018,0.9945774852729912,0.994535519125683,0.9945397359164032,"{""labels"": [""0"", ""1"", ""2"", ""3"", ""4"", ""5"", ""6"", ""7"", ""8"", ""9""], ""matrix"": [[114, 0, 0, 0, 0, 0, 0, 0, 0, 0], [0, 113, 0, 1, 0, 0, 0, 0, 0, 0], [0, 0, 114, 0, 0, 0, 0, 0, 0, 0], [0, 0, 0, 105, 0, 0, 0, 0, 0, 0], [0, 0, 0, 0, 113, 0, 0, 0, 0, 1], [0, 0, 0, 1, 0, 104, 0, 0, 0, 0], [0, 0, 0, 0, 0, 0, 108, 0, 0, 0], [0, 0, 1, 0, 0, 0, 0, 113, 0, 0], [0, 0, 0, 0, 0, 0, 0, 1, 104, 0], [0, 1, 0, 0, 0, 0, 0, 0, 0, 104]]}"
c-k3-mp-AR,cosine,3,modified_plurality,RetentionPolicy.ALWAYS_RETAIN,6,10,9890,1102,0.0018966999996337,0.2388452000013785,0.2407419000010122,0.9963702359346642,0.99641503464989,0.9963650923864212,0.9963705471811284,0.996409852151132,0.9963702359346642,0.996370086683591,"{""labels"": [""0"", ""1"", ""2"", ""3"", ""4"", ""5"", ""6"", ""7"", ""8"", ""9""], ""matrix"": [[114, 0, 0, 0, 0, 0, 0, 0, 0, 0], [0, 113, 2, 0, 0, 0, 0, 0, 0, 0], [0, 0, 114, 0, 0, 0, 0, 0, 0, 0], [0, 0, 0, 108, 0, 0, 0, 0, 0, 0], [0, 0, 0, 0, 114, 0, 0, 0, 0, 0], [0, 0, 0, 1, 0, 105, 0, 0, 0, 0], [0, 0, 0, 0, 0, 1, 104, 0, 0, 0], [0, 0, 0, 0, 0, 0, 0, 114, 0, 0], [0, 0, 0, 0, 0, 0, 0, 0, 105, 0], [0, 0, 0, 0, 0, 0, 0, 0, 0, 107]]}"
c-k3-mp-AR,cosine,3,modified_plurality,RetentionPolicy.ALWAYS_RETAIN,7,10,9892,1100,0.0014660000015283,0.2396540999980061,0.2411200999995344,0.9936363636363637,0.9938223334603242,0.993784461152882,0.993788089623178,0.993667776128026,0.9936363636363637,0.993636188592553,"{""labels"": [""0"", ""1"", ""2"", ""3"", ""4"", ""5"", ""6"", ""7"", ""8"", ""9""], ""matrix"": [[112, 0, 0, 0, 2, 0, 0, 0, 0, 0], [0, 112, 2, 0, 0, 0, 0, 0, 0, 0], [0, 1, 113, 0, 0, 0, 0, 0, 0, 0], [0, 0, 0, 107, 0, 0, 0, 0, 0, 0], [0, 0, 0, 0, 113, 0, 0, 0, 0, 1], [0, 0, 0, 0, 0, 106, 0, 0, 0, 0], [0, 0, 0, 0, 0, 0, 105, 0, 0, 0], [0, 0, 0, 0, 0, 0, 0, 115, 0, 0], [0, 0, 0, 0, 0, 0, 0, 0, 106, 0], [0, 0, 0, 0, 0, 0, 0, 1, 0, 104]]}"
c-k3-mp-AR,cosine,3,modified_plurality,RetentionPolicy.ALWAYS_RETAIN,8,10,9894,1098,0.001773800002411,0.2407934000002569,0.2425672000026679,0.9954462659380692,0.9955208249340328,0.9953974559039108,0.995438391187266,0.9954870598822037,0.9954462659380692,0.995445982474402,"{""labels"": [""0"", ""1"", ""2"", ""3"", ""4"", ""5"", ""6"", ""7"", ""8"", ""9""], ""matrix"": [[113, 0, 0, 0, 0, 0, 1, 0, 0, 0], [0, 113, 1, 0, 0, 0, 0, 0, 0, 0], [0, 0, 115, 0, 0, 0, 0, 0, 0, 0], [0, 0, 0, 104, 1, 0, 0, 0, 0, 0], [0, 0, 0, 0, 114, 0, 0, 0, 0, 0], [0, 0, 0, 0, 0, 106, 0, 0, 0, 0], [0, 0, 0, 0, 0, 0, 105, 0, 0, 0], [0, 0, 0, 0, 0, 0, 0, 114, 0, 0], [0, 0, 0, 0, 0, 0, 0, 1, 105, 0], [0, 0, 0, 0, 0, 1, 0, 0, 0, 104]]}"
c-k3-mp-AR,cosine,3,modified_plurality,RetentionPolicy.ALWAYS_RETAIN,9,10,9890,1102,0.0015060000005178,0.2467126000046846,0.2482186000052024,0.9936479128856625,0.9936501775814364,0.993667310195094,0.9936311203028524,0.9936968914833594,0.9936479128856625,0.9936442022923874,"{""labels"": [""0"", ""1"", ""2"", ""3"", ""4"", ""5"", ""6"", ""7"", ""8"", ""9""], ""matrix"": [[113, 0, 0, 0, 1, 0, 0, 0, 0, 1], [0, 112, 1, 1, 0, 0, 0, 0, 0, 0], [0, 0, 115, 0, 0, 0, 0, 0, 0, 0], [0, 0, 0, 104, 0, 0, 0, 0, 0, 1], [0, 0, 0, 0, 115, 0, 0, 0, 0, 0], [0, 0, 0, 0, 0, 105, 0, 0, 1, 0], [0, 0, 0, 0, 0, 0, 106, 0, 0, 0], [0, 0, 0, 0, 0, 0, 0, 114, 0, 0], [0, 0, 0, 0, 0, 0, 0, 0, 106, 0], [0, 0, 0, 0, 0, 0, 0, 1, 0, 105]]}"
c-k3-mp-NR,cosine,3,modified_plurality,RetentionPolicy.NEVER_RETAIN,0,10,9894,1098,0.0015219999986584,0.2171879000015906,0.218709900000249,0.9936247723132968,0.9935600335333756,0.9936596824300292,0.9935856831034848,0.9936745897262288,0.9936247723132968,0.993625269821252,"{""labels"": [""0"", ""1"", ""2"", ""3"", ""4"", ""5"", ""6"", ""7"", ""8"", ""9""], ""matrix"": [[115, 0, 0, 0, 0, 0, 0, 0, 0, 0], [0, 113, 1, 0, 0, 0, 0, 0, 0, 0], [0, 0, 114, 0, 0, 0, 0, 0, 0, 0], [0, 0, 0, 105, 0, 0, 0, 0, 0, 0], [0, 0, 0, 0, 114, 1, 0, 0, 0, 0], [0, 0, 0, 0, 0, 105, 0, 0, 0, 0], [0, 0, 0, 0, 0, 0, 105, 0, 0, 0], [0, 0, 0, 0, 0, 0, 0, 112, 1, 1], [1, 0, 0, 0, 0, 1, 0, 0, 104, 0], [0, 0, 0, 0, 0, 0, 0, 0, 1, 104]]}"
c-k3-mp-NR,cosine,3,modified_plurality,RetentionPolicy.NEVER_RETAIN,1,10,9893,1099,0.0016572999957134,0.215699799999129,0.2173570999948424,0.9909008189262968,0.9911169922301502,0.9910929497657186,0.9910641379517608,0.9909976569161936,0.9909008189262968,0.9909084099050662,"{""labels"": [""0"", ""1"", ""2"", ""3"", ""4"", ""5"", ""6"", ""7"", ""8"", ""9""], ""matrix"": [[114, 1, 0, 0, 0, 0, 0, 0, 0, 0], [0, 112, 2, 0, 0, 0, 0, 0, 0, 0], [0, 1, 113, 0, 0, 0, 0, 0, 0, 0], [0, 0, 0, 103, 0, 0, 0, 1, 0, 1], [0, 0, 0, 0, 114, 1, 0, 0, 0, 0], [0, 0, 0, 0, 0, 105, 0, 0, 0, 0], [0, 0, 0, 0, 0, 0, 106, 0, 0, 0], [0, 1, 1, 0, 0, 0, 0, 111, 0, 1], [0, 0, 0, 0, 0, 0, 0, 0, 105, 0], [0, 0, 0, 0, 0, 0, 0, 0, 0, 106]]}"
c-k3-mp-NR,cosine,3,modified_plurality,RetentionPolicy.NEVER_RETAIN,2,10,9895,1097,0.0014794000016991,0.218396299998858,0.2198757000005571,0.9945305378304466,0.994512218001032,0.9944437179906288,0.994443228398716,0.9945967288147484,0.9945305378304466,0.9945300678302432,"{""labels"": [""0"", ""1"", ""2"", ""3"", ""4"", ""5"", ""6"", ""7"", ""8"", ""9""], ""matrix"": [[113, 0, 0, 0, 0, 0, 0, 0, 0, 1], [0, 114, 0, 0, 1, 0, 0, 0, 0, 0], [0, 0, 115, 0, 0, 0, 0, 0, 0, 0], [0, 0, 0, 104, 0, 1, 0, 0, 0, 0], [0, 0, 0, 0, 114, 0, 0, 0, 0, 0], [0, 0, 0, 0, 0, 105, 0, 0, 0, 0], [0, 0, 0, 0, 0, 0, 105, 0, 0, 0], [0, 0, 0, 0, 0, 0, 0, 114, 0, 0], [0, 0, 0, 0, 0, 0, 0, 0, 105, 0], [0, 1, 0, 0, 0, 2, 0, 0, 0, 102]]}"
c-k3-mp-NR,cosine,3,modified_plurality,RetentionPolicy.NEVER_RETAIN,3,10,9892,1100,0.0020101999980397,0.2131701000034809,0.2151803000015206,0.99,0.9900199003814912,0.9900054484036176,0.9899695201553824,0.990067479074989,0.99,0.9899915927907952,"{""labels"": [""0"", ""1"", ""2"", ""3"", ""4"", ""5"", ""6"", ""7"", ""8"", ""9""], ""matrix"": [[114, 0, 0, 0, 0, 0, 0, 0, 0, 0], [0, 112, 0, 2, 0, 0, 0, 0, 0, 0], [0, 0, 114, 0, 0, 0, 0, 1, 0, 0], [0, 1, 1, 103, 0, 0, 0, 0, 0, 0], [0, 0, 0, 0, 115, 0, 0, 0, 0, 0], [0, 0, 0, 1, 0, 102, 0, 0, 0, 2], [0, 0, 0, 0, 0, 0, 105, 0, 0, 0], [0, 1, 1, 0, 0, 0, 0, 112, 1, 0], [0, 0, 0, 0, 0, 0, 0, 0, 106, 0], [0, 0, 0, 0, 0, 0, 0, 0, 0, 106]]}"
c-k3-mp-NR,cosine,3,modified_plurality,RetentionPolicy.NEVER_RETAIN,4,10,9894,1098,0.0014833000022917,0.2066488999989815,0.2081322000012733,0.9936247723132968,0.9938099745482848,0.9935169342552445,0.9936150229116408,0.993727852737522,0.9936247723132968,0.993627545730859,"{""labels"": [""0"", ""1"", ""2"", ""3"", ""4"", ""5"", ""6"", ""7"", ""8"", ""9""], ""matrix"": [[114, 0, 0, 0, 0, 0, 0, 0, 0, 0], [0, 113, 2, 0, 0, 0, 0, 0, 0, 0], [0, 0, 114, 0, 0, 0, 0, 0, 0, 0], [0, 0, 1, 104, 0, 0, 0, 0, 0, 0], [0, 0, 0, 0, 114, 0, 0, 0, 0, 0], [0, 0, 0, 2, 0, 104, 0, 0, 0, 0], [0, 0, 0, 0, 0, 0, 106, 0, 0, 0], [0, 0, 0, 0, 0, 0, 0, 114, 0, 0], [0, 0, 0, 0, 0, 0, 0, 0, 105, 0], [0, 0, 0, 0, 1, 0, 0, 1, 0, 103]]}"
c-k3-mp-NR,cosine,3,modified_plurality,RetentionPolicy.NEVER_RETAIN,5,10,9894,1098,0.0015662000005249,0.2080118000012589,0.2095780000017839,0.9954462659380692,0.9954878994039652,0.9953884711779448,0.9954256635370546,0.9954706969641276,0.9954462659380692,0.995446037475689,"{""labels"": [""0"", ""1"", ""2"", ""3"", ""4"", ""5"", ""6"", ""7"", ""8"", ""9""], ""matrix"": [[114, 0, 0, 0, 0, 0, 0, 0, 0, 0], [0, 114, 0, 0, 0, 0, 0, 0, 0, 0], [0, 0, 114, 0, 0, 0, 0, 0, 0, 0], [0, 0, 0, 105, 0, 0, 0, 0, 0, 0], [0, 0, 0, 0, 113, 0, 0, 0, 0, 1], [0, 0, 0, 1, 0, 104, 0, 0, 0, 0], [0, 0, 0, 0, 0, 0, 108, 0, 0, 0], [0, 0, 1, 0, 0, 0, 0, 113, 0, 0], [0, 0, 0, 0, 0, 0, 0, 1, 104, 0], [0, 1, 0, 0, 0, 0, 0, 0, 0, 104]]}"
c-k3-mp-NR,cosine,3,modified_plurality,RetentionPolicy.NEVER_RETAIN,6,10,9890,1102,0.0015815000006114,0.2165734000009251,0.2181549000015366,0.9963702359346642,0.99641503464989,0.9963650923864212,0.9963705471811284,0.996409852151132,0.9963702359346642,0.996370086683591,"{""labels"": [""0"", ""1"", ""2"", ""3"", ""4"", ""5"", ""6"", ""7"", ""8"", ""9""], ""matrix"": [[114, 0, 0, 0, 0, 0, 0, 0, 0, 0], [0, 113, 2, 0, 0, 0, 0, 0, 0, 0], [0, 0, 114, 0, 0, 0, 0, 0, 0, 0], [0, 0, 0, 108, 0, 0, 0, 0, 0, 0], [0, 0, 0, 0, 114, 0, 0, 0, 0, 0], [0, 0, 0, 1, 0, 105, 0, 0, 0, 0], [0, 0, 0, 0, 0, 1, 104, 0, 0, 0], [0, 0, 0, 0, 0, 0, 0, 114, 0, 0], [0, 0, 0, 0, 0, 0, 0, 0, 105, 0], [0, 0, 0, 0, 0, 0, 0, 0, 0, 107]]}"
c-k3-mp-NR,cosine,3,modified_plurality,RetentionPolicy.NEVER_RETAIN,7,10,9892,1100,0.0015817000021343,0.2271989000000758,0.2287806000022101,0.9936363636363637,0.9938223334603242,0.993784461152882,0.993788089623178,0.993667776128026,0.9936363636363637,0.993636188592553,"{""labels"": [""0"", ""1"", ""2"", ""3"", ""4"", ""5"", ""6"", ""7"", ""8"", ""9""], ""matrix"": [[112, 0, 0, 0, 2, 0, 0, 0, 0, 0], [0, 112, 2, 0, 0, 0, 0, 0, 0, 0], [0, 1, 113, 0, 0, 0, 0, 0, 0, 0], [0, 0, 0, 107, 0, 0, 0, 0, 0, 0], [0, 0, 0, 0, 113, 0, 0, 0, 0, 1], [0, 0, 0, 0, 0, 106, 0, 0, 0, 0], [0, 0, 0, 0, 0, 0, 105, 0, 0, 0], [0, 0, 0, 0, 0, 0, 0, 115, 0, 0], [0, 0, 0, 0, 0, 0, 0, 0, 106, 0], [0, 0, 0, 0, 0, 0, 0, 1, 0, 104]]}"
c-k3-mp-NR,cosine,3,modified_plurality,RetentionPolicy.NEVER_RETAIN,8,10,9894,1098,0.0014789999986533,0.2115887999971164,0.2130677999957697,0.9954462659380692,0.9955208249340328,0.9953974559039108,0.995438391187266,0.9954870598822037,0.9954462659380692,0.995445982474402,"{""labels"": [""0"", ""1"", ""2"", ""3"", ""4"", ""5"", ""6"", ""7"", ""8"", ""9""], ""matrix"": [[113, 0, 0, 0, 0, 0, 1, 0, 0, 0], [0, 113, 1, 0, 0, 0, 0, 0, 0, 0], [0, 0, 115, 0, 0, 0, 0, 0, 0, 0], [0, 0, 0, 104, 1, 0, 0, 0, 0, 0], [0, 0, 0, 0, 114, 0, 0, 0, 0, 0], [0, 0, 0, 0, 0, 106, 0, 0, 0, 0], [0, 0, 0, 0, 0, 0, 105, 0, 0, 0], [0, 0, 0, 0, 0, 0, 0, 114, 0, 0], [0, 0, 0, 0, 0, 0, 0, 1, 105, 0], [0, 0, 0, 0, 0, 1, 0, 0, 0, 104]]}"
c-k3-mp-NR,cosine,3,modified_plurality,RetentionPolicy.NEVER_RETAIN,9,10,9890,1102,0.0017223999966518,0.2078610000025946,0.2095833999992464,0.9936479128856625,0.9936501775814364,0.993667310195094,0.9936311203028524,0.9936968914833594,0.9936479128856625,0.9936442022923874,"{""labels"": [""0"", ""1"", ""2"", ""3"", ""4"", ""5"", ""6"", ""7"", ""8"", ""9""], ""matrix"": [[113, 0, 0, 0, 1, 0, 0, 0, 0, 1], [0, 112, 1, 1, 0, 0, 0, 0, 0, 0], [0, 0, 115, 0, 0, 0, 0, 0, 0, 0], [0, 0, 0, 104, 0, 0, 0, 0, 0, 1], [0, 0, 0, 0, 115, 0, 0, 0, 0, 0], [0, 0, 0, 0, 0, 105, 0, 0, 1, 0], [0, 0, 0, 0, 0, 0, 106, 0, 0, 0], [0, 0, 0, 0, 0, 0, 0, 114, 0, 0], [0, 0, 0, 0, 0, 0, 0, 0, 106, 0], [0, 0, 0, 0, 0, 0, 0, 1, 0, 105]]}"
c-k3-mp-DC,cosine,3,modified_plurality,RetentionPolicy.DIFFERENT_CLASS_RETENTION,0,10,9894,1098,0.0014661000022897,0.2190475000024889,0.2205136000047787,0.9936247723132968,0.9935600335333756,0.9936596824300292,0.9935856831034848,0.9936745897262288,0.9936247723132968,0.993625269821252,"{""labels"": [""0"", ""1"", ""2"", ""3"", ""4"", ""5"", ""6"", ""7"", ""8"", ""9""], ""matrix"": [[115, 0, 0, 0, 0, 0, 0, 0, 0, 0], [0, 113, 1, 0, 0, 0, 0, 0, 0, 0], [0, 0, 114, 0, 0, 0, 0, 0, 0, 0], [0, 0, 0, 105, 0, 0, 0, 0, 0, 0], [0, 0, 0, 0, 114, 1, 0, 0, 0, 0], [0, 0, 0, 0, 0, 105, 0, 0, 0, 0], [0, 0, 0, 0, 0, 0, 105, 0, 0, 0], [0, 0, 0, 0, 0, 0, 0, 112, 1, 1], [1, 0, 0, 0, 0, 1, 0, 0, 104, 0], [0, 0, 0, 0, 0, 0, 0, 0, 1, 104]]}"
c-k3-mp-DC,cosine,3,modified_plurality,RetentionPolicy.DIFFERENT_CLASS_RETENTION,1,10,9893,1099,0.001835300005041,0.2178764999989653,0.2197118000040063,0.9909008189262968,0.9911169922301502,0.9910929497657186,0.9910641379517608,0.9909976569161936,0.9909008189262968,0.9909084099050662,"{""labels"": [""0"", ""1"", ""2"", ""3"", ""4"", ""5"", ""6"", ""7"", ""8"", ""9""], ""matrix"": [[114, 1, 0, 0, 0, 0, 0, 0, 0, 0], [0, 112, 2, 0, 0, 0, 0, 0, 0, 0], [0, 1, 113, 0, 0, 0, 0, 0, 0, 0], [0, 0, 0, 103, 0, 0, 0, 1, 0, 1], [0, 0, 0, 0, 114, 1, 0, 0, 0, 0], [0, 0, 0, 0, 0, 105, 0, 0, 0, 0], [0, 0, 0, 0, 0, 0, 106, 0, 0, 0], [0, 1, 1, 0, 0, 0, 0, 111, 0, 1], [0, 0, 0, 0, 0, 0, 0, 0, 105, 0], [0, 0, 0, 0, 0, 0, 0, 0, 0, 106]]}"
c-k3-mp-DC,cosine,3,modified_plurality,RetentionPolicy.DIFFERENT_CLASS_RETENTION,2,10,9895,1097,0.0017938000019057,0.2167592999976477,0.2185530999995535,0.9945305378304466,0.994512218001032,0.9944437179906288,0.994443228398716,0.9945967288147484,0.9945305378304466,0.9945300678302432,"{""labels"": [""0"", ""1"", ""2"", ""3"", ""4"", ""5"", ""6"", ""7"", ""8"", ""9""], ""matrix"": [[113, 0, 0, 0, 0, 0, 0, 0, 0, 1], [0, 114, 0, 0, 1, 0, 0, 0, 0, 0], [0, 0, 115, 0, 0, 0, 0, 0, 0, 0], [0, 0, 0, 104, 0, 1, 0, 0, 0, 0], [0, 0, 0, 0, 114, 0, 0, 0, 0, 0], [0, 0, 0, 0, 0, 105, 0, 0, 0, 0], [0, 0, 0, 0, 0, 0, 105, 0, 0, 0], [0, 0, 0, 0, 0, 0, 0, 114, 0, 0], [0, 0, 0, 0, 0, 0, 0, 0, 105, 0], [0, 1, 0, 0, 0, 2, 0, 0, 0, 102]]}"
c-k3-mp-DC,cosine,3,modified_plurality,RetentionPolicy.DIFFERENT_CLASS_RETENTION,3,10,9892,1100,0.0015224000017042,0.2092460999992909,0.2107685000009951,0.99,0.9900199003814912,0.9900054484036176,0.9899695201553824,0.990067479074989,0.99,0.9899915927907952,"{""labels"": [""0"", ""1"", ""2"", ""3"", ""4"", ""5"", ""6"", ""7"", ""8"", ""9""], ""matrix"": [[114, 0, 0, 0, 0, 0, 0, 0, 0, 0], [0, 112, 0, 2, 0, 0, 0, 0, 0, 0], [0, 0, 114, 0, 0, 0, 0, 1, 0, 0], [0, 1, 1, 103, 0, 0, 0, 0, 0, 0], [0, 0, 0, 0, 115, 0, 0, 0, 0, 0], [0, 0, 0, 1, 0, 102, 0, 0, 0, 2], [0, 0, 0, 0, 0, 0, 105, 0, 0, 0], [0, 1, 1, 0, 0, 0, 0, 112, 1, 0], [0, 0, 0, 0, 0, 0, 0, 0, 106, 0], [0, 0, 0, 0, 0, 0, 0, 0, 0, 106]]}"
c-k3-mp-DC,cosine,3,modified_plurality,RetentionPolicy.DIFFERENT_CLASS_RETENTION,4,10,9894,1098,0.0014690999960293,0.2139630000019678,0.2154320999979972,0.9936247723132968,0.9938099745482848,0.9935169342552445,0.9936150229116408,0.993727852737522,0.9936247723132968,0.993627545730859,"{""labels"": [""0"", ""1"", ""2"", ""3"", ""4"", ""5"", ""6"", ""7"", ""8"", ""9""], ""matrix"": [[114, 0, 0, 0, 0, 0, 0, 0, 0, 0], [0, 113, 2, 0, 0, 0, 0, 0, 0, 0], [0, 0, 114, 0, 0, 0, 0, 0, 0, 0], [0, 0, 1, 104, 0, 0, 0, 0, 0, 0], [0, 0, 0, 0, 114, 0, 0, 0, 0, 0], [0, 0, 0, 2, 0, 104, 0, 0, 0, 0], [0, 0, 0, 0, 0, 0, 106, 0, 0, 0], [0, 0, 0, 0, 0, 0, 0, 114, 0, 0], [0, 0, 0, 0, 0, 0, 0, 0, 105, 0], [0, 0, 0, 0, 1, 0, 0, 1, 0, 103]]}"
c-k3-mp-DC,cosine,3,modified_plurality,RetentionPolicy.DIFFERENT_CLASS_RETENTION,5,10,9894,1098,0.0017393000016454,0.2192441000006511,0.2209834000022965,0.9954462659380692,0.9954878994039652,0.9953884711779448,0.9954256635370546,0.9954706969641276,0.9954462659380692,0.995446037475689,"{""labels"": [""0"", ""1"", ""2"", ""3"", ""4"", ""5"", ""6"", ""7"", ""8"", ""9""], ""matrix"": [[114, 0, 0, 0, 0, 0, 0, 0, 0, 0], [0, 114, 0, 0, 0, 0, 0, 0, 0, 0], [0, 0, 114, 0, 0, 0, 0, 0, 0, 0], [0, 0, 0, 105, 0, 0, 0, 0, 0, 0], [0, 0, 0, 0, 113, 0, 0, 0, 0, 1], [0, 0, 0, 1, 0, 104, 0, 0, 0, 0], [0, 0, 0, 0, 0, 0, 108, 0, 0, 0], [0, 0, 1, 0, 0, 0, 0, 113, 0, 0], [0, 0, 0, 0, 0, 0, 0, 1, 104, 0], [0, 1, 0, 0, 0, 0, 0, 0, 0, 104]]}"
c-k3-mp-DC,cosine,3,modified_plurality,RetentionPolicy.DIFFERENT_CLASS_RETENTION,6,10,9890,1102,0.0017502999980933,0.22194390000368,0.2236942000017734,0.9963702359346642,0.99641503464989,0.9963650923864212,0.9963705471811284,0.996409852151132,0.9963702359346642,0.996370086683591,"{""labels"": [""0"", ""1"", ""2"", ""3"", ""4"", ""5"", ""6"", ""7"", ""8"", ""9""], ""matrix"": [[114, 0, 0, 0, 0, 0, 0, 0, 0, 0], [0, 113, 2, 0, 0, 0, 0, 0, 0, 0], [0, 0, 114, 0, 0, 0, 0, 0, 0, 0], [0, 0, 0, 108, 0, 0, 0, 0, 0, 0], [0, 0, 0, 0, 114, 0, 0, 0, 0, 0], [0, 0, 0, 1, 0, 105, 0, 0, 0, 0], [0, 0, 0, 0, 0, 1, 104, 0, 0, 0], [0, 0, 0, 0, 0, 0, 0, 114, 0, 0], [0, 0, 0, 0, 0, 0, 0, 0, 105, 0], [0, 0, 0, 0, 0, 0, 0, 0, 0, 107]]}"
c-k3-mp-DC,cosine,3,modified_plurality,RetentionPolicy.DIFFERENT_CLASS_RETENTION,7,10,9892,1100,0.0017593999946257,0.2181619000039063,0.219921299998532,0.9936363636363637,0.9938223334603242,0.993784461152882,0.993788089623178,0.993667776128026,0.9936363636363637,0.993636188592553,"{""labels"": [""0"", ""1"", ""2"", ""3"", ""4"", ""5"", ""6"", ""7"", ""8"", ""9""], ""matrix"": [[112, 0, 0, 0, 2, 0, 0, 0, 0, 0], [0, 112, 2, 0, 0, 0, 0, 0, 0, 0], [0, 1, 113, 0, 0, 0, 0, 0, 0, 0], [0, 0, 0, 107, 0, 0, 0, 0, 0, 0], [0, 0, 0, 0, 113, 0, 0, 0, 0, 1], [0, 0, 0, 0, 0, 106, 0, 0, 0, 0], [0, 0, 0, 0, 0, 0, 105, 0, 0, 0], [0, 0, 0, 0, 0, 0, 0, 115, 0, 0], [0, 0, 0, 0, 0, 0, 0, 0, 106, 0], [0, 0, 0, 0, 0, 0, 0, 1, 0, 104]]}"
c-k3-mp-DC,cosine,3,modified_plurality,RetentionPolicy.DIFFERENT_CLASS_RETENTION,8,10,9894,1098,0.0016794999974081,0.2163318000020808,0.2180112999994889,0.9954462659380692,0.9955208249340328,0.9953974559039108,0.995438391187266,0.9954870598822037,0.9954462659380692,0.995445982474402,"{""labels"": [""0"", ""1"", ""2"", ""3"", ""4"", ""5"", ""6"", ""7"", ""8"", ""9""], ""matrix"": [[113, 0, 0, 0, 0, 0, 1, 0, 0, 0], [0, 113, 1, 0, 0, 0, 0, 0, 0, 0], [0, 0, 115, 0, 0, 0, 0, 0, 0, 0], [0, 0, 0, 104, 1, 0, 0, 0, 0, 0], [0, 0, 0, 0, 114, 0, 0, 0, 0, 0], [0, 0, 0, 0, 0, 106, 0, 0, 0, 0], [0, 0, 0, 0, 0, 0, 105, 0, 0, 0], [0, 0, 0, 0, 0, 0, 0, 114, 0, 0], [0, 0, 0, 0, 0, 0, 0, 1, 105, 0], [0, 0, 0, 0, 0, 1, 0, 0, 0, 104]]}"
c-k3-mp-DC,cosine,3,modified_plurality,RetentionPolicy.DIFFERENT_CLASS_RETENTION,9,10,9890,1102,0.0015646999963792,0.2148743000070681,0.2164390000034473,0.9936479128856625,0.9936501775814364,0.993667310195094,0.9936311203028524,0.9936968914833594,0.9936479128856625,0.9936442022923874,"{""labels"": [""0"", ""1"", ""2"", ""3"", ""4"", ""5"", ""6"", ""7"", ""8"", ""9""], ""matrix"": [[113, 0, 0, 0, 1, 0, 0, 0, 0, 1], [0, 112, 1, 1, 0, 0, 0, 0, 0, 0], [0, 0, 115, 0, 0, 0, 0, 0, 0, 0], [0, 0, 0, 104, 0, 0, 0, 0, 0, 1], [0, 0, 0, 0, 115, 0, 0, 0, 0, 0], [0, 0, 0, 0, 0, 105, 0, 0, 1, 0], [0, 0, 0, 0, 0, 0, 106, 0, 0, 0], [0, 0, 0, 0, 0, 0, 0, 114, 0, 0], [0, 0, 0, 0, 0, 0, 0, 0, 106, 0], [0, 0, 0, 0, 0, 0, 0, 1, 0, 105]]}"
c-k3-mp-DD,cosine,3,modified_plurality,RetentionPolicy.DD_RETENTION,0,10,9894,1098,0.0018617000023368,0.221691999999166,0.2235537000015028,0.9936247723132968,0.9935600335333756,0.9936596824300292,0.9935856831034848,0.9936745897262288,0.9936247723132968,0.993625269821252,"{""labels"": [""0"", ""1"", ""2"", ""3"", ""4"", ""5"", ""6"", ""7"", ""8"", ""9""], ""matrix"": [[115, 0, 0, 0, 0, 0, 0, 0, 0, 0], [0, 113, 1, 0, 0, 0, 0, 0, 0, 0], [0, 0, 114, 0, 0, 0, 0, 0, 0, 0], [0, 0, 0, 105, 0, 0, 0, 0, 0, 0], [0, 0, 0, 0, 114, 1, 0, 0, 0, 0], [0, 0, 0, 0, 0, 105, 0, 0, 0, 0], [0, 0, 0, 0, 0, 0, 105, 0, 0, 0], [0, 0, 0, 0, 0, 0, 0, 112, 1, 1], [1, 0, 0, 0, 0, 1, 0, 0, 104, 0], [0, 0, 0, 0, 0, 0, 0, 0, 1, 104]]}"
c-k3-mp-DD,cosine,3,modified_plurality,RetentionPolicy.DD_RETENTION,1,10,9893,1099,0.0016572999957134,0.2246102000062819,0.2262675000019953,0.9909008189262968,0.9911169922301502,0.9910929497657186,0.9910641379517608,0.9909976569161936,0.9909008189262968,0.9909084099050662,"{""labels"": [""0"", ""1"", ""2"", ""3"", ""4"", ""5"", ""6"", ""7"", ""8"", ""9""], ""matrix"": [[114, 1, 0, 0, 0, 0, 0, 0, 0, 0], [0, 112, 2, 0, 0, 0, 0, 0, 0, 0], [0, 1, 113, 0, 0, 0, 0, 0, 0, 0], [0, 0, 0, 103, 0, 0, 0, 1, 0, 1], [0, 0, 0, 0, 114, 1, 0, 0, 0, 0], [0, 0, 0, 0, 0, 105, 0, 0, 0, 0], [0, 0, 0, 0, 0, 0, 106, 0, 0, 0], [0, 1, 1, 0, 0, 0, 0, 111, 0, 1], [0, 0, 0, 0, 0, 0, 0, 0, 105, 0], [0, 0, 0, 0, 0, 0, 0, 0, 0, 106]]}"
c-k3-mp-DD,cosine,3,modified_plurality,RetentionPolicy.DD_RETENTION,2,10,9895,1097,0.001483799998823,0.2178378000025986,0.2193216000014217,0.9945305378304466,0.994512218001032,0.9944437179906288,0.994443228398716,0.9945967288147484,0.9945305378304466,0.9945300678302432,"{""labels"": [""0"", ""1"", ""2"", ""3"", ""4"", ""5"", ""6"", ""7"", ""8"", ""9""], ""matrix"": [[113, 0, 0, 0, 0, 0, 0, 0, 0, 1], [0, 114, 0, 0, 1, 0, 0, 0, 0, 0], [0, 0, 115, 0, 0, 0, 0, 0, 0, 0], [0, 0, 0, 104, 0, 1, 0, 0, 0, 0], [0, 0, 0, 0, 114, 0, 0, 0, 0, 0], [0, 0, 0, 0, 0, 105, 0, 0, 0, 0], [0, 0, 0, 0, 0, 0, 105, 0, 0, 0], [0, 0, 0, 0, 0, 0, 0, 114, 0, 0], [0, 0, 0, 0, 0, 0, 0, 0, 105, 0], [0, 1, 0, 0, 0, 2, 0, 0, 0, 102]]}"
c-k3-mp-DD,cosine,3,modified_plurality,RetentionPolicy.DD_RETENTION,3,10,9892,1100,0.0016732000003685,0.217877099996258,0.2195502999966265,0.99,0.9900199003814912,0.9900054484036176,0.9899695201553824,0.990067479074989,0.99,0.9899915927907952,"{""labels"": [""0"", ""1"", ""2"", ""3"", ""4"", ""5"", ""6"", ""7"", ""8"", ""9""], ""matrix"": [[114, 0, 0, 0, 0, 0, 0, 0, 0, 0], [0, 112, 0, 2, 0, 0, 0, 0, 0, 0], [0, 0, 114, 0, 0, 0, 0, 1, 0, 0], [0, 1, 1, 103, 0, 0, 0, 0, 0, 0], [0, 0, 0, 0, 115, 0, 0, 0, 0, 0], [0, 0, 0, 1, 0, 102, 0, 0, 0, 2], [0, 0, 0, 0, 0, 0, 105, 0, 0, 0], [0, 1, 1, 0, 0, 0, 0, 112, 1, 0], [0, 0, 0, 0, 0, 0, 0, 0, 106, 0], [0, 0, 0, 0, 0, 0, 0, 0, 0, 106]]}"
c-k3-mp-DD,cosine,3,modified_plurality,RetentionPolicy.DD_RETENTION,4,10,9894,1098,0.0016137999991769,0.2180309999966994,0.2196447999958763,0.9936247723132968,0.9938099745482848,0.9935169342552445,0.9936150229116408,0.993727852737522,0.9936247723132968,0.993627545730859,"{""labels"": [""0"", ""1"", ""2"", ""3"", ""4"", ""5"", ""6"", ""7"", ""8"", ""9""], ""matrix"": [[114, 0, 0, 0, 0, 0, 0, 0, 0, 0], [0, 113, 2, 0, 0, 0, 0, 0, 0, 0], [0, 0, 114, 0, 0, 0, 0, 0, 0, 0], [0, 0, 1, 104, 0, 0, 0, 0, 0, 0], [0, 0, 0, 0, 114, 0, 0, 0, 0, 0], [0, 0, 0, 2, 0, 104, 0, 0, 0, 0], [0, 0, 0, 0, 0, 0, 106, 0, 0, 0], [0, 0, 0, 0, 0, 0, 0, 114, 0, 0], [0, 0, 0, 0, 0, 0, 0, 0, 105, 0], [0, 0, 0, 0, 1, 0, 0, 1, 0, 103]]}"
c-k3-mp-DD,cosine,3,modified_plurality,RetentionPolicy.DD_RETENTION,5,10,9894,1098,0.0015128000013646,0.2162456000005477,0.2177584000019123,0.994535519125683,0.9945545089868107,0.9945112781954888,0.99451568920018,0.9945774852729912,0.994535519125683,0.9945397359164032,"{""labels"": [""0"", ""1"", ""2"", ""3"", ""4"", ""5"", ""6"", ""7"", ""8"", ""9""], ""matrix"": [[114, 0, 0, 0, 0, 0, 0, 0, 0, 0], [0, 113, 0, 1, 0, 0, 0, 0, 0, 0], [0, 0, 114, 0, 0, 0, 0, 0, 0, 0], [0, 0, 0, 105, 0, 0, 0, 0, 0, 0], [0, 0, 0, 0, 113, 0, 0, 0, 0, 1], [0, 0, 0, 1, 0, 104, 0, 0, 0, 0], [0, 0, 0, 0, 0, 0, 108, 0, 0, 0], [0, 0, 1, 0, 0, 0, 0, 113, 0, 0], [0, 0, 0, 0, 0, 0, 0, 1, 104, 0], [0, 1, 0, 0, 0, 0, 0, 0, 0, 104]]}"
c-k3-mp-DD,cosine,3,modified_plurality,RetentionPolicy.DD_RETENTION,6,10,9890,1102,0.0016328999990946,0.2209084999994957,0.2225413999985903,0.9963702359346642,0.99641503464989,0.9963650923864212,0.9963705471811284,0.996409852151132,0.9963702359346642,0.996370086683591,"{""labels"": [""0"", ""1"", ""2"", ""3"", ""4"", ""5"", ""6"", ""7"", ""8"", ""9""], ""matrix"": [[114, 0, 0, 0, 0, 0, 0, 0, 0, 0], [0, 113, 2, 0, 0, 0, 0, 0, 0, 0], [0, 0, 114, 0, 0, 0, 0, 0, 0, 0], [0, 0, 0, 108, 0, 0, 0, 0, 0, 0], [0, 0, 0, 0, 114, 0, 0, 0, 0, 0], [0, 0, 0, 1, 0, 105, 0, 0, 0, 0], [0, 0, 0, 0, 0, 1, 104, 0, 0, 0], [0, 0, 0, 0, 0, 0, 0, 114, 0, 0], [0, 0, 0, 0, 0, 0, 0, 0, 105, 0], [0, 0, 0, 0, 0, 0, 0, 0, 0, 107]]}"
c-k3-mp-DD,cosine,3,modified_plurality,RetentionPolicy.DD_RETENTION,7,10,9892,1100,0.0017005000045173,0.2171143999948981,0.2188148999994155,0.9936363636363637,0.9938223334603242,0.993784461152882,0.993788089623178,0.993667776128026,0.9936363636363637,0.993636188592553,"{""labels"": [""0"", ""1"", ""2"", ""3"", ""4"", ""5"", ""6"", ""7"", ""8"", ""9""], ""matrix"": [[112, 0, 0, 0, 2, 0, 0, 0, 0, 0], [0, 112, 2, 0, 0, 0, 0, 0, 0, 0], [0, 1, 113, 0, 0, 0, 0, 0, 0, 0], [0, 0, 0, 107, 0, 0, 0, 0, 0, 0], [0, 0, 0, 0, 113, 0, 0, 0, 0, 1], [0, 0, 0, 0, 0, 106, 0, 0, 0, 0], [0, 0, 0, 0, 0, 0, 105, 0, 0, 0], [0, 0, 0, 0, 0, 0, 0, 115, 0, 0], [0, 0, 0, 0, 0, 0, 0, 0, 106, 0], [0, 0, 0, 0, 0, 0, 0, 1, 0, 104]]}"
c-k3-mp-DD,cosine,3,modified_plurality,RetentionPolicy.DD_RETENTION,8,10,9894,1098,0.0014844000033917,0.2234650999962468,0.2249494999996386,0.9954462659380692,0.9955208249340328,0.9953974559039108,0.995438391187266,0.9954870598822037,0.9954462659380692,0.995445982474402,"{""labels"": [""0"", ""1"", ""2"", ""3"", ""4"", ""5"", ""6"", ""7"", ""8"", ""9""], ""matrix"": [[113, 0, 0, 0, 0, 0, 1, 0, 0, 0], [0, 113, 1, 0, 0, 0, 0, 0, 0, 0], [0, 0, 115, 0, 0, 0, 0, 0, 0, 0], [0, 0, 0, 104, 1, 0, 0, 0, 0, 0], [0, 0, 0, 0, 114, 0, 0, 0, 0, 0], [0, 0, 0, 0, 0, 106, 0, 0, 0, 0], [0, 0, 0, 0, 0, 0, 105, 0, 0, 0], [0, 0, 0, 0, 0, 0, 0, 114, 0, 0], [0, 0, 0, 0, 0, 0, 0, 1, 105, 0], [0, 0, 0, 0, 0, 1, 0, 0, 0, 104]]}"
c-k3-mp-DD,cosine,3,modified_plurality,RetentionPolicy.DD_RETENTION,9,10,9890,1102,0.0015545999995083,0.2179348999998183,0.2194894999993266,0.9936479128856625,0.9936501775814364,0.993667310195094,0.9936311203028524,0.9936968914833594,0.9936479128856625,0.9936442022923874,"{""labels"": [""0"", ""1"", ""2"", ""3"", ""4"", ""5"", ""6"", ""7"", ""8"", ""9""], ""matrix"": [[113, 0, 0, 0, 1, 0, 0, 0, 0, 1], [0, 112, 1, 1, 0, 0, 0, 0, 0, 0], [0, 0, 115, 0, 0, 0, 0, 0, 0, 0], [0, 0, 0, 104, 0, 0, 0, 0, 0, 1], [0, 0, 0, 0, 115, 0, 0, 0, 0, 0], [0, 0, 0, 0, 0, 105, 0, 0, 1, 0], [0, 0, 0, 0, 0, 0, 106, 0, 0, 0], [0, 0, 0, 0, 0, 0, 0, 114, 0, 0], [0, 0, 0, 0, 0, 0, 0, 0, 106, 0], [0, 0, 0, 0, 0, 0, 0, 1, 0, 105]]}"
c-k5-b-AR,cosine,5,borda,RetentionPolicy.ALWAYS_RETAIN,0,10,9894,1098,0.0014786999963689,0.2326465000005555,0.2341251999969245,0.9954462659380692,0.9954202076859144,0.9954064406298766,0.9954012455261324,0.995461954913087,0.9954462659380692,0.9954418973455752,"{""labels"": [""0"", ""1"", ""2"", ""3"", ""4"", ""5"", ""6"", ""7"", ""8"", ""9""], ""matrix"": [[115, 0, 0, 0, 0, 0, 0, 0, 0, 0], [0, 114, 0, 0, 0, 0, 0, 0, 0, 0], [0, 1, 113, 0, 0, 0, 0, 0, 0, 0], [0, 0, 0, 105, 0, 0, 0, 0, 0, 0], [0, 0, 0, 0, 115, 0, 0, 0, 0, 0], [0, 0, 0, 0, 0, 105, 0, 0, 0, 0], [0, 0, 0, 0, 0, 0, 105, 0, 0, 0], [0, 0, 0, 0, 0, 0, 0, 113, 0, 1], [1, 0, 0, 0, 0, 1, 0, 0, 104, 0], [0, 0, 0, 0, 0, 0, 0, 0, 1, 104]]}"
c-k5-b-AR,cosine,5,borda,RetentionPolicy.ALWAYS_RETAIN,1,10,9893,1099,0.001867899998615,0.2350170000063371,0.2368849000049522,0.9927206551410374,0.9928486264130588,0.9928473357306308,0.9928070656145668,0.9927938925563352,0.9927206551410374,0.9927163603469216,"{""labels"": [""0"", ""1"", ""2"", ""3"", ""4"", ""5"", ""6"", ""7"", ""8"", ""9""], ""matrix"": [[114, 1, 0, 0, 0, 0, 0, 0, 0, 0], [0, 113, 1, 0, 0, 0, 0, 0, 0, 0], [0, 0, 114, 0, 0, 0, 0, 0, 0, 0], [0, 0, 0, 103, 0, 0, 0, 1, 0, 1], [0, 0, 0, 0, 114, 1, 0, 0, 0, 0], [0, 0, 0, 0, 0, 105, 0, 0, 0, 0], [0, 0, 0, 0, 0, 0, 106, 0, 0, 0], [0, 1, 1, 0, 0, 0, 0, 111, 0, 1], [0, 0, 0, 0, 0, 0, 0, 0, 105, 0], [0, 0, 0, 0, 0, 0, 0, 0, 0, 106]]}"
c-k5-b-AR,cosine,5,borda,RetentionPolicy.ALWAYS_RETAIN,2,10,9895,1097,0.0014818999989074,0.2336064999981317,0.2350883999970392,0.9954421148587056,0.9953911185432924,0.9953960989430096,0.9953637826179124,0.9955172412040948,0.9954421148587056,0.9954506424242489,"{""labels"": [""0"", ""1"", ""2"", ""3"", ""4"", ""5"", ""6"", ""7"", ""8"", ""9""], ""matrix"": [[113, 0, 0, 0, 0, 0, 0, 0, 0, 1], [0, 114, 0, 0, 1, 0, 0, 0, 0, 0], [0, 0, 115, 0, 0, 0, 0, 0, 0, 0], [0, 0, 0, 104, 0, 1, 0, 0, 0, 0], [0, 0, 0, 0, 114, 0, 0, 0, 0, 0], [0, 0, 0, 0, 0, 105, 0, 0, 0, 0], [0, 0, 0, 0, 0, 0, 105, 0, 0, 0], [0, 0, 0, 0, 0, 0, 0, 114, 0, 0], [0, 0, 0, 0, 0, 0, 0, 0, 105, 0], [0, 0, 0, 0, 0, 2, 0, 0, 0, 103]]}"
c-k5-b-AR,cosine,5,borda,RetentionPolicy.ALWAYS_RETAIN,3,10,9892,1100,0.001588899998751,0.2336895999978878,0.2352784999966388,0.9918181818181818,0.991877855098704,0.9918350223384548,0.9918316015658132,0.991850568324908,0.9918181818181818,0.9918096175602276,"{""labels"": [""0"", ""1"", ""2"", ""3"", ""4"", ""5"", ""6"", ""7"", ""8"", ""9""], ""matrix"": [[114, 0, 0, 0, 0, 0, 0, 0, 0, 0], [0, 113, 0, 1, 0, 0, 0, 0, 0, 0], [0, 0, 114, 0, 0, 0, 0, 1, 0, 0], [0, 1, 1, 103, 0, 0, 0, 0, 0, 0], [0, 0, 0, 0, 115, 0, 0, 0, 0, 0], [0, 0, 0, 1, 0, 103, 0, 0, 0, 1], [0, 0, 0, 0, 0, 0, 105, 0, 0, 0], [0, 1, 1, 0, 0, 0, 0, 112, 1, 0], [0, 0, 0, 0, 0, 0, 0, 0, 106, 0], [0, 0, 0, 0, 0, 0, 0, 0, 0, 106]]}"
c-k5-b-AR,cosine,5,borda,RetentionPolicy.ALWAYS_RETAIN,4,10,9894,1098,0.0017402000012225,0.2309199000010267,0.2326601000022492,0.9954462659380692,0.995584350681802,0.9953298956990508,0.995432538051278,0.9954935100755634,0.9954462659380692,0.995445258657036,"{""labels"": [""0"", ""1"", ""2"", ""3"", ""4"", ""5"", ""6"", ""7"", ""8"", ""9""], ""matrix"": [[114, 0, 0, 0, 0, 0, 0, 0, 0, 0], [0, 114, 1, 0, 0, 0, 0, 0, 0, 0], [0, 0, 114, 0, 0, 0, 0, 0, 0, 0], [0, 0, 1, 104, 0, 0, 0, 0, 0, 0], [0, 0, 0, 0, 114, 0, 0, 0, 0, 0], [0, 0, 0, 1, 0, 105, 0, 0, 0, 0], [0, 0, 0, 0, 0, 0, 106, 0, 0, 0], [0, 0, 0, 0, 0, 0, 0, 114, 0, 0], [0, 0, 0, 0, 0, 0, 0, 0, 105, 0], [0, 0, 0, 0, 1, 0, 0, 1, 0, 103]]}"
c-k5-b-AR,cosine,5,borda,RetentionPolicy.ALWAYS_RETAIN,5,10,9894,1098,0.0017679999946267,0.231009000002814,0.2327769999974407,0.9954462659380692,0.995431701969267,0.9954636591478696,0.9954308224477963,0.9954882320853772,0.9954462659380692,0.9954506554986672,"{""labels"": [""0"", ""1"", ""2"", ""3"", ""4"", ""5"", ""6"", ""7"", ""8"", ""9""], ""matrix"": [[114, 0, 0, 0, 0, 0, 0, 0, 0, 0], [0, 113, 0, 1, 0, 0, 0, 0, 0, 0], [0, 0, 114, 0, 0, 0, 0, 0, 0, 0], [0, 0, 0, 105, 0, 0, 0, 0, 0, 0], [0, 0, 0, 0, 113, 0, 0, 0, 0, 1], [0, 0, 0, 1, 0, 104, 0, 0, 0, 0], [0, 0, 0, 0, 0, 0, 108, 0, 0, 0], [0, 0, 1, 0, 0, 0, 0, 113, 0, 0], [0, 0, 0, 0, 0, 0, 0, 0, 105, 0], [0, 1, 0, 0, 0, 0, 0, 0, 0, 104]]}"
c-k5-b-AR,cosine,5,borda,RetentionPolicy.ALWAYS_RETAIN,6,10,9890,1102,0.0016383999973186,0.2245155999989947,0.2261539999963133,0.9963702359346642,0.99641503464989,0.9963650923864212,0.9963705471811284,0.996409852151132,0.9963702359346642,0.996370086683591,"{""labels"": [""0"", ""1"", ""2"", ""3"", ""4"", ""5"", ""6"", ""7"", ""8"", ""9""], ""matrix"": [[114, 0, 0, 0, 0, 0, 0, 0, 0, 0], [0, 113, 2, 0, 0, 0, 0, 0, 0, 0], [0, 0, 114, 0, 0, 0, 0, 0, 0, 0], [0, 0, 0, 108, 0, 0, 0, 0, 0, 0], [0, 0, 0, 0, 114, 0, 0, 0, 0, 0], [0, 0, 0, 1, 0, 105, 0, 0, 0, 0], [0, 0, 0, 0, 0, 1, 104, 0, 0, 0], [0, 0, 0, 0, 0, 0, 0, 114, 0, 0], [0, 0, 0, 0, 0, 0, 0, 0, 105, 0], [0, 0, 0, 0, 0, 0, 0, 0, 0, 107]]}"
c-k5-b-AR,cosine,5,borda,RetentionPolicy.ALWAYS_RETAIN,7,10,9892,1100,0.0015831999990041,0.2262781000026734,0.2278613000016776,0.9927272727272728,0.9930873963201547,0.9928410649264672,0.9929219655768612,0.9928204888980752,0.9927272727272728,0.992730360873515,"{""labels"": [""0"", ""1"", ""2"", ""3"", ""4"", ""5"", ""6"", ""7"", ""8"", ""9""], ""matrix"": [[112, 0, 0, 0, 2, 0, 0, 0, 0, 0], [0, 111, 3, 0, 0, 0, 0, 0, 0, 0], [0, 1, 113, 0, 0, 0, 0, 0, 0, 0], [0, 0, 0, 107, 0, 0, 0, 0, 0, 0], [0, 0, 0, 0, 114, 0, 0, 0, 0, 0], [0, 0, 0, 0, 0, 106, 0, 0, 0, 0], [0, 0, 0, 0, 0, 0, 105, 0, 0, 0], [0, 0, 0, 0, 0, 0, 0, 115, 0, 0], [0, 0, 0, 0, 0, 0, 0, 1, 105, 0], [0, 0, 0, 0, 0, 0, 0, 1, 0, 104]]}"
c-k5-b-AR,cosine,5,borda,RetentionPolicy.ALWAYS_RETAIN,8,10,9894,1098,0.0015109999949345,0.2210215000013704,0.2225324999963049,0.9963570127504554,0.996390390151424,0.9963408521303256,0.9963490060592624,0.9963898871570908,0.9963570127504554,0.9963568989244316,"{""labels"": [""0"", ""1"", ""2"", ""3"", ""4"", ""5"", ""6"", ""7"", ""8"", ""9""], ""matrix"": [[113, 0, 0, 0, 0, 0, 1, 0, 0, 0], [0, 113, 1, 0, 0, 0, 0, 0, 0, 0], [0, 0, 115, 0, 0, 0, 0, 0, 0, 0], [0, 0, 0, 104, 1, 0, 0, 0, 0, 0], [0, 0, 0, 0, 114, 0, 0, 0, 0, 0], [0, 0, 0, 0, 0, 106, 0, 0, 0, 0], [0, 0, 0, 0, 0, 0, 105, 0, 0, 0], [0, 0, 0, 0, 0, 0, 0, 114, 0, 0], [0, 0, 0, 0, 0, 0, 0, 0, 106, 0], [0, 0, 0, 0, 0, 1, 0, 0, 0, 104]]}"
c-k5-b-AR,cosine,5,borda,RetentionPolicy.ALWAYS_RETAIN,9,10,9890,1102,0.0015108000006875,0.224955099998624,0.2264658999993116,0.9927404718693283,0.992802844837552,0.992790117212638,0.9927535741891148,0.9928126513241332,0.9927404718693283,0.9927325015165368,"{""labels"": [""0"", ""1"", ""2"", ""3"", ""4"", ""5"", ""6"", ""7"", ""8"", ""9""], ""matrix"": [[113, 0, 0, 0, 1, 0, 0, 0, 0, 1], [0, 111, 2, 1, 0, 0, 0, 0, 0, 0], [0, 0, 115, 0, 0, 0, 0, 0, 0, 0], [0, 0, 0, 104, 0, 0, 0, 0, 0, 1], [0, 0, 0, 0, 115, 0, 0, 0, 0, 0], [0, 0, 0, 0, 0, 105, 0, 0, 1, 0], [0, 0, 0, 0, 0, 0, 106, 0, 0, 0], [0, 0, 0, 0, 0, 0, 0, 114, 0, 0], [0, 0, 0, 0, 0, 0, 0, 0, 106, 0], [0, 0, 0, 0, 0, 0, 0, 1, 0, 105]]}"
c-k5-b-NR,cosine,5,borda,RetentionPolicy.NEVER_RETAIN,0,10,9894,1098,0.0015447999976458,0.2018707000024733,0.2034155000001192,0.994535519125683,0.9944944450338248,0.9945368754124854,0.9944951017262988,0.9945766627594492,0.994535519125683,0.9945355957862893,"{""labels"": [""0"", ""1"", ""2"", ""3"", ""4"", ""5"", ""6"", ""7"", ""8"", ""9""], ""matrix"": [[115, 0, 0, 0, 0, 0, 0, 0, 0, 0], [0, 114, 0, 0, 0, 0, 0, 0, 0, 0], [0, 1, 113, 0, 0, 0, 0, 0, 0, 0], [0, 0, 0, 105, 0, 0, 0, 0, 0, 0], [0, 0, 0, 0, 114, 1, 0, 0, 0, 0], [0, 0, 0, 0, 0, 105, 0, 0, 0, 0], [0, 0, 0, 0, 0, 0, 105, 0, 0, 0], [0, 0, 0, 0, 0, 0, 0, 113, 0, 1], [1, 0, 0, 0, 0, 1, 0, 0, 104, 0], [0, 0, 0, 0, 0, 0, 0, 0, 1, 104]]}"
c-k5-b-NR,cosine,5,borda,RetentionPolicy.NEVER_RETAIN,1,10,9893,1099,0.0015707999991718,0.2020530000008875,0.2036238000000594,0.9927206551410374,0.9928486264130588,0.9928473357306308,0.9928070656145668,0.9927938925563352,0.9927206551410374,0.9927163603469216,"{""labels"": [""0"", ""1"", ""2"", ""3"", ""4"", ""5"", ""6"", ""7"", ""8"", ""9""], ""matrix"": [[114, 1, 0, 0, 0, 0, 0, 0, 0, 0], [0, 113, 1, 0, 0, 0, 0, 0, 0, 0], [0, 0, 114, 0, 0, 0, 0, 0, 0, 0], [0, 0, 0, 103, 0, 0, 0, 1, 0, 1], [0, 0, 0, 0, 114, 1, 0, 0, 0, 0], [0, 0, 0, 0, 0, 105, 0, 0, 0, 0], [0, 0, 0, 0, 0, 0, 106, 0, 0, 0], [0, 1, 1, 0, 0, 0, 0, 111, 0, 1], [0, 0, 0, 0, 0, 0, 0, 0, 105, 0], [0, 0, 0, 0, 0, 0, 0, 0, 0, 106]]}"
c-k5-b-NR,cosine,5,borda,RetentionPolicy.NEVER_RETAIN,2,10,9895,1097,0.0014882999967085,0.1986170000018319,0.2001052999985404,0.9945305378304466,0.994512218001032,0.9944437179906288,0.994443228398716,0.9945967288147484,0.9945305378304466,0.9945300678302432,"{""labels"": [""0"", ""1"", ""2"", ""3"", ""4"", ""5"", ""6"", ""7"", ""8"", ""9""], ""matrix"": [[113, 0, 0, 0, 0, 0, 0, 0, 0, 1], [0, 114, 0, 0, 1, 0, 0, 0, 0, 0], [0, 0, 115, 0, 0, 0, 0, 0, 0, 0], [0, 0, 0, 104, 0, 1, 0, 0, 0, 0], [0, 0, 0, 0, 114, 0, 0, 0, 0, 0], [0, 0, 0, 0, 0, 105, 0, 0, 0, 0], [0, 0, 0, 0, 0, 0, 105, 0, 0, 0], [0, 0, 0, 0, 0, 0, 0, 114, 0, 0], [0, 0, 0, 0, 0, 0, 0, 0, 105, 0], [0, 1, 0, 0, 0, 2, 0, 0, 0, 102]]}"
c-k5-b-NR,cosine,5,borda,RetentionPolicy.NEVER_RETAIN,3,10,9892,1100,0.0014732000054209,0.1931710999997449,0.1946443000051658,0.9918181818181818,0.991877855098704,0.9918350223384548,0.9918316015658132,0.991850568324908,0.9918181818181818,0.9918096175602276,"{""labels"": [""0"", ""1"", ""2"", ""3"", ""4"", ""5"", ""6"", ""7"", ""8"", ""9""], ""matrix"": [[114, 0, 0, 0, 0, 0, 0, 0, 0, 0], [0, 113, 0, 1, 0, 0, 0, 0, 0, 0], [0, 0, 114, 0, 0, 0, 0, 1, 0, 0], [0, 1, 1, 103, 0, 0, 0, 0, 0, 0], [0, 0, 0, 0, 115, 0, 0, 0, 0, 0], [0, 0, 0, 1, 0, 103, 0, 0, 0, 1], [0, 0, 0, 0, 0, 0, 105, 0, 0, 0], [0, 1, 1, 0, 0, 0, 0, 112, 1, 0], [0, 0, 0, 0, 0, 0, 0, 0, 106, 0], [0, 0, 0, 0, 0, 0, 0, 0, 0, 106]]}"
c-k5-b-NR,cosine,5,borda,RetentionPolicy.NEVER_RETAIN,4,10,9894,1098,0.0014648000069428,0.1949352999945404,0.1964001000014832,0.9954462659380692,0.995584350681802,0.9953298956990508,0.995432538051278,0.9954935100755634,0.9954462659380692,0.995445258657036,"{""labels"": [""0"", ""1"", ""2"", ""3"", ""4"", ""5"", ""6"", ""7"", ""8"", ""9""], ""matrix"": [[114, 0, 0, 0, 0, 0, 0, 0, 0, 0], [0, 114, 1, 0, 0, 0, 0, 0, 0, 0], [0, 0, 114, 0, 0, 0, 0, 0, 0, 0], [0, 0, 1, 104, 0, 0, 0, 0, 0, 0], [0, 0, 0, 0, 114, 0, 0, 0, 0, 0], [0, 0, 0, 1, 0, 105, 0, 0, 0, 0], [0, 0, 0, 0, 0, 0, 106, 0, 0, 0], [0, 0, 0, 0, 0, 0, 0, 114, 0, 0], [0, 0, 0, 0, 0, 0, 0, 0, 105, 0], [0, 0, 0, 0, 1, 0, 0, 1, 0, 103]]}"
c-k5-b-NR,cosine,5,borda,RetentionPolicy.NEVER_RETAIN,5,10,9894,1098,0.0015491000012843,0.1946704000001773,0.1962195000014617,0.9954462659380692,0.9955015349468124,0.9953884711779448,0.9954294654868956,0.9954855905380644,0.9954462659380692,0.9954499830851058,"{""labels"": [""0"", ""1"", ""2"", ""3"", ""4"", ""5"", ""6"", ""7"", ""8"", ""9""], ""matrix"": [[114, 0, 0, 0, 0, 0, 0, 0, 0, 0], [0, 114, 0, 0, 0, 0, 0, 0, 0, 0], [0, 0, 114, 0, 0, 0, 0, 0, 0, 0], [0, 1, 0, 104, 0, 0, 0, 0, 0, 0], [0, 0, 0, 0, 113, 0, 0, 0, 0, 1], [0, 0, 0, 1, 0, 104, 0, 0, 0, 0], [0, 0, 0, 0, 0, 0, 108, 0, 0, 0], [0, 0, 1, 0, 0, 0, 0, 113, 0, 0], [0, 0, 0, 0, 0, 0, 0, 0, 105, 0], [0, 1, 0, 0, 0, 0, 0, 0, 0, 104]]}"
c-k5-b-NR,cosine,5,borda,RetentionPolicy.NEVER_RETAIN,6,10,9890,1102,0.001784599997336,0.1925894000014523,0.1943739999987883,0.9954627949183305,0.9955750700168216,0.99549552716903,0.9954970181791908,0.995540923220372,0.9954627949183305,0.995462403388296,"{""labels"": [""0"", ""1"", ""2"", ""3"", ""4"", ""5"", ""6"", ""7"", ""8"", ""9""], ""matrix"": [[114, 0, 0, 0, 0, 0, 0, 0, 0, 0], [0, 112, 3, 0, 0, 0, 0, 0, 0, 0], [0, 0, 114, 0, 0, 0, 0, 0, 0, 0], [0, 0, 0, 108, 0, 0, 0, 0, 0, 0], [0, 0, 0, 0, 114, 0, 0, 0, 0, 0], [0, 0, 0, 1, 0, 105, 0, 0, 0, 0], [0, 0, 0, 0, 0, 1, 104, 0, 0, 0], [0, 0, 0, 0, 0, 0, 0, 114, 0, 0], [0, 0, 0, 0, 0, 0, 0, 0, 105, 0], [0, 0, 0, 0, 0, 0, 0, 0, 0, 107]]}"
c-k5-b-NR,cosine,5,borda,RetentionPolicy.NEVER_RETAIN,7,10,9892,1100,0.0015313000039895,0.1967384999952628,0.1982697999992524,0.9927272727272728,0.9930873963201547,0.9928410649264672,0.9929219655768612,0.9928204888980752,0.9927272727272728,0.992730360873515,"{""labels"": [""0"", ""1"", ""2"", ""3"", ""4"", ""5"", ""6"", ""7"", ""8"", ""9""], ""matrix"": [[112, 0, 0, 0, 2, 0, 0, 0, 0, 0], [0, 111, 3, 0, 0, 0, 0, 0, 0, 0], [0, 1, 113, 0, 0, 0, 0, 0, 0, 0], [0, 0, 0, 107, 0, 0, 0, 0, 0, 0], [0, 0, 0, 0, 114, 0, 0, 0, 0, 0], [0, 0, 0, 0, 0, 106, 0, 0, 0, 0], [0, 0, 0, 0, 0, 0, 105, 0, 0, 0], [0, 0, 0, 0, 0, 0, 0, 115, 0, 0], [0, 0, 0, 0, 0, 0, 0, 1, 105, 0], [0, 0, 0, 0, 0, 0, 0, 1, 0, 104]]}"
c-k5-b-NR,cosine,5,borda,RetentionPolicy.NEVER_RETAIN,8,10,9894,1098,0.0014218999931472,0.1930545000068377,0.194476399999985,0.9963570127504554,0.996390390151424,0.9963408521303256,0.9963490060592624,0.9963898871570908,0.9963570127504554,0.9963568989244316,"{""labels"": [""0"", ""1"", ""2"", ""3"", ""4"", ""5"", ""6"", ""7"", ""8"", ""9""], ""matrix"": [[113, 0, 0, 0, 0, 0, 1, 0, 0, 0], [0, 113, 1, 0, 0, 0, 0, 0, 0, 0], [0, 0, 115, 0, 0, 0, 0, 0, 0, 0], [0, 0, 0, 104, 1, 0, 0, 0, 0, 0], [0, 0, 0, 0, 114, 0, 0, 0, 0, 0], [0, 0, 0, 0, 0, 106, 0, 0, 0, 0], [0, 0, 0, 0, 0, 0, 105, 0, 0, 0], [0, 0, 0, 0, 0, 0, 0, 114, 0, 0], [0, 0, 0, 0, 0, 0, 0, 0, 106, 0], [0, 0, 0, 0, 0, 1, 0, 0, 0, 104]]}"
c-k5-b-NR,cosine,5,borda,RetentionPolicy.NEVER_RETAIN,9,10,9890,1102,0.0014321999988169,0.1977692000000388,0.1992013999988557,0.9927404718693283,0.992802844837552,0.992790117212638,0.9927535741891148,0.9928126513241332,0.9927404718693283,0.9927325015165368,"{""labels"": [""0"", ""1"", ""2"", ""3"", ""4"", ""5"", ""6"", ""7"", ""8"", ""9""], ""matrix"": [[113, 0, 0, 0, 1, 0, 0, 0, 0, 1], [0, 111, 2, 1, 0, 0, 0, 0, 0, 0], [0, 0, 115, 0, 0, 0, 0, 0, 0, 0], [0, 0, 0, 104, 0, 0, 0, 0, 0, 1], [0, 0, 0, 0, 115, 0, 0, 0, 0, 0], [0, 0, 0, 0, 0, 105, 0, 0, 1, 0], [0, 0, 0, 0, 0, 0, 106, 0, 0, 0], [0, 0, 0, 0, 0, 0, 0, 114, 0, 0], [0, 0, 0, 0, 0, 0, 0, 0, 106, 0], [0, 0, 0, 0, 0, 0, 0, 1, 0, 105]]}"
c-k5-b-DC,cosine,5,borda,RetentionPolicy.DIFFERENT_CLASS_RETENTION,0,10,9894,1098,0.0014603000017814,0.2036577999970177,0.2051180999987991,0.994535519125683,0.9944944450338248,0.9945368754124854,0.9944951017262988,0.9945766627594492,0.994535519125683,0.9945355957862893,"{""labels"": [""0"", ""1"", ""2"", ""3"", ""4"", ""5"", ""6"", ""7"", ""8"", ""9""], ""matrix"": [[115, 0, 0, 0, 0, 0, 0, 0, 0, 0], [0, 114, 0, 0, 0, 0, 0, 0, 0, 0], [0, 1, 113, 0, 0, 0, 0, 0, 0, 0], [0, 0, 0, 105, 0, 0, 0, 0, 0, 0], [0, 0, 0, 0, 114, 1, 0, 0, 0, 0], [0, 0, 0, 0, 0, 105, 0, 0, 0, 0], [0, 0, 0, 0, 0, 0, 105, 0, 0, 0], [0, 0, 0, 0, 0, 0, 0, 113, 0, 1], [1, 0, 0, 0, 0, 1, 0, 0, 104, 0], [0, 0, 0, 0, 0, 0, 0, 0, 1, 104]]}"
c-k5-b-DC,cosine,5,borda,RetentionPolicy.DIFFERENT_CLASS_RETENTION,1,10,9893,1099,0.0015619000041624,0.2071901000017533,0.2087520000059157,0.9927206551410374,0.9928486264130588,0.9928473357306308,0.9928070656145668,0.9927938925563352,0.9927206551410374,0.9927163603469216,"{""labels"": [""0"", ""1"", ""2"", ""3"", ""4"", ""5"", ""6"", ""7"", ""8"", ""9""], ""matrix"": [[114, 1, 0, 0, 0, 0, 0, 0, 0, 0], [0, 113, 1, 0, 0, 0, 0, 0, 0, 0], [0, 0, 114, 0, 0, 0, 0, 0, 0, 0], [0, 0, 0, 103, 0, 0, 0, 1, 0, 1], [0, 0, 0, 0, 114, 1, 0, 0, 0, 0], [0, 0, 0, 0, 0, 105, 0, 0, 0, 0], [0, 0, 0, 0, 0, 0, 106, 0, 0, 0], [0, 1, 1, 0, 0, 0, 0, 111, 0, 1], [0, 0, 0, 0, 0, 0, 0, 0, 105, 0], [0, 0, 0, 0, 0, 0, 0, 0, 0, 106]]}"
c-k5-b-DC,cosine,5,borda,RetentionPolicy.DIFFERENT_CLASS_RETENTION,2,10,9895,1097,0.001597499998752,0.2063668000046163,0.2079643000033684,0.9945305378304466,0.994512218001032,0.9944437179906288,0.994443228398716,0.9945967288147484,0.9945305378304466,0.9945300678302432,"{""labels"": [""0"", ""1"", ""2"", ""3"", ""4"", ""5"", ""6"", ""7"", ""8"", ""9""], ""matrix"": [[113, 0, 0, 0, 0, 0, 0, 0, 0, 1], [0, 114, 0, 0, 1, 0, 0, 0, 0, 0], [0, 0, 115, 0, 0, 0, 0, 0, 0, 0], [0, 0, 0, 104, 0, 1, 0, 0, 0, 0], [0, 0, 0, 0, 114, 0, 0, 0, 0, 0], [0, 0, 0, 0, 0, 105, 0, 0, 0, 0], [0, 0, 0, 0, 0, 0, 105, 0, 0, 0], [0, 0, 0, 0, 0, 0, 0, 114, 0, 0], [0, 0, 0, 0, 0, 0, 0, 0, 105, 0], [0, 1, 0, 0, 0, 2, 0, 0, 0, 102]]}"
c-k5-b-DC,cosine,5,borda,RetentionPolicy.DIFFERENT_CLASS_RETENTION,3,10,9892,1100,0.0015476000044145,0.204805800000031,0.2063534000044455,0.9918181818181818,0.991877855098704,0.9918350223384548,0.9918316015658132,0.991850568324908,0.9918181818181818,0.9918096175602276,"{""labels"": [""0"", ""1"", ""2"", ""3"", ""4"", ""5"", ""6"", ""7"", ""8"", ""9""], ""matrix"": [[114, 0, 0, 0, 0, 0, 0, 0, 0, 0], [0, 113, 0, 1, 0, 0, 0, 0, 0, 0], [0, 0, 114, 0, 0, 0, 0, 1, 0, 0], [0, 1, 1, 103, 0, 0, 0, 0, 0, 0], [0, 0, 0, 0, 115, 0, 0, 0, 0, 0], [0, 0, 0, 1, 0, 103, 0, 0, 0, 1], [0, 0, 0, 0, 0, 0, 105, 0, 0, 0], [0, 1, 1, 0, 0, 0, 0, 112, 1, 0], [0, 0, 0, 0, 0, 0, 0, 0, 106, 0], [0, 0, 0, 0, 0, 0, 0, 0, 0, 106]]}"
c-k5-b-DC,cosine,5,borda,RetentionPolicy.DIFFERENT_CLASS_RETENTION,4,10,9894,1098,0.0015187000026344,0.2027018000007956,0.20422050000343,0.9954462659380692,0.995584350681802,0.9953298956990508,0.995432538051278,0.9954935100755634,0.9954462659380692,0.995445258657036,"{""labels"": [""0"", ""1"", ""2"", ""3"", ""4"", ""5"", ""6"", ""7"", ""8"", ""9""], ""matrix"": [[114, 0, 0, 0, 0, 0, 0, 0, 0, 0], [0, 114, 1, 0, 0, 0, 0, 0, 0, 0], [0, 0, 114, 0, 0, 0, 0, 0, 0, 0], [0, 0, 1, 104, 0, 0, 0, 0, 0, 0], [0, 0, 0, 0, 114, 0, 0, 0, 0, 0], [0, 0, 0, 1, 0, 105, 0, 0, 0, 0], [0, 0, 0, 0, 0, 0, 106, 0, 0, 0], [0, 0, 0, 0, 0, 0, 0, 114, 0, 0], [0, 0, 0, 0, 0, 0, 0, 0, 105, 0], [0, 0, 0, 0, 1, 0, 0, 1, 0, 103]]}"
c-k5-b-DC,cosine,5,borda,RetentionPolicy.DIFFERENT_CLASS_RETENTION,5,10,9894,1098,0.0017632000017329,0.1999311999970814,0.2016943999988143,0.9954462659380692,0.9955015349468124,0.9953884711779448,0.9954294654868956,0.9954855905380644,0.9954462659380692,0.9954499830851058,"{""labels"": [""0"", ""1"", ""2"", ""3"", ""4"", ""5"", ""6"", ""7"", ""8"", ""9""], ""matrix"": [[114, 0, 0, 0, 0, 0, 0, 0, 0, 0], [0, 114, 0, 0, 0, 0, 0, 0, 0, 0], [0, 0, 114, 0, 0, 0, 0, 0, 0, 0], [0, 1, 0, 104, 0, 0, 0, 0, 0, 0], [0, 0, 0, 0, 113, 0, 0, 0, 0, 1], [0, 0, 0, 1, 0, 104, 0, 0, 0, 0], [0, 0, 0, 0, 0, 0, 108, 0, 0, 0], [0, 0, 1, 0, 0, 0, 0, 113, 0, 0], [0, 0, 0, 0, 0, 0, 0, 0, 105, 0], [0, 1, 0, 0, 0, 0, 0, 0, 0, 104]]}"
c-k5-b-DC,cosine,5,borda,RetentionPolicy.DIFFERENT_CLASS_RETENTION,6,10,9890,1102,0.0015332999973907,0.1961854000037419,0.1977187000011326,0.9954627949183305,0.9955750700168216,0.99549552716903,0.9954970181791908,0.995540923220372,0.9954627949183305,0.995462403388296,"{""labels"": [""0"", ""1"", ""2"", ""3"", ""4"", ""5"", ""6"", ""7"", ""8"", ""9""], ""matrix"": [[114, 0, 0, 0, 0, 0, 0, 0, 0, 0], [0, 112, 3, 0, 0, 0, 0, 0, 0, 0], [0, 0, 114, 0, 0, 0, 0, 0, 0, 0], [0, 0, 0, 108, 0, 0, 0, 0, 0, 0], [0, 0, 0, 0, 114, 0, 0, 0, 0, 0], [0, 0, 0, 1, 0, 105, 0, 0, 0, 0], [0, 0, 0, 0, 0, 1, 104, 0, 0, 0], [0, 0, 0, 0, 0, 0, 0, 114, 0, 0], [0, 0, 0, 0, 0, 0, 0, 0, 105, 0], [0, 0, 0, 0, 0, 0, 0, 0, 0, 107]]}"
c-k5-b-DC,cosine,5,borda,RetentionPolicy.DIFFERENT_CLASS_RETENTION,7,10,9892,1100,0.0016440999970654,0.1942391000047791,0.1958832000018446,0.9927272727272728,0.9930873963201547,0.9928410649264672,0.9929219655768612,0.9928204888980752,0.9927272727272728,0.992730360873515,"{""labels"": [""0"", ""1"", ""2"", ""3"", ""4"", ""5"", ""6"", ""7"", ""8"", ""9""], ""matrix"": [[112, 0, 0, 0, 2, 0, 0, 0, 0, 0], [0, 111, 3, 0, 0, 0, 0, 0, 0, 0], [0, 1, 113, 0, 0, 0, 0, 0, 0, 0], [0, 0, 0, 107, 0, 0, 0, 0, 0, 0], [0, 0, 0, 0, 114, 0, 0, 0, 0, 0], [0, 0, 0, 0, 0, 106, 0, 0, 0, 0], [0, 0, 0, 0, 0, 0, 105, 0, 0, 0], [0, 0, 0, 0, 0, 0, 0, 115, 0, 0], [0, 0, 0, 0, 0, 0, 0, 1, 105, 0], [0, 0, 0, 0, 0, 0, 0, 1, 0, 104]]}"
c-k5-b-DC,cosine,5,borda,RetentionPolicy.DIFFERENT_CLASS_RETENTION,8,10,9894,1098,0.0014255000060074,0.1940942000001086,0.1955197000061161,0.9963570127504554,0.996390390151424,0.9963408521303256,0.9963490060592624,0.9963898871570908,0.9963570127504554,0.9963568989244316,"{""labels"": [""0"", ""1"", ""2"", ""3"", ""4"", ""5"", ""6"", ""7"", ""8"", ""9""], ""matrix"": [[113, 0, 0, 0, 0, 0, 1, 0, 0, 0], [0, 113, 1, 0, 0, 0, 0, 0, 0, 0], [0, 0, 115, 0, 0, 0, 0, 0, 0, 0], [0, 0, 0, 104, 1, 0, 0, 0, 0, 0], [0, 0, 0, 0, 114, 0, 0, 0, 0, 0], [0, 0, 0, 0, 0, 106, 0, 0, 0, 0], [0, 0, 0, 0, 0, 0, 105, 0, 0, 0], [0, 0, 0, 0, 0, 0, 0, 114, 0, 0], [0, 0, 0, 0, 0, 0, 0, 0, 106, 0], [0, 0, 0, 0, 0, 1, 0, 0, 0, 104]]}"
c-k5-b-DC,cosine,5,borda,RetentionPolicy.DIFFERENT_CLASS_RETENTION,9,10,9890,1102,0.0014713999989908,0.1961220000011962,0.1975934000001871,0.9927404718693283,0.992802844837552,0.992790117212638,0.9927535741891148,0.9928126513241332,0.9927404718693283,0.9927325015165368,"{""labels"": [""0"", ""1"", ""2"", ""3"", ""4"", ""5"", ""6"", ""7"", ""8"", ""9""], ""matrix"": [[113, 0, 0, 0, 1, 0, 0, 0, 0, 1], [0, 111, 2, 1, 0, 0, 0, 0, 0, 0], [0, 0, 115, 0, 0, 0, 0, 0, 0, 0], [0, 0, 0, 104, 0, 0, 0, 0, 0, 1], [0, 0, 0, 0, 115, 0, 0, 0, 0, 0], [0, 0, 0, 0, 0, 105, 0, 0, 1, 0], [0, 0, 0, 0, 0, 0, 106, 0, 0, 0], [0, 0, 0, 0, 0, 0, 0, 114, 0, 0], [0, 0, 0, 0, 0, 0, 0, 0, 106, 0], [0, 0, 0, 0, 0, 0, 0, 1, 0, 105]]}"
c-k5-b-DD,cosine,5,borda,RetentionPolicy.DD_RETENTION,0,10,9894,1098,0.0015996000001905,0.2082563000003574,0.209855900000548,0.994535519125683,0.9944944450338248,0.9945368754124854,0.9944951017262988,0.9945766627594492,0.994535519125683,0.9945355957862893,"{""labels"": [""0"", ""1"", ""2"", ""3"", ""4"", ""5"", ""6"", ""7"", ""8"", ""9""], ""matrix"": [[115, 0, 0, 0, 0, 0, 0, 0, 0, 0], [0, 114, 0, 0, 0, 0, 0, 0, 0, 0], [0, 1, 113, 0, 0, 0, 0, 0, 0, 0], [0, 0, 0, 105, 0, 0, 0, 0, 0, 0], [0, 0, 0, 0, 114, 1, 0, 0, 0, 0], [0, 0, 0, 0, 0, 105, 0, 0, 0, 0], [0, 0, 0, 0, 0, 0, 105, 0, 0, 0], [0, 0, 0, 0, 0, 0, 0, 113, 0, 1], [1, 0, 0, 0, 0, 1, 0, 0, 104, 0], [0, 0, 0, 0, 0, 0, 0, 0, 1, 104]]}"
c-k5-b-DD,cosine,5,borda,RetentionPolicy.DD_RETENTION,1,10,9893,1099,0.0015270000003511,0.2105415999976685,0.2120685999980196,0.9927206551410374,0.9928486264130588,0.9928473357306308,0.9928070656145668,0.9927938925563352,0.9927206551410374,0.9927163603469216,"{""labels"": [""0"", ""1"", ""2"", ""3"", ""4"", ""5"", ""6"", ""7"", ""8"", ""9""], ""matrix"": [[114, 1, 0, 0, 0, 0, 0, 0, 0, 0], [0, 113, 1, 0, 0, 0, 0, 0, 0, 0], [0, 0, 114, 0, 0, 0, 0, 0, 0, 0], [0, 0, 0, 103, 0, 0, 0, 1, 0, 1], [0, 0, 0, 0, 114, 1, 0, 0, 0, 0], [0, 0, 0, 0, 0, 105, 0, 0, 0, 0], [0, 0, 0, 0, 0, 0, 106, 0, 0, 0], [0, 1, 1, 0, 0, 0, 0, 111, 0, 1], [0, 0, 0, 0, 0, 0, 0, 0, 105, 0], [0, 0, 0, 0, 0, 0, 0, 0, 0, 106]]}"
c-k5-b-DD,cosine,5,borda,RetentionPolicy.DD_RETENTION,2,10,9895,1097,0.0015545999995083,0.2062934999994468,0.2078480999989551,0.9945305378304466,0.994512218001032,0.9944437179906288,0.994443228398716,0.9945967288147484,0.9945305378304466,0.9945300678302432,"{""labels"": [""0"", ""1"", ""2"", ""3"", ""4"", ""5"", ""6"", ""7"", ""8"", ""9""], ""matrix"": [[113, 0, 0, 0, 0, 0, 0, 0, 0, 1], [0, 114, 0, 0, 1, 0, 0, 0, 0, 0], [0, 0, 115, 0, 0, 0, 0, 0, 0, 0], [0, 0, 0, 104, 0, 1, 0, 0, 0, 0], [0, 0, 0, 0, 114, 0, 0, 0, 0, 0], [0, 0, 0, 0, 0, 105, 0, 0, 0, 0], [0, 0, 0, 0, 0, 0, 105, 0, 0, 0], [0, 0, 0, 0, 0, 0, 0, 114, 0, 0], [0, 0, 0, 0, 0, 0, 0, 0, 105, 0], [0, 1, 0, 0, 0, 2, 0, 0, 0, 102]]}"
c-k5-b-DD,cosine,5,borda,RetentionPolicy.DD_RETENTION,3,10,9892,1100,0.002008499999647,0.2075360999951954,0.2095445999948424,0.9918181818181818,0.991877855098704,0.9918350223384548,0.9918316015658132,0.991850568324908,0.9918181818181818,0.9918096175602276,"{""labels"": [""0"", ""1"", ""2"", ""3"", ""4"", ""5"", ""6"", ""7"", ""8"", ""9""], ""matrix"": [[114, 0, 0, 0, 0, 0, 0, 0, 0, 0], [0, 113, 0, 1, 0, 0, 0, 0, 0, 0], [0, 0, 114, 0, 0, 0, 0, 1, 0, 0], [0, 1, 1, 103, 0, 0, 0, 0, 0, 0], [0, 0, 0, 0, 115, 0, 0, 0, 0, 0], [0, 0, 0, 1, 0, 103, 0, 0, 0, 1], [0, 0, 0, 0, 0, 0, 105, 0, 0, 0], [0, 1, 1, 0, 0, 0, 0, 112, 1, 0], [0, 0, 0, 0, 0, 0, 0, 0, 106, 0], [0, 0, 0, 0, 0, 0, 0, 0, 0, 106]]}"
c-k5-b-DD,cosine,5,borda,RetentionPolicy.DD_RETENTION,4,10,9894,1098,0.0015863000007811,0.2023824999996577,0.2039688000004389,0.9954462659380692,0.995584350681802,0.9953298956990508,0.995432538051278,0.9954935100755634,0.9954462659380692,0.995445258657036,"{""labels"": [""0"", ""1"", ""2"", ""3"", ""4"", ""5"", ""6"", ""7"", ""8"", ""9""], ""matrix"": [[114, 0, 0, 0, 0, 0, 0, 0, 0, 0], [0, 114, 1, 0, 0, 0, 0, 0, 0, 0], [0, 0, 114, 0, 0, 0, 0, 0, 0, 0], [0, 0, 1, 104, 0, 0, 0, 0, 0, 0], [0, 0, 0, 0, 114, 0, 0, 0, 0, 0], [0, 0, 0, 1, 0, 105, 0, 0, 0, 0], [0, 0, 0, 0, 0, 0, 106, 0, 0, 0], [0, 0, 0, 0, 0, 0, 0, 114, 0, 0], [0, 0, 0, 0, 0, 0, 0, 0, 105, 0], [0, 0, 0, 0, 1, 0, 0, 1, 0, 103]]}"
c-k5-b-DD,cosine,5,borda,RetentionPolicy.DD_RETENTION,5,10,9894,1098,0.0015156000008573,0.2004400000005262,0.2019556000013835,0.9954462659380692,0.9955015349468124,0.9953884711779448,0.9954294654868956,0.9954855905380644,0.9954462659380692,0.9954499830851058,"{""labels"": [""0"", ""1"", ""2"", ""3"", ""4"", ""5"", ""6"", ""7"", ""8"", ""9""], ""matrix"": [[114, 0, 0, 0, 0, 0, 0, 0, 0, 0], [0, 114, 0, 0, 0, 0, 0, 0, 0, 0], [0, 0, 114, 0, 0, 0, 0, 0, 0, 0], [0, 1, 0, 104, 0, 0, 0, 0, 0, 0], [0, 0, 0, 0, 113, 0, 0, 0, 0, 1], [0, 0, 0, 1, 0, 104, 0, 0, 0, 0], [0, 0, 0, 0, 0, 0, 108, 0, 0, 0], [0, 0, 1, 0, 0, 0, 0, 113, 0, 0], [0, 0, 0, 0, 0, 0, 0, 0, 105, 0], [0, 1, 0, 0, 0, 0, 0, 0, 0, 104]]}"
c-k5-b-DD,cosine,5,borda,RetentionPolicy.DD_RETENTION,6,10,9890,1102,0.0015008000045781,0.2032174999985727,0.2047183000031509,0.9954627949183305,0.9955750700168216,0.99549552716903,0.9954970181791908,0.995540923220372,0.9954627949183305,0.995462403388296,"{""labels"": [""0"", ""1"", ""2"", ""3"", ""4"", ""5"", ""6"", ""7"", ""8"", ""9""], ""matrix"": [[114, 0, 0, 0, 0, 0, 0, 0, 0, 0], [0, 112, 3, 0, 0, 0, 0, 0, 0, 0], [0, 0, 114, 0, 0, 0, 0, 0, 0, 0], [0, 0, 0, 108, 0, 0, 0, 0, 0, 0], [0, 0, 0, 0, 114, 0, 0, 0, 0, 0], [0, 0, 0, 1, 0, 105, 0, 0, 0, 0], [0, 0, 0, 0, 0, 1, 104, 0, 0, 0], [0, 0, 0, 0, 0, 0, 0, 114, 0, 0], [0, 0, 0, 0, 0, 0, 0, 0, 105, 0], [0, 0, 0, 0, 0, 0, 0, 0, 0, 107]]}"
c-k5-b-DD,cosine,5,borda,RetentionPolicy.DD_RETENTION,7,10,9892,1100,0.0015619000041624,0.2115997000000788,0.2131616000042413,0.9927272727272728,0.9930873963201547,0.9928410649264672,0.9929219655768612,0.9928204888980752,0.9927272727272728,0.992730360873515,"{""labels"": [""0"", ""1"", ""2"", ""3"", ""4"", ""5"", ""6"", ""7"", ""8"", ""9""], ""matrix"": [[112, 0, 0, 0, 2, 0, 0, 0, 0, 0], [0, 111, 3, 0, 0, 0, 0, 0, 0, 0], [0, 1, 113, 0, 0, 0, 0, 0, 0, 0], [0, 0, 0, 107, 0, 0, 0, 0, 0, 0], [0, 0, 0, 0, 114, 0, 0, 0, 0, 0], [0, 0, 0, 0, 0, 106, 0, 0, 0, 0], [0, 0, 0, 0, 0, 0, 105, 0, 0, 0], [0, 0, 0, 0, 0, 0, 0, 115, 0, 0], [0, 0, 0, 0, 0, 0, 0, 1, 105, 0], [0, 0, 0, 0, 0, 0, 0, 1, 0, 104]]}"
c-k5-b-DD,cosine,5,borda,RetentionPolicy.DD_RETENTION,8,10,9894,1098,0.0017215000043506,0.2112186000013025,0.2129401000056532,0.9963570127504554,0.996390390151424,0.9963408521303256,0.9963490060592624,0.9963898871570908,0.9963570127504554,0.9963568989244316,"{""labels"": [""0"", ""1"", ""2"", ""3"", ""4"", ""5"", ""6"", ""7"", ""8"", ""9""], ""matrix"": [[113, 0, 0, 0, 0, 0, 1, 0, 0, 0], [0, 113, 1, 0, 0, 0, 0, 0, 0, 0], [0, 0, 115, 0, 0, 0, 0, 0, 0, 0], [0, 0, 0, 104, 1, 0, 0, 0, 0, 0], [0, 0, 0, 0, 114, 0, 0, 0, 0, 0], [0, 0, 0, 0, 0, 106, 0, 0, 0, 0], [0, 0, 0, 0, 0, 0, 105, 0, 0, 0], [0, 0, 0, 0, 0, 0, 0, 114, 0, 0], [0, 0, 0, 0, 0, 0, 0, 0, 106, 0], [0, 0, 0, 0, 0, 1, 0, 0, 0, 104]]}"
c-k5-b-DD,cosine,5,borda,RetentionPolicy.DD_RETENTION,9,10,9890,1102,0.0015781000038259,0.2076604999965638,0.2092386000003898,0.9927404718693283,0.992802844837552,0.992790117212638,0.9927535741891148,0.9928126513241332,0.9927404718693283,0.9927325015165368,"{""labels"": [""0"", ""1"", ""2"", ""3"", ""4"", ""5"", ""6"", ""7"", ""8"", ""9""], ""matrix"": [[113, 0, 0, 0, 1, 0, 0, 0, 0, 1], [0, 111, 2, 1, 0, 0, 0, 0, 0, 0], [0, 0, 115, 0, 0, 0, 0, 0, 0, 0], [0, 0, 0, 104, 0, 0, 0, 0, 0, 1], [0, 0, 0, 0, 115, 0, 0, 0, 0, 0], [0, 0, 0, 0, 0, 105, 0, 0, 1, 0], [0, 0, 0, 0, 0, 0, 106, 0, 0, 0], [0, 0, 0, 0, 0, 0, 0, 114, 0, 0], [0, 0, 0, 0, 0, 0, 0, 0, 106, 0], [0, 0, 0, 0, 0, 0, 0, 1, 0, 105]]}"
c-k5-mp-AR,cosine,5,modified_plurality,RetentionPolicy.ALWAYS_RETAIN,0,10,9894,1098,0.0017129999978351,0.2516346000047633,0.2533476000025985,0.9954462659380692,0.9954468259862056,0.9954140683949416,0.9954095424135196,0.9954874095718356,0.9954462659380692,0.995446169828798,"{""labels"": [""0"", ""1"", ""2"", ""3"", ""4"", ""5"", ""6"", ""7"", ""8"", ""9""], ""matrix"": [[115, 0, 0, 0, 0, 0, 0, 0, 0, 0], [0, 113, 1, 0, 0, 0, 0, 0, 0, 0], [0, 0, 114, 0, 0, 0, 0, 0, 0, 0], [0, 0, 0, 105, 0, 0, 0, 0, 0, 0], [0, 0, 0, 0, 114, 1, 0, 0, 0, 0], [0, 0, 0, 0, 0, 105, 0, 0, 0, 0], [0, 0, 0, 0, 0, 0, 105, 0, 0, 0], [0, 0, 0, 0, 0, 0, 0, 114, 0, 0], [1, 0, 0, 0, 0, 1, 0, 0, 104, 0], [0, 0, 0, 0, 0, 0, 0, 0, 1, 104]]}"
c-k5-mp-AR,cosine,5,modified_plurality,RetentionPolicy.ALWAYS_RETAIN,1,10,9893,1099,0.0015252999946824,0.2483621999999741,0.2498874999946565,0.9909008189262968,0.9911800970678776,0.9910929497657186,0.9911079942068876,0.9909963445613263,0.9909008189262968,0.9909200463574326,"{""labels"": [""0"", ""1"", ""2"", ""3"", ""4"", ""5"", ""6"", ""7"", ""8"", ""9""], ""matrix"": [[114, 1, 0, 0, 0, 0, 0, 0, 0, 0], [0, 112, 2, 0, 0, 0, 0, 0, 0, 0], [0, 2, 112, 0, 0, 0, 0, 0, 0, 0], [0, 0, 0, 103, 0, 0, 0, 1, 0, 1], [0, 0, 0, 0, 114, 1, 0, 0, 0, 0], [0, 0, 0, 0, 0, 105, 0, 0, 0, 0], [0, 0, 0, 0, 0, 0, 106, 0, 0, 0], [0, 1, 1, 0, 0, 0, 0, 112, 0, 0], [0, 0, 0, 0, 0, 0, 0, 0, 105, 0], [0, 0, 0, 0, 0, 0, 0, 0, 0, 106]]}"
c-k5-mp-AR,cosine,5,modified_plurality,RetentionPolicy.ALWAYS_RETAIN,2,10,9895,1097,0.0015260000000125,0.2403256999969016,0.2418516999969142,0.9936189608021878,0.993621978567972,0.9936417129780974,0.9935891500548392,0.9937440051104924,0.9936189608021878,0.9936402994651194,"{""labels"": [""0"", ""1"", ""2"", ""3"", ""4"", ""5"", ""6"", ""7"", ""8"", ""9""], ""matrix"": [[113, 0, 0, 0, 0, 0, 0, 0, 0, 1], [0, 114, 0, 0, 1, 0, 0, 0, 0, 0], [0, 0, 115, 0, 0, 0, 0, 0, 0, 0], [0, 0, 0, 104, 0, 1, 0, 0, 0, 0], [0, 0, 0, 0, 113, 1, 0, 0, 0, 0], [0, 0, 0, 0, 0, 105, 0, 0, 0, 0], [0, 0, 0, 0, 0, 0, 105, 0, 0, 0], [0, 1, 0, 0, 0, 0, 0, 113, 0, 0], [0, 0, 0, 0, 0, 0, 0, 0, 105, 0], [0, 0, 0, 0, 0, 2, 0, 0, 0, 103]]}"
c-k5-mp-AR,cosine,5,modified_plurality,RetentionPolicy.ALWAYS_RETAIN,3,10,9892,1100,0.0017089000029955,0.2492182999994838,0.2509272000024793,0.99,0.9900522170418784,0.9900806363735428,0.9900450755718212,0.9900263562547224,0.99,0.9899922645930586,"{""labels"": [""0"", ""1"", ""2"", ""3"", ""4"", ""5"", ""6"", ""7"", ""8"", ""9""], ""matrix"": [[114, 0, 0, 0, 0, 0, 0, 0, 0, 0], [0, 111, 0, 2, 0, 0, 0, 1, 0, 0], [0, 0, 114, 0, 0, 0, 0, 1, 0, 0], [0, 1, 1, 103, 0, 0, 0, 0, 0, 0], [0, 0, 0, 0, 115, 0, 0, 0, 0, 0], [0, 0, 0, 1, 0, 103, 0, 0, 0, 1], [0, 0, 0, 0, 0, 0, 105, 0, 0, 0], [0, 1, 1, 0, 0, 0, 0, 112, 1, 0], [0, 0, 0, 0, 0, 0, 0, 0, 106, 0], [0, 0, 0, 0, 0, 0, 0, 0, 0, 106]]}"
c-k5-mp-AR,cosine,5,modified_plurality,RetentionPolicy.ALWAYS_RETAIN,4,10,9894,1098,0.0015396000017062,0.238461399996595,0.2400009999983012,0.9954462659380692,0.995519504398744,0.9954127114340404,0.9954423570807672,0.9955027744401848,0.9954462659380692,0.9954503225140784,"{""labels"": [""0"", ""1"", ""2"", ""3"", ""4"", ""5"", ""6"", ""7"", ""8"", ""9""], ""matrix"": [[114, 0, 0, 0, 0, 0, 0, 0, 0, 0], [0, 113, 1, 1, 0, 0, 0, 0, 0, 0], [0, 0, 114, 0, 0, 0, 0, 0, 0, 0], [0, 0, 1, 104, 0, 0, 0, 0, 0, 0], [0, 0, 0, 0, 114, 0, 0, 0, 0, 0], [0, 0, 0, 1, 0, 105, 0, 0, 0, 0], [0, 0, 0, 0, 0, 0, 106, 0, 0, 0], [0, 0, 0, 0, 0, 0, 0, 114, 0, 0], [0, 0, 0, 0, 0, 0, 0, 0, 105, 0], [0, 0, 0, 0, 0, 0, 0, 1, 0, 104]]}"
c-k5-mp-AR,cosine,5,modified_plurality,RetentionPolicy.ALWAYS_RETAIN,5,10,9894,1098,0.0015234000020427,0.2406192999987979,0.2421427000008407,0.994535519125683,0.9945621367518755,0.9945112781954888,0.9945195197372212,0.9945854048104896,0.994535519125683,0.9945437129767192,"{""labels"": [""0"", ""1"", ""2"", ""3"", ""4"", ""5"", ""6"", ""7"", ""8"", ""9""], ""matrix"": [[114, 0, 0, 0, 0, 0, 0, 0, 0, 0], [0, 113, 0, 1, 0, 0, 0, 0, 0, 0], [0, 0, 114, 0, 0, 0, 0, 0, 0, 0], [0, 0, 0, 105, 0, 0, 0, 0, 0, 0], [0, 0, 0, 0, 113, 0, 0, 0, 0, 1], [0, 0, 0, 1, 0, 104, 0, 0, 0, 0], [0, 0, 0, 0, 0, 0, 108, 0, 0, 0], [0, 1, 0, 0, 0, 0, 0, 113, 0, 0], [0, 0, 0, 0, 0, 0, 0, 1, 104, 0], [0, 1, 0, 0, 0, 0, 0, 0, 0, 104]]}"
c-k5-mp-AR,cosine,5,modified_plurality,RetentionPolicy.ALWAYS_RETAIN,6,10,9890,1102,0.001704599999357,0.2575781999985338,0.2592827999978908,0.9945553539019965,0.9946447188069772,0.994618334186574,0.9945923427038592,0.9946275336181108,0.9945553539019965,0.9945513925535376,"{""labels"": [""0"", ""1"", ""2"", ""3"", ""4"", ""5"", ""6"", ""7"", ""8"", ""9""], ""matrix"": [[114, 0, 0, 0, 0, 0, 0, 0, 0, 0], [0, 112, 2, 1, 0, 0, 0, 0, 0, 0], [0, 0, 114, 0, 0, 0, 0, 0, 0, 0], [0, 0, 0, 108, 0, 0, 0, 0, 0, 0], [0, 0, 0, 0, 113, 0, 0, 1, 0, 0], [0, 0, 0, 1, 0, 105, 0, 0, 0, 0], [0, 0, 0, 0, 0, 1, 104, 0, 0, 0], [0, 0, 0, 0, 0, 0, 0, 114, 0, 0], [0, 0, 0, 0, 0, 0, 0, 0, 105, 0], [0, 0, 0, 0, 0, 0, 0, 0, 0, 107]]}"
c-k5-mp-AR,cosine,5,modified_plurality,RetentionPolicy.ALWAYS_RETAIN,7,10,9892,1100,0.0017293999990215,0.2469538000004831,0.2486831999995047,0.9927272727272728,0.99300171202501,0.992848692691532,0.9928976293326086,0.992790477403651,0.9927272727272728,0.9927307685987472,"{""labels"": [""0"", ""1"", ""2"", ""3"", ""4"", ""5"", ""6"", ""7"", ""8"", ""9""], ""matrix"": [[112, 0, 0, 0, 2, 0, 0, 0, 0, 0], [0, 112, 2, 0, 0, 0, 0, 0, 0, 0], [0, 1, 113, 0, 0, 0, 0, 0, 0, 0], [0, 0, 0, 107, 0, 0, 0, 0, 0, 0], [0, 0, 0, 0, 114, 0, 0, 0, 0, 0], [0, 0, 0, 0, 0, 106, 0, 0, 0, 0], [0, 0, 0, 0, 0, 0, 105, 0, 0, 0], [0, 0, 0, 1, 0, 0, 0, 114, 0, 0], [0, 0, 0, 0, 0, 0, 0, 1, 105, 0], [0, 0, 0, 0, 0, 0, 0, 1, 0, 104]]}"
c-k5-mp-AR,cosine,5,modified_plurality,RetentionPolicy.ALWAYS_RETAIN,8,10,9894,1098,0.0014841999945929,0.2459355000028154,0.2474196999974083,0.9954462659380692,0.995503023420904,0.9954726438738356,0.995468004484152,0.9954785482297516,0.9954462659380692,0.9954421485552802,"{""labels"": [""0"", ""1"", ""2"", ""3"", ""4"", ""5"", ""6"", ""7"", ""8"", ""9""], ""matrix"": [[113, 0, 0, 0, 0, 0, 1, 0, 0, 0], [0, 112, 1, 1, 0, 0, 0, 0, 0, 0], [0, 0, 115, 0, 0, 0, 0, 0, 0, 0], [0, 0, 0, 104, 1, 0, 0, 0, 0, 0], [0, 0, 0, 0, 114, 0, 0, 0, 0, 0], [0, 0, 0, 0, 0, 106, 0, 0, 0, 0], [0, 0, 0, 0, 0, 0, 105, 0, 0, 0], [0, 0, 0, 0, 0, 0, 0, 114, 0, 0], [0, 0, 0, 0, 0, 0, 0, 1, 105, 0], [0, 0, 0, 0, 0, 0, 0, 0, 0, 105]]}"
c-k5-mp-AR,cosine,5,modified_plurality,RetentionPolicy.ALWAYS_RETAIN,9,10,9890,1102,0.0018474999960744,0.2465505000000121,0.2483979999960865,0.9909255898366606,0.9909333062758032,0.9909109525248724,0.9909032243887358,0.9909566732220996,0.9909255898366606,0.9909214884709604,"{""labels"": [""0"", ""1"", ""2"", ""3"", ""4"", ""5"", ""6"", ""7"", ""8"", ""9""], ""matrix"": [[113, 0, 0, 0, 1, 0, 0, 0, 0, 1], [0, 112, 1, 1, 0, 0, 0, 0, 0, 0], [0, 0, 115, 0, 0, 0, 0, 0, 0, 0], [0, 0, 0, 104, 0, 0, 0, 0, 0, 1], [0, 0, 0, 0, 114, 1, 0, 0, 0, 0], [0, 0, 0, 0, 0, 105, 0, 0, 1, 0], [0, 0, 0, 0, 0, 0, 106, 0, 0, 0], [0, 0, 0, 0, 0, 0, 0, 114, 0, 0], [0, 0, 0, 0, 0, 0, 0, 1, 105, 0], [0, 1, 0, 0, 0, 0, 0, 1, 0, 104]]}"
c-k5-mp-NR,cosine,5,modified_plurality,RetentionPolicy.NEVER_RETAIN,0,10,9894,1098,0.001617999994778,0.2104755000036675,0.2120934999984456,0.9954462659380692,0.9954468259862056,0.9954140683949416,0.9954095424135196,0.9954874095718356,0.9954462659380692,0.995446169828798,"{""labels"": [""0"", ""1"", ""2"", ""3"", ""4"", ""5"", ""6"", ""7"", ""8"", ""9""], ""matrix"": [[115, 0, 0, 0, 0, 0, 0, 0, 0, 0], [0, 113, 1, 0, 0, 0, 0, 0, 0, 0], [0, 0, 114, 0, 0, 0, 0, 0, 0, 0], [0, 0, 0, 105, 0, 0, 0, 0, 0, 0], [0, 0, 0, 0, 114, 1, 0, 0, 0, 0], [0, 0, 0, 0, 0, 105, 0, 0, 0, 0], [0, 0, 0, 0, 0, 0, 105, 0, 0, 0], [0, 0, 0, 0, 0, 0, 0, 114, 0, 0], [1, 0, 0, 0, 0, 1, 0, 0, 104, 0], [0, 0, 0, 0, 0, 0, 0, 0, 1, 104]]}"
c-k5-mp-NR,cosine,5,modified_plurality,RetentionPolicy.NEVER_RETAIN,1,10,9893,1099,0.0016457999954582,0.2137838999988162,0.2154296999942744,0.9899909008189264,0.990310531850486,0.9902157567832623,0.9902346317614728,0.9900943387853246,0.9899909008189264,0.9900141016915792,"{""labels"": [""0"", ""1"", ""2"", ""3"", ""4"", ""5"", ""6"", ""7"", ""8"", ""9""], ""matrix"": [[114, 1, 0, 0, 0, 0, 0, 0, 0, 0], [0, 111, 3, 0, 0, 0, 0, 0, 0, 0], [0, 2, 112, 0, 0, 0, 0, 0, 0, 0], [0, 0, 0, 103, 0, 0, 0, 1, 0, 1], [0, 0, 0, 0, 114, 1, 0, 0, 0, 0], [0, 0, 0, 0, 0, 105, 0, 0, 0, 0], [0, 0, 0, 0, 0, 0, 106, 0, 0, 0], [0, 1, 1, 0, 0, 0, 0, 112, 0, 0], [0, 0, 0, 0, 0, 0, 0, 0, 105, 0], [0, 0, 0, 0, 0, 0, 0, 0, 0, 106]]}"
c-k5-mp-NR,cosine,5,modified_plurality,RetentionPolicy.NEVER_RETAIN,2,10,9895,1097,0.0015332000039052,0.2066506999981356,0.2081839000020409,0.9927073837739288,0.9927580705294596,0.9926893320257164,0.9926723437490168,0.9928392095664612,0.9927073837739288,0.9927236538596094,"{""labels"": [""0"", ""1"", ""2"", ""3"", ""4"", ""5"", ""6"", ""7"", ""8"", ""9""], ""matrix"": [[113, 0, 0, 0, 0, 0, 0, 0, 0, 1], [0, 114, 0, 0, 1, 0, 0, 0, 0, 0], [0, 0, 115, 0, 0, 0, 0, 0, 0, 0], [0, 0, 0, 104, 0, 1, 0, 0, 0, 0], [0, 0, 0, 0, 113, 1, 0, 0, 0, 0], [0, 0, 0, 0, 0, 105, 0, 0, 0, 0], [0, 0, 0, 0, 0, 0, 105, 0, 0, 0], [0, 1, 0, 0, 0, 0, 0, 113, 0, 0], [0, 0, 0, 0, 0, 0, 0, 0, 105, 0], [0, 1, 0, 0, 0, 2, 0, 0, 0, 102]]}"
c-k5-mp-NR,cosine,5,modified_plurality,RetentionPolicy.NEVER_RETAIN,3,10,9892,1100,0.0015970999957062,0.2060227000038139,0.2076197999995201,0.99,0.9900522170418784,0.9900806363735428,0.9900450755718212,0.9900263562547224,0.99,0.9899922645930586,"{""labels"": [""0"", ""1"", ""2"", ""3"", ""4"", ""5"", ""6"", ""7"", ""8"", ""9""], ""matrix"": [[114, 0, 0, 0, 0, 0, 0, 0, 0, 0], [0, 111, 0, 2, 0, 0, 0, 1, 0, 0], [0, 0, 114, 0, 0, 0, 0, 1, 0, 0], [0, 1, 1, 103, 0, 0, 0, 0, 0, 0], [0, 0, 0, 0, 115, 0, 0, 0, 0, 0], [0, 0, 0, 1, 0, 103, 0, 0, 0, 1], [0, 0, 0, 0, 0, 0, 105, 0, 0, 0], [0, 1, 1, 0, 0, 0, 0, 112, 1, 0], [0, 0, 0, 0, 0, 0, 0, 0, 106, 0], [0, 0, 0, 0, 0, 0, 0, 0, 0, 106]]}"
c-k5-mp-NR,cosine,5,modified_plurality,RetentionPolicy.NEVER_RETAIN,4,10,9894,1098,0.001501200000348,0.2144426999948336,0.2159438999951817,0.9936247723132968,0.9937361435392608,0.9936659532341928,0.9936588368673424,0.993719933200023,0.9936247723132968,0.9936287378452802,"{""labels"": [""0"", ""1"", ""2"", ""3"", ""4"", ""5"", ""6"", ""7"", ""8"", ""9""], ""matrix"": [[114, 0, 0, 0, 0, 0, 0, 0, 0, 0], [0, 112, 2, 1, 0, 0, 0, 0, 0, 0], [0, 0, 114, 0, 0, 0, 0, 0, 0, 0], [0, 0, 1, 104, 0, 0, 0, 0, 0, 0], [0, 0, 0, 0, 113, 1, 0, 0, 0, 0], [0, 0, 0, 1, 0, 105, 0, 0, 0, 0], [0, 0, 0, 0, 0, 0, 106, 0, 0, 0], [0, 0, 0, 0, 0, 0, 0, 114, 0, 0], [0, 0, 0, 0, 0, 0, 0, 0, 105, 0], [0, 0, 0, 0, 0, 0, 0, 1, 0, 104]]}"
c-k5-mp-NR,cosine,5,modified_plurality,RetentionPolicy.NEVER_RETAIN,5,10,9894,1098,0.0016604999982519,0.2101953000019421,0.211855800000194,0.9954462659380692,0.9954878994039652,0.9953884711779448,0.9954256635370546,0.9954706969641276,0.9954462659380692,0.995446037475689,"{""labels"": [""0"", ""1"", ""2"", ""3"", ""4"", ""5"", ""6"", ""7"", ""8"", ""9""], ""matrix"": [[114, 0, 0, 0, 0, 0, 0, 0, 0, 0], [0, 114, 0, 0, 0, 0, 0, 0, 0, 0], [0, 0, 114, 0, 0, 0, 0, 0, 0, 0], [0, 0, 0, 105, 0, 0, 0, 0, 0, 0], [0, 0, 0, 0, 113, 0, 0, 0, 0, 1], [0, 0, 0, 1, 0, 104, 0, 0, 0, 0], [0, 0, 0, 0, 0, 0, 108, 0, 0, 0], [0, 0, 1, 0, 0, 0, 0, 113, 0, 0], [0, 0, 0, 0, 0, 0, 0, 1, 104, 0], [0, 1, 0, 0, 0, 0, 0, 0, 0, 104]]}"
c-k5-mp-NR,cosine,5,modified_plurality,RetentionPolicy.NEVER_RETAIN,6,10,9890,1102,0.0014890999955241,0.2073894999994081,0.2088785999949323,0.9945553539019965,0.9946447188069772,0.994618334186574,0.9945923427038592,0.9946275336181108,0.9945553539019965,0.9945513925535376,"{""labels"": [""0"", ""1"", ""2"", ""3"", ""4"", ""5"", ""6"", ""7"", ""8"", ""9""], ""matrix"": [[114, 0, 0, 0, 0, 0, 0, 0, 0, 0], [0, 112, 2, 1, 0, 0, 0, 0, 0, 0], [0, 0, 114, 0, 0, 0, 0, 0, 0, 0], [0, 0, 0, 108, 0, 0, 0, 0, 0, 0], [0, 0, 0, 0, 113, 0, 0, 1, 0, 0], [0, 0, 0, 1, 0, 105, 0, 0, 0, 0], [0, 0, 0, 0, 0, 1, 104, 0, 0, 0], [0, 0, 0, 0, 0, 0, 0, 114, 0, 0], [0, 0, 0, 0, 0, 0, 0, 0, 105, 0], [0, 0, 0, 0, 0, 0, 0, 0, 0, 107]]}"
c-k5-mp-NR,cosine,5,modified_plurality,RetentionPolicy.NEVER_RETAIN,7,10,9892,1100,0.00164070000028,0.2137919999950099,0.21543269999529,0.9927272727272728,0.99300171202501,0.992848692691532,0.9928976293326086,0.992790477403651,0.9927272727272728,0.9927307685987472,"{""labels"": [""0"", ""1"", ""2"", ""3"", ""4"", ""5"", ""6"", ""7"", ""8"", ""9""], ""matrix"": [[112, 0, 0, 0, 2, 0, 0, 0, 0, 0], [0, 112, 2, 0, 0, 0, 0, 0, 0, 0], [0, 1, 113, 0, 0, 0, 0, 0, 0, 0], [0, 0, 0, 107, 0, 0, 0, 0, 0, 0], [0, 0, 0, 0, 114, 0, 0, 0, 0, 0], [0, 0, 0, 0, 0, 106, 0, 0, 0, 0], [0, 0, 0, 0, 0, 0, 105, 0, 0, 0], [0, 0, 0, 1, 0, 0, 0, 114, 0, 0], [0, 0, 0, 0, 0, 0, 0, 1, 105, 0], [0, 0, 0, 0, 0, 0, 0, 1, 0, 104]]}"
c-k5-mp-NR,cosine,5,modified_plurality,RetentionPolicy.NEVER_RETAIN,8,10,9894,1098,0.0018075999978464,0.2133828000005451,0.2151903999983915,0.9954462659380692,0.995503023420904,0.9954726438738356,0.995468004484152,0.9954785482297516,0.9954462659380692,0.9954421485552802,"{""labels"": [""0"", ""1"", ""2"", ""3"", ""4"", ""5"", ""6"", ""7"", ""8"", ""9""], ""matrix"": [[113, 0, 0, 0, 0, 0, 1, 0, 0, 0], [0, 112, 1, 1, 0, 0, 0, 0, 0, 0], [0, 0, 115, 0, 0, 0, 0, 0, 0, 0], [0, 0, 0, 104, 1, 0, 0, 0, 0, 0], [0, 0, 0, 0, 114, 0, 0, 0, 0, 0], [0, 0, 0, 0, 0, 106, 0, 0, 0, 0], [0, 0, 0, 0, 0, 0, 105, 0, 0, 0], [0, 0, 0, 0, 0, 0, 0, 114, 0, 0], [0, 0, 0, 0, 0, 0, 0, 1, 105, 0], [0, 0, 0, 0, 0, 0, 0, 0, 0, 105]]}"
c-k5-mp-NR,cosine,5,modified_plurality,RetentionPolicy.NEVER_RETAIN,9,10,9890,1102,0.0014892000035615,0.210883300002024,0.2123725000055856,0.9909255898366606,0.9909333062758032,0.9909109525248724,0.9909032243887358,0.9909566732220996,0.9909255898366606,0.9909214884709604,"{""labels"": [""0"", ""1"", ""2"", ""3"", ""4"", ""5"", ""6"", ""7"", ""8"", ""9""], ""matrix"": [[113, 0, 0, 0, 1, 0, 0, 0, 0, 1], [0, 112, 1, 1, 0, 0, 0, 0, 0, 0], [0, 0, 115, 0, 0, 0, 0, 0, 0, 0], [0, 0, 0, 104, 0, 0, 0, 0, 0, 1], [0, 0, 0, 0, 114, 1, 0, 0, 0, 0], [0, 0, 0, 0, 0, 105, 0, 0, 1, 0], [0, 0, 0, 0, 0, 0, 106, 0, 0, 0], [0, 0, 0, 0, 0, 0, 0, 114, 0, 0], [0, 0, 0, 0, 0, 0, 0, 1, 105, 0], [0, 1, 0, 0, 0, 0, 0, 1, 0, 104]]}"
c-k5-mp-DC,cosine,5,modified_plurality,RetentionPolicy.DIFFERENT_CLASS_RETENTION,0,10,9894,1098,0.0015589999966323,0.2152685000037308,0.2168275000003632,0.9954462659380692,0.9954468259862056,0.9954140683949416,0.9954095424135196,0.9954874095718356,0.9954462659380692,0.995446169828798,"{""labels"": [""0"", ""1"", ""2"", ""3"", ""4"", ""5"", ""6"", ""7"", ""8"", ""9""], ""matrix"": [[115, 0, 0, 0, 0, 0, 0, 0, 0, 0], [0, 113, 1, 0, 0, 0, 0, 0, 0, 0], [0, 0, 114, 0, 0, 0, 0, 0, 0, 0], [0, 0, 0, 105, 0, 0, 0, 0, 0, 0], [0, 0, 0, 0, 114, 1, 0, 0, 0, 0], [0, 0, 0, 0, 0, 105, 0, 0, 0, 0], [0, 0, 0, 0, 0, 0, 105, 0, 0, 0], [0, 0, 0, 0, 0, 0, 0, 114, 0, 0], [1, 0, 0, 0, 0, 1, 0, 0, 104, 0], [0, 0, 0, 0, 0, 0, 0, 0, 1, 104]]}"
c-k5-mp-DC,cosine,5,modified_plurality,RetentionPolicy.DIFFERENT_CLASS_RETENTION,1,10,9893,1099,0.0017090999972424,0.2124431999982334,0.2141522999954759,0.9899909008189264,0.990310531850486,0.9902157567832623,0.9902346317614728,0.9900943387853246,0.9899909008189264,0.9900141016915792,"{""labels"": [""0"", ""1"", ""2"", ""3"", ""4"", ""5"", ""6"", ""7"", ""8"", ""9""], ""matrix"": [[114, 1, 0, 0, 0, 0, 0, 0, 0, 0], [0, 111, 3, 0, 0, 0, 0, 0, 0, 0], [0, 2, 112, 0, 0, 0, 0, 0, 0, 0], [0, 0, 0, 103, 0, 0, 0, 1, 0, 1], [0, 0, 0, 0, 114, 1, 0, 0, 0, 0], [0, 0, 0, 0, 0, 105, 0, 0, 0, 0], [0, 0, 0, 0, 0, 0, 106, 0, 0, 0], [0, 1, 1, 0, 0, 0, 0, 112, 0, 0], [0, 0, 0, 0, 0, 0, 0, 0, 105, 0], [0, 0, 0, 0, 0, 0, 0, 0, 0, 106]]}"
c-k5-mp-DC,cosine,5,modified_plurality,RetentionPolicy.DIFFERENT_CLASS_RETENTION,2,10,9895,1097,0.0014393999954336,0.215554800000973,0.2169941999964066,0.9927073837739288,0.9927580705294596,0.9926893320257164,0.9926723437490168,0.9928392095664612,0.9927073837739288,0.9927236538596094,"{""labels"": [""0"", ""1"", ""2"", ""3"", ""4"", ""5"", ""6"", ""7"", ""8"", ""9""], ""matrix"": [[113, 0, 0, 0, 0, 0, 0, 0, 0, 1], [0, 114, 0, 0, 1, 0, 0, 0, 0, 0], [0, 0, 115, 0, 0, 0, 0, 0, 0, 0], [0, 0, 0, 104, 0, 1, 0, 0, 0, 0], [0, 0, 0, 0, 113, 1, 0, 0, 0, 0], [0, 0, 0, 0, 0, 105, 0, 0, 0, 0], [0, 0, 0, 0, 0, 0, 105, 0, 0, 0], [0, 1, 0, 0, 0, 0, 0, 113, 0, 0], [0, 0, 0, 0, 0, 0, 0, 0, 105, 0], [0, 1, 0, 0, 0, 2, 0, 0, 0, 102]]}"
c-k5-mp-DC,cosine,5,modified_plurality,RetentionPolicy.DIFFERENT_CLASS_RETENTION,3,10,9892,1100,0.001881800002593,0.2164302999954088,0.2183120999980019,0.99,0.9900522170418784,0.9900806363735428,0.9900450755718212,0.9900263562547224,0.99,0.9899922645930586,"{""labels"": [""0"", ""1"", ""2"", ""3"", ""4"", ""5"", ""6"", ""7"", ""8"", ""9""], ""matrix"": [[114, 0, 0, 0, 0, 0, 0, 0, 0, 0], [0, 111, 0, 2, 0, 0, 0, 1, 0, 0], [0, 0, 114, 0, 0, 0, 0, 1, 0, 0], [0, 1, 1, 103, 0, 0, 0, 0, 0, 0], [0, 0, 0, 0, 115, 0, 0, 0, 0, 0], [0, 0, 0, 1, 0, 103, 0, 0, 0, 1], [0, 0, 0, 0, 0, 0, 105, 0, 0, 0], [0, 1, 1, 0, 0, 0, 0, 112, 1, 0], [0, 0, 0, 0, 0, 0, 0, 0, 106, 0], [0, 0, 0, 0, 0, 0, 0, 0, 0, 106]]}"
c-k5-mp-DC,cosine,5,modified_plurality,RetentionPolicy.DIFFERENT_CLASS_RETENTION,4,10,9894,1098,0.0014570999992429,0.2154480999961379,0.2169051999953808,0.9936247723132968,0.9937361435392608,0.9936659532341928,0.9936588368673424,0.993719933200023,0.9936247723132968,0.9936287378452802,"{""labels"": [""0"", ""1"", ""2"", ""3"", ""4"", ""5"", ""6"", ""7"", ""8"", ""9""], ""matrix"": [[114, 0, 0, 0, 0, 0, 0, 0, 0, 0], [0, 112, 2, 1, 0, 0, 0, 0, 0, 0], [0, 0, 114, 0, 0, 0, 0, 0, 0, 0], [0, 0, 1, 104, 0, 0, 0, 0, 0, 0], [0, 0, 0, 0, 113, 1, 0, 0, 0, 0], [0, 0, 0, 1, 0, 105, 0, 0, 0, 0], [0, 0, 0, 0, 0, 0, 106, 0, 0, 0], [0, 0, 0, 0, 0, 0, 0, 114, 0, 0], [0, 0, 0, 0, 0, 0, 0, 0, 105, 0], [0, 0, 0, 0, 0, 0, 0, 1, 0, 104]]}"
c-k5-mp-DC,cosine,5,modified_plurality,RetentionPolicy.DIFFERENT_CLASS_RETENTION,5,10,9894,1098,0.0015124000055948,0.2117634999958682,0.213275900001463,0.9954462659380692,0.9954878994039652,0.9953884711779448,0.9954256635370546,0.9954706969641276,0.9954462659380692,0.995446037475689,"{""labels"": [""0"", ""1"", ""2"", ""3"", ""4"", ""5"", ""6"", ""7"", ""8"", ""9""], ""matrix"": [[114, 0, 0, 0, 0, 0, 0, 0, 0, 0], [0, 114, 0, 0, 0, 0, 0, 0, 0, 0], [0, 0, 114, 0, 0, 0, 0, 0, 0, 0], [0, 0, 0, 105, 0, 0, 0, 0, 0, 0], [0, 0, 0, 0, 113, 0, 0, 0, 0, 1], [0, 0, 0, 1, 0, 104, 0, 0, 0, 0], [0, 0, 0, 0, 0, 0, 108, 0, 0, 0], [0, 0, 1, 0, 0, 0, 0, 113, 0, 0], [0, 0, 0, 0, 0, 0, 0, 1, 104, 0], [0, 1, 0, 0, 0, 0, 0, 0, 0, 104]]}"
c-k5-mp-DC,cosine,5,modified_plurality,RetentionPolicy.DIFFERENT_CLASS_RETENTION,6,10,9890,1102,0.0014522999990731,0.2169928000002983,0.2184450999993714,0.9945553539019965,0.9946447188069772,0.994618334186574,0.9945923427038592,0.9946275336181108,0.9945553539019965,0.9945513925535376,"{""labels"": [""0"", ""1"", ""2"", ""3"", ""4"", ""5"", ""6"", ""7"", ""8"", ""9""], ""matrix"": [[114, 0, 0, 0, 0, 0, 0, 0, 0, 0], [0, 112, 2, 1, 0, 0, 0, 0, 0, 0], [0, 0, 114, 0, 0, 0, 0, 0, 0, 0], [0, 0, 0, 108, 0, 0, 0, 0, 0, 0], [0, 0, 0, 0, 113, 0, 0, 1, 0, 0], [0, 0, 0, 1, 0, 105, 0, 0, 0, 0], [0, 0, 0, 0, 0, 1, 104, 0, 0, 0], [0, 0, 0, 0, 0, 0, 0, 114, 0, 0], [0, 0, 0, 0, 0, 0, 0, 0, 105, 0], [0, 0, 0, 0, 0, 0, 0, 0, 0, 107]]}"
c-k5-mp-DC,cosine,5,modified_plurality,RetentionPolicy.DIFFERENT_CLASS_RETENTION,7,10,9892,1100,0.0018523000035202,0.2183749999967403,0.2202273000002605,0.9927272727272728,0.99300171202501,0.992848692691532,0.9928976293326086,0.992790477403651,0.9927272727272728,0.9927307685987472,"{""labels"": [""0"", ""1"", ""2"", ""3"", ""4"", ""5"", ""6"", ""7"", ""8"", ""9""], ""matrix"": [[112, 0, 0, 0, 2, 0, 0, 0, 0, 0], [0, 112, 2, 0, 0, 0, 0, 0, 0, 0], [0, 1, 113, 0, 0, 0, 0, 0, 0, 0], [0, 0, 0, 107, 0, 0, 0, 0, 0, 0], [0, 0, 0, 0, 114, 0, 0, 0, 0, 0], [0, 0, 0, 0, 0, 106, 0, 0, 0, 0], [0, 0, 0, 0, 0, 0, 105, 0, 0, 0], [0, 0, 0, 1, 0, 0, 0, 114, 0, 0], [0, 0, 0, 0, 0, 0, 0, 1, 105, 0], [0, 0, 0, 0, 0, 0, 0, 1, 0, 104]]}"
c-k5-mp-DC,cosine,5,modified_plurality,RetentionPolicy.DIFFERENT_CLASS_RETENTION,8,10,9894,1098,0.0014723999993293,0.2148672999974223,0.2163396999967517,0.9954462659380692,0.995503023420904,0.9954726438738356,0.995468004484152,0.9954785482297516,0.9954462659380692,0.9954421485552802,"{""labels"": [""0"", ""1"", ""2"", ""3"", ""4"", ""5"", ""6"", ""7"", ""8"", ""9""], ""matrix"": [[113, 0, 0, 0, 0, 0, 1, 0, 0, 0], [0, 112, 1, 1, 0, 0, 0, 0, 0, 0], [0, 0, 115, 0, 0, 0, 0, 0, 0, 0], [0, 0, 0, 104, 1, 0, 0, 0, 0, 0], [0, 0, 0, 0, 114, 0, 0, 0, 0, 0], [0, 0, 0, 0, 0, 106, 0, 0, 0, 0], [0, 0, 0, 0, 0, 0, 105, 0, 0, 0], [0, 0, 0, 0, 0, 0, 0, 114, 0, 0], [0, 0, 0, 0, 0, 0, 0, 1, 105, 0], [0, 0, 0, 0, 0, 0, 0, 0, 0, 105]]}"
c-k5-mp-DC,cosine,5,modified_plurality,RetentionPolicy.DIFFERENT_CLASS_RETENTION,9,10,9890,1102,0.0014979999978095,0.2130176999999093,0.2145156999977189,0.9909255898366606,0.9909333062758032,0.9909109525248724,0.9909032243887358,0.9909566732220996,0.9909255898366606,0.9909214884709604,"{""labels"": [""0"", ""1"", ""2"", ""3"", ""4"", ""5"", ""6"", ""7"", ""8"", ""9""], ""matrix"": [[113, 0, 0, 0, 1, 0, 0, 0, 0, 1], [0, 112, 1, 1, 0, 0, 0, 0, 0, 0], [0, 0, 115, 0, 0, 0, 0, 0, 0, 0], [0, 0, 0, 104, 0, 0, 0, 0, 0, 1], [0, 0, 0, 0, 114, 1, 0, 0, 0, 0], [0, 0, 0, 0, 0, 105, 0, 0, 1, 0], [0, 0, 0, 0, 0, 0, 106, 0, 0, 0], [0, 0, 0, 0, 0, 0, 0, 114, 0, 0], [0, 0, 0, 0, 0, 0, 0, 1, 105, 0], [0, 1, 0, 0, 0, 0, 0, 1, 0, 104]]}"
c-k5-mp-DD,cosine,5,modified_plurality,RetentionPolicy.DD_RETENTION,0,10,9894,1098,0.0015712000022176,0.2213190999973449,0.2228902999995625,0.9954462659380692,0.9954468259862056,0.9954140683949416,0.9954095424135196,0.9954874095718356,0.9954462659380692,0.995446169828798,"{""labels"": [""0"", ""1"", ""2"", ""3"", ""4"", ""5"", ""6"", ""7"", ""8"", ""9""], ""matrix"": [[115, 0, 0, 0, 0, 0, 0, 0, 0, 0], [0, 113, 1, 0, 0, 0, 0, 0, 0, 0], [0, 0, 114, 0, 0, 0, 0, 0, 0, 0], [0, 0, 0, 105, 0, 0, 0, 0, 0, 0], [0, 0, 0, 0, 114, 1, 0, 0, 0, 0], [0, 0, 0, 0, 0, 105, 0, 0, 0, 0], [0, 0, 0, 0, 0, 0, 105, 0, 0, 0], [0, 0, 0, 0, 0, 0, 0, 114, 0, 0], [1, 0, 0, 0, 0, 1, 0, 0, 104, 0], [0, 0, 0, 0, 0, 0, 0, 0, 1, 104]]}"
c-k5-mp-DD,cosine,5,modified_plurality,RetentionPolicy.DD_RETENTION,1,10,9893,1099,0.001533600006951,0.2253892999942763,0.2269229000012274,0.9899909008189264,0.990310531850486,0.9902157567832623,0.9902346317614728,0.9900943387853246,0.9899909008189264,0.9900141016915792,"{""labels"": [""0"", ""1"", ""2"", ""3"", ""4"", ""5"", ""6"", ""7"", ""8"", ""9""], ""matrix"": [[114, 1, 0, 0, 0, 0, 0, 0, 0, 0], [0, 111, 3, 0, 0, 0, 0, 0, 0, 0], [0, 2, 112, 0, 0, 0, 0, 0, 0, 0], [0, 0, 0, 103, 0, 0, 0, 1, 0, 1], [0, 0, 0, 0, 114, 1, 0, 0, 0, 0], [0, 0, 0, 0, 0, 105, 0, 0, 0, 0], [0, 0, 0, 0, 0, 0, 106, 0, 0, 0], [0, 1, 1, 0, 0, 0, 0, 112, 0, 0], [0, 0, 0, 0, 0, 0, 0, 0, 105, 0], [0, 0, 0, 0, 0, 0, 0, 0, 0, 106]]}"
c-k5-mp-DD,cosine,5,modified_plurality,RetentionPolicy.DD_RETENTION,2,10,9895,1097,0.0014670000018668,0.2174278999955277,0.2188948999973945,0.9927073837739288,0.9927580705294596,0.9926893320257164,0.9926723437490168,0.9928392095664612,0.9927073837739288,0.9927236538596094,"{""labels"": [""0"", ""1"", ""2"", ""3"", ""4"", ""5"", ""6"", ""7"", ""8"", ""9""], ""matrix"": [[113, 0, 0, 0, 0, 0, 0, 0, 0, 1], [0, 114, 0, 0, 1, 0, 0, 0, 0, 0], [0, 0, 115, 0, 0, 0, 0, 0, 0, 0], [0, 0, 0, 104, 0, 1, 0, 0, 0, 0], [0, 0, 0, 0, 113, 1, 0, 0, 0, 0], [0, 0, 0, 0, 0, 105, 0, 0, 0, 0], [0, 0, 0, 0, 0, 0, 105, 0, 0, 0], [0, 1, 0, 0, 0, 0, 0, 113, 0, 0], [0, 0, 0, 0, 0, 0, 0, 0, 105, 0], [0, 1, 0, 0, 0, 2, 0, 0, 0, 102]]}"
c-k5-mp-DD,cosine,5,modified_plurality,RetentionPolicy.DD_RETENTION,3,10,9892,1100,0.0017048000008799,0.2235618999984581,0.225266699999338,0.99,0.9900522170418784,0.9900806363735428,0.9900450755718212,0.9900263562547224,0.99,0.9899922645930586,"{""labels"": [""0"", ""1"", ""2"", ""3"", ""4"", ""5"", ""6"", ""7"", ""8"", ""9""], ""matrix"": [[114, 0, 0, 0, 0, 0, 0, 0, 0, 0], [0, 111, 0, 2, 0, 0, 0, 1, 0, 0], [0, 0, 114, 0, 0, 0, 0, 1, 0, 0], [0, 1, 1, 103, 0, 0, 0, 0, 0, 0], [0, 0, 0, 0, 115, 0, 0, 0, 0, 0], [0, 0, 0, 1, 0, 103, 0, 0, 0, 1], [0, 0, 0, 0, 0, 0, 105, 0, 0, 0], [0, 1, 1, 0, 0, 0, 0, 112, 1, 0], [0, 0, 0, 0, 0, 0, 0, 0, 106, 0], [0, 0, 0, 0, 0, 0, 0, 0, 0, 106]]}"
c-k5-mp-DD,cosine,5,modified_plurality,RetentionPolicy.DD_RETENTION,4,10,9894,1098,0.0015121999967959,0.2241999000034411,0.2257121000002371,0.9936247723132968,0.9937361435392608,0.9936659532341928,0.9936588368673424,0.993719933200023,0.9936247723132968,0.9936287378452802,"{""labels"": [""0"", ""1"", ""2"", ""3"", ""4"", ""5"", ""6"", ""7"", ""8"", ""9""], ""matrix"": [[114, 0, 0, 0, 0, 0, 0, 0, 0, 0], [0, 112, 2, 1, 0, 0, 0, 0, 0, 0], [0, 0, 114, 0, 0, 0, 0, 0, 0, 0], [0, 0, 1, 104, 0, 0, 0, 0, 0, 0], [0, 0, 0, 0, 113, 1, 0, 0, 0, 0], [0, 0, 0, 1, 0, 105, 0, 0, 0, 0], [0, 0, 0, 0, 0, 0, 106, 0, 0, 0], [0, 0, 0, 0, 0, 0, 0, 114, 0, 0], [0, 0, 0, 0, 0, 0, 0, 0, 105, 0], [0, 0, 0, 0, 0, 0, 0, 1, 0, 104]]}"
c-k5-mp-DD,cosine,5,modified_plurality,RetentionPolicy.DD_RETENTION,5,10,9894,1098,0.0017793000006349,0.2115791999967768,0.2133584999974118,0.9954462659380692,0.9954878994039652,0.9953884711779448,0.9954256635370546,0.9954706969641276,0.9954462659380692,0.995446037475689,"{""labels"": [""0"", ""1"", ""2"", ""3"", ""4"", ""5"", ""6"", ""7"", ""8"", ""9""], ""matrix"": [[114, 0, 0, 0, 0, 0, 0, 0, 0, 0], [0, 114, 0, 0, 0, 0, 0, 0, 0, 0], [0, 0, 114, 0, 0, 0, 0, 0, 0, 0], [0, 0, 0, 105, 0, 0, 0, 0, 0, 0], [0, 0, 0, 0, 113, 0, 0, 0, 0, 1], [0, 0, 0, 1, 0, 104, 0, 0, 0, 0], [0, 0, 0, 0, 0, 0, 108, 0, 0, 0], [0, 0, 1, 0, 0, 0, 0, 113, 0, 0], [0, 0, 0, 0, 0, 0, 0, 1, 104, 0], [0, 1, 0, 0, 0, 0, 0, 0, 0, 104]]}"
c-k5-mp-DD,cosine,5,modified_plurality,RetentionPolicy.DD_RETENTION,6,10,9890,1102,0.0014841000011074,0.2199323999957414,0.2214164999968488,0.9945553539019965,0.9946447188069772,0.994618334186574,0.9945923427038592,0.9946275336181108,0.9945553539019965,0.9945513925535376,"{""labels"": [""0"", ""1"", ""2"", ""3"", ""4"", ""5"", ""6"", ""7"", ""8"", ""9""], ""matrix"": [[114, 0, 0, 0, 0, 0, 0, 0, 0, 0], [0, 112, 2, 1, 0, 0, 0, 0, 0, 0], [0, 0, 114, 0, 0, 0, 0, 0, 0, 0], [0, 0, 0, 108, 0, 0, 0, 0, 0, 0], [0, 0, 0, 0, 113, 0, 0, 1, 0, 0], [0, 0, 0, 1, 0, 105, 0, 0, 0, 0], [0, 0, 0, 0, 0, 1, 104, 0, 0, 0], [0, 0, 0, 0, 0, 0, 0, 114, 0, 0], [0, 0, 0, 0, 0, 0, 0, 0, 105, 0], [0, 0, 0, 0, 0, 0, 0, 0, 0, 107]]}"
c-k5-mp-DD,cosine,5,modified_plurality,RetentionPolicy.DD_RETENTION,7,10,9892,1100,0.001885099998617,0.2231419000017922,0.2250270000004093,0.9927272727272728,0.99300171202501,0.992848692691532,0.9928976293326086,0.992790477403651,0.9927272727272728,0.9927307685987472,"{""labels"": [""0"", ""1"", ""2"", ""3"", ""4"", ""5"", ""6"", ""7"", ""8"", ""9""], ""matrix"": [[112, 0, 0, 0, 2, 0, 0, 0, 0, 0], [0, 112, 2, 0, 0, 0, 0, 0, 0, 0], [0, 1, 113, 0, 0, 0, 0, 0, 0, 0], [0, 0, 0, 107, 0, 0, 0, 0, 0, 0], [0, 0, 0, 0, 114, 0, 0, 0, 0, 0], [0, 0, 0, 0, 0, 106, 0, 0, 0, 0], [0, 0, 0, 0, 0, 0, 105, 0, 0, 0], [0, 0, 0, 1, 0, 0, 0, 114, 0, 0], [0, 0, 0, 0, 0, 0, 0, 1, 105, 0], [0, 0, 0, 0, 0, 0, 0, 1, 0, 104]]}"
c-k5-mp-DD,cosine,5,modified_plurality,RetentionPolicy.DD_RETENTION,8,10,9894,1098,0.0017560000051162,0.2198711999953957,0.2216272000005119,0.9954462659380692,0.995503023420904,0.9954726438738356,0.995468004484152,0.9954785482297516,0.9954462659380692,0.9954421485552802,"{""labels"": [""0"", ""1"", ""2"", ""3"", ""4"", ""5"", ""6"", ""7"", ""8"", ""9""], ""matrix"": [[113, 0, 0, 0, 0, 0, 1, 0, 0, 0], [0, 112, 1, 1, 0, 0, 0, 0, 0, 0], [0, 0, 115, 0, 0, 0, 0, 0, 0, 0], [0, 0, 0, 104, 1, 0, 0, 0, 0, 0], [0, 0, 0, 0, 114, 0, 0, 0, 0, 0], [0, 0, 0, 0, 0, 106, 0, 0, 0, 0], [0, 0, 0, 0, 0, 0, 105, 0, 0, 0], [0, 0, 0, 0, 0, 0, 0, 114, 0, 0], [0, 0, 0, 0, 0, 0, 0, 1, 105, 0], [0, 0, 0, 0, 0, 0, 0, 0, 0, 105]]}"
c-k5-mp-DD,cosine,5,modified_plurality,RetentionPolicy.DD_RETENTION,9,10,9890,1102,0.0018789000023389,0.2247943999973358,0.2266732999996747,0.9909255898366606,0.9909333062758032,0.9909109525248724,0.9909032243887358,0.9909566732220996,0.9909255898366606,0.9909214884709604,"{""labels"": [""0"", ""1"", ""2"", ""3"", ""4"", ""5"", ""6"", ""7"", ""8"", ""9""], ""matrix"": [[113, 0, 0, 0, 1, 0, 0, 0, 0, 1], [0, 112, 1, 1, 0, 0, 0, 0, 0, 0], [0, 0, 115, 0, 0, 0, 0, 0, 0, 0], [0, 0, 0, 104, 0, 0, 0, 0, 0, 1], [0, 0, 0, 0, 114, 1, 0, 0, 0, 0], [0, 0, 0, 0, 0, 105, 0, 0, 1, 0], [0, 0, 0, 0, 0, 0, 106, 0, 0, 0], [0, 0, 0, 0, 0, 0, 0, 114, 0, 0], [0, 0, 0, 0, 0, 0, 0, 1, 105, 0], [0, 1, 0, 0, 0, 0, 0, 1, 0, 104]]}"
c-k7-b-AR,cosine,7,borda,RetentionPolicy.ALWAYS_RETAIN,0,10,9894,1098,0.0017557000028318,0.2252639999933308,0.2270196999961626,0.9963570127504554,0.9962897729033058,0.9962836336123329,0.996278455383201,0.996364782187974,0.9963570127504554,0.9963526616780508,"{""labels"": [""0"", ""1"", ""2"", ""3"", ""4"", ""5"", ""6"", ""7"", ""8"", ""9""], ""matrix"": [[115, 0, 0, 0, 0, 0, 0, 0, 0, 0], [0, 114, 0, 0, 0, 0, 0, 0, 0, 0], [0, 0, 114, 0, 0, 0, 0, 0, 0, 0], [0, 0, 0, 105, 0, 0, 0, 0, 0, 0], [0, 0, 0, 0, 115, 0, 0, 0, 0, 0], [0, 0, 0, 0, 0, 105, 0, 0, 0, 0], [0, 0, 0, 0, 0, 0, 105, 0, 0, 0], [0, 0, 0, 0, 0, 0, 0, 113, 0, 1], [1, 0, 0, 0, 0, 1, 0, 0, 104, 0], [0, 0, 0, 0, 0, 0, 0, 0, 1, 104]]}"
c-k7-b-AR,cosine,7,borda,RetentionPolicy.ALWAYS_RETAIN,1,10,9893,1099,0.0015138000017032,0.2268062000002828,0.228320000001986,0.991810737033667,0.9920638791984044,0.9919701427481749,0.9919812078431842,0.9919130976357586,0.991810737033667,0.9918258366625992,"{""labels"": [""0"", ""1"", ""2"", ""3"", ""4"", ""5"", ""6"", ""7"", ""8"", ""9""], ""matrix"": [[114, 1, 0, 0, 0, 0, 0, 0, 0, 0], [0, 113, 1, 0, 0, 0, 0, 0, 0, 0], [0, 2, 112, 0, 0, 0, 0, 0, 0, 0], [0, 0, 0, 103, 0, 0, 0, 1, 0, 1], [0, 0, 0, 0, 114, 1, 0, 0, 0, 0], [0, 0, 0, 0, 0, 105, 0, 0, 0, 0], [0, 0, 0, 0, 0, 0, 106, 0, 0, 0], [0, 1, 1, 0, 0, 0, 0, 112, 0, 0], [0, 0, 0, 0, 0, 0, 0, 0, 105, 0], [0, 0, 0, 0, 0, 0, 0, 0, 0, 106]]}"
c-k7-b-AR,cosine,7,borda,RetentionPolicy.ALWAYS_RETAIN,2,10,9895,1097,0.0018132999975932,0.2236562000034609,0.2254695000010542,0.9954421148587056,0.9953911185432924,0.9953960989430096,0.9953637826179124,0.9955172412040948,0.9954421148587056,0.9954506424242489,"{""labels"": [""0"", ""1"", ""2"", ""3"", ""4"", ""5"", ""6"", ""7"", ""8"", ""9""], ""matrix"": [[113, 0, 0, 0, 0, 0, 0, 0, 0, 1], [0, 114, 0, 0, 1, 0, 0, 0, 0, 0], [0, 0, 115, 0, 0, 0, 0, 0, 0, 0], [0, 0, 0, 104, 0, 1, 0, 0, 0, 0], [0, 0, 0, 0, 114, 0, 0, 0, 0, 0], [0, 0, 0, 0, 0, 105, 0, 0, 0, 0], [0, 0, 0, 0, 0, 0, 105, 0, 0, 0], [0, 0, 0, 0, 0, 0, 0, 114, 0, 0], [0, 0, 0, 0, 0, 0, 0, 0, 105, 0], [0, 0, 0, 0, 0, 2, 0, 0, 0, 103]]}"
c-k7-b-AR,cosine,7,borda,RetentionPolicy.ALWAYS_RETAIN,3,10,9892,1100,0.001577900002303,0.2260307999968063,0.2276086999991093,0.990909090909091,0.990937172794091,0.9909578293559986,0.9909223529273398,0.9909513961271306,0.990909090909091,0.9909053431264928,"{""labels"": [""0"", ""1"", ""2"", ""3"", ""4"", ""5"", ""6"", ""7"", ""8"", ""9""], ""matrix"": [[114, 0, 0, 0, 0, 0, 0, 0, 0, 0], [0, 112, 0, 2, 0, 0, 0, 0, 0, 0], [0, 0, 114, 0, 0, 0, 0, 1, 0, 0], [0, 1, 1, 103, 0, 0, 0, 0, 0, 0], [0, 0, 0, 0, 115, 0, 0, 0, 0, 0], [0, 0, 0, 1, 0, 103, 0, 0, 0, 1], [0, 0, 0, 0, 0, 0, 105, 0, 0, 0], [0, 1, 1, 0, 0, 0, 0, 112, 1, 0], [0, 0, 0, 0, 0, 0, 0, 0, 106, 0], [0, 0, 0, 0, 0, 0, 0, 0, 0, 106]]}"
c-k7-b-AR,cosine,7,borda,RetentionPolicy.ALWAYS_RETAIN,4,10,9894,1098,0.0017460000017308,0.2307364999942365,0.2324824999959673,0.9963570127504554,0.9964539158991932,0.9962822766514318,0.9963522888360024,0.9963963373504504,0.9963570127504554,0.9963605953000272,"{""labels"": [""0"", ""1"", ""2"", ""3"", ""4"", ""5"", ""6"", ""7"", ""8"", ""9""], ""matrix"": [[114, 0, 0, 0, 0, 0, 0, 0, 0, 0], [0, 114, 1, 0, 0, 0, 0, 0, 0, 0], [0, 0, 114, 0, 0, 0, 0, 0, 0, 0], [0, 0, 1, 104, 0, 0, 0, 0, 0, 0], [0, 0, 0, 0, 114, 0, 0, 0, 0, 0], [0, 0, 0, 1, 0, 105, 0, 0, 0, 0], [0, 0, 0, 0, 0, 0, 106, 0, 0, 0], [0, 0, 0, 0, 0, 0, 0, 114, 0, 0], [0, 0, 0, 0, 0, 0, 0, 0, 105, 0], [0, 0, 0, 0, 0, 0, 0, 1, 0, 104]]}"
c-k7-b-AR,cosine,7,borda,RetentionPolicy.ALWAYS_RETAIN,5,10,9894,1098,0.0017415999973309,0.2234429000018281,0.225184499999159,0.994535519125683,0.9945545089868107,0.9945112781954888,0.99451568920018,0.9945774852729912,0.994535519125683,0.9945397359164032,"{""labels"": [""0"", ""1"", ""2"", ""3"", ""4"", ""5"", ""6"", ""7"", ""8"", ""9""], ""matrix"": [[114, 0, 0, 0, 0, 0, 0, 0, 0, 0], [0, 113, 0, 1, 0, 0, 0, 0, 0, 0], [0, 0, 114, 0, 0, 0, 0, 0, 0, 0], [0, 0, 0, 105, 0, 0, 0, 0, 0, 0], [0, 0, 0, 0, 113, 0, 0, 0, 0, 1], [0, 0, 0, 1, 0, 104, 0, 0, 0, 0], [0, 0, 0, 0, 0, 0, 108, 0, 0, 0], [0, 0, 1, 0, 0, 0, 0, 113, 0, 0], [0, 0, 0, 0, 0, 0, 0, 1, 104, 0], [0, 1, 0, 0, 0, 0, 0, 0, 0, 104]]}"
c-k7-b-AR,cosine,7,borda,RetentionPolicy.ALWAYS_RETAIN,6,10,9890,1102,0.0014723000058438,0.2300953999947523,0.2315677000005962,0.9954627949183305,0.9955454694324984,0.9954878994039652,0.9954933373240598,0.9955103019262443,0.9954627949183305,0.9954626282107611,"{""labels"": [""0"", ""1"", ""2"", ""3"", ""4"", ""5"", ""6"", ""7"", ""8"", ""9""], ""matrix"": [[114, 0, 0, 0, 0, 0, 0, 0, 0, 0], [0, 113, 2, 0, 0, 0, 0, 0, 0, 0], [0, 0, 114, 0, 0, 0, 0, 0, 0, 0], [0, 0, 0, 108, 0, 0, 0, 0, 0, 0], [0, 0, 0, 0, 113, 0, 0, 1, 0, 0], [0, 0, 0, 1, 0, 105, 0, 0, 0, 0], [0, 0, 0, 0, 0, 1, 104, 0, 0, 0], [0, 0, 0, 0, 0, 0, 0, 114, 0, 0], [0, 0, 0, 0, 0, 0, 0, 0, 105, 0], [0, 0, 0, 0, 0, 0, 0, 0, 0, 107]]}"
c-k7-b-AR,cosine,7,borda,RetentionPolicy.ALWAYS_RETAIN,7,10,9892,1100,0.0016528000051039,0.2255808999980217,0.2272337000031257,0.9927272727272728,0.99300171202501,0.992848692691532,0.9928976293326086,0.992790477403651,0.9927272727272728,0.9927307685987472,"{""labels"": [""0"", ""1"", ""2"", ""3"", ""4"", ""5"", ""6"", ""7"", ""8"", ""9""], ""matrix"": [[112, 0, 0, 0, 2, 0, 0, 0, 0, 0], [0, 112, 2, 0, 0, 0, 0, 0, 0, 0], [0, 1, 113, 0, 0, 0, 0, 0, 0, 0], [0, 0, 0, 107, 0, 0, 0, 0, 0, 0], [0, 0, 0, 0, 114, 0, 0, 0, 0, 0], [0, 0, 0, 0, 0, 106, 0, 0, 0, 0], [0, 0, 0, 0, 0, 0, 105, 0, 0, 0], [0, 0, 0, 1, 0, 0, 0, 114, 0, 0], [0, 0, 0, 0, 0, 0, 0, 1, 105, 0], [0, 0, 0, 0, 0, 0, 0, 1, 0, 104]]}"
c-k7-b-AR,cosine,7,borda,RetentionPolicy.ALWAYS_RETAIN,8,10,9894,1098,0.0014603000017814,0.2248828000010689,0.2263431000028504,0.9954462659380692,0.9955208249340328,0.9953974559039108,0.995438391187266,0.9954870598822037,0.9954462659380692,0.995445982474402,"{""labels"": [""0"", ""1"", ""2"", ""3"", ""4"", ""5"", ""6"", ""7"", ""8"", ""9""], ""matrix"": [[113, 0, 0, 0, 0, 0, 1, 0, 0, 0], [0, 113, 1, 0, 0, 0, 0, 0, 0, 0], [0, 0, 115, 0, 0, 0, 0, 0, 0, 0], [0, 0, 0, 104, 1, 0, 0, 0, 0, 0], [0, 0, 0, 0, 114, 0, 0, 0, 0, 0], [0, 0, 0, 0, 0, 106, 0, 0, 0, 0], [0, 0, 0, 0, 0, 0, 105, 0, 0, 0], [0, 0, 0, 0, 0, 0, 0, 114, 0, 0], [0, 0, 0, 0, 0, 0, 0, 1, 105, 0], [0, 0, 0, 0, 0, 1, 0, 0, 0, 104]]}"
c-k7-b-AR,cosine,7,borda,RetentionPolicy.ALWAYS_RETAIN,9,10,9890,1102,0.001467699999921,0.2271322000015061,0.2285999000014271,0.9927404718693283,0.9927779712934676,0.992723913968679,0.992719894559564,0.9927958892307835,0.9927404718693283,0.9927362803255448,"{""labels"": [""0"", ""1"", ""2"", ""3"", ""4"", ""5"", ""6"", ""7"", ""8"", ""9""], ""matrix"": [[113, 0, 0, 0, 1, 0, 0, 0, 0, 1], [0, 112, 1, 1, 0, 0, 0, 0, 0, 0], [0, 0, 115, 0, 0, 0, 0, 0, 0, 0], [0, 0, 0, 104, 0, 0, 0, 0, 0, 1], [0, 0, 0, 0, 115, 0, 0, 0, 0, 0], [0, 0, 0, 0, 0, 105, 0, 0, 1, 0], [0, 0, 0, 0, 0, 0, 106, 0, 0, 0], [0, 0, 0, 0, 0, 0, 0, 114, 0, 0], [0, 0, 0, 0, 0, 0, 0, 0, 106, 0], [0, 0, 0, 0, 0, 0, 0, 2, 0, 104]]}"
c-k7-b-NR,cosine,7,borda,RetentionPolicy.NEVER_RETAIN,0,10,9894,1098,0.0015007000038167,0.1945131000029505,0.1960138000067672,0.9954462659380692,0.995364010251216,0.9954140683949416,0.9953723115833676,0.9954794900343364,0.9954462659380692,0.9954463601187652,"{""labels"": [""0"", ""1"", ""2"", ""3"", ""4"", ""5"", ""6"", ""7"", ""8"", ""9""], ""matrix"": [[115, 0, 0, 0, 0, 0, 0, 0, 0, 0], [0, 114, 0, 0, 0, 0, 0, 0, 0, 0], [0, 0, 114, 0, 0, 0, 0, 0, 0, 0], [0, 0, 0, 105, 0, 0, 0, 0, 0, 0], [0, 0, 0, 0, 114, 1, 0, 0, 0, 0], [0, 0, 0, 0, 0, 105, 0, 0, 0, 0], [0, 0, 0, 0, 0, 0, 105, 0, 0, 0], [0, 0, 0, 0, 0, 0, 0, 113, 0, 1], [1, 0, 0, 0, 0, 1, 0, 0, 104, 0], [0, 0, 0, 0, 0, 0, 0, 0, 1, 104]]}"
c-k7-b-NR,cosine,7,borda,RetentionPolicy.NEVER_RETAIN,1,10,9893,1099,0.0014825999969616,0.1914191000032588,0.1929017000002204,0.9909008189262968,0.9911800970678776,0.9910929497657186,0.9911079942068876,0.9909963445613263,0.9909008189262968,0.9909200463574326,"{""labels"": [""0"", ""1"", ""2"", ""3"", ""4"", ""5"", ""6"", ""7"", ""8"", ""9""], ""matrix"": [[114, 1, 0, 0, 0, 0, 0, 0, 0, 0], [0, 112, 2, 0, 0, 0, 0, 0, 0, 0], [0, 2, 112, 0, 0, 0, 0, 0, 0, 0], [0, 0, 0, 103, 0, 0, 0, 1, 0, 1], [0, 0, 0, 0, 114, 1, 0, 0, 0, 0], [0, 0, 0, 0, 0, 105, 0, 0, 0, 0], [0, 0, 0, 0, 0, 0, 106, 0, 0, 0], [0, 1, 1, 0, 0, 0, 0, 112, 0, 0], [0, 0, 0, 0, 0, 0, 0, 0, 105, 0], [0, 0, 0, 0, 0, 0, 0, 0, 0, 106]]}"
c-k7-b-NR,cosine,7,borda,RetentionPolicy.NEVER_RETAIN,2,10,9895,1097,0.0018135999998776,0.1935812999945483,0.1953948999944259,0.9954421148587056,0.9953911185432924,0.9953960989430096,0.9953637826179124,0.9955172412040948,0.9954421148587056,0.9954506424242489,"{""labels"": [""0"", ""1"", ""2"", ""3"", ""4"", ""5"", ""6"", ""7"", ""8"", ""9""], ""matrix"": [[113, 0, 0, 0, 0, 0, 0, 0, 0, 1], [0, 114, 0, 0, 1, 0, 0, 0, 0, 0], [0, 0, 115, 0, 0, 0, 0, 0, 0, 0], [0, 0, 0, 104, 0, 1, 0, 0, 0, 0], [0, 0, 0, 0, 114, 0, 0, 0, 0, 0], [0, 0, 0, 0, 0, 105, 0, 0, 0, 0], [0, 0, 0, 0, 0, 0, 105, 0, 0, 0], [0, 0, 0, 0, 0, 0, 0, 114, 0, 0], [0, 0, 0, 0, 0, 0, 0, 0, 105, 0], [0, 0, 0, 0, 0, 2, 0, 0, 0, 103]]}"
c-k7-b-NR,cosine,7,borda,RetentionPolicy.NEVER_RETAIN,3,10,9892,1100,0.0016361999951186,0.1923289000042132,0.1939650999993318,0.990909090909091,0.990937172794091,0.9909578293559986,0.9909223529273398,0.9909513961271306,0.990909090909091,0.9909053431264928,"{""labels"": [""0"", ""1"", ""2"", ""3"", ""4"", ""5"", ""6"", ""7"", ""8"", ""9""], ""matrix"": [[114, 0, 0, 0, 0, 0, 0, 0, 0, 0], [0, 112, 0, 2, 0, 0, 0, 0, 0, 0], [0, 0, 114, 0, 0, 0, 0, 1, 0, 0], [0, 1, 1, 103, 0, 0, 0, 0, 0, 0], [0, 0, 0, 0, 115, 0, 0, 0, 0, 0], [0, 0, 0, 1, 0, 103, 0, 0, 0, 1], [0, 0, 0, 0, 0, 0, 105, 0, 0, 0], [0, 1, 1, 0, 0, 0, 0, 112, 1, 0], [0, 0, 0, 0, 0, 0, 0, 0, 106, 0], [0, 0, 0, 0, 0, 0, 0, 0, 0, 106]]}"
c-k7-b-NR,cosine,7,borda,RetentionPolicy.NEVER_RETAIN,4,10,9894,1098,0.0014721999978064,0.1957599000015761,0.1972320999993826,0.9954462659380692,0.9956139512661252,0.9954127114340404,0.9954826409949435,0.9955242429226748,0.9954462659380692,0.9954536702941944,"{""labels"": [""0"", ""1"", ""2"", ""3"", ""4"", ""5"", ""6"", ""7"", ""8"", ""9""], ""matrix"": [[114, 0, 0, 0, 0, 0, 0, 0, 0, 0], [0, 113, 2, 0, 0, 0, 0, 0, 0, 0], [0, 0, 114, 0, 0, 0, 0, 0, 0, 0], [0, 0, 1, 104, 0, 0, 0, 0, 0, 0], [0, 0, 0, 0, 114, 0, 0, 0, 0, 0], [0, 0, 0, 1, 0, 105, 0, 0, 0, 0], [0, 0, 0, 0, 0, 0, 106, 0, 0, 0], [0, 0, 0, 0, 0, 0, 0, 114, 0, 0], [0, 0, 0, 0, 0, 0, 0, 0, 105, 0], [0, 0, 0, 0, 0, 0, 0, 1, 0, 104]]}"
c-k7-b-NR,cosine,7,borda,RetentionPolicy.NEVER_RETAIN,5,10,9894,1098,0.0014744000000064,0.1926485000003595,0.1941229000003659,0.9954462659380692,0.9954878994039652,0.9953884711779448,0.9954256635370546,0.9954706969641276,0.9954462659380692,0.995446037475689,"{""labels"": [""0"", ""1"", ""2"", ""3"", ""4"", ""5"", ""6"", ""7"", ""8"", ""9""], ""matrix"": [[114, 0, 0, 0, 0, 0, 0, 0, 0, 0], [0, 114, 0, 0, 0, 0, 0, 0, 0, 0], [0, 0, 114, 0, 0, 0, 0, 0, 0, 0], [0, 0, 0, 105, 0, 0, 0, 0, 0, 0], [0, 0, 0, 0, 113, 0, 0, 0, 0, 1], [0, 0, 0, 1, 0, 104, 0, 0, 0, 0], [0, 0, 0, 0, 0, 0, 108, 0, 0, 0], [0, 0, 1, 0, 0, 0, 0, 113, 0, 0], [0, 0, 0, 0, 0, 0, 0, 1, 104, 0], [0, 1, 0, 0, 0, 0, 0, 0, 0, 104]]}"
c-k7-b-NR,cosine,7,borda,RetentionPolicy.NEVER_RETAIN,6,10,9890,1102,0.0015676000039093,0.1953075999990687,0.1968752000029781,0.9954627949183305,0.9955454694324984,0.9954878994039652,0.9954933373240598,0.9955103019262443,0.9954627949183305,0.9954626282107611,"{""labels"": [""0"", ""1"", ""2"", ""3"", ""4"", ""5"", ""6"", ""7"", ""8"", ""9""], ""matrix"": [[114, 0, 0, 0, 0, 0, 0, 0, 0, 0], [0, 113, 2, 0, 0, 0, 0, 0, 0, 0], [0, 0, 114, 0, 0, 0, 0, 0, 0, 0], [0, 0, 0, 108, 0, 0, 0, 0, 0, 0], [0, 0, 0, 0, 113, 0, 0, 1, 0, 0], [0, 0, 0, 1, 0, 105, 0, 0, 0, 0], [0, 0, 0, 0, 0, 1, 104, 0, 0, 0], [0, 0, 0, 0, 0, 0, 0, 114, 0, 0], [0, 0, 0, 0, 0, 0, 0, 0, 105, 0], [0, 0, 0, 0, 0, 0, 0, 0, 0, 107]]}"
c-k7-b-NR,cosine,7,borda,RetentionPolicy.NEVER_RETAIN,7,10,9892,1100,0.0015512000027229,0.1953248999998322,0.1968761000025551,0.9927272727272728,0.99300171202501,0.992848692691532,0.9928976293326086,0.992790477403651,0.9927272727272728,0.9927307685987472,"{""labels"": [""0"", ""1"", ""2"", ""3"", ""4"", ""5"", ""6"", ""7"", ""8"", ""9""], ""matrix"": [[112, 0, 0, 0, 2, 0, 0, 0, 0, 0], [0, 112, 2, 0, 0, 0, 0, 0, 0, 0], [0, 1, 113, 0, 0, 0, 0, 0, 0, 0], [0, 0, 0, 107, 0, 0, 0, 0, 0, 0], [0, 0, 0, 0, 114, 0, 0, 0, 0, 0], [0, 0, 0, 0, 0, 106, 0, 0, 0, 0], [0, 0, 0, 0, 0, 0, 105, 0, 0, 0], [0, 0, 0, 1, 0, 0, 0, 114, 0, 0], [0, 0, 0, 0, 0, 0, 0, 1, 105, 0], [0, 0, 0, 0, 0, 0, 0, 1, 0, 104]]}"
c-k7-b-NR,cosine,7,borda,RetentionPolicy.NEVER_RETAIN,8,10,9894,1098,0.0017396000039298,0.1949797999986913,0.1967194000026211,0.9954462659380692,0.9955208249340328,0.9953974559039108,0.995438391187266,0.9954870598822037,0.9954462659380692,0.995445982474402,"{""labels"": [""0"", ""1"", ""2"", ""3"", ""4"", ""5"", ""6"", ""7"", ""8"", ""9""], ""matrix"": [[113, 0, 0, 0, 0, 0, 1, 0, 0, 0], [0, 113, 1, 0, 0, 0, 0, 0, 0, 0], [0, 0, 115, 0, 0, 0, 0, 0, 0, 0], [0, 0, 0, 104, 1, 0, 0, 0, 0, 0], [0, 0, 0, 0, 114, 0, 0, 0, 0, 0], [0, 0, 0, 0, 0, 106, 0, 0, 0, 0], [0, 0, 0, 0, 0, 0, 105, 0, 0, 0], [0, 0, 0, 0, 0, 0, 0, 114, 0, 0], [0, 0, 0, 0, 0, 0, 0, 1, 105, 0], [0, 0, 0, 0, 0, 1, 0, 0, 0, 104]]}"
c-k7-b-NR,cosine,7,borda,RetentionPolicy.NEVER_RETAIN,9,10,9890,1102,0.0014392000011866,0.1994363999983761,0.2008755999995628,0.9936479128856625,0.9936501775814364,0.993667310195094,0.9936311203028524,0.9936968914833594,0.9936479128856625,0.9936442022923874,"{""labels"": [""0"", ""1"", ""2"", ""3"", ""4"", ""5"", ""6"", ""7"", ""8"", ""9""], ""matrix"": [[113, 0, 0, 0, 1, 0, 0, 0, 0, 1], [0, 112, 1, 1, 0, 0, 0, 0, 0, 0], [0, 0, 115, 0, 0, 0, 0, 0, 0, 0], [0, 0, 0, 104, 0, 0, 0, 0, 0, 1], [0, 0, 0, 0, 115, 0, 0, 0, 0, 0], [0, 0, 0, 0, 0, 105, 0, 0, 1, 0], [0, 0, 0, 0, 0, 0, 106, 0, 0, 0], [0, 0, 0, 0, 0, 0, 0, 114, 0, 0], [0, 0, 0, 0, 0, 0, 0, 0, 106, 0], [0, 0, 0, 0, 0, 0, 0, 1, 0, 105]]}"
c-k7-b-DC,cosine,7,borda,RetentionPolicy.DIFFERENT_CLASS_RETENTION,0,10,9894,1098,0.0018736000056378,0.1969671999977436,0.1988408000033814,0.9954462659380692,0.995364010251216,0.9954140683949416,0.9953723115833676,0.9954794900343364,0.9954462659380692,0.9954463601187652,"{""labels"": [""0"", ""1"", ""2"", ""3"", ""4"", ""5"", ""6"", ""7"", ""8"", ""9""], ""matrix"": [[115, 0, 0, 0, 0, 0, 0, 0, 0, 0], [0, 114, 0, 0, 0, 0, 0, 0, 0, 0], [0, 0, 114, 0, 0, 0, 0, 0, 0, 0], [0, 0, 0, 105, 0, 0, 0, 0, 0, 0], [0, 0, 0, 0, 114, 1, 0, 0, 0, 0], [0, 0, 0, 0, 0, 105, 0, 0, 0, 0], [0, 0, 0, 0, 0, 0, 105, 0, 0, 0], [0, 0, 0, 0, 0, 0, 0, 113, 0, 1], [1, 0, 0, 0, 0, 1, 0, 0, 104, 0], [0, 0, 0, 0, 0, 0, 0, 0, 1, 104]]}"
c-k7-b-DC,cosine,7,borda,RetentionPolicy.DIFFERENT_CLASS_RETENTION,1,10,9893,1099,0.002219400004833,0.1972709999972721,0.1994904000021051,0.9909008189262968,0.9911800970678776,0.9910929497657186,0.9911079942068876,0.9909963445613263,0.9909008189262968,0.9909200463574326,"{""labels"": [""0"", ""1"", ""2"", ""3"", ""4"", ""5"", ""6"", ""7"", ""8"", ""9""], ""matrix"": [[114, 1, 0, 0, 0, 0, 0, 0, 0, 0], [0, 112, 2, 0, 0, 0, 0, 0, 0, 0], [0, 2, 112, 0, 0, 0, 0, 0, 0, 0], [0, 0, 0, 103, 0, 0, 0, 1, 0, 1], [0, 0, 0, 0, 114, 1, 0, 0, 0, 0], [0, 0, 0, 0, 0, 105, 0, 0, 0, 0], [0, 0, 0, 0, 0, 0, 106, 0, 0, 0], [0, 1, 1, 0, 0, 0, 0, 112, 0, 0], [0, 0, 0, 0, 0, 0, 0, 0, 105, 0], [0, 0, 0, 0, 0, 0, 0, 0, 0, 106]]}"
c-k7-b-DC,cosine,7,borda,RetentionPolicy.DIFFERENT_CLASS_RETENTION,2,10,9895,1097,0.0014930000033928,0.1982419999985722,0.1997350000019651,0.9954421148587056,0.9953911185432924,0.9953960989430096,0.9953637826179124,0.9955172412040948,0.9954421148587056,0.9954506424242489,"{""labels"": [""0"", ""1"", ""2"", ""3"", ""4"", ""5"", ""6"", ""7"", ""8"", ""9""], ""matrix"": [[113, 0, 0, 0, 0, 0, 0, 0, 0, 1], [0, 114, 0, 0, 1, 0, 0, 0, 0, 0], [0, 0, 115, 0, 0, 0, 0, 0, 0, 0], [0, 0, 0, 104, 0, 1, 0, 0, 0, 0], [0, 0, 0, 0, 114, 0, 0, 0, 0, 0], [0, 0, 0, 0, 0, 105, 0, 0, 0, 0], [0, 0, 0, 0, 0, 0, 105, 0, 0, 0], [0, 0, 0, 0, 0, 0, 0, 114, 0, 0], [0, 0, 0, 0, 0, 0, 0, 0, 105, 0], [0, 0, 0, 0, 0, 2, 0, 0, 0, 103]]}"
c-k7-b-DC,cosine,7,borda,RetentionPolicy.DIFFERENT_CLASS_RETENTION,3,10,9892,1100,0.0016342000017175,0.1963006000005407,0.1979348000022582,0.990909090909091,0.990937172794091,0.9909578293559986,0.9909223529273398,0.9909513961271306,0.990909090909091,0.9909053431264928,"{""labels"": [""0"", ""1"", ""2"", ""3"", ""4"", ""5"", ""6"", ""7"", ""8"", ""9""], ""matrix"": [[114, 0, 0, 0, 0, 0, 0, 0, 0, 0], [0, 112, 0, 2, 0, 0, 0, 0, 0, 0], [0, 0, 114, 0, 0, 0, 0, 1, 0, 0], [0, 1, 1, 103, 0, 0, 0, 0, 0, 0], [0, 0, 0, 0, 115, 0, 0, 0, 0, 0], [0, 0, 0, 1, 0, 103, 0, 0, 0, 1], [0, 0, 0, 0, 0, 0, 105, 0, 0, 0], [0, 1, 1, 0, 0, 0, 0, 112, 1, 0], [0, 0, 0, 0, 0, 0, 0, 0, 106, 0], [0, 0, 0, 0, 0, 0, 0, 0, 0, 106]]}"
c-k7-b-DC,cosine,7,borda,RetentionPolicy.DIFFERENT_CLASS_RETENTION,4,10,9894,1098,0.001443900000595,0.1935712999984389,0.1950151999990339,0.9954462659380692,0.9956139512661252,0.9954127114340404,0.9954826409949435,0.9955242429226748,0.9954462659380692,0.9954536702941944,"{""labels"": [""0"", ""1"", ""2"", ""3"", ""4"", ""5"", ""6"", ""7"", ""8"", ""9""], ""matrix"": [[114, 0, 0, 0, 0, 0, 0, 0, 0, 0], [0, 113, 2, 0, 0, 0, 0, 0, 0, 0], [0, 0, 114, 0, 0, 0, 0, 0, 0, 0], [0, 0, 1, 104, 0, 0, 0, 0, 0, 0], [0, 0, 0, 0, 114, 0, 0, 0, 0, 0], [0, 0, 0, 1, 0, 105, 0, 0, 0, 0], [0, 0, 0, 0, 0, 0, 106, 0, 0, 0], [0, 0, 0, 0, 0, 0, 0, 114, 0, 0], [0, 0, 0, 0, 0, 0, 0, 0, 105, 0], [0, 0, 0, 0, 0, 0, 0, 1, 0, 104]]}"
c-k7-b-DC,cosine,7,borda,RetentionPolicy.DIFFERENT_CLASS_RETENTION,5,10,9894,1098,0.0015055000039865,0.1964908999943873,0.1979963999983738,0.9954462659380692,0.9954878994039652,0.9953884711779448,0.9954256635370546,0.9954706969641276,0.9954462659380692,0.995446037475689,"{""labels"": [""0"", ""1"", ""2"", ""3"", ""4"", ""5"", ""6"", ""7"", ""8"", ""9""], ""matrix"": [[114, 0, 0, 0, 0, 0, 0, 0, 0, 0], [0, 114, 0, 0, 0, 0, 0, 0, 0, 0], [0, 0, 114, 0, 0, 0, 0, 0, 0, 0], [0, 0, 0, 105, 0, 0, 0, 0, 0, 0], [0, 0, 0, 0, 113, 0, 0, 0, 0, 1], [0, 0, 0, 1, 0, 104, 0, 0, 0, 0], [0, 0, 0, 0, 0, 0, 108, 0, 0, 0], [0, 0, 1, 0, 0, 0, 0, 113, 0, 0], [0, 0, 0, 0, 0, 0, 0, 1, 104, 0], [0, 1, 0, 0, 0, 0, 0, 0, 0, 104]]}"
c-k7-b-DC,cosine,7,borda,RetentionPolicy.DIFFERENT_CLASS_RETENTION,6,10,9890,1102,0.0014506999941659,0.1978570999999647,0.1993077999941306,0.9954627949183305,0.9955454694324984,0.9954878994039652,0.9954933373240598,0.9955103019262443,0.9954627949183305,0.9954626282107611,"{""labels"": [""0"", ""1"", ""2"", ""3"", ""4"", ""5"", ""6"", ""7"", ""8"", ""9""], ""matrix"": [[114, 0, 0, 0, 0, 0, 0, 0, 0, 0], [0, 113, 2, 0, 0, 0, 0, 0, 0, 0], [0, 0, 114, 0, 0, 0, 0, 0, 0, 0], [0, 0, 0, 108, 0, 0, 0, 0, 0, 0], [0, 0, 0, 0, 113, 0, 0, 1, 0, 0], [0, 0, 0, 1, 0, 105, 0, 0, 0, 0], [0, 0, 0, 0, 0, 1, 104, 0, 0, 0], [0, 0, 0, 0, 0, 0, 0, 114, 0, 0], [0, 0, 0, 0, 0, 0, 0, 0, 105, 0], [0, 0, 0, 0, 0, 0, 0, 0, 0, 107]]}"
c-k7-b-DC,cosine,7,borda,RetentionPolicy.DIFFERENT_CLASS_RETENTION,7,10,9892,1100,0.001464399996621,0.1970384000014746,0.1985027999980957,0.9927272727272728,0.99300171202501,0.992848692691532,0.9928976293326086,0.992790477403651,0.9927272727272728,0.9927307685987472,"{""labels"": [""0"", ""1"", ""2"", ""3"", ""4"", ""5"", ""6"", ""7"", ""8"", ""9""], ""matrix"": [[112, 0, 0, 0, 2, 0, 0, 0, 0, 0], [0, 112, 2, 0, 0, 0, 0, 0, 0, 0], [0, 1, 113, 0, 0, 0, 0, 0, 0, 0], [0, 0, 0, 107, 0, 0, 0, 0, 0, 0], [0, 0, 0, 0, 114, 0, 0, 0, 0, 0], [0, 0, 0, 0, 0, 106, 0, 0, 0, 0], [0, 0, 0, 0, 0, 0, 105, 0, 0, 0], [0, 0, 0, 1, 0, 0, 0, 114, 0, 0], [0, 0, 0, 0, 0, 0, 0, 1, 105, 0], [0, 0, 0, 0, 0, 0, 0, 1, 0, 104]]}"
c-k7-b-DC,cosine,7,borda,RetentionPolicy.DIFFERENT_CLASS_RETENTION,8,10,9894,1098,0.0016095000028144,0.1970215999972424,0.1986311000000569,0.9954462659380692,0.9955208249340328,0.9953974559039108,0.995438391187266,0.9954870598822037,0.9954462659380692,0.995445982474402,"{""labels"": [""0"", ""1"", ""2"", ""3"", ""4"", ""5"", ""6"", ""7"", ""8"", ""9""], ""matrix"": [[113, 0, 0, 0, 0, 0, 1, 0, 0, 0], [0, 113, 1, 0, 0, 0, 0, 0, 0, 0], [0, 0, 115, 0, 0, 0, 0, 0, 0, 0], [0, 0, 0, 104, 1, 0, 0, 0, 0, 0], [0, 0, 0, 0, 114, 0, 0, 0, 0, 0], [0, 0, 0, 0, 0, 106, 0, 0, 0, 0], [0, 0, 0, 0, 0, 0, 105, 0, 0, 0], [0, 0, 0, 0, 0, 0, 0, 114, 0, 0], [0, 0, 0, 0, 0, 0, 0, 1, 105, 0], [0, 0, 0, 0, 0, 1, 0, 0, 0, 104]]}"
c-k7-b-DC,cosine,7,borda,RetentionPolicy.DIFFERENT_CLASS_RETENTION,9,10,9890,1102,0.00151840000035,0.1962562000044272,0.1977746000047773,0.9936479128856625,0.9936501775814364,0.993667310195094,0.9936311203028524,0.9936968914833594,0.9936479128856625,0.9936442022923874,"{""labels"": [""0"", ""1"", ""2"", ""3"", ""4"", ""5"", ""6"", ""7"", ""8"", ""9""], ""matrix"": [[113, 0, 0, 0, 1, 0, 0, 0, 0, 1], [0, 112, 1, 1, 0, 0, 0, 0, 0, 0], [0, 0, 115, 0, 0, 0, 0, 0, 0, 0], [0, 0, 0, 104, 0, 0, 0, 0, 0, 1], [0, 0, 0, 0, 115, 0, 0, 0, 0, 0], [0, 0, 0, 0, 0, 105, 0, 0, 1, 0], [0, 0, 0, 0, 0, 0, 106, 0, 0, 0], [0, 0, 0, 0, 0, 0, 0, 114, 0, 0], [0, 0, 0, 0, 0, 0, 0, 0, 106, 0], [0, 0, 0, 0, 0, 0, 0, 1, 0, 105]]}"
c-k7-b-DD,cosine,7,borda,RetentionPolicy.DD_RETENTION,0,10,9894,1098,0.0015568000017083,0.2014496999981929,0.2030064999999012,0.9954462659380692,0.995364010251216,0.9954140683949416,0.9953723115833676,0.9954794900343364,0.9954462659380692,0.9954463601187652,"{""labels"": [""0"", ""1"", ""2"", ""3"", ""4"", ""5"", ""6"", ""7"", ""8"", ""9""], ""matrix"": [[115, 0, 0, 0, 0, 0, 0, 0, 0, 0], [0, 114, 0, 0, 0, 0, 0, 0, 0, 0], [0, 0, 114, 0, 0, 0, 0, 0, 0, 0], [0, 0, 0, 105, 0, 0, 0, 0, 0, 0], [0, 0, 0, 0, 114, 1, 0, 0, 0, 0], [0, 0, 0, 0, 0, 105, 0, 0, 0, 0], [0, 0, 0, 0, 0, 0, 105, 0, 0, 0], [0, 0, 0, 0, 0, 0, 0, 113, 0, 1], [1, 0, 0, 0, 0, 1, 0, 0, 104, 0], [0, 0, 0, 0, 0, 0, 0, 0, 1, 104]]}"
c-k7-b-DD,cosine,7,borda,RetentionPolicy.DD_RETENTION,1,10,9893,1099,0.0016772000017226,0.2043937999987974,0.2060710000005201,0.991810737033667,0.9920638791984044,0.9919701427481749,0.9919812078431842,0.9919130976357586,0.991810737033667,0.9918258366625992,"{""labels"": [""0"", ""1"", ""2"", ""3"", ""4"", ""5"", ""6"", ""7"", ""8"", ""9""], ""matrix"": [[114, 1, 0, 0, 0, 0, 0, 0, 0, 0], [0, 113, 1, 0, 0, 0, 0, 0, 0, 0], [0, 2, 112, 0, 0, 0, 0, 0, 0, 0], [0, 0, 0, 103, 0, 0, 0, 1, 0, 1], [0, 0, 0, 0, 114, 1, 0, 0, 0, 0], [0, 0, 0, 0, 0, 105, 0, 0, 0, 0], [0, 0, 0, 0, 0, 0, 106, 0, 0, 0], [0, 1, 1, 0, 0, 0, 0, 112, 0, 0], [0, 0, 0, 0, 0, 0, 0, 0, 105, 0], [0, 0, 0, 0, 0, 0, 0, 0, 0, 106]]}"
c-k7-b-DD,cosine,7,borda,RetentionPolicy.DD_RETENTION,2,10,9895,1097,0.0015175999942584,0.2007471000033547,0.2022646999976132,0.9954421148587056,0.9953911185432924,0.9953960989430096,0.9953637826179124,0.9955172412040948,0.9954421148587056,0.9954506424242489,"{""labels"": [""0"", ""1"", ""2"", ""3"", ""4"", ""5"", ""6"", ""7"", ""8"", ""9""], ""matrix"": [[113, 0, 0, 0, 0, 0, 0, 0, 0, 1], [0, 114, 0, 0, 1, 0, 0, 0, 0, 0], [0, 0, 115, 0, 0, 0, 0, 0, 0, 0], [0, 0, 0, 104, 0, 1, 0, 0, 0, 0], [0, 0, 0, 0, 114, 0, 0, 0, 0, 0], [0, 0, 0, 0, 0, 105, 0, 0, 0, 0], [0, 0, 0, 0, 0, 0, 105, 0, 0, 0], [0, 0, 0, 0, 0, 0, 0, 114, 0, 0], [0, 0, 0, 0, 0, 0, 0, 0, 105, 0], [0, 0, 0, 0, 0, 2, 0, 0, 0, 103]]}"
c-k7-b-DD,cosine,7,borda,RetentionPolicy.DD_RETENTION,3,10,9892,1100,0.0015368000022135,0.2072202999988803,0.2087571000010939,0.990909090909091,0.990937172794091,0.9909578293559986,0.9909223529273398,0.9909513961271306,0.990909090909091,0.9909053431264928,"{""labels"": [""0"", ""1"", ""2"", ""3"", ""4"", ""5"", ""6"", ""7"", ""8"", ""9""], ""matrix"": [[114, 0, 0, 0, 0, 0, 0, 0, 0, 0], [0, 112, 0, 2, 0, 0, 0, 0, 0, 0], [0, 0, 114, 0, 0, 0, 0, 1, 0, 0], [0, 1, 1, 103, 0, 0, 0, 0, 0, 0], [0, 0, 0, 0, 115, 0, 0, 0, 0, 0], [0, 0, 0, 1, 0, 103, 0, 0, 0, 1], [0, 0, 0, 0, 0, 0, 105, 0, 0, 0], [0, 1, 1, 0, 0, 0, 0, 112, 1, 0], [0, 0, 0, 0, 0, 0, 0, 0, 106, 0], [0, 0, 0, 0, 0, 0, 0, 0, 0, 106]]}"
c-k7-b-DD,cosine,7,borda,RetentionPolicy.DD_RETENTION,4,10,9894,1098,0.0016342000017175,0.2033613000021432,0.2049955000038608,0.9963570127504554,0.9964539158991932,0.9962822766514318,0.9963522888360024,0.9963963373504504,0.9963570127504554,0.9963605953000272,"{""labels"": [""0"", ""1"", ""2"", ""3"", ""4"", ""5"", ""6"", ""7"", ""8"", ""9""], ""matrix"": [[114, 0, 0, 0, 0, 0, 0, 0, 0, 0], [0, 114, 1, 0, 0, 0, 0, 0, 0, 0], [0, 0, 114, 0, 0, 0, 0, 0, 0, 0], [0, 0, 1, 104, 0, 0, 0, 0, 0, 0], [0, 0, 0, 0, 114, 0, 0, 0, 0, 0], [0, 0, 0, 1, 0, 105, 0, 0, 0, 0], [0, 0, 0, 0, 0, 0, 106, 0, 0, 0], [0, 0, 0, 0, 0, 0, 0, 114, 0, 0], [0, 0, 0, 0, 0, 0, 0, 0, 105, 0], [0, 0, 0, 0, 0, 0, 0, 1, 0, 104]]}"
c-k7-b-DD,cosine,7,borda,RetentionPolicy.DD_RETENTION,5,10,9894,1098,0.0016286999962176,0.2040949000002001,0.2057235999964177,0.994535519125683,0.9945545089868107,0.9945112781954888,0.99451568920018,0.9945774852729912,0.994535519125683,0.9945397359164032,"{""labels"": [""0"", ""1"", ""2"", ""3"", ""4"", ""5"", ""6"", ""7"", ""8"", ""9""], ""matrix"": [[114, 0, 0, 0, 0, 0, 0, 0, 0, 0], [0, 113, 0, 1, 0, 0, 0, 0, 0, 0], [0, 0, 114, 0, 0, 0, 0, 0, 0, 0], [0, 0, 0, 105, 0, 0, 0, 0, 0, 0], [0, 0, 0, 0, 113, 0, 0, 0, 0, 1], [0, 0, 0, 1, 0, 104, 0, 0, 0, 0], [0, 0, 0, 0, 0, 0, 108, 0, 0, 0], [0, 0, 1, 0, 0, 0, 0, 113, 0, 0], [0, 0, 0, 0, 0, 0, 0, 1, 104, 0], [0, 1, 0, 0, 0, 0, 0, 0, 0, 104]]}"
c-k7-b-DD,cosine,7,borda,RetentionPolicy.DD_RETENTION,6,10,9890,1102,0.0014907000004313,0.2018903999996837,0.2033811000001151,0.9954627949183305,0.9955454694324984,0.9954878994039652,0.9954933373240598,0.9955103019262443,0.9954627949183305,0.9954626282107611,"{""labels"": [""0"", ""1"", ""2"", ""3"", ""4"", ""5"", ""6"", ""7"", ""8"", ""9""], ""matrix"": [[114, 0, 0, 0, 0, 0, 0, 0, 0, 0], [0, 113, 2, 0, 0, 0, 0, 0, 0, 0], [0, 0, 114, 0, 0, 0, 0, 0, 0, 0], [0, 0, 0, 108, 0, 0, 0, 0, 0, 0], [0, 0, 0, 0, 113, 0, 0, 1, 0, 0], [0, 0, 0, 1, 0, 105, 0, 0, 0, 0], [0, 0, 0, 0, 0, 1, 104, 0, 0, 0], [0, 0, 0, 0, 0, 0, 0, 114, 0, 0], [0, 0, 0, 0, 0, 0, 0, 0, 105, 0], [0, 0, 0, 0, 0, 0, 0, 0, 0, 107]]}"
c-k7-b-DD,cosine,7,borda,RetentionPolicy.DD_RETENTION,7,10,9892,1100,0.0016141000014613,0.2024248000016086,0.20403890000307,0.9927272727272728,0.99300171202501,0.992848692691532,0.9928976293326086,0.992790477403651,0.9927272727272728,0.9927307685987472,"{""labels"": [""0"", ""1"", ""2"", ""3"", ""4"", ""5"", ""6"", ""7"", ""8"", ""9""], ""matrix"": [[112, 0, 0, 0, 2, 0, 0, 0, 0, 0], [0, 112, 2, 0, 0, 0, 0, 0, 0, 0], [0, 1, 113, 0, 0, 0, 0, 0, 0, 0], [0, 0, 0, 107, 0, 0, 0, 0, 0, 0], [0, 0, 0, 0, 114, 0, 0, 0, 0, 0], [0, 0, 0, 0, 0, 106, 0, 0, 0, 0], [0, 0, 0, 0, 0, 0, 105, 0, 0, 0], [0, 0, 0, 1, 0, 0, 0, 114, 0, 0], [0, 0, 0, 0, 0, 0, 0, 1, 105, 0], [0, 0, 0, 0, 0, 0, 0, 1, 0, 104]]}"
c-k7-b-DD,cosine,7,borda,RetentionPolicy.DD_RETENTION,8,10,9894,1098,0.0014496999938273,0.1995903000060934,0.2010399999999208,0.9954462659380692,0.9955208249340328,0.9953974559039108,0.995438391187266,0.9954870598822037,0.9954462659380692,0.995445982474402,"{""labels"": [""0"", ""1"", ""2"", ""3"", ""4"", ""5"", ""6"", ""7"", ""8"", ""9""], ""matrix"": [[113, 0, 0, 0, 0, 0, 1, 0, 0, 0], [0, 113, 1, 0, 0, 0, 0, 0, 0, 0], [0, 0, 115, 0, 0, 0, 0, 0, 0, 0], [0, 0, 0, 104, 1, 0, 0, 0, 0, 0], [0, 0, 0, 0, 114, 0, 0, 0, 0, 0], [0, 0, 0, 0, 0, 106, 0, 0, 0, 0], [0, 0, 0, 0, 0, 0, 105, 0, 0, 0], [0, 0, 0, 0, 0, 0, 0, 114, 0, 0], [0, 0, 0, 0, 0, 0, 0, 1, 105, 0], [0, 0, 0, 0, 0, 1, 0, 0, 0, 104]]}"
c-k7-b-DD,cosine,7,borda,RetentionPolicy.DD_RETENTION,9,10,9890,1102,0.0016531000001123,0.2048464000035892,0.2064995000037015,0.9936479128856625,0.9936501775814364,0.993667310195094,0.9936311203028524,0.9936968914833594,0.9936479128856625,0.9936442022923874,"{""labels"": [""0"", ""1"", ""2"", ""3"", ""4"", ""5"", ""6"", ""7"", ""8"", ""9""], ""matrix"": [[113, 0, 0, 0, 1, 0, 0, 0, 0, 1], [0, 112, 1, 1, 0, 0, 0, 0, 0, 0], [0, 0, 115, 0, 0, 0, 0, 0, 0, 0], [0, 0, 0, 104, 0, 0, 0, 0, 0, 1], [0, 0, 0, 0, 115, 0, 0, 0, 0, 0], [0, 0, 0, 0, 0, 105, 0, 0, 1, 0], [0, 0, 0, 0, 0, 0, 106, 0, 0, 0], [0, 0, 0, 0, 0, 0, 0, 114, 0, 0], [0, 0, 0, 0, 0, 0, 0, 0, 106, 0], [0, 0, 0, 0, 0, 0, 0, 1, 0, 105]]}"
c-k7-mp-AR,cosine,7,modified_plurality,RetentionPolicy.ALWAYS_RETAIN,0,10,9894,1098,0.0015538000006927,0.2460972000044421,0.2476510000051348,0.994535519125683,0.9945681032596572,0.9944706721685262,0.9944899002339176,0.9945757417143374,0.994535519125683,0.9945265384916442,"{""labels"": [""0"", ""1"", ""2"", ""3"", ""4"", ""5"", ""6"", ""7"", ""8"", ""9""], ""matrix"": [[115, 0, 0, 0, 0, 0, 0, 0, 0, 0], [0, 113, 1, 0, 0, 0, 0, 0, 0, 0], [0, 0, 114, 0, 0, 0, 0, 0, 0, 0], [0, 0, 0, 105, 0, 0, 0, 0, 0, 0], [0, 0, 0, 0, 114, 1, 0, 0, 0, 0], [0, 0, 0, 0, 0, 105, 0, 0, 0, 0], [0, 0, 0, 0, 0, 0, 105, 0, 0, 0], [0, 0, 0, 0, 0, 0, 0, 114, 0, 0], [1, 0, 0, 0, 0, 1, 0, 1, 103, 0], [0, 0, 0, 0, 0, 0, 0, 0, 1, 104]]}"
c-k7-mp-AR,cosine,7,modified_plurality,RetentionPolicy.ALWAYS_RETAIN,1,10,9893,1099,0.0015101999961188,0.2392017000020132,0.2407118999981321,0.9909008189262968,0.9911800970678776,0.9910929497657186,0.9911079942068876,0.9909963445613263,0.9909008189262968,0.9909200463574326,"{""labels"": [""0"", ""1"", ""2"", ""3"", ""4"", ""5"", ""6"", ""7"", ""8"", ""9""], ""matrix"": [[114, 1, 0, 0, 0, 0, 0, 0, 0, 0], [0, 112, 2, 0, 0, 0, 0, 0, 0, 0], [0, 2, 112, 0, 0, 0, 0, 0, 0, 0], [0, 0, 0, 103, 0, 0, 0, 1, 0, 1], [0, 0, 0, 0, 114, 1, 0, 0, 0, 0], [0, 0, 0, 0, 0, 105, 0, 0, 0, 0], [0, 0, 0, 0, 0, 0, 106, 0, 0, 0], [0, 1, 1, 0, 0, 0, 0, 112, 0, 0], [0, 0, 0, 0, 0, 0, 0, 0, 105, 0], [0, 0, 0, 0, 0, 0, 0, 0, 0, 106]]}"
c-k7-mp-AR,cosine,7,modified_plurality,RetentionPolicy.ALWAYS_RETAIN,2,10,9895,1097,0.0014680999956908,0.240331300003163,0.2417993999988539,0.99179580674567,0.9918750888549336,0.9918197668083252,0.9918006379235914,0.9919207131869104,0.99179580674567,0.9918129745631122,"{""labels"": [""0"", ""1"", ""2"", ""3"", ""4"", ""5"", ""6"", ""7"", ""8"", ""9""], ""matrix"": [[113, 0, 0, 0, 0, 0, 0, 0, 0, 1], [0, 113, 1, 0, 1, 0, 0, 0, 0, 0], [0, 0, 115, 0, 0, 0, 0, 0, 0, 0], [0, 0, 0, 104, 0, 1, 0, 0, 0, 0], [0, 0, 0, 0, 113, 1, 0, 0, 0, 0], [0, 0, 0, 0, 0, 105, 0, 0, 0, 0], [0, 0, 0, 0, 0, 0, 105, 0, 0, 0], [0, 1, 0, 0, 0, 0, 0, 113, 0, 0], [0, 0, 0, 0, 0, 0, 0, 1, 104, 0], [0, 0, 0, 0, 0, 2, 0, 0, 0, 103]]}"
c-k7-mp-AR,cosine,7,modified_plurality,RetentionPolicy.ALWAYS_RETAIN,3,10,9892,1100,0.0015129000021261,0.2474547000019811,0.2489676000041072,0.990909090909091,0.9909012619799508,0.99087637058191,0.990880619140676,0.9909256625149484,0.990909090909091,0.9909092287257946,"{""labels"": [""0"", ""1"", ""2"", ""3"", ""4"", ""5"", ""6"", ""7"", ""8"", ""9""], ""matrix"": [[114, 0, 0, 0, 0, 0, 0, 0, 0, 0], [0, 111, 0, 2, 0, 0, 0, 1, 0, 0], [0, 0, 114, 0, 0, 0, 0, 1, 0, 0], [0, 1, 1, 103, 0, 0, 0, 0, 0, 0], [0, 0, 0, 0, 115, 0, 0, 0, 0, 0], [0, 0, 0, 1, 0, 103, 0, 0, 0, 1], [0, 0, 0, 0, 0, 0, 105, 0, 0, 0], [0, 1, 0, 0, 0, 0, 0, 114, 0, 0], [0, 0, 0, 0, 0, 0, 0, 0, 106, 0], [0, 0, 0, 0, 0, 1, 0, 0, 0, 105]]}"
c-k7-mp-AR,cosine,7,modified_plurality,RetentionPolicy.ALWAYS_RETAIN,4,10,9894,1098,0.001625699995202,0.2413118000040413,0.2429374999992433,0.9927140255009108,0.992810212948368,0.992722557007778,0.9927154406409272,0.992834398621064,0.9927140255009108,0.9927222259282034,"{""labels"": [""0"", ""1"", ""2"", ""3"", ""4"", ""5"", ""6"", ""7"", ""8"", ""9""], ""matrix"": [[114, 0, 0, 0, 0, 0, 0, 0, 0, 0], [0, 112, 2, 1, 0, 0, 0, 0, 0, 0], [0, 0, 114, 0, 0, 0, 0, 0, 0, 0], [0, 0, 1, 104, 0, 0, 0, 0, 0, 0], [0, 0, 0, 0, 113, 1, 0, 0, 0, 0], [0, 0, 0, 2, 0, 104, 0, 0, 0, 0], [0, 0, 0, 0, 0, 0, 106, 0, 0, 0], [0, 0, 0, 0, 0, 0, 0, 114, 0, 0], [0, 0, 0, 0, 0, 0, 0, 0, 105, 0], [0, 0, 0, 0, 0, 0, 0, 1, 0, 104]]}"
c-k7-mp-AR,cosine,7,modified_plurality,RetentionPolicy.ALWAYS_RETAIN,5,10,9894,1098,0.0017325000007986,0.2424210000026505,0.2441535000034491,0.994535519125683,0.994633326690322,0.9945112781954888,0.9945483524245196,0.9945834356767383,0.994535519125683,0.9945351680145872,"{""labels"": [""0"", ""1"", ""2"", ""3"", ""4"", ""5"", ""6"", ""7"", ""8"", ""9""], ""matrix"": [[114, 0, 0, 0, 0, 0, 0, 0, 0, 0], [0, 114, 0, 0, 0, 0, 0, 0, 0, 0], [0, 0, 114, 0, 0, 0, 0, 0, 0, 0], [0, 0, 0, 105, 0, 0, 0, 0, 0, 0], [0, 0, 0, 0, 112, 0, 0, 1, 0, 1], [0, 0, 0, 1, 0, 104, 0, 0, 0, 0], [0, 0, 0, 0, 0, 0, 108, 0, 0, 0], [0, 0, 1, 0, 0, 0, 0, 113, 0, 0], [0, 1, 0, 0, 0, 0, 0, 0, 104, 0], [0, 1, 0, 0, 0, 0, 0, 0, 0, 104]]}"
c-k7-mp-AR,cosine,7,modified_plurality,RetentionPolicy.ALWAYS_RETAIN,6,10,9890,1102,0.0015220999994198,0.2420915000038803,0.2436136000033002,0.9945553539019965,0.9946447188069772,0.994618334186574,0.9945923427038592,0.9946275336181108,0.9945553539019965,0.9945513925535376,"{""labels"": [""0"", ""1"", ""2"", ""3"", ""4"", ""5"", ""6"", ""7"", ""8"", ""9""], ""matrix"": [[114, 0, 0, 0, 0, 0, 0, 0, 0, 0], [0, 112, 2, 1, 0, 0, 0, 0, 0, 0], [0, 0, 114, 0, 0, 0, 0, 0, 0, 0], [0, 0, 0, 108, 0, 0, 0, 0, 0, 0], [0, 0, 0, 0, 113, 0, 0, 1, 0, 0], [0, 0, 0, 1, 0, 105, 0, 0, 0, 0], [0, 0, 0, 0, 0, 1, 104, 0, 0, 0], [0, 0, 0, 0, 0, 0, 0, 114, 0, 0], [0, 0, 0, 0, 0, 0, 0, 0, 105, 0], [0, 0, 0, 0, 0, 0, 0, 0, 0, 107]]}"
c-k7-mp-AR,cosine,7,modified_plurality,RetentionPolicy.ALWAYS_RETAIN,7,10,9892,1100,0.0015186999953584,0.2463109000018448,0.2478295999972033,0.9936363636363637,0.9939016602809708,0.993725885673988,0.993774737934211,0.9937231510507372,0.9936363636363637,0.9936397720585896,"{""labels"": [""0"", ""1"", ""2"", ""3"", ""4"", ""5"", ""6"", ""7"", ""8"", ""9""], ""matrix"": [[112, 0, 0, 0, 2, 0, 0, 0, 0, 0], [0, 112, 2, 0, 0, 0, 0, 0, 0, 0], [0, 0, 114, 0, 0, 0, 0, 0, 0, 0], [0, 0, 0, 107, 0, 0, 0, 0, 0, 0], [0, 0, 0, 0, 114, 0, 0, 0, 0, 0], [0, 0, 0, 0, 0, 106, 0, 0, 0, 0], [0, 0, 0, 0, 0, 0, 105, 0, 0, 0], [0, 0, 0, 1, 0, 0, 0, 114, 0, 0], [0, 0, 0, 0, 0, 0, 0, 1, 105, 0], [0, 0, 0, 0, 0, 0, 0, 1, 0, 104]]}"
c-k7-mp-AR,cosine,7,modified_plurality,RetentionPolicy.ALWAYS_RETAIN,8,10,9894,1098,0.001630999999179,0.2444861000039964,0.2461171000031754,0.9927140255009108,0.9927889710903444,0.9927658769565422,0.9927331828098244,0.9927956051435128,0.9927140255009108,0.9927100281976882,"{""labels"": [""0"", ""1"", ""2"", ""3"", ""4"", ""5"", ""6"", ""7"", ""8"", ""9""], ""matrix"": [[113, 0, 0, 0, 0, 0, 1, 0, 0, 0], [0, 111, 1, 1, 0, 0, 0, 1, 0, 0], [0, 0, 115, 0, 0, 0, 0, 0, 0, 0], [0, 0, 0, 104, 1, 0, 0, 0, 0, 0], [0, 0, 0, 0, 113, 1, 0, 0, 0, 0], [0, 0, 0, 0, 0, 106, 0, 0, 0, 0], [0, 0, 0, 0, 0, 0, 105, 0, 0, 0], [0, 0, 0, 0, 0, 0, 0, 114, 0, 0], [0, 0, 0, 0, 0, 0, 0, 1, 105, 0], [0, 0, 0, 0, 0, 1, 0, 0, 0, 104]]}"
c-k7-mp-AR,cosine,7,modified_plurality,RetentionPolicy.ALWAYS_RETAIN,9,10,9890,1102,0.0017243000038433,0.2474327000018092,0.2491570000056526,0.9918330308529946,0.9918270788151784,0.9918543487512876,0.9918137671979472,0.9918806254470676,0.9918330308529946,0.9918290254853288,"{""labels"": [""0"", ""1"", ""2"", ""3"", ""4"", ""5"", ""6"", ""7"", ""8"", ""9""], ""matrix"": [[113, 0, 0, 0, 1, 0, 0, 0, 0, 1], [0, 112, 1, 1, 0, 0, 0, 0, 0, 0], [0, 0, 115, 0, 0, 0, 0, 0, 0, 0], [0, 0, 0, 104, 0, 0, 0, 0, 0, 1], [0, 0, 0, 0, 114, 1, 0, 0, 0, 0], [0, 0, 0, 0, 0, 105, 0, 0, 1, 0], [0, 0, 0, 0, 0, 0, 106, 0, 0, 0], [0, 0, 0, 0, 0, 0, 0, 114, 0, 0], [0, 0, 0, 0, 0, 0, 0, 0, 106, 0], [0, 0, 0, 0, 0, 0, 0, 2, 0, 104]]}"
c-k7-mp-NR,cosine,7,modified_plurality,RetentionPolicy.NEVER_RETAIN,0,10,9894,1098,0.0017842000015662,0.2109650999991572,0.2127493000007234,0.9936247723132968,0.993683282512136,0.99359347918607,0.9936127241260738,0.9936570753644522,0.9936247723132968,0.9936158091993476,"{""labels"": [""0"", ""1"", ""2"", ""3"", ""4"", ""5"", ""6"", ""7"", ""8"", ""9""], ""matrix"": [[115, 0, 0, 0, 0, 0, 0, 0, 0, 0], [0, 113, 1, 0, 0, 0, 0, 0, 0, 0], [0, 1, 113, 0, 0, 0, 0, 0, 0, 0], [0, 0, 0, 105, 0, 0, 0, 0, 0, 0], [0, 0, 0, 0, 114, 1, 0, 0, 0, 0], [0, 0, 0, 0, 0, 105, 0, 0, 0, 0], [0, 0, 0, 0, 0, 0, 105, 0, 0, 0], [0, 0, 0, 0, 0, 0, 0, 114, 0, 0], [1, 0, 0, 0, 0, 1, 0, 1, 103, 0], [0, 0, 0, 0, 0, 0, 0, 0, 1, 104]]}"
c-k7-mp-NR,cosine,7,modified_plurality,RetentionPolicy.NEVER_RETAIN,1,10,9893,1099,0.0015817999956198,0.214874500001315,0.2164562999969348,0.9909008189262968,0.9911800970678776,0.9910929497657186,0.9911079942068876,0.9909963445613263,0.9909008189262968,0.9909200463574326,"{""labels"": [""0"", ""1"", ""2"", ""3"", ""4"", ""5"", ""6"", ""7"", ""8"", ""9""], ""matrix"": [[114, 1, 0, 0, 0, 0, 0, 0, 0, 0], [0, 112, 2, 0, 0, 0, 0, 0, 0, 0], [0, 2, 112, 0, 0, 0, 0, 0, 0, 0], [0, 0, 0, 103, 0, 0, 0, 1, 0, 1], [0, 0, 0, 0, 114, 1, 0, 0, 0, 0], [0, 0, 0, 0, 0, 105, 0, 0, 0, 0], [0, 0, 0, 0, 0, 0, 106, 0, 0, 0], [0, 1, 1, 0, 0, 0, 0, 112, 0, 0], [0, 0, 0, 0, 0, 0, 0, 0, 105, 0], [0, 0, 0, 0, 0, 0, 0, 0, 0, 106]]}"
c-k7-mp-NR,cosine,7,modified_plurality,RetentionPolicy.NEVER_RETAIN,2,10,9895,1097,0.0019087999971816,0.2087907000022824,0.210699499999464,0.9927073837739288,0.9927522818373898,0.992772147760706,0.992715771171208,0.9928322902151694,0.9927073837739288,0.992724724518742,"{""labels"": [""0"", ""1"", ""2"", ""3"", ""4"", ""5"", ""6"", ""7"", ""8"", ""9""], ""matrix"": [[113, 0, 0, 0, 0, 0, 0, 0, 0, 1], [0, 113, 1, 0, 1, 0, 0, 0, 0, 0], [0, 0, 115, 0, 0, 0, 0, 0, 0, 0], [0, 0, 0, 104, 0, 1, 0, 0, 0, 0], [0, 0, 0, 0, 113, 1, 0, 0, 0, 0], [0, 0, 0, 0, 0, 105, 0, 0, 0, 0], [0, 0, 0, 0, 0, 0, 105, 0, 0, 0], [0, 1, 0, 0, 0, 0, 0, 113, 0, 0], [0, 0, 0, 0, 0, 0, 0, 0, 105, 0], [0, 0, 0, 0, 0, 2, 0, 0, 0, 103]]}"
c-k7-mp-NR,cosine,7,modified_plurality,RetentionPolicy.NEVER_RETAIN,3,10,9892,1100,0.001490399998147,0.2100672000015038,0.2115575999996508,0.990909090909091,0.9909012619799508,0.99087637058191,0.990880619140676,0.9909256625149484,0.990909090909091,0.9909092287257946,"{""labels"": [""0"", ""1"", ""2"", ""3"", ""4"", ""5"", ""6"", ""7"", ""8"", ""9""], ""matrix"": [[114, 0, 0, 0, 0, 0, 0, 0, 0, 0], [0, 111, 0, 2, 0, 0, 0, 1, 0, 0], [0, 0, 114, 0, 0, 0, 0, 1, 0, 0], [0, 1, 1, 103, 0, 0, 0, 0, 0, 0], [0, 0, 0, 0, 115, 0, 0, 0, 0, 0], [0, 0, 0, 1, 0, 103, 0, 0, 0, 1], [0, 0, 0, 0, 0, 0, 105, 0, 0, 0], [0, 1, 0, 0, 0, 0, 0, 114, 0, 0], [0, 0, 0, 0, 0, 0, 0, 0, 106, 0], [0, 0, 0, 0, 0, 1, 0, 0, 0, 105]]}"
c-k7-mp-NR,cosine,7,modified_plurality,RetentionPolicy.NEVER_RETAIN,4,10,9894,1098,0.0015278000064427,0.2108359999983804,0.2123638000048231,0.9927140255009108,0.992810212948368,0.992722557007778,0.9927154406409272,0.992834398621064,0.9927140255009108,0.9927222259282034,"{""labels"": [""0"", ""1"", ""2"", ""3"", ""4"", ""5"", ""6"", ""7"", ""8"", ""9""], ""matrix"": [[114, 0, 0, 0, 0, 0, 0, 0, 0, 0], [0, 112, 2, 1, 0, 0, 0, 0, 0, 0], [0, 0, 114, 0, 0, 0, 0, 0, 0, 0], [0, 0, 1, 104, 0, 0, 0, 0, 0, 0], [0, 0, 0, 0, 113, 1, 0, 0, 0, 0], [0, 0, 0, 2, 0, 104, 0, 0, 0, 0], [0, 0, 0, 0, 0, 0, 106, 0, 0, 0], [0, 0, 0, 0, 0, 0, 0, 114, 0, 0], [0, 0, 0, 0, 0, 0, 0, 0, 105, 0], [0, 0, 0, 0, 0, 0, 0, 1, 0, 104]]}"
c-k7-mp-NR,cosine,7,modified_plurality,RetentionPolicy.NEVER_RETAIN,5,10,9894,1098,0.0015435999957844,0.2130381000024499,0.2145816999982344,0.994535519125683,0.994633326690322,0.9945112781954888,0.9945483524245196,0.9945834356767383,0.994535519125683,0.9945351680145872,"{""labels"": [""0"", ""1"", ""2"", ""3"", ""4"", ""5"", ""6"", ""7"", ""8"", ""9""], ""matrix"": [[114, 0, 0, 0, 0, 0, 0, 0, 0, 0], [0, 114, 0, 0, 0, 0, 0, 0, 0, 0], [0, 0, 114, 0, 0, 0, 0, 0, 0, 0], [0, 0, 0, 105, 0, 0, 0, 0, 0, 0], [0, 0, 0, 0, 112, 0, 0, 1, 0, 1], [0, 0, 0, 1, 0, 104, 0, 0, 0, 0], [0, 0, 0, 0, 0, 0, 108, 0, 0, 0], [0, 0, 1, 0, 0, 0, 0, 113, 0, 0], [0, 1, 0, 0, 0, 0, 0, 0, 104, 0], [0, 1, 0, 0, 0, 0, 0, 0, 0, 104]]}"
c-k7-mp-NR,cosine,7,modified_plurality,RetentionPolicy.NEVER_RETAIN,6,10,9890,1102,0.0014215999981388,0.2076864999980898,0.2091080999962287,0.9945553539019965,0.9946447188069772,0.994618334186574,0.9945923427038592,0.9946275336181108,0.9945553539019965,0.9945513925535376,"{""labels"": [""0"", ""1"", ""2"", ""3"", ""4"", ""5"", ""6"", ""7"", ""8"", ""9""], ""matrix"": [[114, 0, 0, 0, 0, 0, 0, 0, 0, 0], [0, 112, 2, 1, 0, 0, 0, 0, 0, 0], [0, 0, 114, 0, 0, 0, 0, 0, 0, 0], [0, 0, 0, 108, 0, 0, 0, 0, 0, 0], [0, 0, 0, 0, 113, 0, 0, 1, 0, 0], [0, 0, 0, 1, 0, 105, 0, 0, 0, 0], [0, 0, 0, 0, 0, 1, 104, 0, 0, 0], [0, 0, 0, 0, 0, 0, 0, 114, 0, 0], [0, 0, 0, 0, 0, 0, 0, 0, 105, 0], [0, 0, 0, 0, 0, 0, 0, 0, 0, 107]]}"
c-k7-mp-NR,cosine,7,modified_plurality,RetentionPolicy.NEVER_RETAIN,7,10,9892,1100,0.00142539999797,0.2102978000039002,0.2117232000018702,0.9936363636363637,0.9939016602809708,0.993725885673988,0.993774737934211,0.9937231510507372,0.9936363636363637,0.9936397720585896,"{""labels"": [""0"", ""1"", ""2"", ""3"", ""4"", ""5"", ""6"", ""7"", ""8"", ""9""], ""matrix"": [[112, 0, 0, 0, 2, 0, 0, 0, 0, 0], [0, 112, 2, 0, 0, 0, 0, 0, 0, 0], [0, 0, 114, 0, 0, 0, 0, 0, 0, 0], [0, 0, 0, 107, 0, 0, 0, 0, 0, 0], [0, 0, 0, 0, 114, 0, 0, 0, 0, 0], [0, 0, 0, 0, 0, 106, 0, 0, 0, 0], [0, 0, 0, 0, 0, 0, 105, 0, 0, 0], [0, 0, 0, 1, 0, 0, 0, 114, 0, 0], [0, 0, 0, 0, 0, 0, 0, 1, 105, 0], [0, 0, 0, 0, 0, 0, 0, 1, 0, 104]]}"
c-k7-mp-NR,cosine,7,modified_plurality,RetentionPolicy.NEVER_RETAIN,8,10,9894,1098,0.0014326999953482,0.2145180000006803,0.2159506999960285,0.9927140255009108,0.9927889710903444,0.9927658769565422,0.9927331828098244,0.9927956051435128,0.9927140255009108,0.9927100281976882,"{""labels"": [""0"", ""1"", ""2"", ""3"", ""4"", ""5"", ""6"", ""7"", ""8"", ""9""], ""matrix"": [[113, 0, 0, 0, 0, 0, 1, 0, 0, 0], [0, 111, 1, 1, 0, 0, 0, 1, 0, 0], [0, 0, 115, 0, 0, 0, 0, 0, 0, 0], [0, 0, 0, 104, 1, 0, 0, 0, 0, 0], [0, 0, 0, 0, 113, 1, 0, 0, 0, 0], [0, 0, 0, 0, 0, 106, 0, 0, 0, 0], [0, 0, 0, 0, 0, 0, 105, 0, 0, 0], [0, 0, 0, 0, 0, 0, 0, 114, 0, 0], [0, 0, 0, 0, 0, 0, 0, 1, 105, 0], [0, 0, 0, 0, 0, 1, 0, 0, 0, 104]]}"
c-k7-mp-NR,cosine,7,modified_plurality,RetentionPolicy.NEVER_RETAIN,9,10,9890,1102,0.0017855999976745,0.214189799997257,0.2159753999949316,0.9918330308529946,0.991844712389504,0.9919281797603114,0.991851463939298,0.9918898322180736,0.9918330308529946,0.9918253700000584,"{""labels"": [""0"", ""1"", ""2"", ""3"", ""4"", ""5"", ""6"", ""7"", ""8"", ""9""], ""matrix"": [[112, 0, 0, 0, 2, 0, 0, 0, 0, 1], [0, 112, 1, 1, 0, 0, 0, 0, 0, 0], [0, 0, 115, 0, 0, 0, 0, 0, 0, 0], [0, 0, 0, 104, 0, 0, 0, 0, 0, 1], [0, 0, 0, 0, 114, 1, 0, 0, 0, 0], [0, 0, 0, 0, 0, 105, 0, 0, 1, 0], [0, 0, 0, 0, 0, 0, 106, 0, 0, 0], [0, 0, 0, 0, 0, 0, 0, 114, 0, 0], [0, 0, 0, 0, 0, 0, 0, 0, 106, 0], [0, 0, 0, 0, 0, 0, 0, 1, 0, 105]]}"
c-k7-mp-DC,cosine,7,modified_plurality,RetentionPolicy.DIFFERENT_CLASS_RETENTION,0,10,9894,1098,0.0015275000041583,0.2140702999968198,0.2155978000009781,0.9936247723132968,0.993683282512136,0.99359347918607,0.9936127241260738,0.9936570753644522,0.9936247723132968,0.9936158091993476,"{""labels"": [""0"", ""1"", ""2"", ""3"", ""4"", ""5"", ""6"", ""7"", ""8"", ""9""], ""matrix"": [[115, 0, 0, 0, 0, 0, 0, 0, 0, 0], [0, 113, 1, 0, 0, 0, 0, 0, 0, 0], [0, 1, 113, 0, 0, 0, 0, 0, 0, 0], [0, 0, 0, 105, 0, 0, 0, 0, 0, 0], [0, 0, 0, 0, 114, 1, 0, 0, 0, 0], [0, 0, 0, 0, 0, 105, 0, 0, 0, 0], [0, 0, 0, 0, 0, 0, 105, 0, 0, 0], [0, 0, 0, 0, 0, 0, 0, 114, 0, 0], [1, 0, 0, 0, 0, 1, 0, 1, 103, 0], [0, 0, 0, 0, 0, 0, 0, 0, 1, 104]]}"
c-k7-mp-DC,cosine,7,modified_plurality,RetentionPolicy.DIFFERENT_CLASS_RETENTION,1,10,9893,1099,0.0017204000032506,0.213718200000585,0.2154386000038357,0.9909008189262968,0.9911800970678776,0.9910929497657186,0.9911079942068876,0.9909963445613263,0.9909008189262968,0.9909200463574326,"{""labels"": [""0"", ""1"", ""2"", ""3"", ""4"", ""5"", ""6"", ""7"", ""8"", ""9""], ""matrix"": [[114, 1, 0, 0, 0, 0, 0, 0, 0, 0], [0, 112, 2, 0, 0, 0, 0, 0, 0, 0], [0, 2, 112, 0, 0, 0, 0, 0, 0, 0], [0, 0, 0, 103, 0, 0, 0, 1, 0, 1], [0, 0, 0, 0, 114, 1, 0, 0, 0, 0], [0, 0, 0, 0, 0, 105, 0, 0, 0, 0], [0, 0, 0, 0, 0, 0, 106, 0, 0, 0], [0, 1, 1, 0, 0, 0, 0, 112, 0, 0], [0, 0, 0, 0, 0, 0, 0, 0, 105, 0], [0, 0, 0, 0, 0, 0, 0, 0, 0, 106]]}"
c-k7-mp-DC,cosine,7,modified_plurality,RetentionPolicy.DIFFERENT_CLASS_RETENTION,2,10,9895,1097,0.0016365999981644,0.2125459000017144,0.2141824999998789,0.9927073837739288,0.9927522818373898,0.992772147760706,0.992715771171208,0.9928322902151694,0.9927073837739288,0.992724724518742,"{""labels"": [""0"", ""1"", ""2"", ""3"", ""4"", ""5"", ""6"", ""7"", ""8"", ""9""], ""matrix"": [[113, 0, 0, 0, 0, 0, 0, 0, 0, 1], [0, 113, 1, 0, 1, 0, 0, 0, 0, 0], [0, 0, 115, 0, 0, 0, 0, 0, 0, 0], [0, 0, 0, 104, 0, 1, 0, 0, 0, 0], [0, 0, 0, 0, 113, 1, 0, 0, 0, 0], [0, 0, 0, 0, 0, 105, 0, 0, 0, 0], [0, 0, 0, 0, 0, 0, 105, 0, 0, 0], [0, 1, 0, 0, 0, 0, 0, 113, 0, 0], [0, 0, 0, 0, 0, 0, 0, 0, 105, 0], [0, 0, 0, 0, 0, 2, 0, 0, 0, 103]]}"
c-k7-mp-DC,cosine,7,modified_plurality,RetentionPolicy.DIFFERENT_CLASS_RETENTION,3,10,9892,1100,0.0016747000045143,0.2176164999982575,0.2192912000027718,0.990909090909091,0.9909012619799508,0.99087637058191,0.990880619140676,0.9909256625149484,0.990909090909091,0.9909092287257946,"{""labels"": [""0"", ""1"", ""2"", ""3"", ""4"", ""5"", ""6"", ""7"", ""8"", ""9""], ""matrix"": [[114, 0, 0, 0, 0, 0, 0, 0, 0, 0], [0, 111, 0, 2, 0, 0, 0, 1, 0, 0], [0, 0, 114, 0, 0, 0, 0, 1, 0, 0], [0, 1, 1, 103, 0, 0, 0, 0, 0, 0], [0, 0, 0, 0, 115, 0, 0, 0, 0, 0], [0, 0, 0, 1, 0, 103, 0, 0, 0, 1], [0, 0, 0, 0, 0, 0, 105, 0, 0, 0], [0, 1, 0, 0, 0, 0, 0, 114, 0, 0], [0, 0, 0, 0, 0, 0, 0, 0, 106, 0], [0, 0, 0, 0, 0, 1, 0, 0, 0, 105]]}"
c-k7-mp-DC,cosine,7,modified_plurality,RetentionPolicy.DIFFERENT_CLASS_RETENTION,4,10,9894,1098,0.0016386999996029,0.215049700003874,0.216688400003477,0.9927140255009108,0.992810212948368,0.992722557007778,0.9927154406409272,0.992834398621064,0.9927140255009108,0.9927222259282034,"{""labels"": [""0"", ""1"", ""2"", ""3"", ""4"", ""5"", ""6"", ""7"", ""8"", ""9""], ""matrix"": [[114, 0, 0, 0, 0, 0, 0, 0, 0, 0], [0, 112, 2, 1, 0, 0, 0, 0, 0, 0], [0, 0, 114, 0, 0, 0, 0, 0, 0, 0], [0, 0, 1, 104, 0, 0, 0, 0, 0, 0], [0, 0, 0, 0, 113, 1, 0, 0, 0, 0], [0, 0, 0, 2, 0, 104, 0, 0, 0, 0], [0, 0, 0, 0, 0, 0, 106, 0, 0, 0], [0, 0, 0, 0, 0, 0, 0, 114, 0, 0], [0, 0, 0, 0, 0, 0, 0, 0, 105, 0], [0, 0, 0, 0, 0, 0, 0, 1, 0, 104]]}"
c-k7-mp-DC,cosine,7,modified_plurality,RetentionPolicy.DIFFERENT_CLASS_RETENTION,5,10,9894,1098,0.0022699999972246,0.2180167000042274,0.2202867000014521,0.994535519125683,0.994633326690322,0.9945112781954888,0.9945483524245196,0.9945834356767383,0.994535519125683,0.9945351680145872,"{""labels"": [""0"", ""1"", ""2"", ""3"", ""4"", ""5"", ""6"", ""7"", ""8"", ""9""], ""matrix"": [[114, 0, 0, 0, 0, 0, 0, 0, 0, 0], [0, 114, 0, 0, 0, 0, 0, 0, 0, 0], [0, 0, 114, 0, 0, 0, 0, 0, 0, 0], [0, 0, 0, 105, 0, 0, 0, 0, 0, 0], [0, 0, 0, 0, 112, 0, 0, 1, 0, 1], [0, 0, 0, 1, 0, 104, 0, 0, 0, 0], [0, 0, 0, 0, 0, 0, 108, 0, 0, 0], [0, 0, 1, 0, 0, 0, 0, 113, 0, 0], [0, 1, 0, 0, 0, 0, 0, 0, 104, 0], [0, 1, 0, 0, 0, 0, 0, 0, 0, 104]]}"
c-k7-mp-DC,cosine,7,modified_plurality,RetentionPolicy.DIFFERENT_CLASS_RETENTION,6,10,9890,1102,0.001536899995699,0.2097157000025618,0.2112525999982608,0.9945553539019965,0.9946447188069772,0.994618334186574,0.9945923427038592,0.9946275336181108,0.9945553539019965,0.9945513925535376,"{""labels"": [""0"", ""1"", ""2"", ""3"", ""4"", ""5"", ""6"", ""7"", ""8"", ""9""], ""matrix"": [[114, 0, 0, 0, 0, 0, 0, 0, 0, 0], [0, 112, 2, 1, 0, 0, 0, 0, 0, 0], [0, 0, 114, 0, 0, 0, 0, 0, 0, 0], [0, 0, 0, 108, 0, 0, 0, 0, 0, 0], [0, 0, 0, 0, 113, 0, 0, 1, 0, 0], [0, 0, 0, 1, 0, 105, 0, 0, 0, 0], [0, 0, 0, 0, 0, 1, 104, 0, 0, 0], [0, 0, 0, 0, 0, 0, 0, 114, 0, 0], [0, 0, 0, 0, 0, 0, 0, 0, 105, 0], [0, 0, 0, 0, 0, 0, 0, 0, 0, 107]]}"
c-k7-mp-DC,cosine,7,modified_plurality,RetentionPolicy.DIFFERENT_CLASS_RETENTION,7,10,9892,1100,0.0014786000028834,0.2104297999976552,0.2119084000005386,0.9936363636363637,0.9939016602809708,0.993725885673988,0.993774737934211,0.9937231510507372,0.9936363636363637,0.9936397720585896,"{""labels"": [""0"", ""1"", ""2"", ""3"", ""4"", ""5"", ""6"", ""7"", ""8"", ""9""], ""matrix"": [[112, 0, 0, 0, 2, 0, 0, 0, 0, 0], [0, 112, 2, 0, 0, 0, 0, 0, 0, 0], [0, 0, 114, 0, 0, 0, 0, 0, 0, 0], [0, 0, 0, 107, 0, 0, 0, 0, 0, 0], [0, 0, 0, 0, 114, 0, 0, 0, 0, 0], [0, 0, 0, 0, 0, 106, 0, 0, 0, 0], [0, 0, 0, 0, 0, 0, 105, 0, 0, 0], [0, 0, 0, 1, 0, 0, 0, 114, 0, 0], [0, 0, 0, 0, 0, 0, 0, 1, 105, 0], [0, 0, 0, 0, 0, 0, 0, 1, 0, 104]]}"
c-k7-mp-DC,cosine,7,modified_plurality,RetentionPolicy.DIFFERENT_CLASS_RETENTION,8,10,9894,1098,0.0017189999998663,0.2140661000012187,0.215785100001085,0.9927140255009108,0.9927889710903444,0.9927658769565422,0.9927331828098244,0.9927956051435128,0.9927140255009108,0.9927100281976882,"{""labels"": [""0"", ""1"", ""2"", ""3"", ""4"", ""5"", ""6"", ""7"", ""8"", ""9""], ""matrix"": [[113, 0, 0, 0, 0, 0, 1, 0, 0, 0], [0, 111, 1, 1, 0, 0, 0, 1, 0, 0], [0, 0, 115, 0, 0, 0, 0, 0, 0, 0], [0, 0, 0, 104, 1, 0, 0, 0, 0, 0], [0, 0, 0, 0, 113, 1, 0, 0, 0, 0], [0, 0, 0, 0, 0, 106, 0, 0, 0, 0], [0, 0, 0, 0, 0, 0, 105, 0, 0, 0], [0, 0, 0, 0, 0, 0, 0, 114, 0, 0], [0, 0, 0, 0, 0, 0, 0, 1, 105, 0], [0, 0, 0, 0, 0, 1, 0, 0, 0, 104]]}"
c-k7-mp-DC,cosine,7,modified_plurality,RetentionPolicy.DIFFERENT_CLASS_RETENTION,9,10,9890,1102,0.0017133999936049,0.2106538000007276,0.2123671999943326,0.9927404718693283,0.9926992851031472,0.9927977449777028,0.9927249929412356,0.9927816276996432,0.9927404718693283,0.9927369474521712,"{""labels"": [""0"", ""1"", ""2"", ""3"", ""4"", ""5"", ""6"", ""7"", ""8"", ""9""], ""matrix"": [[113, 0, 0, 0, 1, 0, 0, 0, 0, 1], [0, 112, 1, 1, 0, 0, 0, 0, 0, 0], [0, 0, 115, 0, 0, 0, 0, 0, 0, 0], [0, 0, 0, 104, 0, 0, 0, 0, 0, 1], [0, 0, 0, 0, 114, 1, 0, 0, 0, 0], [0, 0, 0, 0, 0, 105, 0, 0, 1, 0], [0, 0, 0, 0, 0, 0, 106, 0, 0, 0], [0, 0, 0, 0, 0, 0, 0, 114, 0, 0], [0, 0, 0, 0, 0, 0, 0, 0, 106, 0], [0, 0, 0, 0, 0, 0, 0, 1, 0, 105]]}"
c-k7-mp-DD,cosine,7,modified_plurality,RetentionPolicy.DD_RETENTION,0,10,9894,1098,0.0014134000011836,0.222230599996692,0.2236439999978756,0.9936247723132968,0.993683282512136,0.99359347918607,0.9936127241260738,0.9936570753644522,0.9936247723132968,0.9936158091993476,"{""labels"": [""0"", ""1"", ""2"", ""3"", ""4"", ""5"", ""6"", ""7"", ""8"", ""9""], ""matrix"": [[115, 0, 0, 0, 0, 0, 0, 0, 0, 0], [0, 113, 1, 0, 0, 0, 0, 0, 0, 0], [0, 1, 113, 0, 0, 0, 0, 0, 0, 0], [0, 0, 0, 105, 0, 0, 0, 0, 0, 0], [0, 0, 0, 0, 114, 1, 0, 0, 0, 0], [0, 0, 0, 0, 0, 105, 0, 0, 0, 0], [0, 0, 0, 0, 0, 0, 105, 0, 0, 0], [0, 0, 0, 0, 0, 0, 0, 114, 0, 0], [1, 0, 0, 0, 0, 1, 0, 1, 103, 0], [0, 0, 0, 0, 0, 0, 0, 0, 1, 104]]}"
c-k7-mp-DD,cosine,7,modified_plurality,RetentionPolicy.DD_RETENTION,1,10,9893,1099,0.0015016000033938,0.223049299995182,0.2245508999985759,0.9909008189262968,0.9911800970678776,0.9910929497657186,0.9911079942068876,0.9909963445613263,0.9909008189262968,0.9909200463574326,"{""labels"": [""0"", ""1"", ""2"", ""3"", ""4"", ""5"", ""6"", ""7"", ""8"", ""9""], ""matrix"": [[114, 1, 0, 0, 0, 0, 0, 0, 0, 0], [0, 112, 2, 0, 0, 0, 0, 0, 0, 0], [0, 2, 112, 0, 0, 0, 0, 0, 0, 0], [0, 0, 0, 103, 0, 0, 0, 1, 0, 1], [0, 0, 0, 0, 114, 1, 0, 0, 0, 0], [0, 0, 0, 0, 0, 105, 0, 0, 0, 0], [0, 0, 0, 0, 0, 0, 106, 0, 0, 0], [0, 1, 1, 0, 0, 0, 0, 112, 0, 0], [0, 0, 0, 0, 0, 0, 0, 0, 105, 0], [0, 0, 0, 0, 0, 0, 0, 0, 0, 106]]}"
c-k7-mp-DD,cosine,7,modified_plurality,RetentionPolicy.DD_RETENTION,2,10,9895,1097,0.0015008999980636,0.2212796999956481,0.2227805999937118,0.9927073837739288,0.9927522818373898,0.992772147760706,0.992715771171208,0.9928322902151694,0.9927073837739288,0.992724724518742,"{""labels"": [""0"", ""1"", ""2"", ""3"", ""4"", ""5"", ""6"", ""7"", ""8"", ""9""], ""matrix"": [[113, 0, 0, 0, 0, 0, 0, 0, 0, 1], [0, 113, 1, 0, 1, 0, 0, 0, 0, 0], [0, 0, 115, 0, 0, 0, 0, 0, 0, 0], [0, 0, 0, 104, 0, 1, 0, 0, 0, 0], [0, 0, 0, 0, 113, 1, 0, 0, 0, 0], [0, 0, 0, 0, 0, 105, 0, 0, 0, 0], [0, 0, 0, 0, 0, 0, 105, 0, 0, 0], [0, 1, 0, 0, 0, 0, 0, 113, 0, 0], [0, 0, 0, 0, 0, 0, 0, 0, 105, 0], [0, 0, 0, 0, 0, 2, 0, 0, 0, 103]]}"
c-k7-mp-DD,cosine,7,modified_plurality,RetentionPolicy.DD_RETENTION,3,10,9892,1100,0.0016293000007863,0.2212694999980158,0.2228987999988021,0.990909090909091,0.9909012619799508,0.99087637058191,0.990880619140676,0.9909256625149484,0.990909090909091,0.9909092287257946,"{""labels"": [""0"", ""1"", ""2"", ""3"", ""4"", ""5"", ""6"", ""7"", ""8"", ""9""], ""matrix"": [[114, 0, 0, 0, 0, 0, 0, 0, 0, 0], [0, 111, 0, 2, 0, 0, 0, 1, 0, 0], [0, 0, 114, 0, 0, 0, 0, 1, 0, 0], [0, 1, 1, 103, 0, 0, 0, 0, 0, 0], [0, 0, 0, 0, 115, 0, 0, 0, 0, 0], [0, 0, 0, 1, 0, 103, 0, 0, 0, 1], [0, 0, 0, 0, 0, 0, 105, 0, 0, 0], [0, 1, 0, 0, 0, 0, 0, 114, 0, 0], [0, 0, 0, 0, 0, 0, 0, 0, 106, 0], [0, 0, 0, 0, 0, 1, 0, 0, 0, 105]]}"
c-k7-mp-DD,cosine,7,modified_plurality,RetentionPolicy.DD_RETENTION,4,10,9894,1098,0.0016751000002841,0.2208161999951698,0.222491299995454,0.9927140255009108,0.992810212948368,0.992722557007778,0.9927154406409272,0.992834398621064,0.9927140255009108,0.9927222259282034,"{""labels"": [""0"", ""1"", ""2"", ""3"", ""4"", ""5"", ""6"", ""7"", ""8"", ""9""], ""matrix"": [[114, 0, 0, 0, 0, 0, 0, 0, 0, 0], [0, 112, 2, 1, 0, 0, 0, 0, 0, 0], [0, 0, 114, 0, 0, 0, 0, 0, 0, 0], [0, 0, 1, 104, 0, 0, 0, 0, 0, 0], [0, 0, 0, 0, 113, 1, 0, 0, 0, 0], [0, 0, 0, 2, 0, 104, 0, 0, 0, 0], [0, 0, 0, 0, 0, 0, 106, 0, 0, 0], [0, 0, 0, 0, 0, 0, 0, 114, 0, 0], [0, 0, 0, 0, 0, 0, 0, 0, 105, 0], [0, 0, 0, 0, 0, 0, 0, 1, 0, 104]]}"
c-k7-mp-DD,cosine,7,modified_plurality,RetentionPolicy.DD_RETENTION,5,10,9894,1098,0.0016008999955374,0.222128800000064,0.2237296999956015,0.994535519125683,0.994633326690322,0.9945112781954888,0.9945483524245196,0.9945834356767383,0.994535519125683,0.9945351680145872,"{""labels"": [""0"", ""1"", ""2"", ""3"", ""4"", ""5"", ""6"", ""7"", ""8"", ""9""], ""matrix"": [[114, 0, 0, 0, 0, 0, 0, 0, 0, 0], [0, 114, 0, 0, 0, 0, 0, 0, 0, 0], [0, 0, 114, 0, 0, 0, 0, 0, 0, 0], [0, 0, 0, 105, 0, 0, 0, 0, 0, 0], [0, 0, 0, 0, 112, 0, 0, 1, 0, 1], [0, 0, 0, 1, 0, 104, 0, 0, 0, 0], [0, 0, 0, 0, 0, 0, 108, 0, 0, 0], [0, 0, 1, 0, 0, 0, 0, 113, 0, 0], [0, 1, 0, 0, 0, 0, 0, 0, 104, 0], [0, 1, 0, 0, 0, 0, 0, 0, 0, 104]]}"
c-k7-mp-DD,cosine,7,modified_plurality,RetentionPolicy.DD_RETENTION,6,10,9890,1102,0.0016380999950342,0.2254564000031678,0.227094499998202,0.9945553539019965,0.9946447188069772,0.994618334186574,0.9945923427038592,0.9946275336181108,0.9945553539019965,0.9945513925535376,"{""labels"": [""0"", ""1"", ""2"", ""3"", ""4"", ""5"", ""6"", ""7"", ""8"", ""9""], ""matrix"": [[114, 0, 0, 0, 0, 0, 0, 0, 0, 0], [0, 112, 2, 1, 0, 0, 0, 0, 0, 0], [0, 0, 114, 0, 0, 0, 0, 0, 0, 0], [0, 0, 0, 108, 0, 0, 0, 0, 0, 0], [0, 0, 0, 0, 113, 0, 0, 1, 0, 0], [0, 0, 0, 1, 0, 105, 0, 0, 0, 0], [0, 0, 0, 0, 0, 1, 104, 0, 0, 0], [0, 0, 0, 0, 0, 0, 0, 114, 0, 0], [0, 0, 0, 0, 0, 0, 0, 0, 105, 0], [0, 0, 0, 0, 0, 0, 0, 0, 0, 107]]}"
c-k7-mp-DD,cosine,7,modified_plurality,RetentionPolicy.DD_RETENTION,7,10,9892,1100,0.0017490999962319,0.2214607000059913,0.2232098000022233,0.9936363636363637,0.9939016602809708,0.993725885673988,0.993774737934211,0.9937231510507372,0.9936363636363637,0.9936397720585896,"{""labels"": [""0"", ""1"", ""2"", ""3"", ""4"", ""5"", ""6"", ""7"", ""8"", ""9""], ""matrix"": [[112, 0, 0, 0, 2, 0, 0, 0, 0, 0], [0, 112, 2, 0, 0, 0, 0, 0, 0, 0], [0, 0, 114, 0, 0, 0, 0, 0, 0, 0], [0, 0, 0, 107, 0, 0, 0, 0, 0, 0], [0, 0, 0, 0, 114, 0, 0, 0, 0, 0], [0, 0, 0, 0, 0, 106, 0, 0, 0, 0], [0, 0, 0, 0, 0, 0, 105, 0, 0, 0], [0, 0, 0, 1, 0, 0, 0, 114, 0, 0], [0, 0, 0, 0, 0, 0, 0, 1, 105, 0], [0, 0, 0, 0, 0, 0, 0, 1, 0, 104]]}"
c-k7-mp-DD,cosine,7,modified_plurality,RetentionPolicy.DD_RETENTION,8,10,9894,1098,0.0016276000023935,0.2232745999936014,0.224902199995995,0.9927140255009108,0.9927889710903444,0.9927658769565422,0.9927331828098244,0.9927956051435128,0.9927140255009108,0.9927100281976882,"{""labels"": [""0"", ""1"", ""2"", ""3"", ""4"", ""5"", ""6"", ""7"", ""8"", ""9""], ""matrix"": [[113, 0, 0, 0, 0, 0, 1, 0, 0, 0], [0, 111, 1, 1, 0, 0, 0, 1, 0, 0], [0, 0, 115, 0, 0, 0, 0, 0, 0, 0], [0, 0, 0, 104, 1, 0, 0, 0, 0, 0], [0, 0, 0, 0, 113, 1, 0, 0, 0, 0], [0, 0, 0, 0, 0, 106, 0, 0, 0, 0], [0, 0, 0, 0, 0, 0, 105, 0, 0, 0], [0, 0, 0, 0, 0, 0, 0, 114, 0, 0], [0, 0, 0, 0, 0, 0, 0, 1, 105, 0], [0, 0, 0, 0, 0, 1, 0, 0, 0, 104]]}"
c-k7-mp-DD,cosine,7,modified_plurality,RetentionPolicy.DD_RETENTION,9,10,9890,1102,0.0019113000016659,0.2197056000004522,0.2216169000021182,0.9918330308529946,0.991844712389504,0.9919281797603114,0.991851463939298,0.9918898322180736,0.9918330308529946,0.9918253700000584,"{""labels"": [""0"", ""1"", ""2"", ""3"", ""4"", ""5"", ""6"", ""7"", ""8"", ""9""], ""matrix"": [[112, 0, 0, 0, 2, 0, 0, 0, 0, 1], [0, 112, 1, 1, 0, 0, 0, 0, 0, 0], [0, 0, 115, 0, 0, 0, 0, 0, 0, 0], [0, 0, 0, 104, 0, 0, 0, 0, 0, 1], [0, 0, 0, 0, 114, 1, 0, 0, 0, 0], [0, 0, 0, 0, 0, 105, 0, 0, 1, 0], [0, 0, 0, 0, 0, 0, 106, 0, 0, 0], [0, 0, 0, 0, 0, 0, 0, 114, 0, 0], [0, 0, 0, 0, 0, 0, 0, 0, 106, 0], [0, 0, 0, 0, 0, 0, 0, 1, 0, 105]]}"
e-k3-b-AR,euclidean,3,borda,RetentionPolicy.ALWAYS_RETAIN,0,10,9894,1098,0.0014884999982314,0.1945937999989837,0.1960822999972151,0.9918032786885246,0.99184441606345,0.9917562774861682,0.9917747121836958,0.991826684389986,0.9918032786885246,0.991789905374056,"{""labels"": [""0"", ""1"", ""2"", ""3"", ""4"", ""5"", ""6"", ""7"", ""8"", ""9""], ""matrix"": [[115, 0, 0, 0, 0, 0, 0, 0, 0, 0], [0, 113, 1, 0, 0, 0, 0, 0, 0, 0], [0, 2, 112, 0, 0, 0, 0, 0, 0, 0], [0, 0, 0, 105, 0, 0, 0, 0, 0, 0], [0, 0, 0, 0, 115, 0, 0, 0, 0, 0], [0, 0, 0, 0, 0, 105, 0, 0, 0, 0], [0, 0, 0, 0, 0, 0, 105, 0, 0, 0], [0, 0, 0, 0, 0, 0, 0, 113, 0, 1], [1, 0, 0, 0, 0, 1, 0, 1, 103, 0], [0, 0, 0, 0, 0, 1, 0, 0, 1, 103]]}"
e-k3-b-AR,euclidean,3,borda,RetentionPolicy.ALWAYS_RETAIN,1,10,9893,1099,0.0014711000039824,0.1976635999963036,0.1991347000002861,0.9936305732484076,0.993703199126702,0.9937245287130873,0.9936804280599818,0.9936724341772446,0.9936305732484076,0.9936183661229236,"{""labels"": [""0"", ""1"", ""2"", ""3"", ""4"", ""5"", ""6"", ""7"", ""8"", ""9""], ""matrix"": [[114, 0, 0, 0, 1, 0, 0, 0, 0, 0], [0, 114, 0, 0, 0, 0, 0, 0, 0, 0], [0, 0, 114, 0, 0, 0, 0, 0, 0, 0], [0, 0, 0, 103, 0, 0, 0, 1, 0, 1], [0, 0, 0, 0, 114, 1, 0, 0, 0, 0], [0, 0, 0, 0, 0, 105, 0, 0, 0, 0], [0, 0, 0, 0, 0, 0, 106, 0, 0, 0], [0, 1, 1, 0, 0, 0, 0, 111, 0, 1], [0, 0, 0, 0, 0, 0, 0, 0, 105, 0], [0, 0, 0, 0, 0, 0, 0, 0, 0, 106]]}"
e-k3-b-AR,euclidean,3,borda,RetentionPolicy.ALWAYS_RETAIN,2,10,9895,1097,0.0015114000052562,0.1887963999979547,0.190307800003211,0.9963536918869644,0.9963650923864212,0.9963484798953908,0.9963484414243484,0.9963702184270172,0.9963536918869644,0.9963536536797544,"{""labels"": [""0"", ""1"", ""2"", ""3"", ""4"", ""5"", ""6"", ""7"", ""8"", ""9""], ""matrix"": [[114, 0, 0, 0, 0, 0, 0, 0, 0, 0], [0, 114, 0, 0, 1, 0, 0, 0, 0, 0], [0, 0, 115, 0, 0, 0, 0, 0, 0, 0], [0, 0, 0, 104, 0, 1, 0, 0, 0, 0], [0, 0, 0, 0, 114, 0, 0, 0, 0, 0], [0, 0, 0, 0, 0, 105, 0, 0, 0, 0], [0, 0, 0, 0, 0, 0, 105, 0, 0, 0], [0, 1, 0, 0, 0, 0, 0, 113, 0, 0], [0, 0, 0, 0, 0, 0, 0, 0, 105, 0], [0, 0, 0, 1, 0, 0, 0, 0, 0, 104]]}"
e-k3-b-AR,euclidean,3,borda,RetentionPolicy.ALWAYS_RETAIN,3,10,9892,1100,0.0014881000024615,0.1942238999981782,0.1957120000006398,0.9927272727272728,0.9928199307898304,0.9927874032908358,0.9927842040105552,0.9927667007429812,0.9927272727272728,0.9927270931982196,"{""labels"": [""0"", ""1"", ""2"", ""3"", ""4"", ""5"", ""6"", ""7"", ""8"", ""9""], ""matrix"": [[114, 0, 0, 0, 0, 0, 0, 0, 0, 0], [0, 113, 0, 1, 0, 0, 0, 0, 0, 0], [0, 0, 114, 0, 0, 0, 0, 1, 0, 0], [0, 1, 1, 103, 0, 0, 0, 0, 0, 0], [0, 0, 0, 0, 115, 0, 0, 0, 0, 0], [0, 0, 0, 1, 0, 104, 0, 0, 0, 0], [0, 0, 0, 0, 0, 0, 105, 0, 0, 0], [0, 2, 0, 0, 0, 0, 0, 112, 1, 0], [0, 0, 0, 0, 0, 0, 0, 0, 106, 0], [0, 0, 0, 0, 0, 0, 0, 0, 0, 106]]}"
e-k3-b-AR,euclidean,3,borda,RetentionPolicy.ALWAYS_RETAIN,4,10,9894,1098,0.0016482999999425,0.1988244999956805,0.200472799995623,0.9954462659380692,0.995519504398744,0.9953388804250164,0.995404421537424,0.9955027744401848,0.9954462659380692,0.9954498073796828,"{""labels"": [""0"", ""1"", ""2"", ""3"", ""4"", ""5"", ""6"", ""7"", ""8"", ""9""], ""matrix"": [[114, 0, 0, 0, 0, 0, 0, 0, 0, 0], [0, 114, 1, 0, 0, 0, 0, 0, 0, 0], [0, 0, 114, 0, 0, 0, 0, 0, 0, 0], [0, 0, 1, 104, 0, 0, 0, 0, 0, 0], [0, 0, 0, 0, 114, 0, 0, 0, 0, 0], [0, 0, 0, 2, 0, 104, 0, 0, 0, 0], [0, 0, 0, 0, 0, 0, 106, 0, 0, 0], [0, 0, 0, 0, 0, 0, 0, 114, 0, 0], [0, 0, 0, 0, 0, 0, 0, 0, 105, 0], [0, 0, 0, 0, 1, 0, 0, 0, 0, 104]]}"
e-k3-b-AR,euclidean,3,borda,RetentionPolicy.ALWAYS_RETAIN,5,10,9894,1098,0.0017031999959726,0.1975840000013704,0.1992871999973431,0.9936247723132968,0.9936056518773332,0.9935588972431078,0.99354340001536,0.9937169428938376,0.9936247723132968,0.9936331523667448,"{""labels"": [""0"", ""1"", ""2"", ""3"", ""4"", ""5"", ""6"", ""7"", ""8"", ""9""], ""matrix"": [[114, 0, 0, 0, 0, 0, 0, 0, 0, 0], [0, 113, 0, 1, 0, 0, 0, 0, 0, 0], [0, 0, 113, 1, 0, 0, 0, 0, 0, 0], [0, 0, 0, 105, 0, 0, 0, 0, 0, 0], [0, 0, 0, 0, 113, 0, 0, 0, 0, 1], [0, 0, 0, 1, 0, 103, 1, 0, 0, 0], [0, 0, 0, 0, 0, 0, 108, 0, 0, 0], [0, 0, 0, 0, 0, 0, 0, 114, 0, 0], [0, 0, 0, 0, 0, 0, 0, 1, 104, 0], [0, 1, 0, 0, 0, 0, 0, 0, 0, 104]]}"
e-k3-b-AR,euclidean,3,borda,RetentionPolicy.ALWAYS_RETAIN,6,10,9890,1102,0.0015246999973896,0.1952967000033822,0.1968214000007719,0.9954627949183305,0.9955454694324984,0.995430512947169,0.9954643823903458,0.9955103019262443,0.9954627949183305,0.9954624968362888,"{""labels"": [""0"", ""1"", ""2"", ""3"", ""4"", ""5"", ""6"", ""7"", ""8"", ""9""], ""matrix"": [[114, 0, 0, 0, 0, 0, 0, 0, 0, 0], [0, 113, 2, 0, 0, 0, 0, 0, 0, 0], [0, 0, 114, 0, 0, 0, 0, 0, 0, 0], [0, 0, 0, 108, 0, 0, 0, 0, 0, 0], [0, 0, 0, 0, 114, 0, 0, 0, 0, 0], [0, 0, 0, 1, 0, 105, 0, 0, 0, 0], [0, 0, 0, 0, 0, 1, 104, 0, 0, 0], [0, 0, 0, 0, 0, 0, 0, 114, 0, 0], [0, 0, 0, 0, 0, 0, 0, 0, 105, 0], [0, 0, 0, 0, 1, 0, 0, 0, 0, 106]]}"
e-k3-b-AR,euclidean,3,borda,RetentionPolicy.ALWAYS_RETAIN,7,10,9892,1100,0.00151840000035,0.1927765000000363,0.1942949000003864,0.9918181818181818,0.9921389816386068,0.9918886839740862,0.991973931174871,0.9918965089688476,0.9918181818181818,0.9918169746751948,"{""labels"": [""0"", ""1"", ""2"", ""3"", ""4"", ""5"", ""6"", ""7"", ""8"", ""9""], ""matrix"": [[113, 0, 0, 0, 1, 0, 0, 0, 0, 0], [0, 111, 3, 0, 0, 0, 0, 0, 0, 0], [0, 1, 112, 1, 0, 0, 0, 0, 0, 0], [0, 0, 0, 107, 0, 0, 0, 0, 0, 0], [0, 0, 0, 0, 114, 0, 0, 0, 0, 0], [0, 0, 0, 0, 0, 106, 0, 0, 0, 0], [0, 0, 0, 0, 0, 0, 105, 0, 0, 0], [0, 0, 0, 0, 0, 0, 0, 115, 0, 0], [0, 0, 0, 0, 0, 0, 0, 1, 105, 0], [0, 0, 0, 0, 1, 0, 0, 1, 0, 103]]}"
e-k3-b-AR,euclidean,3,borda,RetentionPolicy.ALWAYS_RETAIN,8,10,9894,1098,0.0014678000006824,0.1963089999990188,0.1977767999997013,0.9927140255009108,0.9928214192639222,0.9927073014776482,0.9927399178407904,0.9927537202189484,0.9927140255009108,0.9927093732950388,"{""labels"": [""0"", ""1"", ""2"", ""3"", ""4"", ""5"", ""6"", ""7"", ""8"", ""9""], ""matrix"": [[113, 0, 0, 0, 0, 0, 1, 0, 0, 0], [0, 112, 1, 0, 0, 0, 0, 1, 0, 0], [0, 1, 114, 0, 0, 0, 0, 0, 0, 0], [0, 0, 0, 104, 1, 0, 0, 0, 0, 0], [0, 0, 0, 0, 114, 0, 0, 0, 0, 0], [0, 0, 0, 0, 0, 104, 0, 1, 1, 0], [0, 0, 0, 0, 0, 0, 105, 0, 0, 0], [0, 0, 0, 0, 0, 0, 0, 114, 0, 0], [0, 0, 0, 0, 0, 0, 0, 0, 106, 0], [0, 0, 0, 0, 0, 1, 0, 0, 0, 104]]}"
e-k3-b-AR,euclidean,3,borda,RetentionPolicy.ALWAYS_RETAIN,9,10,9890,1102,0.0015686000042478,0.1962491999947815,0.1978177999990293,0.9936479128856625,0.9936501775814364,0.9936596824300292,0.9936232544814804,0.9936968914833594,0.9936479128856625,0.9936400626201852,"{""labels"": [""0"", ""1"", ""2"", ""3"", ""4"", ""5"", ""6"", ""7"", ""8"", ""9""], ""matrix"": [[114, 0, 0, 0, 1, 0, 0, 0, 0, 0], [0, 111, 1, 1, 0, 0, 0, 0, 0, 1], [0, 0, 115, 0, 0, 0, 0, 0, 0, 0], [0, 0, 0, 104, 0, 0, 0, 0, 0, 1], [0, 0, 0, 0, 115, 0, 0, 0, 0, 0], [0, 0, 0, 0, 0, 105, 0, 0, 1, 0], [0, 0, 0, 0, 0, 0, 106, 0, 0, 0], [0, 0, 0, 0, 0, 0, 0, 114, 0, 0], [0, 0, 0, 0, 0, 0, 0, 0, 106, 0], [0, 0, 0, 0, 0, 0, 0, 1, 0, 105]]}"
e-k3-b-NR,euclidean,3,borda,RetentionPolicy.NEVER_RETAIN,0,10,9894,1098,0.0015847000031499,0.1746883000014349,0.1762730000045849,0.9918032786885246,0.99184441606345,0.9917562774861682,0.9917747121836958,0.991826684389986,0.9918032786885246,0.991789905374056,"{""labels"": [""0"", ""1"", ""2"", ""3"", ""4"", ""5"", ""6"", ""7"", ""8"", ""9""], ""matrix"": [[115, 0, 0, 0, 0, 0, 0, 0, 0, 0], [0, 113, 1, 0, 0, 0, 0, 0, 0, 0], [0, 2, 112, 0, 0, 0, 0, 0, 0, 0], [0, 0, 0, 105, 0, 0, 0, 0, 0, 0], [0, 0, 0, 0, 115, 0, 0, 0, 0, 0], [0, 0, 0, 0, 0, 105, 0, 0, 0, 0], [0, 0, 0, 0, 0, 0, 105, 0, 0, 0], [0, 0, 0, 0, 0, 0, 0, 113, 0, 1], [1, 0, 0, 0, 0, 1, 0, 1, 103, 0], [0, 0, 0, 0, 0, 1, 0, 0, 1, 103]]}"
e-k3-b-NR,euclidean,3,borda,RetentionPolicy.NEVER_RETAIN,1,10,9893,1099,0.0016812999965623,0.1717843000005814,0.1734655999971437,0.9936305732484076,0.993703199126702,0.9937245287130873,0.9936804280599818,0.9936724341772446,0.9936305732484076,0.9936183661229236,"{""labels"": [""0"", ""1"", ""2"", ""3"", ""4"", ""5"", ""6"", ""7"", ""8"", ""9""], ""matrix"": [[114, 0, 0, 0, 1, 0, 0, 0, 0, 0], [0, 114, 0, 0, 0, 0, 0, 0, 0, 0], [0, 0, 114, 0, 0, 0, 0, 0, 0, 0], [0, 0, 0, 103, 0, 0, 0, 1, 0, 1], [0, 0, 0, 0, 114, 1, 0, 0, 0, 0], [0, 0, 0, 0, 0, 105, 0, 0, 0, 0], [0, 0, 0, 0, 0, 0, 106, 0, 0, 0], [0, 1, 1, 0, 0, 0, 0, 111, 0, 1], [0, 0, 0, 0, 0, 0, 0, 0, 105, 0], [0, 0, 0, 0, 0, 0, 0, 0, 0, 106]]}"
e-k3-b-NR,euclidean,3,borda,RetentionPolicy.NEVER_RETAIN,2,10,9895,1097,0.0014690000025439,0.1680930000002263,0.1695620000027702,0.9954421148587056,0.9954393297343318,0.9953960989430096,0.9953959092852054,0.9954841192613894,0.9954421148587056,0.9954419319421972,"{""labels"": [""0"", ""1"", ""2"", ""3"", ""4"", ""5"", ""6"", ""7"", ""8"", ""9""], ""matrix"": [[114, 0, 0, 0, 0, 0, 0, 0, 0, 0], [0, 114, 0, 0, 1, 0, 0, 0, 0, 0], [0, 0, 115, 0, 0, 0, 0, 0, 0, 0], [0, 0, 0, 104, 0, 1, 0, 0, 0, 0], [0, 0, 0, 0, 114, 0, 0, 0, 0, 0], [0, 0, 0, 0, 0, 105, 0, 0, 0, 0], [0, 0, 0, 0, 0, 0, 105, 0, 0, 0], [0, 1, 0, 0, 0, 0, 0, 113, 0, 0], [0, 0, 0, 0, 0, 0, 0, 0, 105, 0], [0, 0, 0, 1, 0, 1, 0, 0, 0, 103]]}"
e-k3-b-NR,euclidean,3,borda,RetentionPolicy.NEVER_RETAIN,3,10,9892,1100,0.0014726000008522,0.1697671000001719,0.1712397000010241,0.9927272727272728,0.9928199307898304,0.9927874032908358,0.9927842040105552,0.9927667007429812,0.9927272727272728,0.9927270931982196,"{""labels"": [""0"", ""1"", ""2"", ""3"", ""4"", ""5"", ""6"", ""7"", ""8"", ""9""], ""matrix"": [[114, 0, 0, 0, 0, 0, 0, 0, 0, 0], [0, 113, 0, 1, 0, 0, 0, 0, 0, 0], [0, 0, 114, 0, 0, 0, 0, 1, 0, 0], [0, 1, 1, 103, 0, 0, 0, 0, 0, 0], [0, 0, 0, 0, 115, 0, 0, 0, 0, 0], [0, 0, 0, 1, 0, 104, 0, 0, 0, 0], [0, 0, 0, 0, 0, 0, 105, 0, 0, 0], [0, 2, 0, 0, 0, 0, 0, 112, 1, 0], [0, 0, 0, 0, 0, 0, 0, 0, 106, 0], [0, 0, 0, 0, 0, 0, 0, 0, 0, 106]]}"
e-k3-b-NR,euclidean,3,borda,RetentionPolicy.NEVER_RETAIN,4,10,9894,1098,0.0015827999959583,0.1668899000069359,0.1684727000028942,0.9954462659380692,0.995519504398744,0.9953388804250164,0.995404421537424,0.9955027744401848,0.9954462659380692,0.9954498073796828,"{""labels"": [""0"", ""1"", ""2"", ""3"", ""4"", ""5"", ""6"", ""7"", ""8"", ""9""], ""matrix"": [[114, 0, 0, 0, 0, 0, 0, 0, 0, 0], [0, 114, 1, 0, 0, 0, 0, 0, 0, 0], [0, 0, 114, 0, 0, 0, 0, 0, 0, 0], [0, 0, 1, 104, 0, 0, 0, 0, 0, 0], [0, 0, 0, 0, 114, 0, 0, 0, 0, 0], [0, 0, 0, 2, 0, 104, 0, 0, 0, 0], [0, 0, 0, 0, 0, 0, 106, 0, 0, 0], [0, 0, 0, 0, 0, 0, 0, 114, 0, 0], [0, 0, 0, 0, 0, 0, 0, 0, 105, 0], [0, 0, 0, 0, 1, 0, 0, 0, 0, 104]]}"
e-k3-b-NR,euclidean,3,borda,RetentionPolicy.NEVER_RETAIN,5,10,9894,1098,0.0016560000003664,0.169789599996875,0.1714455999972415,0.9927140255009108,0.9927177538850276,0.9926065162907268,0.992632207581089,0.992797209503464,0.9927140255009108,0.992726313917114,"{""labels"": [""0"", ""1"", ""2"", ""3"", ""4"", ""5"", ""6"", ""7"", ""8"", ""9""], ""matrix"": [[114, 0, 0, 0, 0, 0, 0, 0, 0, 0], [0, 113, 0, 1, 0, 0, 0, 0, 0, 0], [0, 0, 113, 1, 0, 0, 0, 0, 0, 0], [0, 1, 0, 104, 0, 0, 0, 0, 0, 0], [0, 0, 0, 0, 113, 0, 0, 0, 0, 1], [0, 0, 0, 1, 0, 103, 1, 0, 0, 0], [0, 0, 0, 0, 0, 0, 108, 0, 0, 0], [0, 0, 0, 0, 0, 0, 0, 114, 0, 0], [0, 0, 0, 0, 0, 0, 0, 1, 104, 0], [0, 1, 0, 0, 0, 0, 0, 0, 0, 104]]}"
e-k3-b-NR,euclidean,3,borda,RetentionPolicy.NEVER_RETAIN,6,10,9890,1102,0.0016191999966395,0.1711184000014327,0.1727375999980722,0.9945553539019965,0.9946908967188554,0.9944959335079168,0.994557585737322,0.9946262611879926,0.9945553539019965,0.9945545346780644,"{""labels"": [""0"", ""1"", ""2"", ""3"", ""4"", ""5"", ""6"", ""7"", ""8"", ""9""], ""matrix"": [[114, 0, 0, 0, 0, 0, 0, 0, 0, 0], [0, 113, 2, 0, 0, 0, 0, 0, 0, 0], [0, 0, 114, 0, 0, 0, 0, 0, 0, 0], [0, 0, 0, 108, 0, 0, 0, 0, 0, 0], [0, 0, 0, 0, 114, 0, 0, 0, 0, 0], [0, 0, 0, 1, 0, 105, 0, 0, 0, 0], [0, 0, 0, 0, 0, 1, 104, 0, 0, 0], [0, 0, 0, 0, 0, 0, 0, 114, 0, 0], [0, 0, 0, 0, 0, 0, 0, 0, 105, 0], [0, 0, 0, 0, 2, 0, 0, 0, 0, 105]]}"
e-k3-b-NR,euclidean,3,borda,RetentionPolicy.NEVER_RETAIN,7,10,9892,1100,0.0016055999949458,0.1685462000023108,0.1701517999972566,0.99,0.9903671972509492,0.990134298009174,0.9901913854950224,0.9901181374690547,0.99,0.989998933402697,"{""labels"": [""0"", ""1"", ""2"", ""3"", ""4"", ""5"", ""6"", ""7"", ""8"", ""9""], ""matrix"": [[112, 0, 0, 0, 2, 0, 0, 0, 0, 0], [0, 111, 3, 0, 0, 0, 0, 0, 0, 0], [0, 1, 111, 2, 0, 0, 0, 0, 0, 0], [0, 0, 0, 107, 0, 0, 0, 0, 0, 0], [0, 0, 0, 0, 114, 0, 0, 0, 0, 0], [0, 0, 0, 0, 0, 106, 0, 0, 0, 0], [0, 0, 0, 0, 0, 0, 105, 0, 0, 0], [0, 0, 0, 0, 0, 0, 0, 115, 0, 0], [0, 0, 0, 0, 0, 0, 0, 1, 105, 0], [0, 0, 0, 0, 1, 0, 0, 1, 0, 103]]}"
e-k3-b-NR,euclidean,3,borda,RetentionPolicy.NEVER_RETAIN,8,10,9894,1098,0.0014691000033053,0.1686501000003772,0.1701192000036826,0.9927140255009108,0.9928214192639222,0.9927073014776482,0.9927399178407904,0.9927537202189484,0.9927140255009108,0.9927093732950388,"{""labels"": [""0"", ""1"", ""2"", ""3"", ""4"", ""5"", ""6"", ""7"", ""8"", ""9""], ""matrix"": [[113, 0, 0, 0, 0, 0, 1, 0, 0, 0], [0, 112, 1, 0, 0, 0, 0, 1, 0, 0], [0, 1, 114, 0, 0, 0, 0, 0, 0, 0], [0, 0, 0, 104, 1, 0, 0, 0, 0, 0], [0, 0, 0, 0, 114, 0, 0, 0, 0, 0], [0, 0, 0, 0, 0, 104, 0, 1, 1, 0], [0, 0, 0, 0, 0, 0, 105, 0, 0, 0], [0, 0, 0, 0, 0, 0, 0, 114, 0, 0], [0, 0, 0, 0, 0, 0, 0, 0, 106, 0], [0, 0, 0, 0, 0, 1, 0, 0, 0, 104]]}"
e-k3-b-NR,euclidean,3,borda,RetentionPolicy.NEVER_RETAIN,9,10,9890,1102,0.0014289000027929,0.1676345000014407,0.1690634000042337,0.9945553539019965,0.994575940233526,0.9945368754124854,0.9945366865404116,0.9945873709853692,0.9945553539019965,0.9945512315756814,"{""labels"": [""0"", ""1"", ""2"", ""3"", ""4"", ""5"", ""6"", ""7"", ""8"", ""9""], ""matrix"": [[114, 0, 0, 0, 1, 0, 0, 0, 0, 0], [0, 112, 1, 1, 0, 0, 0, 0, 0, 0], [0, 0, 115, 0, 0, 0, 0, 0, 0, 0], [0, 0, 0, 104, 0, 0, 0, 0, 0, 1], [0, 0, 0, 0, 115, 0, 0, 0, 0, 0], [0, 0, 0, 0, 0, 105, 0, 0, 1, 0], [0, 0, 0, 0, 0, 0, 106, 0, 0, 0], [0, 0, 0, 0, 0, 0, 0, 114, 0, 0], [0, 0, 0, 0, 0, 0, 0, 0, 106, 0], [0, 0, 0, 0, 0, 0, 0, 1, 0, 105]]}"
e-k3-b-DC,euclidean,3,borda,RetentionPolicy.DIFFERENT_CLASS_RETENTION,0,10,9894,1098,0.0014902999973855,0.1656137000027229,0.1671040000001085,0.9918032786885246,0.99184441606345,0.9917562774861682,0.9917747121836958,0.991826684389986,0.9918032786885246,0.991789905374056,"{""labels"": [""0"", ""1"", ""2"", ""3"", ""4"", ""5"", ""6"", ""7"", ""8"", ""9""], ""matrix"": [[115, 0, 0, 0, 0, 0, 0, 0, 0, 0], [0, 113, 1, 0, 0, 0, 0, 0, 0, 0], [0, 2, 112, 0, 0, 0, 0, 0, 0, 0], [0, 0, 0, 105, 0, 0, 0, 0, 0, 0], [0, 0, 0, 0, 115, 0, 0, 0, 0, 0], [0, 0, 0, 0, 0, 105, 0, 0, 0, 0], [0, 0, 0, 0, 0, 0, 105, 0, 0, 0], [0, 0, 0, 0, 0, 0, 0, 113, 0, 1], [1, 0, 0, 0, 0, 1, 0, 1, 103, 0], [0, 0, 0, 0, 0, 1, 0, 0, 1, 103]]}"
e-k3-b-DC,euclidean,3,borda,RetentionPolicy.DIFFERENT_CLASS_RETENTION,1,10,9893,1099,0.0015200999987428,0.1707469000029959,0.1722670000017387,0.9936305732484076,0.993703199126702,0.9937245287130873,0.9936804280599818,0.9936724341772446,0.9936305732484076,0.9936183661229236,"{""labels"": [""0"", ""1"", ""2"", ""3"", ""4"", ""5"", ""6"", ""7"", ""8"", ""9""], ""matrix"": [[114, 0, 0, 0, 1, 0, 0, 0, 0, 0], [0, 114, 0, 0, 0, 0, 0, 0, 0, 0], [0, 0, 114, 0, 0, 0, 0, 0, 0, 0], [0, 0, 0, 103, 0, 0, 0, 1, 0, 1], [0, 0, 0, 0, 114, 1, 0, 0, 0, 0], [0, 0, 0, 0, 0, 105, 0, 0, 0, 0], [0, 0, 0, 0, 0, 0, 106, 0, 0, 0], [0, 1, 1, 0, 0, 0, 0, 111, 0, 1], [0, 0, 0, 0, 0, 0, 0, 0, 105, 0], [0, 0, 0, 0, 0, 0, 0, 0, 0, 106]]}"
e-k3-b-DC,euclidean,3,borda,RetentionPolicy.DIFFERENT_CLASS_RETENTION,2,10,9895,1097,0.0016346000047633,0.1722995999953127,0.1739342000000761,0.9954421148587056,0.9954393297343318,0.9953960989430096,0.9953959092852054,0.9954841192613894,0.9954421148587056,0.9954419319421972,"{""labels"": [""0"", ""1"", ""2"", ""3"", ""4"", ""5"", ""6"", ""7"", ""8"", ""9""], ""matrix"": [[114, 0, 0, 0, 0, 0, 0, 0, 0, 0], [0, 114, 0, 0, 1, 0, 0, 0, 0, 0], [0, 0, 115, 0, 0, 0, 0, 0, 0, 0], [0, 0, 0, 104, 0, 1, 0, 0, 0, 0], [0, 0, 0, 0, 114, 0, 0, 0, 0, 0], [0, 0, 0, 0, 0, 105, 0, 0, 0, 0], [0, 0, 0, 0, 0, 0, 105, 0, 0, 0], [0, 1, 0, 0, 0, 0, 0, 113, 0, 0], [0, 0, 0, 0, 0, 0, 0, 0, 105, 0], [0, 0, 0, 1, 0, 1, 0, 0, 0, 103]]}"
e-k3-b-DC,euclidean,3,borda,RetentionPolicy.DIFFERENT_CLASS_RETENTION,3,10,9892,1100,0.0016427000009571,0.171101500003715,0.1727442000046721,0.9927272727272728,0.9928199307898304,0.9927874032908358,0.9927842040105552,0.9927667007429812,0.9927272727272728,0.9927270931982196,"{""labels"": [""0"", ""1"", ""2"", ""3"", ""4"", ""5"", ""6"", ""7"", ""8"", ""9""], ""matrix"": [[114, 0, 0, 0, 0, 0, 0, 0, 0, 0], [0, 113, 0, 1, 0, 0, 0, 0, 0, 0], [0, 0, 114, 0, 0, 0, 0, 1, 0, 0], [0, 1, 1, 103, 0, 0, 0, 0, 0, 0], [0, 0, 0, 0, 115, 0, 0, 0, 0, 0], [0, 0, 0, 1, 0, 104, 0, 0, 0, 0], [0, 0, 0, 0, 0, 0, 105, 0, 0, 0], [0, 2, 0, 0, 0, 0, 0, 112, 1, 0], [0, 0, 0, 0, 0, 0, 0, 0, 106, 0], [0, 0, 0, 0, 0, 0, 0, 0, 0, 106]]}"
e-k3-b-DC,euclidean,3,borda,RetentionPolicy.DIFFERENT_CLASS_RETENTION,4,10,9894,1098,0.0018236999967484,0.1724291999998968,0.1742528999966452,0.9954462659380692,0.995519504398744,0.9953388804250164,0.995404421537424,0.9955027744401848,0.9954462659380692,0.9954498073796828,"{""labels"": [""0"", ""1"", ""2"", ""3"", ""4"", ""5"", ""6"", ""7"", ""8"", ""9""], ""matrix"": [[114, 0, 0, 0, 0, 0, 0, 0, 0, 0], [0, 114, 1, 0, 0, 0, 0, 0, 0, 0], [0, 0, 114, 0, 0, 0, 0, 0, 0, 0], [0, 0, 1, 104, 0, 0, 0, 0, 0, 0], [0, 0, 0, 0, 114, 0, 0, 0, 0, 0], [0, 0, 0, 2, 0, 104, 0, 0, 0, 0], [0, 0, 0, 0, 0, 0, 106, 0, 0, 0], [0, 0, 0, 0, 0, 0, 0, 114, 0, 0], [0, 0, 0, 0, 0, 0, 0, 0, 105, 0], [0, 0, 0, 0, 1, 0, 0, 0, 0, 104]]}"
e-k3-b-DC,euclidean,3,borda,RetentionPolicy.DIFFERENT_CLASS_RETENTION,5,10,9894,1098,0.0015149999962886,0.1675199000019347,0.1690348999982234,0.9927140255009108,0.9927177538850276,0.9926065162907268,0.992632207581089,0.992797209503464,0.9927140255009108,0.992726313917114,"{""labels"": [""0"", ""1"", ""2"", ""3"", ""4"", ""5"", ""6"", ""7"", ""8"", ""9""], ""matrix"": [[114, 0, 0, 0, 0, 0, 0, 0, 0, 0], [0, 113, 0, 1, 0, 0, 0, 0, 0, 0], [0, 0, 113, 1, 0, 0, 0, 0, 0, 0], [0, 1, 0, 104, 0, 0, 0, 0, 0, 0], [0, 0, 0, 0, 113, 0, 0, 0, 0, 1], [0, 0, 0, 1, 0, 103, 1, 0, 0, 0], [0, 0, 0, 0, 0, 0, 108, 0, 0, 0], [0, 0, 0, 0, 0, 0, 0, 114, 0, 0], [0, 0, 0, 0, 0, 0, 0, 1, 104, 0], [0, 1, 0, 0, 0, 0, 0, 0, 0, 104]]}"
e-k3-b-DC,euclidean,3,borda,RetentionPolicy.DIFFERENT_CLASS_RETENTION,6,10,9890,1102,0.0015107999934116,0.1685956000001169,0.1701063999935286,0.9954627949183305,0.9955454694324984,0.995430512947169,0.9954643823903458,0.9955103019262443,0.9954627949183305,0.9954624968362888,"{""labels"": [""0"", ""1"", ""2"", ""3"", ""4"", ""5"", ""6"", ""7"", ""8"", ""9""], ""matrix"": [[114, 0, 0, 0, 0, 0, 0, 0, 0, 0], [0, 113, 2, 0, 0, 0, 0, 0, 0, 0], [0, 0, 114, 0, 0, 0, 0, 0, 0, 0], [0, 0, 0, 108, 0, 0, 0, 0, 0, 0], [0, 0, 0, 0, 114, 0, 0, 0, 0, 0], [0, 0, 0, 1, 0, 105, 0, 0, 0, 0], [0, 0, 0, 0, 0, 1, 104, 0, 0, 0], [0, 0, 0, 0, 0, 0, 0, 114, 0, 0], [0, 0, 0, 0, 0, 0, 0, 0, 105, 0], [0, 0, 0, 0, 1, 0, 0, 0, 0, 106]]}"
e-k3-b-DC,euclidean,3,borda,RetentionPolicy.DIFFERENT_CLASS_RETENTION,7,10,9892,1100,0.0014972999997553,0.1682693999973707,0.1697666999971261,0.990909090909091,0.9912071618840173,0.99101149099163,0.9910649486941836,0.990988646270598,0.990909090909091,0.990904262536373,"{""labels"": [""0"", ""1"", ""2"", ""3"", ""4"", ""5"", ""6"", ""7"", ""8"", ""9""], ""matrix"": [[113, 0, 0, 0, 1, 0, 0, 0, 0, 0], [0, 111, 3, 0, 0, 0, 0, 0, 0, 0], [0, 1, 111, 2, 0, 0, 0, 0, 0, 0], [0, 0, 0, 107, 0, 0, 0, 0, 0, 0], [0, 0, 0, 0, 114, 0, 0, 0, 0, 0], [0, 0, 0, 0, 0, 106, 0, 0, 0, 0], [0, 0, 0, 0, 0, 0, 105, 0, 0, 0], [0, 0, 0, 0, 0, 0, 0, 115, 0, 0], [0, 0, 0, 0, 0, 0, 0, 1, 105, 0], [0, 0, 0, 0, 1, 0, 0, 1, 0, 103]]}"
e-k3-b-DC,euclidean,3,borda,RetentionPolicy.DIFFERENT_CLASS_RETENTION,8,10,9894,1098,0.0014348999975482,0.1706893000009586,0.1721241999985068,0.9927140255009108,0.9928214192639222,0.9927073014776482,0.9927399178407904,0.9927537202189484,0.9927140255009108,0.9927093732950388,"{""labels"": [""0"", ""1"", ""2"", ""3"", ""4"", ""5"", ""6"", ""7"", ""8"", ""9""], ""matrix"": [[113, 0, 0, 0, 0, 0, 1, 0, 0, 0], [0, 112, 1, 0, 0, 0, 0, 1, 0, 0], [0, 1, 114, 0, 0, 0, 0, 0, 0, 0], [0, 0, 0, 104, 1, 0, 0, 0, 0, 0], [0, 0, 0, 0, 114, 0, 0, 0, 0, 0], [0, 0, 0, 0, 0, 104, 0, 1, 1, 0], [0, 0, 0, 0, 0, 0, 105, 0, 0, 0], [0, 0, 0, 0, 0, 0, 0, 114, 0, 0], [0, 0, 0, 0, 0, 0, 0, 0, 106, 0], [0, 0, 0, 0, 0, 1, 0, 0, 0, 104]]}"
e-k3-b-DC,euclidean,3,borda,RetentionPolicy.DIFFERENT_CLASS_RETENTION,9,10,9890,1102,0.0018058999994536,0.1694090000019059,0.1712149000013596,0.9945553539019965,0.994575940233526,0.9945368754124854,0.9945366865404116,0.9945873709853692,0.9945553539019965,0.9945512315756814,"{""labels"": [""0"", ""1"", ""2"", ""3"", ""4"", ""5"", ""6"", ""7"", ""8"", ""9""], ""matrix"": [[114, 0, 0, 0, 1, 0, 0, 0, 0, 0], [0, 112, 1, 1, 0, 0, 0, 0, 0, 0], [0, 0, 115, 0, 0, 0, 0, 0, 0, 0], [0, 0, 0, 104, 0, 0, 0, 0, 0, 1], [0, 0, 0, 0, 115, 0, 0, 0, 0, 0], [0, 0, 0, 0, 0, 105, 0, 0, 1, 0], [0, 0, 0, 0, 0, 0, 106, 0, 0, 0], [0, 0, 0, 0, 0, 0, 0, 114, 0, 0], [0, 0, 0, 0, 0, 0, 0, 0, 106, 0], [0, 0, 0, 0, 0, 0, 0, 1, 0, 105]]}"
e-k3-b-DD,euclidean,3,borda,RetentionPolicy.DD_RETENTION,0,10,9894,1098,0.0016411999968113,0.1719576000032248,0.1735988000000361,0.9918032786885246,0.99184441606345,0.9917562774861682,0.9917747121836958,0.991826684389986,0.9918032786885246,0.991789905374056,"{""labels"": [""0"", ""1"", ""2"", ""3"", ""4"", ""5"", ""6"", ""7"", ""8"", ""9""], ""matrix"": [[115, 0, 0, 0, 0, 0, 0, 0, 0, 0], [0, 113, 1, 0, 0, 0, 0, 0, 0, 0], [0, 2, 112, 0, 0, 0, 0, 0, 0, 0], [0, 0, 0, 105, 0, 0, 0, 0, 0, 0], [0, 0, 0, 0, 115, 0, 0, 0, 0, 0], [0, 0, 0, 0, 0, 105, 0, 0, 0, 0], [0, 0, 0, 0, 0, 0, 105, 0, 0, 0], [0, 0, 0, 0, 0, 0, 0, 113, 0, 1], [1, 0, 0, 0, 0, 1, 0, 1, 103, 0], [0, 0, 0, 0, 0, 1, 0, 0, 1, 103]]}"
e-k3-b-DD,euclidean,3,borda,RetentionPolicy.DD_RETENTION,1,10,9893,1099,0.0016188000008696,0.1735336999990977,0.1751524999999674,0.9936305732484076,0.993703199126702,0.9937245287130873,0.9936804280599818,0.9936724341772446,0.9936305732484076,0.9936183661229236,"{""labels"": [""0"", ""1"", ""2"", ""3"", ""4"", ""5"", ""6"", ""7"", ""8"", ""9""], ""matrix"": [[114, 0, 0, 0, 1, 0, 0, 0, 0, 0], [0, 114, 0, 0, 0, 0, 0, 0, 0, 0], [0, 0, 114, 0, 0, 0, 0, 0, 0, 0], [0, 0, 0, 103, 0, 0, 0, 1, 0, 1], [0, 0, 0, 0, 114, 1, 0, 0, 0, 0], [0, 0, 0, 0, 0, 105, 0, 0, 0, 0], [0, 0, 0, 0, 0, 0, 106, 0, 0, 0], [0, 1, 1, 0, 0, 0, 0, 111, 0, 1], [0, 0, 0, 0, 0, 0, 0, 0, 105, 0], [0, 0, 0, 0, 0, 0, 0, 0, 0, 106]]}"
e-k3-b-DD,euclidean,3,borda,RetentionPolicy.DD_RETENTION,2,10,9895,1097,0.0015187999961199,0.1677426000023842,0.1692613999985042,0.9963536918869644,0.9963650923864212,0.9963484798953908,0.9963484414243484,0.9963702184270172,0.9963536918869644,0.9963536536797544,"{""labels"": [""0"", ""1"", ""2"", ""3"", ""4"", ""5"", ""6"", ""7"", ""8"", ""9""], ""matrix"": [[114, 0, 0, 0, 0, 0, 0, 0, 0, 0], [0, 114, 0, 0, 1, 0, 0, 0, 0, 0], [0, 0, 115, 0, 0, 0, 0, 0, 0, 0], [0, 0, 0, 104, 0, 1, 0, 0, 0, 0], [0, 0, 0, 0, 114, 0, 0, 0, 0, 0], [0, 0, 0, 0, 0, 105, 0, 0, 0, 0], [0, 0, 0, 0, 0, 0, 105, 0, 0, 0], [0, 1, 0, 0, 0, 0, 0, 113, 0, 0], [0, 0, 0, 0, 0, 0, 0, 0, 105, 0], [0, 0, 0, 1, 0, 0, 0, 0, 0, 104]]}"
e-k3-b-DD,euclidean,3,borda,RetentionPolicy.DD_RETENTION,3,10,9892,1100,0.0018601000047056,0.1728335000007064,0.174693600005412,0.9927272727272728,0.9928199307898304,0.9927874032908358,0.9927842040105552,0.9927667007429812,0.9927272727272728,0.9927270931982196,"{""labels"": [""0"", ""1"", ""2"", ""3"", ""4"", ""5"", ""6"", ""7"", ""8"", ""9""], ""matrix"": [[114, 0, 0, 0, 0, 0, 0, 0, 0, 0], [0, 113, 0, 1, 0, 0, 0, 0, 0, 0], [0, 0, 114, 0, 0, 0, 0, 1, 0, 0], [0, 1, 1, 103, 0, 0, 0, 0, 0, 0], [0, 0, 0, 0, 115, 0, 0, 0, 0, 0], [0, 0, 0, 1, 0, 104, 0, 0, 0, 0], [0, 0, 0, 0, 0, 0, 105, 0, 0, 0], [0, 2, 0, 0, 0, 0, 0, 112, 1, 0], [0, 0, 0, 0, 0, 0, 0, 0, 106, 0], [0, 0, 0, 0, 0, 0, 0, 0, 0, 106]]}"
e-k3-b-DD,euclidean,3,borda,RetentionPolicy.DD_RETENTION,4,10,9894,1098,0.0015283999964594,0.1728231000015512,0.1743514999980107,0.9954462659380692,0.995519504398744,0.9953388804250164,0.995404421537424,0.9955027744401848,0.9954462659380692,0.9954498073796828,"{""labels"": [""0"", ""1"", ""2"", ""3"", ""4"", ""5"", ""6"", ""7"", ""8"", ""9""], ""matrix"": [[114, 0, 0, 0, 0, 0, 0, 0, 0, 0], [0, 114, 1, 0, 0, 0, 0, 0, 0, 0], [0, 0, 114, 0, 0, 0, 0, 0, 0, 0], [0, 0, 1, 104, 0, 0, 0, 0, 0, 0], [0, 0, 0, 0, 114, 0, 0, 0, 0, 0], [0, 0, 0, 2, 0, 104, 0, 0, 0, 0], [0, 0, 0, 0, 0, 0, 106, 0, 0, 0], [0, 0, 0, 0, 0, 0, 0, 114, 0, 0], [0, 0, 0, 0, 0, 0, 0, 0, 105, 0], [0, 0, 0, 0, 1, 0, 0, 0, 0, 104]]}"
e-k3-b-DD,euclidean,3,borda,RetentionPolicy.DD_RETENTION,5,10,9894,1098,0.0015428999977302,0.1703448999978718,0.1718877999956021,0.9927140255009108,0.9927177538850276,0.9926065162907268,0.992632207581089,0.992797209503464,0.9927140255009108,0.992726313917114,"{""labels"": [""0"", ""1"", ""2"", ""3"", ""4"", ""5"", ""6"", ""7"", ""8"", ""9""], ""matrix"": [[114, 0, 0, 0, 0, 0, 0, 0, 0, 0], [0, 113, 0, 1, 0, 0, 0, 0, 0, 0], [0, 0, 113, 1, 0, 0, 0, 0, 0, 0], [0, 1, 0, 104, 0, 0, 0, 0, 0, 0], [0, 0, 0, 0, 113, 0, 0, 0, 0, 1], [0, 0, 0, 1, 0, 103, 1, 0, 0, 0], [0, 0, 0, 0, 0, 0, 108, 0, 0, 0], [0, 0, 0, 0, 0, 0, 0, 114, 0, 0], [0, 0, 0, 0, 0, 0, 0, 1, 104, 0], [0, 1, 0, 0, 0, 0, 0, 0, 0, 104]]}"
e-k3-b-DD,euclidean,3,borda,RetentionPolicy.DD_RETENTION,6,10,9890,1102,0.0016090999997686,0.1713451999967219,0.1729542999964906,0.9945553539019965,0.9946908967188554,0.9944959335079168,0.994557585737322,0.9946262611879926,0.9945553539019965,0.9945545346780644,"{""labels"": [""0"", ""1"", ""2"", ""3"", ""4"", ""5"", ""6"", ""7"", ""8"", ""9""], ""matrix"": [[114, 0, 0, 0, 0, 0, 0, 0, 0, 0], [0, 113, 2, 0, 0, 0, 0, 0, 0, 0], [0, 0, 114, 0, 0, 0, 0, 0, 0, 0], [0, 0, 0, 108, 0, 0, 0, 0, 0, 0], [0, 0, 0, 0, 114, 0, 0, 0, 0, 0], [0, 0, 0, 1, 0, 105, 0, 0, 0, 0], [0, 0, 0, 0, 0, 1, 104, 0, 0, 0], [0, 0, 0, 0, 0, 0, 0, 114, 0, 0], [0, 0, 0, 0, 0, 0, 0, 0, 105, 0], [0, 0, 0, 0, 2, 0, 0, 0, 0, 105]]}"
e-k3-b-DD,euclidean,3,borda,RetentionPolicy.DD_RETENTION,7,10,9892,1100,0.001630800004932,0.1733382000020356,0.1749690000069677,0.99,0.9903671972509492,0.990134298009174,0.9901913854950224,0.9901181374690547,0.99,0.989998933402697,"{""labels"": [""0"", ""1"", ""2"", ""3"", ""4"", ""5"", ""6"", ""7"", ""8"", ""9""], ""matrix"": [[112, 0, 0, 0, 2, 0, 0, 0, 0, 0], [0, 111, 3, 0, 0, 0, 0, 0, 0, 0], [0, 1, 111, 2, 0, 0, 0, 0, 0, 0], [0, 0, 0, 107, 0, 0, 0, 0, 0, 0], [0, 0, 0, 0, 114, 0, 0, 0, 0, 0], [0, 0, 0, 0, 0, 106, 0, 0, 0, 0], [0, 0, 0, 0, 0, 0, 105, 0, 0, 0], [0, 0, 0, 0, 0, 0, 0, 115, 0, 0], [0, 0, 0, 0, 0, 0, 0, 1, 105, 0], [0, 0, 0, 0, 1, 0, 0, 1, 0, 103]]}"
e-k3-b-DD,euclidean,3,borda,RetentionPolicy.DD_RETENTION,8,10,9894,1098,0.0015496999985771,0.1735337999998591,0.1750834999984363,0.9927140255009108,0.9928214192639222,0.9927073014776482,0.9927399178407904,0.9927537202189484,0.9927140255009108,0.9927093732950388,"{""labels"": [""0"", ""1"", ""2"", ""3"", ""4"", ""5"", ""6"", ""7"", ""8"", ""9""], ""matrix"": [[113, 0, 0, 0, 0, 0, 1, 0, 0, 0], [0, 112, 1, 0, 0, 0, 0, 1, 0, 0], [0, 1, 114, 0, 0, 0, 0, 0, 0, 0], [0, 0, 0, 104, 1, 0, 0, 0, 0, 0], [0, 0, 0, 0, 114, 0, 0, 0, 0, 0], [0, 0, 0, 0, 0, 104, 0, 1, 1, 0], [0, 0, 0, 0, 0, 0, 105, 0, 0, 0], [0, 0, 0, 0, 0, 0, 0, 114, 0, 0], [0, 0, 0, 0, 0, 0, 0, 0, 106, 0], [0, 0, 0, 0, 0, 1, 0, 0, 0, 104]]}"
e-k3-b-DD,euclidean,3,borda,RetentionPolicy.DD_RETENTION,9,10,9890,1102,0.0015937999996822,0.1713913999992655,0.1729851999989478,0.9936479128856625,0.9936501775814364,0.9936596824300292,0.9936232544814804,0.9936968914833594,0.9936479128856625,0.9936400626201852,"{""labels"": [""0"", ""1"", ""2"", ""3"", ""4"", ""5"", ""6"", ""7"", ""8"", ""9""], ""matrix"": [[114, 0, 0, 0, 1, 0, 0, 0, 0, 0], [0, 111, 1, 1, 0, 0, 0, 0, 0, 1], [0, 0, 115, 0, 0, 0, 0, 0, 0, 0], [0, 0, 0, 104, 0, 0, 0, 0, 0, 1], [0, 0, 0, 0, 115, 0, 0, 0, 0, 0], [0, 0, 0, 0, 0, 105, 0, 0, 1, 0], [0, 0, 0, 0, 0, 0, 106, 0, 0, 0], [0, 0, 0, 0, 0, 0, 0, 114, 0, 0], [0, 0, 0, 0, 0, 0, 0, 0, 106, 0], [0, 0, 0, 0, 0, 0, 0, 1, 0, 105]]}"
e-k3-mp-AR,euclidean,3,modified_plurality,RetentionPolicy.ALWAYS_RETAIN,0,10,9894,1098,0.0014749999972991,0.2047648000007029,0.2062397999980021,0.9963570127504554,0.9962897729033058,0.9962836336123329,0.996278455383201,0.996364782187974,0.9963570127504554,0.9963526616780508,"{""labels"": [""0"", ""1"", ""2"", ""3"", ""4"", ""5"", ""6"", ""7"", ""8"", ""9""], ""matrix"": [[115, 0, 0, 0, 0, 0, 0, 0, 0, 0], [0, 114, 0, 0, 0, 0, 0, 0, 0, 0], [0, 0, 114, 0, 0, 0, 0, 0, 0, 0], [0, 0, 0, 105, 0, 0, 0, 0, 0, 0], [0, 0, 0, 0, 115, 0, 0, 0, 0, 0], [0, 0, 0, 0, 0, 105, 0, 0, 0, 0], [0, 0, 0, 0, 0, 0, 105, 0, 0, 0], [0, 0, 0, 0, 0, 0, 0, 113, 0, 1], [1, 0, 0, 0, 0, 1, 0, 0, 104, 0], [0, 0, 0, 0, 0, 0, 0, 0, 1, 104]]}"
e-k3-mp-AR,euclidean,3,modified_plurality,RetentionPolicy.ALWAYS_RETAIN,1,10,9893,1099,0.0017399999996996,0.2130285000021103,0.21476850000181,0.991810737033667,0.9919715720514912,0.9919039395042158,0.9919004002978964,0.9918841182413332,0.991810737033667,0.991810369656238,"{""labels"": [""0"", ""1"", ""2"", ""3"", ""4"", ""5"", ""6"", ""7"", ""8"", ""9""], ""matrix"": [[114, 1, 0, 0, 0, 0, 0, 0, 0, 0], [0, 113, 1, 0, 0, 0, 0, 0, 0, 0], [0, 0, 114, 0, 0, 0, 0, 0, 0, 0], [0, 0, 0, 103, 0, 0, 0, 1, 0, 1], [0, 0, 0, 0, 114, 1, 0, 0, 0, 0], [0, 0, 0, 0, 0, 105, 0, 0, 0, 0], [0, 0, 0, 0, 0, 0, 105, 1, 0, 0], [0, 1, 1, 0, 0, 0, 0, 111, 0, 1], [0, 0, 0, 0, 0, 0, 0, 0, 105, 0], [0, 0, 0, 0, 0, 0, 0, 0, 0, 106]]}"
e-k3-mp-AR,euclidean,3,modified_plurality,RetentionPolicy.ALWAYS_RETAIN,2,10,9895,1097,0.0015483000024687,0.2053820000000996,0.2069303000025684,0.9954421148587056,0.9953911185432924,0.9953960989430096,0.9953637826179124,0.9955172412040948,0.9954421148587056,0.9954506424242489,"{""labels"": [""0"", ""1"", ""2"", ""3"", ""4"", ""5"", ""6"", ""7"", ""8"", ""9""], ""matrix"": [[113, 0, 0, 0, 0, 0, 0, 0, 0, 1], [0, 114, 0, 0, 1, 0, 0, 0, 0, 0], [0, 0, 115, 0, 0, 0, 0, 0, 0, 0], [0, 0, 0, 104, 0, 1, 0, 0, 0, 0], [0, 0, 0, 0, 114, 0, 0, 0, 0, 0], [0, 0, 0, 0, 0, 105, 0, 0, 0, 0], [0, 0, 0, 0, 0, 0, 105, 0, 0, 0], [0, 0, 0, 0, 0, 0, 0, 114, 0, 0], [0, 0, 0, 0, 0, 0, 0, 0, 105, 0], [0, 0, 0, 0, 0, 2, 0, 0, 0, 103]]}"
e-k3-mp-AR,euclidean,3,modified_plurality,RetentionPolicy.ALWAYS_RETAIN,3,10,9892,1100,0.0016117999984999,0.2123674000031314,0.2139792000016314,0.99,0.9900749617161846,0.9900882641386074,0.9900450755718212,0.9900577600882944,0.99,0.9899920897107106,"{""labels"": [""0"", ""1"", ""2"", ""3"", ""4"", ""5"", ""6"", ""7"", ""8"", ""9""], ""matrix"": [[114, 0, 0, 0, 0, 0, 0, 0, 0, 0], [0, 112, 0, 2, 0, 0, 0, 0, 0, 0], [0, 0, 114, 0, 0, 0, 0, 1, 0, 0], [0, 1, 1, 103, 0, 0, 0, 0, 0, 0], [0, 0, 0, 0, 115, 0, 0, 0, 0, 0], [0, 0, 0, 1, 0, 103, 0, 0, 0, 1], [0, 0, 0, 0, 0, 0, 105, 0, 0, 0], [0, 2, 1, 0, 0, 0, 0, 111, 1, 0], [0, 0, 0, 0, 0, 0, 0, 0, 106, 0], [0, 0, 0, 0, 0, 0, 0, 0, 0, 106]]}"
e-k3-mp-AR,euclidean,3,modified_plurality,RetentionPolicy.ALWAYS_RETAIN,4,10,9894,1098,0.0015652000001864,0.2066657000032137,0.2082309000034001,0.994535519125683,0.9946499391813528,0.9943864994726356,0.9944846707526998,0.9945999471652976,0.994535519125683,0.9945344707366918,"{""labels"": [""0"", ""1"", ""2"", ""3"", ""4"", ""5"", ""6"", ""7"", ""8"", ""9""], ""matrix"": [[114, 0, 0, 0, 0, 0, 0, 0, 0, 0], [0, 114, 1, 0, 0, 0, 0, 0, 0, 0], [0, 0, 114, 0, 0, 0, 0, 0, 0, 0], [0, 0, 1, 104, 0, 0, 0, 0, 0, 0], [0, 0, 0, 0, 114, 0, 0, 0, 0, 0], [0, 0, 0, 2, 0, 104, 0, 0, 0, 0], [0, 0, 0, 0, 0, 0, 106, 0, 0, 0], [0, 0, 0, 0, 0, 0, 0, 114, 0, 0], [0, 0, 0, 0, 0, 0, 0, 0, 105, 0], [0, 0, 0, 0, 1, 0, 0, 1, 0, 103]]}"
e-k3-mp-AR,euclidean,3,modified_plurality,RetentionPolicy.ALWAYS_RETAIN,5,10,9894,1098,0.0014936000006855,0.2074336000005132,0.2089272000011988,0.9954462659380692,0.995431701969267,0.9953884711779448,0.995392882182636,0.995488232085377,0.9954462659380692,0.9954504827287894,"{""labels"": [""0"", ""1"", ""2"", ""3"", ""4"", ""5"", ""6"", ""7"", ""8"", ""9""], ""matrix"": [[114, 0, 0, 0, 0, 0, 0, 0, 0, 0], [0, 113, 0, 1, 0, 0, 0, 0, 0, 0], [0, 0, 114, 0, 0, 0, 0, 0, 0, 0], [0, 0, 0, 105, 0, 0, 0, 0, 0, 0], [0, 0, 0, 0, 113, 0, 0, 0, 0, 1], [0, 0, 0, 1, 0, 104, 0, 0, 0, 0], [0, 0, 0, 0, 0, 0, 108, 0, 0, 0], [0, 0, 0, 0, 0, 0, 0, 114, 0, 0], [0, 0, 0, 0, 0, 0, 0, 1, 104, 0], [0, 1, 0, 0, 0, 0, 0, 0, 0, 104]]}"
e-k3-mp-AR,euclidean,3,modified_plurality,RetentionPolicy.ALWAYS_RETAIN,6,10,9890,1102,0.0016752000010455,0.2090333000014652,0.2107085000025108,0.9945553539019965,0.9946908967188554,0.9944959335079168,0.994557585737322,0.9946262611879926,0.9945553539019965,0.9945545346780644,"{""labels"": [""0"", ""1"", ""2"", ""3"", ""4"", ""5"", ""6"", ""7"", ""8"", ""9""], ""matrix"": [[114, 0, 0, 0, 0, 0, 0, 0, 0, 0], [0, 113, 2, 0, 0, 0, 0, 0, 0, 0], [0, 0, 114, 0, 0, 0, 0, 0, 0, 0], [0, 0, 0, 108, 0, 0, 0, 0, 0, 0], [0, 0, 0, 0, 114, 0, 0, 0, 0, 0], [0, 0, 0, 1, 0, 105, 0, 0, 0, 0], [0, 0, 0, 0, 0, 1, 104, 0, 0, 0], [0, 0, 0, 0, 0, 0, 0, 114, 0, 0], [0, 0, 0, 0, 0, 0, 0, 0, 105, 0], [0, 0, 0, 0, 2, 0, 0, 0, 0, 105]]}"
e-k3-mp-AR,euclidean,3,modified_plurality,RetentionPolicy.ALWAYS_RETAIN,7,10,9892,1100,0.0021489999999175,0.2100611000059871,0.2122101000059046,0.9927272727272728,0.9930873963201547,0.9928410649264672,0.9929219655768612,0.9928204888980752,0.9927272727272728,0.992730360873515,"{""labels"": [""0"", ""1"", ""2"", ""3"", ""4"", ""5"", ""6"", ""7"", ""8"", ""9""], ""matrix"": [[112, 0, 0, 0, 2, 0, 0, 0, 0, 0], [0, 111, 3, 0, 0, 0, 0, 0, 0, 0], [0, 1, 113, 0, 0, 0, 0, 0, 0, 0], [0, 0, 0, 107, 0, 0, 0, 0, 0, 0], [0, 0, 0, 0, 114, 0, 0, 0, 0, 0], [0, 0, 0, 0, 0, 106, 0, 0, 0, 0], [0, 0, 0, 0, 0, 0, 105, 0, 0, 0], [0, 0, 0, 0, 0, 0, 0, 115, 0, 0], [0, 0, 0, 0, 0, 0, 0, 1, 105, 0], [0, 0, 0, 0, 0, 0, 0, 1, 0, 104]]}"
e-k3-mp-AR,euclidean,3,modified_plurality,RetentionPolicy.ALWAYS_RETAIN,8,10,9894,1098,0.001498999998148,0.211611200000334,0.2131101999984821,0.994535519125683,0.9946574354332268,0.9944540596774956,0.994531594534242,0.9945912869423624,0.994535519125683,0.9945390287660412,"{""labels"": [""0"", ""1"", ""2"", ""3"", ""4"", ""5"", ""6"", ""7"", ""8"", ""9""], ""matrix"": [[113, 0, 0, 0, 0, 0, 1, 0, 0, 0], [0, 113, 1, 0, 0, 0, 0, 0, 0, 0], [0, 0, 115, 0, 0, 0, 0, 0, 0, 0], [0, 0, 0, 104, 1, 0, 0, 0, 0, 0], [0, 0, 0, 0, 114, 0, 0, 0, 0, 0], [0, 0, 0, 0, 0, 105, 0, 1, 0, 0], [0, 0, 0, 0, 0, 0, 105, 0, 0, 0], [0, 0, 0, 0, 0, 0, 0, 114, 0, 0], [0, 0, 0, 0, 0, 0, 0, 1, 105, 0], [0, 0, 0, 0, 0, 1, 0, 0, 0, 104]]}"
e-k3-mp-AR,euclidean,3,modified_plurality,RetentionPolicy.ALWAYS_RETAIN,9,10,9890,1102,0.001555199996801,0.2070817999992869,0.2086369999960879,0.9927404718693283,0.992802844837552,0.992790117212638,0.9927535741891148,0.9928126513241332,0.9927404718693283,0.9927325015165368,"{""labels"": [""0"", ""1"", ""2"", ""3"", ""4"", ""5"", ""6"", ""7"", ""8"", ""9""], ""matrix"": [[113, 0, 0, 0, 1, 0, 0, 0, 0, 1], [0, 111, 2, 1, 0, 0, 0, 0, 0, 0], [0, 0, 115, 0, 0, 0, 0, 0, 0, 0], [0, 0, 0, 104, 0, 0, 0, 0, 0, 1], [0, 0, 0, 0, 115, 0, 0, 0, 0, 0], [0, 0, 0, 0, 0, 105, 0, 0, 1, 0], [0, 0, 0, 0, 0, 0, 106, 0, 0, 0], [0, 0, 0, 0, 0, 0, 0, 114, 0, 0], [0, 0, 0, 0, 0, 0, 0, 0, 106, 0], [0, 0, 0, 0, 0, 0, 0, 1, 0, 105]]}"
e-k3-mp-NR,euclidean,3,modified_plurality,RetentionPolicy.NEVER_RETAIN,0,10,9894,1098,0.001681699999608,0.1813926999966497,0.1830743999962578,0.9954462659380692,0.995364010251216,0.9954140683949416,0.9953723115833676,0.9954794900343364,0.9954462659380692,0.9954463601187652,"{""labels"": [""0"", ""1"", ""2"", ""3"", ""4"", ""5"", ""6"", ""7"", ""8"", ""9""], ""matrix"": [[115, 0, 0, 0, 0, 0, 0, 0, 0, 0], [0, 114, 0, 0, 0, 0, 0, 0, 0, 0], [0, 0, 114, 0, 0, 0, 0, 0, 0, 0], [0, 0, 0, 105, 0, 0, 0, 0, 0, 0], [0, 0, 0, 0, 114, 1, 0, 0, 0, 0], [0, 0, 0, 0, 0, 105, 0, 0, 0, 0], [0, 0, 0, 0, 0, 0, 105, 0, 0, 0], [0, 0, 0, 0, 0, 0, 0, 113, 0, 1], [1, 0, 0, 0, 0, 1, 0, 0, 104, 0], [0, 0, 0, 0, 0, 0, 0, 0, 1, 104]]}"
e-k3-mp-NR,euclidean,3,modified_plurality,RetentionPolicy.NEVER_RETAIN,1,10,9893,1099,0.0014874000044073,0.1842886000013095,0.1857760000057169,0.991810737033667,0.991993406249861,0.9919701427481749,0.991933587236467,0.991906767000334,0.991810737033667,0.9918102954233238,"{""labels"": [""0"", ""1"", ""2"", ""3"", ""4"", ""5"", ""6"", ""7"", ""8"", ""9""], ""matrix"": [[114, 1, 0, 0, 0, 0, 0, 0, 0, 0], [0, 112, 2, 0, 0, 0, 0, 0, 0, 0], [0, 0, 114, 0, 0, 0, 0, 0, 0, 0], [0, 0, 0, 103, 0, 0, 0, 1, 0, 1], [0, 0, 0, 0, 114, 1, 0, 0, 0, 0], [0, 0, 0, 0, 0, 105, 0, 0, 0, 0], [0, 0, 0, 0, 0, 0, 106, 0, 0, 0], [0, 1, 1, 0, 0, 0, 0, 111, 0, 1], [0, 0, 0, 0, 0, 0, 0, 0, 105, 0], [0, 0, 0, 0, 0, 0, 0, 0, 0, 106]]}"
e-k3-mp-NR,euclidean,3,modified_plurality,RetentionPolicy.NEVER_RETAIN,2,10,9895,1097,0.0016025000004447,0.1798133000047528,0.1814158000051975,0.9954421148587056,0.9953911185432924,0.9953960989430096,0.9953637826179124,0.9955172412040948,0.9954421148587056,0.9954506424242489,"{""labels"": [""0"", ""1"", ""2"", ""3"", ""4"", ""5"", ""6"", ""7"", ""8"", ""9""], ""matrix"": [[113, 0, 0, 0, 0, 0, 0, 0, 0, 1], [0, 114, 0, 0, 1, 0, 0, 0, 0, 0], [0, 0, 115, 0, 0, 0, 0, 0, 0, 0], [0, 0, 0, 104, 0, 1, 0, 0, 0, 0], [0, 0, 0, 0, 114, 0, 0, 0, 0, 0], [0, 0, 0, 0, 0, 105, 0, 0, 0, 0], [0, 0, 0, 0, 0, 0, 105, 0, 0, 0], [0, 0, 0, 0, 0, 0, 0, 114, 0, 0], [0, 0, 0, 0, 0, 0, 0, 0, 105, 0], [0, 0, 0, 0, 0, 2, 0, 0, 0, 103]]}"
e-k3-mp-NR,euclidean,3,modified_plurality,RetentionPolicy.NEVER_RETAIN,3,10,9892,1100,0.0017363000006298,0.1819747999979881,0.183711099998618,0.99,0.9900749617161846,0.9900882641386074,0.9900450755718212,0.9900577600882944,0.99,0.9899920897107106,"{""labels"": [""0"", ""1"", ""2"", ""3"", ""4"", ""5"", ""6"", ""7"", ""8"", ""9""], ""matrix"": [[114, 0, 0, 0, 0, 0, 0, 0, 0, 0], [0, 112, 0, 2, 0, 0, 0, 0, 0, 0], [0, 0, 114, 0, 0, 0, 0, 1, 0, 0], [0, 1, 1, 103, 0, 0, 0, 0, 0, 0], [0, 0, 0, 0, 115, 0, 0, 0, 0, 0], [0, 0, 0, 1, 0, 103, 0, 0, 0, 1], [0, 0, 0, 0, 0, 0, 105, 0, 0, 0], [0, 2, 1, 0, 0, 0, 0, 111, 1, 0], [0, 0, 0, 0, 0, 0, 0, 0, 106, 0], [0, 0, 0, 0, 0, 0, 0, 0, 0, 106]]}"
e-k3-mp-NR,euclidean,3,modified_plurality,RetentionPolicy.NEVER_RETAIN,4,10,9894,1098,0.0015798000022186,0.1824202999996487,0.1840001000018674,0.9936247723132968,0.9938099745482848,0.9935169342552445,0.9936150229116408,0.993727852737522,0.9936247723132968,0.993627545730859,"{""labels"": [""0"", ""1"", ""2"", ""3"", ""4"", ""5"", ""6"", ""7"", ""8"", ""9""], ""matrix"": [[114, 0, 0, 0, 0, 0, 0, 0, 0, 0], [0, 113, 2, 0, 0, 0, 0, 0, 0, 0], [0, 0, 114, 0, 0, 0, 0, 0, 0, 0], [0, 0, 1, 104, 0, 0, 0, 0, 0, 0], [0, 0, 0, 0, 114, 0, 0, 0, 0, 0], [0, 0, 0, 2, 0, 104, 0, 0, 0, 0], [0, 0, 0, 0, 0, 0, 106, 0, 0, 0], [0, 0, 0, 0, 0, 0, 0, 114, 0, 0], [0, 0, 0, 0, 0, 0, 0, 0, 105, 0], [0, 0, 0, 0, 1, 0, 0, 1, 0, 103]]}"
e-k3-mp-NR,euclidean,3,modified_plurality,RetentionPolicy.NEVER_RETAIN,5,10,9894,1098,0.0014591000071959,0.1839692999928956,0.1854284000000916,0.9963570127504554,0.9963650923864212,0.996265664160401,0.9963028565195108,0.9963814437765136,0.9963570127504554,0.9963567842880752,"{""labels"": [""0"", ""1"", ""2"", ""3"", ""4"", ""5"", ""6"", ""7"", ""8"", ""9""], ""matrix"": [[114, 0, 0, 0, 0, 0, 0, 0, 0, 0], [0, 114, 0, 0, 0, 0, 0, 0, 0, 0], [0, 0, 114, 0, 0, 0, 0, 0, 0, 0], [0, 0, 0, 105, 0, 0, 0, 0, 0, 0], [0, 0, 0, 0, 113, 0, 0, 0, 0, 1], [0, 0, 0, 1, 0, 104, 0, 0, 0, 0], [0, 0, 0, 0, 0, 0, 108, 0, 0, 0], [0, 0, 0, 0, 0, 0, 0, 114, 0, 0], [0, 0, 0, 0, 0, 0, 0, 1, 104, 0], [0, 1, 0, 0, 0, 0, 0, 0, 0, 104]]}"
e-k3-mp-NR,euclidean,3,modified_plurality,RetentionPolicy.NEVER_RETAIN,6,10,9890,1102,0.0015037999983178,0.1795119000016711,0.181015699999989,0.9945553539019965,0.9946908967188554,0.9944959335079168,0.994557585737322,0.9946262611879926,0.9945553539019965,0.9945545346780644,"{""labels"": [""0"", ""1"", ""2"", ""3"", ""4"", ""5"", ""6"", ""7"", ""8"", ""9""], ""matrix"": [[114, 0, 0, 0, 0, 0, 0, 0, 0, 0], [0, 113, 2, 0, 0, 0, 0, 0, 0, 0], [0, 0, 114, 0, 0, 0, 0, 0, 0, 0], [0, 0, 0, 108, 0, 0, 0, 0, 0, 0], [0, 0, 0, 0, 114, 0, 0, 0, 0, 0], [0, 0, 0, 1, 0, 105, 0, 0, 0, 0], [0, 0, 0, 0, 0, 1, 104, 0, 0, 0], [0, 0, 0, 0, 0, 0, 0, 114, 0, 0], [0, 0, 0, 0, 0, 0, 0, 0, 105, 0], [0, 0, 0, 0, 2, 0, 0, 0, 0, 105]]}"
e-k3-mp-NR,euclidean,3,modified_plurality,RetentionPolicy.NEVER_RETAIN,7,10,9892,1100,0.0014897000000928,0.1855235000039101,0.187013200004003,0.9927272727272728,0.9930873963201547,0.9928410649264672,0.9929219655768612,0.9928204888980752,0.9927272727272728,0.992730360873515,"{""labels"": [""0"", ""1"", ""2"", ""3"", ""4"", ""5"", ""6"", ""7"", ""8"", ""9""], ""matrix"": [[112, 0, 0, 0, 2, 0, 0, 0, 0, 0], [0, 111, 3, 0, 0, 0, 0, 0, 0, 0], [0, 1, 113, 0, 0, 0, 0, 0, 0, 0], [0, 0, 0, 107, 0, 0, 0, 0, 0, 0], [0, 0, 0, 0, 114, 0, 0, 0, 0, 0], [0, 0, 0, 0, 0, 106, 0, 0, 0, 0], [0, 0, 0, 0, 0, 0, 105, 0, 0, 0], [0, 0, 0, 0, 0, 0, 0, 115, 0, 0], [0, 0, 0, 0, 0, 0, 0, 1, 105, 0], [0, 0, 0, 0, 0, 0, 0, 1, 0, 104]]}"
e-k3-mp-NR,euclidean,3,modified_plurality,RetentionPolicy.NEVER_RETAIN,8,10,9894,1098,0.0014614000028814,0.1851165999978548,0.1865780000007362,0.994535519125683,0.9946574354332268,0.9944540596774956,0.994531594534242,0.9945912869423624,0.994535519125683,0.9945390287660412,"{""labels"": [""0"", ""1"", ""2"", ""3"", ""4"", ""5"", ""6"", ""7"", ""8"", ""9""], ""matrix"": [[113, 0, 0, 0, 0, 0, 1, 0, 0, 0], [0, 113, 1, 0, 0, 0, 0, 0, 0, 0], [0, 0, 115, 0, 0, 0, 0, 0, 0, 0], [0, 0, 0, 104, 1, 0, 0, 0, 0, 0], [0, 0, 0, 0, 114, 0, 0, 0, 0, 0], [0, 0, 0, 0, 0, 105, 0, 1, 0, 0], [0, 0, 0, 0, 0, 0, 105, 0, 0, 0], [0, 0, 0, 0, 0, 0, 0, 114, 0, 0], [0, 0, 0, 0, 0, 0, 0, 1, 105, 0], [0, 0, 0, 0, 0, 1, 0, 0, 0, 104]]}"
e-k3-mp-NR,euclidean,3,modified_plurality,RetentionPolicy.NEVER_RETAIN,9,10,9890,1102,0.0015478999994229,0.1866252000036183,0.1881731000030413,0.9927404718693283,0.992802844837552,0.992790117212638,0.9927535741891148,0.9928126513241332,0.9927404718693283,0.9927325015165368,"{""labels"": [""0"", ""1"", ""2"", ""3"", ""4"", ""5"", ""6"", ""7"", ""8"", ""9""], ""matrix"": [[113, 0, 0, 0, 1, 0, 0, 0, 0, 1], [0, 111, 2, 1, 0, 0, 0, 0, 0, 0], [0, 0, 115, 0, 0, 0, 0, 0, 0, 0], [0, 0, 0, 104, 0, 0, 0, 0, 0, 1], [0, 0, 0, 0, 115, 0, 0, 0, 0, 0], [0, 0, 0, 0, 0, 105, 0, 0, 1, 0], [0, 0, 0, 0, 0, 0, 106, 0, 0, 0], [0, 0, 0, 0, 0, 0, 0, 114, 0, 0], [0, 0, 0, 0, 0, 0, 0, 0, 106, 0], [0, 0, 0, 0, 0, 0, 0, 1, 0, 105]]}"
e-k3-mp-DC,euclidean,3,modified_plurality,RetentionPolicy.DIFFERENT_CLASS_RETENTION,0,10,9894,1098,0.0015010999995865,0.183983699993405,0.1854847999929916,0.9954462659380692,0.995364010251216,0.9954140683949416,0.9953723115833676,0.9954794900343364,0.9954462659380692,0.9954463601187652,"{""labels"": [""0"", ""1"", ""2"", ""3"", ""4"", ""5"", ""6"", ""7"", ""8"", ""9""], ""matrix"": [[115, 0, 0, 0, 0, 0, 0, 0, 0, 0], [0, 114, 0, 0, 0, 0, 0, 0, 0, 0], [0, 0, 114, 0, 0, 0, 0, 0, 0, 0], [0, 0, 0, 105, 0, 0, 0, 0, 0, 0], [0, 0, 0, 0, 114, 1, 0, 0, 0, 0], [0, 0, 0, 0, 0, 105, 0, 0, 0, 0], [0, 0, 0, 0, 0, 0, 105, 0, 0, 0], [0, 0, 0, 0, 0, 0, 0, 113, 0, 1], [1, 0, 0, 0, 0, 1, 0, 0, 104, 0], [0, 0, 0, 0, 0, 0, 0, 0, 1, 104]]}"
e-k3-mp-DC,euclidean,3,modified_plurality,RetentionPolicy.DIFFERENT_CLASS_RETENTION,1,10,9893,1099,0.0015465999968,0.1869663000034052,0.1885129000002052,0.991810737033667,0.991993406249861,0.9919701427481749,0.991933587236467,0.991906767000334,0.991810737033667,0.9918102954233238,"{""labels"": [""0"", ""1"", ""2"", ""3"", ""4"", ""5"", ""6"", ""7"", ""8"", ""9""], ""matrix"": [[114, 1, 0, 0, 0, 0, 0, 0, 0, 0], [0, 112, 2, 0, 0, 0, 0, 0, 0, 0], [0, 0, 114, 0, 0, 0, 0, 0, 0, 0], [0, 0, 0, 103, 0, 0, 0, 1, 0, 1], [0, 0, 0, 0, 114, 1, 0, 0, 0, 0], [0, 0, 0, 0, 0, 105, 0, 0, 0, 0], [0, 0, 0, 0, 0, 0, 106, 0, 0, 0], [0, 1, 1, 0, 0, 0, 0, 111, 0, 1], [0, 0, 0, 0, 0, 0, 0, 0, 105, 0], [0, 0, 0, 0, 0, 0, 0, 0, 0, 106]]}"
e-k3-mp-DC,euclidean,3,modified_plurality,RetentionPolicy.DIFFERENT_CLASS_RETENTION,2,10,9895,1097,0.00151950000145,0.1833610999965458,0.1848805999979959,0.9954421148587056,0.9953911185432924,0.9953960989430096,0.9953637826179124,0.9955172412040948,0.9954421148587056,0.9954506424242489,"{""labels"": [""0"", ""1"", ""2"", ""3"", ""4"", ""5"", ""6"", ""7"", ""8"", ""9""], ""matrix"": [[113, 0, 0, 0, 0, 0, 0, 0, 0, 1], [0, 114, 0, 0, 1, 0, 0, 0, 0, 0], [0, 0, 115, 0, 0, 0, 0, 0, 0, 0], [0, 0, 0, 104, 0, 1, 0, 0, 0, 0], [0, 0, 0, 0, 114, 0, 0, 0, 0, 0], [0, 0, 0, 0, 0, 105, 0, 0, 0, 0], [0, 0, 0, 0, 0, 0, 105, 0, 0, 0], [0, 0, 0, 0, 0, 0, 0, 114, 0, 0], [0, 0, 0, 0, 0, 0, 0, 0, 105, 0], [0, 0, 0, 0, 0, 2, 0, 0, 0, 103]]}"
e-k3-mp-DC,euclidean,3,modified_plurality,RetentionPolicy.DIFFERENT_CLASS_RETENTION,3,10,9892,1100,0.0015247999981511,0.1834357000043383,0.1849605000024894,0.99,0.9900749617161846,0.9900882641386074,0.9900450755718212,0.9900577600882944,0.99,0.9899920897107106,"{""labels"": [""0"", ""1"", ""2"", ""3"", ""4"", ""5"", ""6"", ""7"", ""8"", ""9""], ""matrix"": [[114, 0, 0, 0, 0, 0, 0, 0, 0, 0], [0, 112, 0, 2, 0, 0, 0, 0, 0, 0], [0, 0, 114, 0, 0, 0, 0, 1, 0, 0], [0, 1, 1, 103, 0, 0, 0, 0, 0, 0], [0, 0, 0, 0, 115, 0, 0, 0, 0, 0], [0, 0, 0, 1, 0, 103, 0, 0, 0, 1], [0, 0, 0, 0, 0, 0, 105, 0, 0, 0], [0, 2, 1, 0, 0, 0, 0, 111, 1, 0], [0, 0, 0, 0, 0, 0, 0, 0, 106, 0], [0, 0, 0, 0, 0, 0, 0, 0, 0, 106]]}"
e-k3-mp-DC,euclidean,3,modified_plurality,RetentionPolicy.DIFFERENT_CLASS_RETENTION,4,10,9894,1098,0.0015324000050895,0.1888983999961055,0.1904308000011951,0.9936247723132968,0.9938099745482848,0.9935169342552445,0.9936150229116408,0.993727852737522,0.9936247723132968,0.993627545730859,"{""labels"": [""0"", ""1"", ""2"", ""3"", ""4"", ""5"", ""6"", ""7"", ""8"", ""9""], ""matrix"": [[114, 0, 0, 0, 0, 0, 0, 0, 0, 0], [0, 113, 2, 0, 0, 0, 0, 0, 0, 0], [0, 0, 114, 0, 0, 0, 0, 0, 0, 0], [0, 0, 1, 104, 0, 0, 0, 0, 0, 0], [0, 0, 0, 0, 114, 0, 0, 0, 0, 0], [0, 0, 0, 2, 0, 104, 0, 0, 0, 0], [0, 0, 0, 0, 0, 0, 106, 0, 0, 0], [0, 0, 0, 0, 0, 0, 0, 114, 0, 0], [0, 0, 0, 0, 0, 0, 0, 0, 105, 0], [0, 0, 0, 0, 1, 0, 0, 1, 0, 103]]}"
e-k3-mp-DC,euclidean,3,modified_plurality,RetentionPolicy.DIFFERENT_CLASS_RETENTION,5,10,9894,1098,0.0016782000020612,0.1842222999985097,0.1859005000005709,0.9954462659380692,0.995431701969267,0.9953884711779448,0.995392882182636,0.995488232085377,0.9954462659380692,0.9954504827287894,"{""labels"": [""0"", ""1"", ""2"", ""3"", ""4"", ""5"", ""6"", ""7"", ""8"", ""9""], ""matrix"": [[114, 0, 0, 0, 0, 0, 0, 0, 0, 0], [0, 113, 0, 1, 0, 0, 0, 0, 0, 0], [0, 0, 114, 0, 0, 0, 0, 0, 0, 0], [0, 0, 0, 105, 0, 0, 0, 0, 0, 0], [0, 0, 0, 0, 113, 0, 0, 0, 0, 1], [0, 0, 0, 1, 0, 104, 0, 0, 0, 0], [0, 0, 0, 0, 0, 0, 108, 0, 0, 0], [0, 0, 0, 0, 0, 0, 0, 114, 0, 0], [0, 0, 0, 0, 0, 0, 0, 1, 104, 0], [0, 1, 0, 0, 0, 0, 0, 0, 0, 104]]}"
e-k3-mp-DC,euclidean,3,modified_plurality,RetentionPolicy.DIFFERENT_CLASS_RETENTION,6,10,9890,1102,0.0014561999996658,0.1884424999952898,0.1898986999949556,0.9954627949183305,0.9955454694324984,0.995430512947169,0.9954643823903458,0.9955103019262443,0.9954627949183305,0.9954624968362888,"{""labels"": [""0"", ""1"", ""2"", ""3"", ""4"", ""5"", ""6"", ""7"", ""8"", ""9""], ""matrix"": [[114, 0, 0, 0, 0, 0, 0, 0, 0, 0], [0, 113, 2, 0, 0, 0, 0, 0, 0, 0], [0, 0, 114, 0, 0, 0, 0, 0, 0, 0], [0, 0, 0, 108, 0, 0, 0, 0, 0, 0], [0, 0, 0, 0, 114, 0, 0, 0, 0, 0], [0, 0, 0, 1, 0, 105, 0, 0, 0, 0], [0, 0, 0, 0, 0, 1, 104, 0, 0, 0], [0, 0, 0, 0, 0, 0, 0, 114, 0, 0], [0, 0, 0, 0, 0, 0, 0, 0, 105, 0], [0, 0, 0, 0, 1, 0, 0, 0, 0, 106]]}"
e-k3-mp-DC,euclidean,3,modified_plurality,RetentionPolicy.DIFFERENT_CLASS_RETENTION,7,10,9892,1100,0.0015223000009427,0.182297400002426,0.1838197000033687,0.9927272727272728,0.9930873963201547,0.9928410649264672,0.9929219655768612,0.9928204888980752,0.9927272727272728,0.992730360873515,"{""labels"": [""0"", ""1"", ""2"", ""3"", ""4"", ""5"", ""6"", ""7"", ""8"", ""9""], ""matrix"": [[112, 0, 0, 0, 2, 0, 0, 0, 0, 0], [0, 111, 3, 0, 0, 0, 0, 0, 0, 0], [0, 1, 113, 0, 0, 0, 0, 0, 0, 0], [0, 0, 0, 107, 0, 0, 0, 0, 0, 0], [0, 0, 0, 0, 114, 0, 0, 0, 0, 0], [0, 0, 0, 0, 0, 106, 0, 0, 0, 0], [0, 0, 0, 0, 0, 0, 105, 0, 0, 0], [0, 0, 0, 0, 0, 0, 0, 115, 0, 0], [0, 0, 0, 0, 0, 0, 0, 1, 105, 0], [0, 0, 0, 0, 0, 0, 0, 1, 0, 104]]}"
e-k3-mp-DC,euclidean,3,modified_plurality,RetentionPolicy.DIFFERENT_CLASS_RETENTION,8,10,9894,1098,0.0015093000038177,0.1790067999972961,0.1805161000011139,0.994535519125683,0.9946574354332268,0.9944540596774956,0.994531594534242,0.9945912869423624,0.994535519125683,0.9945390287660412,"{""labels"": [""0"", ""1"", ""2"", ""3"", ""4"", ""5"", ""6"", ""7"", ""8"", ""9""], ""matrix"": [[113, 0, 0, 0, 0, 0, 1, 0, 0, 0], [0, 113, 1, 0, 0, 0, 0, 0, 0, 0], [0, 0, 115, 0, 0, 0, 0, 0, 0, 0], [0, 0, 0, 104, 1, 0, 0, 0, 0, 0], [0, 0, 0, 0, 114, 0, 0, 0, 0, 0], [0, 0, 0, 0, 0, 105, 0, 1, 0, 0], [0, 0, 0, 0, 0, 0, 105, 0, 0, 0], [0, 0, 0, 0, 0, 0, 0, 114, 0, 0], [0, 0, 0, 0, 0, 0, 0, 1, 105, 0], [0, 0, 0, 0, 0, 1, 0, 0, 0, 104]]}"
e-k3-mp-DC,euclidean,3,modified_plurality,RetentionPolicy.DIFFERENT_CLASS_RETENTION,9,10,9890,1102,0.0014703999986522,0.1889315000007627,0.190401899999415,0.9927404718693283,0.992802844837552,0.992790117212638,0.9927535741891148,0.9928126513241332,0.9927404718693283,0.9927325015165368,"{""labels"": [""0"", ""1"", ""2"", ""3"", ""4"", ""5"", ""6"", ""7"", ""8"", ""9""], ""matrix"": [[113, 0, 0, 0, 1, 0, 0, 0, 0, 1], [0, 111, 2, 1, 0, 0, 0, 0, 0, 0], [0, 0, 115, 0, 0, 0, 0, 0, 0, 0], [0, 0, 0, 104, 0, 0, 0, 0, 0, 1], [0, 0, 0, 0, 115, 0, 0, 0, 0, 0], [0, 0, 0, 0, 0, 105, 0, 0, 1, 0], [0, 0, 0, 0, 0, 0, 106, 0, 0, 0], [0, 0, 0, 0, 0, 0, 0, 114, 0, 0], [0, 0, 0, 0, 0, 0, 0, 0, 106, 0], [0, 0, 0, 0, 0, 0, 0, 1, 0, 105]]}"
e-k3-mp-DD,euclidean,3,modified_plurality,RetentionPolicy.DD_RETENTION,0,10,9894,1098,0.0015853000004426,0.1858887999987928,0.1874740999992354,0.9954462659380692,0.995364010251216,0.9954140683949416,0.9953723115833676,0.9954794900343364,0.9954462659380692,0.9954463601187652,"{""labels"": [""0"", ""1"", ""2"", ""3"", ""4"", ""5"", ""6"", ""7"", ""8"", ""9""], ""matrix"": [[115, 0, 0, 0, 0, 0, 0, 0, 0, 0], [0, 114, 0, 0, 0, 0, 0, 0, 0, 0], [0, 0, 114, 0, 0, 0, 0, 0, 0, 0], [0, 0, 0, 105, 0, 0, 0, 0, 0, 0], [0, 0, 0, 0, 114, 1, 0, 0, 0, 0], [0, 0, 0, 0, 0, 105, 0, 0, 0, 0], [0, 0, 0, 0, 0, 0, 105, 0, 0, 0], [0, 0, 0, 0, 0, 0, 0, 113, 0, 1], [1, 0, 0, 0, 0, 1, 0, 0, 104, 0], [0, 0, 0, 0, 0, 0, 0, 0, 1, 104]]}"
e-k3-mp-DD,euclidean,3,modified_plurality,RetentionPolicy.DD_RETENTION,1,10,9893,1099,0.0018285999976797,0.1899039999989327,0.1917325999966124,0.991810737033667,0.991993406249861,0.9919701427481749,0.991933587236467,0.991906767000334,0.991810737033667,0.9918102954233238,"{""labels"": [""0"", ""1"", ""2"", ""3"", ""4"", ""5"", ""6"", ""7"", ""8"", ""9""], ""matrix"": [[114, 1, 0, 0, 0, 0, 0, 0, 0, 0], [0, 112, 2, 0, 0, 0, 0, 0, 0, 0], [0, 0, 114, 0, 0, 0, 0, 0, 0, 0], [0, 0, 0, 103, 0, 0, 0, 1, 0, 1], [0, 0, 0, 0, 114, 1, 0, 0, 0, 0], [0, 0, 0, 0, 0, 105, 0, 0, 0, 0], [0, 0, 0, 0, 0, 0, 106, 0, 0, 0], [0, 1, 1, 0, 0, 0, 0, 111, 0, 1], [0, 0, 0, 0, 0, 0, 0, 0, 105, 0], [0, 0, 0, 0, 0, 0, 0, 0, 0, 106]]}"
e-k3-mp-DD,euclidean,3,modified_plurality,RetentionPolicy.DD_RETENTION,2,10,9895,1097,0.0016066000025602,0.1896676999967894,0.1912742999993497,0.9954421148587056,0.9953911185432924,0.9953960989430096,0.9953637826179124,0.9955172412040948,0.9954421148587056,0.9954506424242489,"{""labels"": [""0"", ""1"", ""2"", ""3"", ""4"", ""5"", ""6"", ""7"", ""8"", ""9""], ""matrix"": [[113, 0, 0, 0, 0, 0, 0, 0, 0, 1], [0, 114, 0, 0, 1, 0, 0, 0, 0, 0], [0, 0, 115, 0, 0, 0, 0, 0, 0, 0], [0, 0, 0, 104, 0, 1, 0, 0, 0, 0], [0, 0, 0, 0, 114, 0, 0, 0, 0, 0], [0, 0, 0, 0, 0, 105, 0, 0, 0, 0], [0, 0, 0, 0, 0, 0, 105, 0, 0, 0], [0, 0, 0, 0, 0, 0, 0, 114, 0, 0], [0, 0, 0, 0, 0, 0, 0, 0, 105, 0], [0, 0, 0, 0, 0, 2, 0, 0, 0, 103]]}"
e-k3-mp-DD,euclidean,3,modified_plurality,RetentionPolicy.DD_RETENTION,3,10,9892,1100,0.0018263999954797,0.1912386000039987,0.1930649999994784,0.99,0.9900749617161846,0.9900882641386074,0.9900450755718212,0.9900577600882944,0.99,0.9899920897107106,"{""labels"": [""0"", ""1"", ""2"", ""3"", ""4"", ""5"", ""6"", ""7"", ""8"", ""9""], ""matrix"": [[114, 0, 0, 0, 0, 0, 0, 0, 0, 0], [0, 112, 0, 2, 0, 0, 0, 0, 0, 0], [0, 0, 114, 0, 0, 0, 0, 1, 0, 0], [0, 1, 1, 103, 0, 0, 0, 0, 0, 0], [0, 0, 0, 0, 115, 0, 0, 0, 0, 0], [0, 0, 0, 1, 0, 103, 0, 0, 0, 1], [0, 0, 0, 0, 0, 0, 105, 0, 0, 0], [0, 2, 1, 0, 0, 0, 0, 111, 1, 0], [0, 0, 0, 0, 0, 0, 0, 0, 106, 0], [0, 0, 0, 0, 0, 0, 0, 0, 0, 106]]}"
e-k3-mp-DD,euclidean,3,modified_plurality,RetentionPolicy.DD_RETENTION,4,10,9894,1098,0.0014764000006834,0.1863628999999491,0.1878393000006326,0.994535519125683,0.9946499391813528,0.9943864994726356,0.9944846707526998,0.9945999471652976,0.994535519125683,0.9945344707366918,"{""labels"": [""0"", ""1"", ""2"", ""3"", ""4"", ""5"", ""6"", ""7"", ""8"", ""9""], ""matrix"": [[114, 0, 0, 0, 0, 0, 0, 0, 0, 0], [0, 114, 1, 0, 0, 0, 0, 0, 0, 0], [0, 0, 114, 0, 0, 0, 0, 0, 0, 0], [0, 0, 1, 104, 0, 0, 0, 0, 0, 0], [0, 0, 0, 0, 114, 0, 0, 0, 0, 0], [0, 0, 0, 2, 0, 104, 0, 0, 0, 0], [0, 0, 0, 0, 0, 0, 106, 0, 0, 0], [0, 0, 0, 0, 0, 0, 0, 114, 0, 0], [0, 0, 0, 0, 0, 0, 0, 0, 105, 0], [0, 0, 0, 0, 1, 0, 0, 1, 0, 103]]}"
e-k3-mp-DD,euclidean,3,modified_plurality,RetentionPolicy.DD_RETENTION,5,10,9894,1098,0.0017245000053662,0.1922002999999676,0.1939248000053339,0.9954462659380692,0.995431701969267,0.9953884711779448,0.995392882182636,0.995488232085377,0.9954462659380692,0.9954504827287894,"{""labels"": [""0"", ""1"", ""2"", ""3"", ""4"", ""5"", ""6"", ""7"", ""8"", ""9""], ""matrix"": [[114, 0, 0, 0, 0, 0, 0, 0, 0, 0], [0, 113, 0, 1, 0, 0, 0, 0, 0, 0], [0, 0, 114, 0, 0, 0, 0, 0, 0, 0], [0, 0, 0, 105, 0, 0, 0, 0, 0, 0], [0, 0, 0, 0, 113, 0, 0, 0, 0, 1], [0, 0, 0, 1, 0, 104, 0, 0, 0, 0], [0, 0, 0, 0, 0, 0, 108, 0, 0, 0], [0, 0, 0, 0, 0, 0, 0, 114, 0, 0], [0, 0, 0, 0, 0, 0, 0, 1, 104, 0], [0, 1, 0, 0, 0, 0, 0, 0, 0, 104]]}"
e-k3-mp-DD,euclidean,3,modified_plurality,RetentionPolicy.DD_RETENTION,6,10,9890,1102,0.0018210999987786,0.1985673999952268,0.2003884999940055,0.9945553539019965,0.9946908967188554,0.9944959335079168,0.994557585737322,0.9946262611879926,0.9945553539019965,0.9945545346780644,"{""labels"": [""0"", ""1"", ""2"", ""3"", ""4"", ""5"", ""6"", ""7"", ""8"", ""9""], ""matrix"": [[114, 0, 0, 0, 0, 0, 0, 0, 0, 0], [0, 113, 2, 0, 0, 0, 0, 0, 0, 0], [0, 0, 114, 0, 0, 0, 0, 0, 0, 0], [0, 0, 0, 108, 0, 0, 0, 0, 0, 0], [0, 0, 0, 0, 114, 0, 0, 0, 0, 0], [0, 0, 0, 1, 0, 105, 0, 0, 0, 0], [0, 0, 0, 0, 0, 1, 104, 0, 0, 0], [0, 0, 0, 0, 0, 0, 0, 114, 0, 0], [0, 0, 0, 0, 0, 0, 0, 0, 105, 0], [0, 0, 0, 0, 2, 0, 0, 0, 0, 105]]}"
e-k3-mp-DD,euclidean,3,modified_plurality,RetentionPolicy.DD_RETENTION,7,10,9892,1100,0.0020600999996531,0.1893697000050451,0.1914298000046983,0.9927272727272728,0.9930873963201547,0.9928410649264672,0.9929219655768612,0.9928204888980752,0.9927272727272728,0.992730360873515,"{""labels"": [""0"", ""1"", ""2"", ""3"", ""4"", ""5"", ""6"", ""7"", ""8"", ""9""], ""matrix"": [[112, 0, 0, 0, 2, 0, 0, 0, 0, 0], [0, 111, 3, 0, 0, 0, 0, 0, 0, 0], [0, 1, 113, 0, 0, 0, 0, 0, 0, 0], [0, 0, 0, 107, 0, 0, 0, 0, 0, 0], [0, 0, 0, 0, 114, 0, 0, 0, 0, 0], [0, 0, 0, 0, 0, 106, 0, 0, 0, 0], [0, 0, 0, 0, 0, 0, 105, 0, 0, 0], [0, 0, 0, 0, 0, 0, 0, 115, 0, 0], [0, 0, 0, 0, 0, 0, 0, 1, 105, 0], [0, 0, 0, 0, 0, 0, 0, 1, 0, 104]]}"
e-k3-mp-DD,euclidean,3,modified_plurality,RetentionPolicy.DD_RETENTION,8,10,9894,1098,0.0014830000000074,0.1850039999990258,0.1864869999990333,0.994535519125683,0.9946574354332268,0.9944540596774956,0.994531594534242,0.9945912869423624,0.994535519125683,0.9945390287660412,"{""labels"": [""0"", ""1"", ""2"", ""3"", ""4"", ""5"", ""6"", ""7"", ""8"", ""9""], ""matrix"": [[113, 0, 0, 0, 0, 0, 1, 0, 0, 0], [0, 113, 1, 0, 0, 0, 0, 0, 0, 0], [0, 0, 115, 0, 0, 0, 0, 0, 0, 0], [0, 0, 0, 104, 1, 0, 0, 0, 0, 0], [0, 0, 0, 0, 114, 0, 0, 0, 0, 0], [0, 0, 0, 0, 0, 105, 0, 1, 0, 0], [0, 0, 0, 0, 0, 0, 105, 0, 0, 0], [0, 0, 0, 0, 0, 0, 0, 114, 0, 0], [0, 0, 0, 0, 0, 0, 0, 1, 105, 0], [0, 0, 0, 0, 0, 1, 0, 0, 0, 104]]}"
e-k3-mp-DD,euclidean,3,modified_plurality,RetentionPolicy.DD_RETENTION,9,10,9890,1102,0.0017339000041829,0.1915884999980335,0.1933224000022164,0.9927404718693283,0.992802844837552,0.992790117212638,0.9927535741891148,0.9928126513241332,0.9927404718693283,0.9927325015165368,"{""labels"": [""0"", ""1"", ""2"", ""3"", ""4"", ""5"", ""6"", ""7"", ""8"", ""9""], ""matrix"": [[113, 0, 0, 0, 1, 0, 0, 0, 0, 1], [0, 111, 2, 1, 0, 0, 0, 0, 0, 0], [0, 0, 115, 0, 0, 0, 0, 0, 0, 0], [0, 0, 0, 104, 0, 0, 0, 0, 0, 1], [0, 0, 0, 0, 115, 0, 0, 0, 0, 0], [0, 0, 0, 0, 0, 105, 0, 0, 1, 0], [0, 0, 0, 0, 0, 0, 106, 0, 0, 0], [0, 0, 0, 0, 0, 0, 0, 114, 0, 0], [0, 0, 0, 0, 0, 0, 0, 0, 106, 0], [0, 0, 0, 0, 0, 0, 0, 1, 0, 105]]}"
e-k5-b-AR,euclidean,5,borda,RetentionPolicy.ALWAYS_RETAIN,0,10,9894,1098,0.0014443999971263,0.1962535000056959,0.1976979000028222,0.9963570127504554,0.9962897729033058,0.9962836336123329,0.996278455383201,0.996364782187974,0.9963570127504554,0.9963526616780508,"{""labels"": [""0"", ""1"", ""2"", ""3"", ""4"", ""5"", ""6"", ""7"", ""8"", ""9""], ""matrix"": [[115, 0, 0, 0, 0, 0, 0, 0, 0, 0], [0, 114, 0, 0, 0, 0, 0, 0, 0, 0], [0, 0, 114, 0, 0, 0, 0, 0, 0, 0], [0, 0, 0, 105, 0, 0, 0, 0, 0, 0], [0, 0, 0, 0, 115, 0, 0, 0, 0, 0], [0, 0, 0, 0, 0, 105, 0, 0, 0, 0], [0, 0, 0, 0, 0, 0, 105, 0, 0, 0], [0, 0, 0, 0, 0, 0, 0, 113, 0, 1], [1, 0, 0, 0, 0, 1, 0, 0, 104, 0], [0, 0, 0, 0, 0, 0, 0, 0, 1, 104]]}"
e-k5-b-AR,euclidean,5,borda,RetentionPolicy.ALWAYS_RETAIN,1,10,9893,1099,0.001494600001024,0.1917736000032164,0.1932682000042405,0.991810737033667,0.9919715720514912,0.9919039395042158,0.9919004002978964,0.9918841182413332,0.991810737033667,0.991810369656238,"{""labels"": [""0"", ""1"", ""2"", ""3"", ""4"", ""5"", ""6"", ""7"", ""8"", ""9""], ""matrix"": [[114, 1, 0, 0, 0, 0, 0, 0, 0, 0], [0, 113, 1, 0, 0, 0, 0, 0, 0, 0], [0, 0, 114, 0, 0, 0, 0, 0, 0, 0], [0, 0, 0, 103, 0, 0, 0, 1, 0, 1], [0, 0, 0, 0, 114, 1, 0, 0, 0, 0], [0, 0, 0, 0, 0, 105, 0, 0, 0, 0], [0, 0, 0, 0, 0, 0, 105, 1, 0, 0], [0, 1, 1, 0, 0, 0, 0, 111, 0, 1], [0, 0, 0, 0, 0, 0, 0, 0, 105, 0], [0, 0, 0, 0, 0, 0, 0, 0, 0, 106]]}"
e-k5-b-AR,euclidean,5,borda,RetentionPolicy.ALWAYS_RETAIN,2,10,9895,1097,0.0014836999980616,0.1968811000042478,0.1983648000023095,0.9936189608021878,0.9935598370486508,0.9935665250081728,0.9935287877114956,0.9936851517864896,0.9936189608021878,0.993618663729355,"{""labels"": [""0"", ""1"", ""2"", ""3"", ""4"", ""5"", ""6"", ""7"", ""8"", ""9""], ""matrix"": [[113, 0, 0, 0, 0, 0, 0, 0, 0, 1], [0, 114, 0, 0, 1, 0, 0, 0, 0, 0], [0, 0, 115, 0, 0, 0, 0, 0, 0, 0], [0, 0, 0, 104, 0, 1, 0, 0, 0, 0], [0, 0, 0, 0, 114, 0, 0, 0, 0, 0], [0, 0, 0, 0, 0, 105, 0, 0, 0, 0], [0, 0, 0, 0, 0, 0, 105, 0, 0, 0], [0, 1, 0, 0, 0, 0, 0, 113, 0, 0], [0, 0, 0, 0, 0, 0, 0, 0, 105, 0], [0, 0, 0, 1, 0, 2, 0, 0, 0, 102]]}"
e-k5-b-AR,euclidean,5,borda,RetentionPolicy.ALWAYS_RETAIN,3,10,9892,1100,0.0016520000062882,0.1972351999938837,0.198887200000172,0.9918181818181818,0.991885351350578,0.9918350223384548,0.9918316508804632,0.9918661060106108,0.9918181818181818,0.9918135699052402,"{""labels"": [""0"", ""1"", ""2"", ""3"", ""4"", ""5"", ""6"", ""7"", ""8"", ""9""], ""matrix"": [[114, 0, 0, 0, 0, 0, 0, 0, 0, 0], [0, 113, 0, 1, 0, 0, 0, 0, 0, 0], [0, 0, 114, 0, 0, 0, 0, 1, 0, 0], [0, 1, 1, 103, 0, 0, 0, 0, 0, 0], [0, 0, 0, 0, 115, 0, 0, 0, 0, 0], [0, 0, 0, 1, 0, 103, 0, 0, 0, 1], [0, 0, 0, 0, 0, 0, 105, 0, 0, 0], [0, 2, 0, 0, 0, 0, 0, 112, 1, 0], [0, 0, 0, 0, 0, 0, 0, 0, 106, 0], [0, 0, 0, 0, 0, 0, 0, 0, 0, 106]]}"
e-k5-b-AR,euclidean,5,borda,RetentionPolicy.ALWAYS_RETAIN,4,10,9894,1098,0.0014713999989908,0.1954910999993444,0.1969624999983352,0.994535519125683,0.9946499391813528,0.9943864994726356,0.9944846707526998,0.9945999471652976,0.994535519125683,0.9945344707366918,"{""labels"": [""0"", ""1"", ""2"", ""3"", ""4"", ""5"", ""6"", ""7"", ""8"", ""9""], ""matrix"": [[114, 0, 0, 0, 0, 0, 0, 0, 0, 0], [0, 114, 1, 0, 0, 0, 0, 0, 0, 0], [0, 0, 114, 0, 0, 0, 0, 0, 0, 0], [0, 0, 1, 104, 0, 0, 0, 0, 0, 0], [0, 0, 0, 0, 114, 0, 0, 0, 0, 0], [0, 0, 0, 2, 0, 104, 0, 0, 0, 0], [0, 0, 0, 0, 0, 0, 106, 0, 0, 0], [0, 0, 0, 0, 0, 0, 0, 114, 0, 0], [0, 0, 0, 0, 0, 0, 0, 0, 105, 0], [0, 0, 0, 0, 1, 0, 0, 1, 0, 103]]}"
e-k5-b-AR,euclidean,5,borda,RetentionPolicy.ALWAYS_RETAIN,5,10,9894,1098,0.0015156000008573,0.1960222999987309,0.1975378999995882,0.9963570127504554,0.9963012671866582,0.9963408521303256,0.9963080323048652,0.9963910593602642,0.9963570127504554,0.9963614198311428,"{""labels"": [""0"", ""1"", ""2"", ""3"", ""4"", ""5"", ""6"", ""7"", ""8"", ""9""], ""matrix"": [[114, 0, 0, 0, 0, 0, 0, 0, 0, 0], [0, 113, 0, 1, 0, 0, 0, 0, 0, 0], [0, 0, 114, 0, 0, 0, 0, 0, 0, 0], [0, 0, 0, 105, 0, 0, 0, 0, 0, 0], [0, 0, 0, 0, 113, 0, 0, 0, 0, 1], [0, 0, 0, 1, 0, 104, 0, 0, 0, 0], [0, 0, 0, 0, 0, 0, 108, 0, 0, 0], [0, 0, 0, 0, 0, 0, 0, 114, 0, 0], [0, 0, 0, 0, 0, 0, 0, 0, 105, 0], [0, 1, 0, 0, 0, 0, 0, 0, 0, 104]]}"
e-k5-b-AR,euclidean,5,borda,RetentionPolicy.ALWAYS_RETAIN,6,10,9890,1102,0.0014733999996678,0.1942010000057052,0.1956744000053731,0.9954627949183305,0.9955454694324984,0.995430512947169,0.9954643823903458,0.9955103019262443,0.9954627949183305,0.9954624968362888,"{""labels"": [""0"", ""1"", ""2"", ""3"", ""4"", ""5"", ""6"", ""7"", ""8"", ""9""], ""matrix"": [[114, 0, 0, 0, 0, 0, 0, 0, 0, 0], [0, 113, 2, 0, 0, 0, 0, 0, 0, 0], [0, 0, 114, 0, 0, 0, 0, 0, 0, 0], [0, 0, 0, 108, 0, 0, 0, 0, 0, 0], [0, 0, 0, 0, 114, 0, 0, 0, 0, 0], [0, 0, 0, 1, 0, 105, 0, 0, 0, 0], [0, 0, 0, 0, 0, 1, 104, 0, 0, 0], [0, 0, 0, 0, 0, 0, 0, 114, 0, 0], [0, 0, 0, 0, 0, 0, 0, 0, 105, 0], [0, 0, 0, 0, 1, 0, 0, 0, 0, 106]]}"
e-k5-b-AR,euclidean,5,borda,RetentionPolicy.ALWAYS_RETAIN,7,10,9892,1100,0.0017559999978402,0.2006553000028361,0.2024113000006764,0.9927272727272728,0.9930873963201547,0.9928410649264672,0.9929219655768612,0.9928204888980752,0.9927272727272728,0.992730360873515,"{""labels"": [""0"", ""1"", ""2"", ""3"", ""4"", ""5"", ""6"", ""7"", ""8"", ""9""], ""matrix"": [[112, 0, 0, 0, 2, 0, 0, 0, 0, 0], [0, 111, 3, 0, 0, 0, 0, 0, 0, 0], [0, 1, 113, 0, 0, 0, 0, 0, 0, 0], [0, 0, 0, 107, 0, 0, 0, 0, 0, 0], [0, 0, 0, 0, 114, 0, 0, 0, 0, 0], [0, 0, 0, 0, 0, 106, 0, 0, 0, 0], [0, 0, 0, 0, 0, 0, 105, 0, 0, 0], [0, 0, 0, 0, 0, 0, 0, 115, 0, 0], [0, 0, 0, 0, 0, 0, 0, 1, 105, 0], [0, 0, 0, 0, 0, 0, 0, 1, 0, 104]]}"
e-k5-b-AR,euclidean,5,borda,RetentionPolicy.ALWAYS_RETAIN,8,10,9894,1098,0.0016351000012946,0.1999575000008917,0.2015926000021863,0.9954462659380692,0.99551200814687,0.9953974559039108,0.9954384121782148,0.9954785482297516,0.9954462659380692,0.995446002738888,"{""labels"": [""0"", ""1"", ""2"", ""3"", ""4"", ""5"", ""6"", ""7"", ""8"", ""9""], ""matrix"": [[113, 0, 0, 0, 0, 0, 1, 0, 0, 0], [0, 113, 1, 0, 0, 0, 0, 0, 0, 0], [0, 0, 115, 0, 0, 0, 0, 0, 0, 0], [0, 0, 0, 104, 1, 0, 0, 0, 0, 0], [0, 0, 0, 0, 114, 0, 0, 0, 0, 0], [0, 0, 0, 0, 0, 105, 0, 1, 0, 0], [0, 0, 0, 0, 0, 0, 105, 0, 0, 0], [0, 0, 0, 0, 0, 0, 0, 114, 0, 0], [0, 0, 0, 0, 0, 0, 0, 0, 106, 0], [0, 0, 0, 0, 0, 1, 0, 0, 0, 104]]}"
e-k5-b-AR,euclidean,5,borda,RetentionPolicy.ALWAYS_RETAIN,9,10,9890,1102,0.0015399000039906,0.1992059999975026,0.2007459000014932,0.9927404718693283,0.992802844837552,0.992790117212638,0.9927535741891148,0.9928126513241332,0.9927404718693283,0.9927325015165368,"{""labels"": [""0"", ""1"", ""2"", ""3"", ""4"", ""5"", ""6"", ""7"", ""8"", ""9""], ""matrix"": [[113, 0, 0, 0, 1, 0, 0, 0, 0, 1], [0, 111, 2, 1, 0, 0, 0, 0, 0, 0], [0, 0, 115, 0, 0, 0, 0, 0, 0, 0], [0, 0, 0, 104, 0, 0, 0, 0, 0, 1], [0, 0, 0, 0, 115, 0, 0, 0, 0, 0], [0, 0, 0, 0, 0, 105, 0, 0, 1, 0], [0, 0, 0, 0, 0, 0, 106, 0, 0, 0], [0, 0, 0, 0, 0, 0, 0, 114, 0, 0], [0, 0, 0, 0, 0, 0, 0, 0, 106, 0], [0, 0, 0, 0, 0, 0, 0, 1, 0, 105]]}"
e-k5-b-NR,euclidean,5,borda,RetentionPolicy.NEVER_RETAIN,0,10,9894,1098,0.0016942000002018,0.1692513000016333,0.1709455000018351,0.9963570127504554,0.9962897729033058,0.9962836336123329,0.996278455383201,0.996364782187974,0.9963570127504554,0.9963526616780508,"{""labels"": [""0"", ""1"", ""2"", ""3"", ""4"", ""5"", ""6"", ""7"", ""8"", ""9""], ""matrix"": [[115, 0, 0, 0, 0, 0, 0, 0, 0, 0], [0, 114, 0, 0, 0, 0, 0, 0, 0, 0], [0, 0, 114, 0, 0, 0, 0, 0, 0, 0], [0, 0, 0, 105, 0, 0, 0, 0, 0, 0], [0, 0, 0, 0, 115, 0, 0, 0, 0, 0], [0, 0, 0, 0, 0, 105, 0, 0, 0, 0], [0, 0, 0, 0, 0, 0, 105, 0, 0, 0], [0, 0, 0, 0, 0, 0, 0, 113, 0, 1], [1, 0, 0, 0, 0, 1, 0, 0, 104, 0], [0, 0, 0, 0, 0, 0, 0, 0, 1, 104]]}"
e-k5-b-NR,euclidean,5,borda,RetentionPolicy.NEVER_RETAIN,1,10,9893,1099,0.0014640000008512,0.1731733999986318,0.174637399999483,0.9927206551410374,0.9928486264130588,0.9928473357306308,0.9928070656145668,0.9927938925563352,0.9927206551410374,0.9927163603469216,"{""labels"": [""0"", ""1"", ""2"", ""3"", ""4"", ""5"", ""6"", ""7"", ""8"", ""9""], ""matrix"": [[114, 1, 0, 0, 0, 0, 0, 0, 0, 0], [0, 113, 1, 0, 0, 0, 0, 0, 0, 0], [0, 0, 114, 0, 0, 0, 0, 0, 0, 0], [0, 0, 0, 103, 0, 0, 0, 1, 0, 1], [0, 0, 0, 0, 114, 1, 0, 0, 0, 0], [0, 0, 0, 0, 0, 105, 0, 0, 0, 0], [0, 0, 0, 0, 0, 0, 106, 0, 0, 0], [0, 1, 1, 0, 0, 0, 0, 111, 0, 1], [0, 0, 0, 0, 0, 0, 0, 0, 105, 0], [0, 0, 0, 0, 0, 0, 0, 0, 0, 106]]}"
e-k5-b-NR,euclidean,5,borda,RetentionPolicy.NEVER_RETAIN,2,10,9895,1097,0.0014503999991575,0.1686881999994511,0.1701385999986087,0.9936189608021878,0.9935598370486508,0.9935665250081728,0.9935287877114956,0.9936851517864896,0.9936189608021878,0.993618663729355,"{""labels"": [""0"", ""1"", ""2"", ""3"", ""4"", ""5"", ""6"", ""7"", ""8"", ""9""], ""matrix"": [[113, 0, 0, 0, 0, 0, 0, 0, 0, 1], [0, 114, 0, 0, 1, 0, 0, 0, 0, 0], [0, 0, 115, 0, 0, 0, 0, 0, 0, 0], [0, 0, 0, 104, 0, 1, 0, 0, 0, 0], [0, 0, 0, 0, 114, 0, 0, 0, 0, 0], [0, 0, 0, 0, 0, 105, 0, 0, 0, 0], [0, 0, 0, 0, 0, 0, 105, 0, 0, 0], [0, 1, 0, 0, 0, 0, 0, 113, 0, 0], [0, 0, 0, 0, 0, 0, 0, 0, 105, 0], [0, 0, 0, 1, 0, 2, 0, 0, 0, 102]]}"
e-k5-b-NR,euclidean,5,borda,RetentionPolicy.NEVER_RETAIN,3,10,9892,1100,0.0016281999996863,0.1687992000006488,0.1704274000003351,0.9927272727272728,0.9928199307898304,0.9927874032908358,0.9927842040105552,0.9927667007429812,0.9927272727272728,0.9927270931982196,"{""labels"": [""0"", ""1"", ""2"", ""3"", ""4"", ""5"", ""6"", ""7"", ""8"", ""9""], ""matrix"": [[114, 0, 0, 0, 0, 0, 0, 0, 0, 0], [0, 113, 0, 1, 0, 0, 0, 0, 0, 0], [0, 0, 114, 0, 0, 0, 0, 1, 0, 0], [0, 1, 1, 103, 0, 0, 0, 0, 0, 0], [0, 0, 0, 0, 115, 0, 0, 0, 0, 0], [0, 0, 0, 1, 0, 104, 0, 0, 0, 0], [0, 0, 0, 0, 0, 0, 105, 0, 0, 0], [0, 2, 0, 0, 0, 0, 0, 112, 1, 0], [0, 0, 0, 0, 0, 0, 0, 0, 106, 0], [0, 0, 0, 0, 0, 0, 0, 0, 0, 106]]}"
e-k5-b-NR,euclidean,5,borda,RetentionPolicy.NEVER_RETAIN,4,10,9894,1098,0.0014626000047428,0.1682380999991437,0.1697007000038866,0.994535519125683,0.9946499391813528,0.9943864994726356,0.9944846707526998,0.9945999471652976,0.994535519125683,0.9945344707366918,"{""labels"": [""0"", ""1"", ""2"", ""3"", ""4"", ""5"", ""6"", ""7"", ""8"", ""9""], ""matrix"": [[114, 0, 0, 0, 0, 0, 0, 0, 0, 0], [0, 114, 1, 0, 0, 0, 0, 0, 0, 0], [0, 0, 114, 0, 0, 0, 0, 0, 0, 0], [0, 0, 1, 104, 0, 0, 0, 0, 0, 0], [0, 0, 0, 0, 114, 0, 0, 0, 0, 0], [0, 0, 0, 2, 0, 104, 0, 0, 0, 0], [0, 0, 0, 0, 0, 0, 106, 0, 0, 0], [0, 0, 0, 0, 0, 0, 0, 114, 0, 0], [0, 0, 0, 0, 0, 0, 0, 0, 105, 0], [0, 0, 0, 0, 1, 0, 0, 1, 0, 103]]}"
e-k5-b-NR,euclidean,5,borda,RetentionPolicy.NEVER_RETAIN,5,10,9894,1098,0.0019648999950732,0.1700778000013088,0.172042699996382,0.9972677595628416,0.9972346576038128,0.997218045112782,0.9972180066417398,0.9972842710514008,0.9972677595628416,0.9972677213904286,"{""labels"": [""0"", ""1"", ""2"", ""3"", ""4"", ""5"", ""6"", ""7"", ""8"", ""9""], ""matrix"": [[114, 0, 0, 0, 0, 0, 0, 0, 0, 0], [0, 114, 0, 0, 0, 0, 0, 0, 0, 0], [0, 0, 114, 0, 0, 0, 0, 0, 0, 0], [0, 0, 0, 105, 0, 0, 0, 0, 0, 0], [0, 0, 0, 0, 113, 0, 0, 0, 0, 1], [0, 0, 0, 1, 0, 104, 0, 0, 0, 0], [0, 0, 0, 0, 0, 0, 108, 0, 0, 0], [0, 0, 0, 0, 0, 0, 0, 114, 0, 0], [0, 0, 0, 0, 0, 0, 0, 0, 105, 0], [0, 1, 0, 0, 0, 0, 0, 0, 0, 104]]}"
e-k5-b-NR,euclidean,5,borda,RetentionPolicy.NEVER_RETAIN,6,10,9890,1102,0.0014389999996637,0.1692047999968053,0.1706437999964691,0.9945553539019965,0.9946908967188554,0.9944959335079168,0.994557585737322,0.9946262611879926,0.9945553539019965,0.9945545346780644,"{""labels"": [""0"", ""1"", ""2"", ""3"", ""4"", ""5"", ""6"", ""7"", ""8"", ""9""], ""matrix"": [[114, 0, 0, 0, 0, 0, 0, 0, 0, 0], [0, 113, 2, 0, 0, 0, 0, 0, 0, 0], [0, 0, 114, 0, 0, 0, 0, 0, 0, 0], [0, 0, 0, 108, 0, 0, 0, 0, 0, 0], [0, 0, 0, 0, 114, 0, 0, 0, 0, 0], [0, 0, 0, 1, 0, 105, 0, 0, 0, 0], [0, 0, 0, 0, 0, 1, 104, 0, 0, 0], [0, 0, 0, 0, 0, 0, 0, 114, 0, 0], [0, 0, 0, 0, 0, 0, 0, 0, 105, 0], [0, 0, 0, 0, 2, 0, 0, 0, 0, 105]]}"
e-k5-b-NR,euclidean,5,borda,RetentionPolicy.NEVER_RETAIN,7,10,9892,1100,0.001482700004999,0.1682700000019394,0.1697527000069385,0.9927272727272728,0.9930873963201547,0.9928410649264672,0.9929219655768612,0.9928204888980752,0.9927272727272728,0.992730360873515,"{""labels"": [""0"", ""1"", ""2"", ""3"", ""4"", ""5"", ""6"", ""7"", ""8"", ""9""], ""matrix"": [[112, 0, 0, 0, 2, 0, 0, 0, 0, 0], [0, 111, 3, 0, 0, 0, 0, 0, 0, 0], [0, 1, 113, 0, 0, 0, 0, 0, 0, 0], [0, 0, 0, 107, 0, 0, 0, 0, 0, 0], [0, 0, 0, 0, 114, 0, 0, 0, 0, 0], [0, 0, 0, 0, 0, 106, 0, 0, 0, 0], [0, 0, 0, 0, 0, 0, 105, 0, 0, 0], [0, 0, 0, 0, 0, 0, 0, 115, 0, 0], [0, 0, 0, 0, 0, 0, 0, 1, 105, 0], [0, 0, 0, 0, 0, 0, 0, 1, 0, 104]]}"
e-k5-b-NR,euclidean,5,borda,RetentionPolicy.NEVER_RETAIN,8,10,9894,1098,0.0014725000000908,0.1682675999982166,0.1697400999983074,0.9954462659380692,0.99551200814687,0.9953974559039108,0.9954384121782148,0.9954785482297516,0.9954462659380692,0.995446002738888,"{""labels"": [""0"", ""1"", ""2"", ""3"", ""4"", ""5"", ""6"", ""7"", ""8"", ""9""], ""matrix"": [[113, 0, 0, 0, 0, 0, 1, 0, 0, 0], [0, 113, 1, 0, 0, 0, 0, 0, 0, 0], [0, 0, 115, 0, 0, 0, 0, 0, 0, 0], [0, 0, 0, 104, 1, 0, 0, 0, 0, 0], [0, 0, 0, 0, 114, 0, 0, 0, 0, 0], [0, 0, 0, 0, 0, 105, 0, 1, 0, 0], [0, 0, 0, 0, 0, 0, 105, 0, 0, 0], [0, 0, 0, 0, 0, 0, 0, 114, 0, 0], [0, 0, 0, 0, 0, 0, 0, 0, 106, 0], [0, 0, 0, 0, 0, 1, 0, 0, 0, 104]]}"
e-k5-b-NR,euclidean,5,borda,RetentionPolicy.NEVER_RETAIN,9,10,9890,1102,0.0014195999974617,0.1705967000016244,0.1720162999990862,0.9927404718693283,0.992802844837552,0.992790117212638,0.9927535741891148,0.9928126513241332,0.9927404718693283,0.9927325015165368,"{""labels"": [""0"", ""1"", ""2"", ""3"", ""4"", ""5"", ""6"", ""7"", ""8"", ""9""], ""matrix"": [[113, 0, 0, 0, 1, 0, 0, 0, 0, 1], [0, 111, 2, 1, 0, 0, 0, 0, 0, 0], [0, 0, 115, 0, 0, 0, 0, 0, 0, 0], [0, 0, 0, 104, 0, 0, 0, 0, 0, 1], [0, 0, 0, 0, 115, 0, 0, 0, 0, 0], [0, 0, 0, 0, 0, 105, 0, 0, 1, 0], [0, 0, 0, 0, 0, 0, 106, 0, 0, 0], [0, 0, 0, 0, 0, 0, 0, 114, 0, 0], [0, 0, 0, 0, 0, 0, 0, 0, 106, 0], [0, 0, 0, 0, 0, 0, 0, 1, 0, 105]]}"
e-k5-b-DC,euclidean,5,borda,RetentionPolicy.DIFFERENT_CLASS_RETENTION,0,10,9894,1098,0.0014760999983991,0.1701700999983586,0.1716461999967578,0.9963570127504554,0.9962897729033058,0.9962836336123329,0.996278455383201,0.996364782187974,0.9963570127504554,0.9963526616780508,"{""labels"": [""0"", ""1"", ""2"", ""3"", ""4"", ""5"", ""6"", ""7"", ""8"", ""9""], ""matrix"": [[115, 0, 0, 0, 0, 0, 0, 0, 0, 0], [0, 114, 0, 0, 0, 0, 0, 0, 0, 0], [0, 0, 114, 0, 0, 0, 0, 0, 0, 0], [0, 0, 0, 105, 0, 0, 0, 0, 0, 0], [0, 0, 0, 0, 115, 0, 0, 0, 0, 0], [0, 0, 0, 0, 0, 105, 0, 0, 0, 0], [0, 0, 0, 0, 0, 0, 105, 0, 0, 0], [0, 0, 0, 0, 0, 0, 0, 113, 0, 1], [1, 0, 0, 0, 0, 1, 0, 0, 104, 0], [0, 0, 0, 0, 0, 0, 0, 0, 1, 104]]}"
e-k5-b-DC,euclidean,5,borda,RetentionPolicy.DIFFERENT_CLASS_RETENTION,1,10,9893,1099,0.0017204999967361,0.1726045000032172,0.1743249999999534,0.9927206551410374,0.9928486264130588,0.9928473357306308,0.9928070656145668,0.9927938925563352,0.9927206551410374,0.9927163603469216,"{""labels"": [""0"", ""1"", ""2"", ""3"", ""4"", ""5"", ""6"", ""7"", ""8"", ""9""], ""matrix"": [[114, 1, 0, 0, 0, 0, 0, 0, 0, 0], [0, 113, 1, 0, 0, 0, 0, 0, 0, 0], [0, 0, 114, 0, 0, 0, 0, 0, 0, 0], [0, 0, 0, 103, 0, 0, 0, 1, 0, 1], [0, 0, 0, 0, 114, 1, 0, 0, 0, 0], [0, 0, 0, 0, 0, 105, 0, 0, 0, 0], [0, 0, 0, 0, 0, 0, 106, 0, 0, 0], [0, 1, 1, 0, 0, 0, 0, 111, 0, 1], [0, 0, 0, 0, 0, 0, 0, 0, 105, 0], [0, 0, 0, 0, 0, 0, 0, 0, 0, 106]]}"
e-k5-b-DC,euclidean,5,borda,RetentionPolicy.DIFFERENT_CLASS_RETENTION,2,10,9895,1097,0.0015817999956198,0.1691808000032324,0.1707625999988522,0.9936189608021878,0.9935598370486508,0.9935665250081728,0.9935287877114956,0.9936851517864896,0.9936189608021878,0.993618663729355,"{""labels"": [""0"", ""1"", ""2"", ""3"", ""4"", ""5"", ""6"", ""7"", ""8"", ""9""], ""matrix"": [[113, 0, 0, 0, 0, 0, 0, 0, 0, 1], [0, 114, 0, 0, 1, 0, 0, 0, 0, 0], [0, 0, 115, 0, 0, 0, 0, 0, 0, 0], [0, 0, 0, 104, 0, 1, 0, 0, 0, 0], [0, 0, 0, 0, 114, 0, 0, 0, 0, 0], [0, 0, 0, 0, 0, 105, 0, 0, 0, 0], [0, 0, 0, 0, 0, 0, 105, 0, 0, 0], [0, 1, 0, 0, 0, 0, 0, 113, 0, 0], [0, 0, 0, 0, 0, 0, 0, 0, 105, 0], [0, 0, 0, 1, 0, 2, 0, 0, 0, 102]]}"
e-k5-b-DC,euclidean,5,borda,RetentionPolicy.DIFFERENT_CLASS_RETENTION,3,10,9892,1100,0.0014863999967928,0.1698095000028843,0.1712958999996772,0.9927272727272728,0.9928199307898304,0.9927874032908358,0.9927842040105552,0.9927667007429812,0.9927272727272728,0.9927270931982196,"{""labels"": [""0"", ""1"", ""2"", ""3"", ""4"", ""5"", ""6"", ""7"", ""8"", ""9""], ""matrix"": [[114, 0, 0, 0, 0, 0, 0, 0, 0, 0], [0, 113, 0, 1, 0, 0, 0, 0, 0, 0], [0, 0, 114, 0, 0, 0, 0, 1, 0, 0], [0, 1, 1, 103, 0, 0, 0, 0, 0, 0], [0, 0, 0, 0, 115, 0, 0, 0, 0, 0], [0, 0, 0, 1, 0, 104, 0, 0, 0, 0], [0, 0, 0, 0, 0, 0, 105, 0, 0, 0], [0, 2, 0, 0, 0, 0, 0, 112, 1, 0], [0, 0, 0, 0, 0, 0, 0, 0, 106, 0], [0, 0, 0, 0, 0, 0, 0, 0, 0, 106]]}"
e-k5-b-DC,euclidean,5,borda,RetentionPolicy.DIFFERENT_CLASS_RETENTION,4,10,9894,1098,0.001509800000349,0.1640171000035479,0.165526900003897,0.994535519125683,0.9946499391813528,0.9943864994726356,0.9944846707526998,0.9945999471652976,0.994535519125683,0.9945344707366918,"{""labels"": [""0"", ""1"", ""2"", ""3"", ""4"", ""5"", ""6"", ""7"", ""8"", ""9""], ""matrix"": [[114, 0, 0, 0, 0, 0, 0, 0, 0, 0], [0, 114, 1, 0, 0, 0, 0, 0, 0, 0], [0, 0, 114, 0, 0, 0, 0, 0, 0, 0], [0, 0, 1, 104, 0, 0, 0, 0, 0, 0], [0, 0, 0, 0, 114, 0, 0, 0, 0, 0], [0, 0, 0, 2, 0, 104, 0, 0, 0, 0], [0, 0, 0, 0, 0, 0, 106, 0, 0, 0], [0, 0, 0, 0, 0, 0, 0, 114, 0, 0], [0, 0, 0, 0, 0, 0, 0, 0, 105, 0], [0, 0, 0, 0, 1, 0, 0, 1, 0, 103]]}"
e-k5-b-DC,euclidean,5,borda,RetentionPolicy.DIFFERENT_CLASS_RETENTION,5,10,9894,1098,0.0015755999993416,0.1674375000002328,0.1690130999995744,0.9963570127504554,0.9963012671866582,0.9963408521303256,0.9963080323048652,0.9963910593602642,0.9963570127504554,0.9963614198311428,"{""labels"": [""0"", ""1"", ""2"", ""3"", ""4"", ""5"", ""6"", ""7"", ""8"", ""9""], ""matrix"": [[114, 0, 0, 0, 0, 0, 0, 0, 0, 0], [0, 113, 0, 1, 0, 0, 0, 0, 0, 0], [0, 0, 114, 0, 0, 0, 0, 0, 0, 0], [0, 0, 0, 105, 0, 0, 0, 0, 0, 0], [0, 0, 0, 0, 113, 0, 0, 0, 0, 1], [0, 0, 0, 1, 0, 104, 0, 0, 0, 0], [0, 0, 0, 0, 0, 0, 108, 0, 0, 0], [0, 0, 0, 0, 0, 0, 0, 114, 0, 0], [0, 0, 0, 0, 0, 0, 0, 0, 105, 0], [0, 1, 0, 0, 0, 0, 0, 0, 0, 104]]}"
e-k5-b-DC,euclidean,5,borda,RetentionPolicy.DIFFERENT_CLASS_RETENTION,6,10,9890,1102,0.0015449999991687,0.1704766000038944,0.1720216000030632,0.9954627949183305,0.9955454694324984,0.995430512947169,0.9954643823903458,0.9955103019262443,0.9954627949183305,0.9954624968362888,"{""labels"": [""0"", ""1"", ""2"", ""3"", ""4"", ""5"", ""6"", ""7"", ""8"", ""9""], ""matrix"": [[114, 0, 0, 0, 0, 0, 0, 0, 0, 0], [0, 113, 2, 0, 0, 0, 0, 0, 0, 0], [0, 0, 114, 0, 0, 0, 0, 0, 0, 0], [0, 0, 0, 108, 0, 0, 0, 0, 0, 0], [0, 0, 0, 0, 114, 0, 0, 0, 0, 0], [0, 0, 0, 1, 0, 105, 0, 0, 0, 0], [0, 0, 0, 0, 0, 1, 104, 0, 0, 0], [0, 0, 0, 0, 0, 0, 0, 114, 0, 0], [0, 0, 0, 0, 0, 0, 0, 0, 105, 0], [0, 0, 0, 0, 1, 0, 0, 0, 0, 106]]}"
e-k5-b-DC,euclidean,5,borda,RetentionPolicy.DIFFERENT_CLASS_RETENTION,7,10,9892,1100,0.0015133000051719,0.171459599994705,0.1729728999998769,0.9927272727272728,0.9930873963201547,0.9928410649264672,0.9929219655768612,0.9928204888980752,0.9927272727272728,0.992730360873515,"{""labels"": [""0"", ""1"", ""2"", ""3"", ""4"", ""5"", ""6"", ""7"", ""8"", ""9""], ""matrix"": [[112, 0, 0, 0, 2, 0, 0, 0, 0, 0], [0, 111, 3, 0, 0, 0, 0, 0, 0, 0], [0, 1, 113, 0, 0, 0, 0, 0, 0, 0], [0, 0, 0, 107, 0, 0, 0, 0, 0, 0], [0, 0, 0, 0, 114, 0, 0, 0, 0, 0], [0, 0, 0, 0, 0, 106, 0, 0, 0, 0], [0, 0, 0, 0, 0, 0, 105, 0, 0, 0], [0, 0, 0, 0, 0, 0, 0, 115, 0, 0], [0, 0, 0, 0, 0, 0, 0, 1, 105, 0], [0, 0, 0, 0, 0, 0, 0, 1, 0, 104]]}"
e-k5-b-DC,euclidean,5,borda,RetentionPolicy.DIFFERENT_CLASS_RETENTION,8,10,9894,1098,0.001893900000141,0.1677540999953635,0.1696479999955045,0.9954462659380692,0.99551200814687,0.9953974559039108,0.9954384121782148,0.9954785482297516,0.9954462659380692,0.995446002738888,"{""labels"": [""0"", ""1"", ""2"", ""3"", ""4"", ""5"", ""6"", ""7"", ""8"", ""9""], ""matrix"": [[113, 0, 0, 0, 0, 0, 1, 0, 0, 0], [0, 113, 1, 0, 0, 0, 0, 0, 0, 0], [0, 0, 115, 0, 0, 0, 0, 0, 0, 0], [0, 0, 0, 104, 1, 0, 0, 0, 0, 0], [0, 0, 0, 0, 114, 0, 0, 0, 0, 0], [0, 0, 0, 0, 0, 105, 0, 1, 0, 0], [0, 0, 0, 0, 0, 0, 105, 0, 0, 0], [0, 0, 0, 0, 0, 0, 0, 114, 0, 0], [0, 0, 0, 0, 0, 0, 0, 0, 106, 0], [0, 0, 0, 0, 0, 1, 0, 0, 0, 104]]}"
e-k5-b-DC,euclidean,5,borda,RetentionPolicy.DIFFERENT_CLASS_RETENTION,9,10,9890,1102,0.0014817000046605,0.1697774999993271,0.1712592000039876,0.9927404718693283,0.992802844837552,0.992790117212638,0.9927535741891148,0.9928126513241332,0.9927404718693283,0.9927325015165368,"{""labels"": [""0"", ""1"", ""2"", ""3"", ""4"", ""5"", ""6"", ""7"", ""8"", ""9""], ""matrix"": [[113, 0, 0, 0, 1, 0, 0, 0, 0, 1], [0, 111, 2, 1, 0, 0, 0, 0, 0, 0], [0, 0, 115, 0, 0, 0, 0, 0, 0, 0], [0, 0, 0, 104, 0, 0, 0, 0, 0, 1], [0, 0, 0, 0, 115, 0, 0, 0, 0, 0], [0, 0, 0, 0, 0, 105, 0, 0, 1, 0], [0, 0, 0, 0, 0, 0, 106, 0, 0, 0], [0, 0, 0, 0, 0, 0, 0, 114, 0, 0], [0, 0, 0, 0, 0, 0, 0, 0, 106, 0], [0, 0, 0, 0, 0, 0, 0, 1, 0, 105]]}"
e-k5-b-DD,euclidean,5,borda,RetentionPolicy.DD_RETENTION,0,10,9894,1098,0.00145579999662,0.1722141999998712,0.1736699999964912,0.9963570127504554,0.9962897729033058,0.9962836336123329,0.996278455383201,0.996364782187974,0.9963570127504554,0.9963526616780508,"{""labels"": [""0"", ""1"", ""2"", ""3"", ""4"", ""5"", ""6"", ""7"", ""8"", ""9""], ""matrix"": [[115, 0, 0, 0, 0, 0, 0, 0, 0, 0], [0, 114, 0, 0, 0, 0, 0, 0, 0, 0], [0, 0, 114, 0, 0, 0, 0, 0, 0, 0], [0, 0, 0, 105, 0, 0, 0, 0, 0, 0], [0, 0, 0, 0, 115, 0, 0, 0, 0, 0], [0, 0, 0, 0, 0, 105, 0, 0, 0, 0], [0, 0, 0, 0, 0, 0, 105, 0, 0, 0], [0, 0, 0, 0, 0, 0, 0, 113, 0, 1], [1, 0, 0, 0, 0, 1, 0, 0, 104, 0], [0, 0, 0, 0, 0, 0, 0, 0, 1, 104]]}"
e-k5-b-DD,euclidean,5,borda,RetentionPolicy.DD_RETENTION,1,10,9893,1099,0.001671999998507,0.1754077000005054,0.1770796999990125,0.9927206551410374,0.9928486264130588,0.9928473357306308,0.9928070656145668,0.9927938925563352,0.9927206551410374,0.9927163603469216,"{""labels"": [""0"", ""1"", ""2"", ""3"", ""4"", ""5"", ""6"", ""7"", ""8"", ""9""], ""matrix"": [[114, 1, 0, 0, 0, 0, 0, 0, 0, 0], [0, 113, 1, 0, 0, 0, 0, 0, 0, 0], [0, 0, 114, 0, 0, 0, 0, 0, 0, 0], [0, 0, 0, 103, 0, 0, 0, 1, 0, 1], [0, 0, 0, 0, 114, 1, 0, 0, 0, 0], [0, 0, 0, 0, 0, 105, 0, 0, 0, 0], [0, 0, 0, 0, 0, 0, 106, 0, 0, 0], [0, 1, 1, 0, 0, 0, 0, 111, 0, 1], [0, 0, 0, 0, 0, 0, 0, 0, 105, 0], [0, 0, 0, 0, 0, 0, 0, 0, 0, 106]]}"
e-k5-b-DD,euclidean,5,borda,RetentionPolicy.DD_RETENTION,2,10,9895,1097,0.0017695999995339,0.1722011000019847,0.1739707000015187,0.9936189608021878,0.9935598370486508,0.9935665250081728,0.9935287877114956,0.9936851517864896,0.9936189608021878,0.993618663729355,"{""labels"": [""0"", ""1"", ""2"", ""3"", ""4"", ""5"", ""6"", ""7"", ""8"", ""9""], ""matrix"": [[113, 0, 0, 0, 0, 0, 0, 0, 0, 1], [0, 114, 0, 0, 1, 0, 0, 0, 0, 0], [0, 0, 115, 0, 0, 0, 0, 0, 0, 0], [0, 0, 0, 104, 0, 1, 0, 0, 0, 0], [0, 0, 0, 0, 114, 0, 0, 0, 0, 0], [0, 0, 0, 0, 0, 105, 0, 0, 0, 0], [0, 0, 0, 0, 0, 0, 105, 0, 0, 0], [0, 1, 0, 0, 0, 0, 0, 113, 0, 0], [0, 0, 0, 0, 0, 0, 0, 0, 105, 0], [0, 0, 0, 1, 0, 2, 0, 0, 0, 102]]}"
e-k5-b-DD,euclidean,5,borda,RetentionPolicy.DD_RETENTION,3,10,9892,1100,0.0015236999970511,0.1745114000004832,0.1760350999975344,0.9927272727272728,0.9928199307898304,0.9927874032908358,0.9927842040105552,0.9927667007429812,0.9927272727272728,0.9927270931982196,"{""labels"": [""0"", ""1"", ""2"", ""3"", ""4"", ""5"", ""6"", ""7"", ""8"", ""9""], ""matrix"": [[114, 0, 0, 0, 0, 0, 0, 0, 0, 0], [0, 113, 0, 1, 0, 0, 0, 0, 0, 0], [0, 0, 114, 0, 0, 0, 0, 1, 0, 0], [0, 1, 1, 103, 0, 0, 0, 0, 0, 0], [0, 0, 0, 0, 115, 0, 0, 0, 0, 0], [0, 0, 0, 1, 0, 104, 0, 0, 0, 0], [0, 0, 0, 0, 0, 0, 105, 0, 0, 0], [0, 2, 0, 0, 0, 0, 0, 112, 1, 0], [0, 0, 0, 0, 0, 0, 0, 0, 106, 0], [0, 0, 0, 0, 0, 0, 0, 0, 0, 106]]}"
e-k5-b-DD,euclidean,5,borda,RetentionPolicy.DD_RETENTION,4,10,9894,1098,0.0014771999994991,0.176147199999832,0.1776243999993312,0.994535519125683,0.9946499391813528,0.9943864994726356,0.9944846707526998,0.9945999471652976,0.994535519125683,0.9945344707366918,"{""labels"": [""0"", ""1"", ""2"", ""3"", ""4"", ""5"", ""6"", ""7"", ""8"", ""9""], ""matrix"": [[114, 0, 0, 0, 0, 0, 0, 0, 0, 0], [0, 114, 1, 0, 0, 0, 0, 0, 0, 0], [0, 0, 114, 0, 0, 0, 0, 0, 0, 0], [0, 0, 1, 104, 0, 0, 0, 0, 0, 0], [0, 0, 0, 0, 114, 0, 0, 0, 0, 0], [0, 0, 0, 2, 0, 104, 0, 0, 0, 0], [0, 0, 0, 0, 0, 0, 106, 0, 0, 0], [0, 0, 0, 0, 0, 0, 0, 114, 0, 0], [0, 0, 0, 0, 0, 0, 0, 0, 105, 0], [0, 0, 0, 0, 1, 0, 0, 1, 0, 103]]}"
e-k5-b-DD,euclidean,5,borda,RetentionPolicy.DD_RETENTION,5,10,9894,1098,0.0016251000051852,0.1733348999987356,0.1749600000039208,0.9963570127504554,0.9963012671866582,0.9963408521303256,0.9963080323048652,0.9963910593602642,0.9963570127504554,0.9963614198311428,"{""labels"": [""0"", ""1"", ""2"", ""3"", ""4"", ""5"", ""6"", ""7"", ""8"", ""9""], ""matrix"": [[114, 0, 0, 0, 0, 0, 0, 0, 0, 0], [0, 113, 0, 1, 0, 0, 0, 0, 0, 0], [0, 0, 114, 0, 0, 0, 0, 0, 0, 0], [0, 0, 0, 105, 0, 0, 0, 0, 0, 0], [0, 0, 0, 0, 113, 0, 0, 0, 0, 1], [0, 0, 0, 1, 0, 104, 0, 0, 0, 0], [0, 0, 0, 0, 0, 0, 108, 0, 0, 0], [0, 0, 0, 0, 0, 0, 0, 114, 0, 0], [0, 0, 0, 0, 0, 0, 0, 0, 105, 0], [0, 1, 0, 0, 0, 0, 0, 0, 0, 104]]}"
e-k5-b-DD,euclidean,5,borda,RetentionPolicy.DD_RETENTION,6,10,9890,1102,0.0017426999984309,0.1737546000003931,0.175497299998824,0.9945553539019965,0.9946908967188554,0.9944959335079168,0.994557585737322,0.9946262611879926,0.9945553539019965,0.9945545346780644,"{""labels"": [""0"", ""1"", ""2"", ""3"", ""4"", ""5"", ""6"", ""7"", ""8"", ""9""], ""matrix"": [[114, 0, 0, 0, 0, 0, 0, 0, 0, 0], [0, 113, 2, 0, 0, 0, 0, 0, 0, 0], [0, 0, 114, 0, 0, 0, 0, 0, 0, 0], [0, 0, 0, 108, 0, 0, 0, 0, 0, 0], [0, 0, 0, 0, 114, 0, 0, 0, 0, 0], [0, 0, 0, 1, 0, 105, 0, 0, 0, 0], [0, 0, 0, 0, 0, 1, 104, 0, 0, 0], [0, 0, 0, 0, 0, 0, 0, 114, 0, 0], [0, 0, 0, 0, 0, 0, 0, 0, 105, 0], [0, 0, 0, 0, 2, 0, 0, 0, 0, 105]]}"
e-k5-b-DD,euclidean,5,borda,RetentionPolicy.DD_RETENTION,7,10,9892,1100,0.0015263999957824,0.1724233999993885,0.1739497999951709,0.9927272727272728,0.9930873963201547,0.9928410649264672,0.9929219655768612,0.9928204888980752,0.9927272727272728,0.992730360873515,"{""labels"": [""0"", ""1"", ""2"", ""3"", ""4"", ""5"", ""6"", ""7"", ""8"", ""9""], ""matrix"": [[112, 0, 0, 0, 2, 0, 0, 0, 0, 0], [0, 111, 3, 0, 0, 0, 0, 0, 0, 0], [0, 1, 113, 0, 0, 0, 0, 0, 0, 0], [0, 0, 0, 107, 0, 0, 0, 0, 0, 0], [0, 0, 0, 0, 114, 0, 0, 0, 0, 0], [0, 0, 0, 0, 0, 106, 0, 0, 0, 0], [0, 0, 0, 0, 0, 0, 105, 0, 0, 0], [0, 0, 0, 0, 0, 0, 0, 115, 0, 0], [0, 0, 0, 0, 0, 0, 0, 1, 105, 0], [0, 0, 0, 0, 0, 0, 0, 1, 0, 104]]}"
e-k5-b-DD,euclidean,5,borda,RetentionPolicy.DD_RETENTION,8,10,9894,1098,0.0015248999989125,0.168751199998951,0.1702760999978636,0.9954462659380692,0.99551200814687,0.9953974559039108,0.9954384121782148,0.9954785482297516,0.9954462659380692,0.995446002738888,"{""labels"": [""0"", ""1"", ""2"", ""3"", ""4"", ""5"", ""6"", ""7"", ""8"", ""9""], ""matrix"": [[113, 0, 0, 0, 0, 0, 1, 0, 0, 0], [0, 113, 1, 0, 0, 0, 0, 0, 0, 0], [0, 0, 115, 0, 0, 0, 0, 0, 0, 0], [0, 0, 0, 104, 1, 0, 0, 0, 0, 0], [0, 0, 0, 0, 114, 0, 0, 0, 0, 0], [0, 0, 0, 0, 0, 105, 0, 1, 0, 0], [0, 0, 0, 0, 0, 0, 105, 0, 0, 0], [0, 0, 0, 0, 0, 0, 0, 114, 0, 0], [0, 0, 0, 0, 0, 0, 0, 0, 106, 0], [0, 0, 0, 0, 0, 1, 0, 0, 0, 104]]}"
e-k5-b-DD,euclidean,5,borda,RetentionPolicy.DD_RETENTION,9,10,9890,1102,0.0015108000006875,0.1753508999972837,0.1768616999979713,0.9927404718693283,0.992802844837552,0.992790117212638,0.9927535741891148,0.9928126513241332,0.9927404718693283,0.9927325015165368,"{""labels"": [""0"", ""1"", ""2"", ""3"", ""4"", ""5"", ""6"", ""7"", ""8"", ""9""], ""matrix"": [[113, 0, 0, 0, 1, 0, 0, 0, 0, 1], [0, 111, 2, 1, 0, 0, 0, 0, 0, 0], [0, 0, 115, 0, 0, 0, 0, 0, 0, 0], [0, 0, 0, 104, 0, 0, 0, 0, 0, 1], [0, 0, 0, 0, 115, 0, 0, 0, 0, 0], [0, 0, 0, 0, 0, 105, 0, 0, 1, 0], [0, 0, 0, 0, 0, 0, 106, 0, 0, 0], [0, 0, 0, 0, 0, 0, 0, 114, 0, 0], [0, 0, 0, 0, 0, 0, 0, 0, 106, 0], [0, 0, 0, 0, 0, 0, 0, 1, 0, 105]]}"
e-k5-mp-AR,euclidean,5,modified_plurality,RetentionPolicy.ALWAYS_RETAIN,0,10,9894,1098,0.0015420999989146,0.2093641000028583,0.2109062000017729,0.994535519125683,0.9945922532725626,0.9945368754124854,0.9945322313009844,0.9946001482844464,0.994535519125683,0.994535300367696,"{""labels"": [""0"", ""1"", ""2"", ""3"", ""4"", ""5"", ""6"", ""7"", ""8"", ""9""], ""matrix"": [[115, 0, 0, 0, 0, 0, 0, 0, 0, 0], [0, 112, 2, 0, 0, 0, 0, 0, 0, 0], [0, 0, 114, 0, 0, 0, 0, 0, 0, 0], [0, 0, 0, 105, 0, 0, 0, 0, 0, 0], [0, 0, 0, 0, 114, 1, 0, 0, 0, 0], [0, 0, 0, 0, 0, 105, 0, 0, 0, 0], [0, 0, 0, 0, 0, 0, 105, 0, 0, 0], [0, 0, 0, 0, 0, 0, 0, 114, 0, 0], [1, 0, 0, 0, 0, 1, 0, 0, 104, 0], [0, 0, 0, 0, 0, 0, 0, 0, 1, 104]]}"
e-k5-mp-AR,euclidean,5,modified_plurality,RetentionPolicy.ALWAYS_RETAIN,1,10,9893,1099,0.0017528000025777,0.2096285000006901,0.2113813000032678,0.989080982711556,0.9893403116064764,0.9892061573128884,0.989253479600404,0.989167307599101,0.989080982711556,0.9891041493552042,"{""labels"": [""0"", ""1"", ""2"", ""3"", ""4"", ""5"", ""6"", ""7"", ""8"", ""9""], ""matrix"": [[114, 1, 0, 0, 0, 0, 0, 0, 0, 0], [0, 112, 2, 0, 0, 0, 0, 0, 0, 0], [0, 2, 112, 0, 0, 0, 0, 0, 0, 0], [0, 0, 0, 103, 0, 0, 0, 1, 0, 1], [0, 0, 0, 0, 114, 1, 0, 0, 0, 0], [0, 0, 0, 0, 0, 105, 0, 0, 0, 0], [0, 0, 0, 0, 0, 0, 105, 1, 0, 0], [0, 1, 1, 0, 0, 0, 0, 112, 0, 0], [0, 0, 0, 0, 0, 0, 0, 0, 105, 0], [0, 0, 0, 1, 0, 0, 0, 0, 0, 105]]}"
e-k5-mp-AR,euclidean,5,modified_plurality,RetentionPolicy.ALWAYS_RETAIN,2,10,9895,1097,0.0015581999978167,0.2124676000021281,0.2140257999999448,0.9927073837739288,0.9926602622907216,0.9926893320257164,0.9926275677774674,0.9928234927211465,0.9927073837739288,0.9927199153345448,"{""labels"": [""0"", ""1"", ""2"", ""3"", ""4"", ""5"", ""6"", ""7"", ""8"", ""9""], ""matrix"": [[113, 0, 0, 0, 0, 0, 0, 0, 0, 1], [0, 114, 0, 0, 1, 0, 0, 0, 0, 0], [0, 0, 115, 0, 0, 0, 0, 0, 0, 0], [0, 0, 0, 104, 0, 1, 0, 0, 0, 0], [0, 0, 0, 0, 113, 1, 0, 0, 0, 0], [0, 0, 0, 0, 0, 105, 0, 0, 0, 0], [0, 0, 0, 0, 0, 0, 105, 0, 0, 0], [0, 1, 0, 0, 0, 0, 0, 113, 0, 0], [0, 0, 0, 0, 0, 0, 0, 0, 105, 0], [0, 0, 0, 1, 0, 2, 0, 0, 0, 102]]}"
e-k5-mp-AR,euclidean,5,modified_plurality,RetentionPolicy.ALWAYS_RETAIN,3,10,9892,1100,0.0015981999968062,0.2085779000044567,0.2101761000012629,0.990909090909091,0.99099495728196,0.990950201590934,0.9909590351243984,0.9909433160738046,0.990909090909091,0.99091325488587,"{""labels"": [""0"", ""1"", ""2"", ""3"", ""4"", ""5"", ""6"", ""7"", ""8"", ""9""], ""matrix"": [[114, 0, 0, 0, 0, 0, 0, 0, 0, 0], [0, 111, 0, 2, 0, 0, 0, 1, 0, 0], [0, 0, 114, 0, 0, 0, 0, 1, 0, 0], [0, 1, 1, 103, 0, 0, 0, 0, 0, 0], [0, 0, 0, 0, 115, 0, 0, 0, 0, 0], [0, 0, 0, 1, 0, 103, 0, 0, 0, 1], [0, 0, 0, 0, 0, 0, 105, 0, 0, 0], [0, 2, 0, 0, 0, 0, 0, 113, 0, 0], [0, 0, 0, 0, 0, 0, 0, 0, 106, 0], [0, 0, 0, 0, 0, 0, 0, 0, 0, 106]]}"
e-k5-mp-AR,euclidean,5,modified_plurality,RetentionPolicy.ALWAYS_RETAIN,4,10,9894,1098,0.001558500000101,0.2139916000014636,0.2155501000015647,0.994535519125683,0.9946499391813528,0.9944603304816594,0.9945226062960428,0.9945999471652976,0.994535519125683,0.9945349858710872,"{""labels"": [""0"", ""1"", ""2"", ""3"", ""4"", ""5"", ""6"", ""7"", ""8"", ""9""], ""matrix"": [[114, 0, 0, 0, 0, 0, 0, 0, 0, 0], [0, 113, 1, 1, 0, 0, 0, 0, 0, 0], [0, 0, 114, 0, 0, 0, 0, 0, 0, 0], [0, 0, 1, 104, 0, 0, 0, 0, 0, 0], [0, 0, 0, 0, 114, 0, 0, 0, 0, 0], [0, 0, 0, 1, 0, 105, 0, 0, 0, 0], [0, 0, 0, 0, 0, 0, 106, 0, 0, 0], [0, 0, 0, 0, 0, 0, 0, 114, 0, 0], [0, 0, 0, 0, 0, 0, 0, 0, 105, 0], [0, 0, 0, 0, 1, 0, 0, 1, 0, 103]]}"
e-k5-mp-AR,euclidean,5,modified_plurality,RetentionPolicy.ALWAYS_RETAIN,5,10,9894,1098,0.0015147000012802,0.2115460999993956,0.2130608000006759,0.9954462659380692,0.9954393297343318,0.9954636591478696,0.9954346529848376,0.995496151622876,0.9954462659380692,0.995454632558983,"{""labels"": [""0"", ""1"", ""2"", ""3"", ""4"", ""5"", ""6"", ""7"", ""8"", ""9""], ""matrix"": [[114, 0, 0, 0, 0, 0, 0, 0, 0, 0], [0, 113, 0, 1, 0, 0, 0, 0, 0, 0], [0, 0, 114, 0, 0, 0, 0, 0, 0, 0], [0, 0, 0, 105, 0, 0, 0, 0, 0, 0], [0, 0, 0, 0, 113, 0, 0, 0, 0, 1], [0, 0, 0, 1, 0, 104, 0, 0, 0, 0], [0, 0, 0, 0, 0, 0, 108, 0, 0, 0], [0, 1, 0, 0, 0, 0, 0, 113, 0, 0], [0, 0, 0, 0, 0, 0, 0, 0, 105, 0], [0, 1, 0, 0, 0, 0, 0, 0, 0, 104]]}"
e-k5-mp-AR,euclidean,5,modified_plurality,RetentionPolicy.ALWAYS_RETAIN,6,10,9890,1102,0.0016020000039134,0.2133732000002055,0.2149752000041189,0.9927404718693283,0.9929055883721948,0.9927491753080692,0.9927794314436832,0.9928284331683358,0.9927404718693283,0.9927358924621112,"{""labels"": [""0"", ""1"", ""2"", ""3"", ""4"", ""5"", ""6"", ""7"", ""8"", ""9""], ""matrix"": [[114, 0, 0, 0, 0, 0, 0, 0, 0, 0], [0, 112, 2, 1, 0, 0, 0, 0, 0, 0], [0, 0, 114, 0, 0, 0, 0, 0, 0, 0], [0, 0, 0, 108, 0, 0, 0, 0, 0, 0], [0, 0, 0, 0, 113, 0, 0, 1, 0, 0], [0, 0, 0, 1, 0, 105, 0, 0, 0, 0], [0, 0, 0, 0, 0, 1, 104, 0, 0, 0], [0, 0, 0, 0, 0, 0, 0, 114, 0, 0], [0, 0, 0, 0, 0, 0, 0, 0, 105, 0], [0, 0, 0, 0, 2, 0, 0, 0, 0, 105]]}"
e-k5-mp-AR,euclidean,5,modified_plurality,RetentionPolicy.ALWAYS_RETAIN,7,10,9892,1100,0.0018874999950639,0.2105225000050268,0.2124100000000908,0.9936363636363637,0.9939016602809708,0.993725885673988,0.993774737934211,0.9937231510507372,0.9936363636363637,0.9936397720585896,"{""labels"": [""0"", ""1"", ""2"", ""3"", ""4"", ""5"", ""6"", ""7"", ""8"", ""9""], ""matrix"": [[112, 0, 0, 0, 2, 0, 0, 0, 0, 0], [0, 112, 2, 0, 0, 0, 0, 0, 0, 0], [0, 0, 114, 0, 0, 0, 0, 0, 0, 0], [0, 0, 0, 107, 0, 0, 0, 0, 0, 0], [0, 0, 0, 0, 114, 0, 0, 0, 0, 0], [0, 0, 0, 0, 0, 106, 0, 0, 0, 0], [0, 0, 0, 0, 0, 0, 105, 0, 0, 0], [0, 0, 0, 1, 0, 0, 0, 114, 0, 0], [0, 0, 0, 0, 0, 0, 0, 1, 105, 0], [0, 0, 0, 0, 0, 0, 0, 1, 0, 104]]}"
e-k5-mp-AR,euclidean,5,modified_plurality,RetentionPolicy.ALWAYS_RETAIN,8,10,9894,1098,0.0016103999951155,0.2041662000046926,0.2057765999998082,0.9927140255009108,0.9928650898477775,0.9926996737125832,0.9927357417011006,0.9928084457022006,0.9927140255009108,0.9927133273589156,"{""labels"": [""0"", ""1"", ""2"", ""3"", ""4"", ""5"", ""6"", ""7"", ""8"", ""9""], ""matrix"": [[113, 0, 0, 0, 0, 0, 1, 0, 0, 0], [0, 111, 1, 1, 0, 0, 0, 1, 0, 0], [0, 0, 115, 0, 0, 0, 0, 0, 0, 0], [0, 0, 0, 104, 1, 0, 0, 0, 0, 0], [0, 0, 0, 0, 114, 0, 0, 0, 0, 0], [0, 0, 0, 0, 0, 105, 0, 1, 0, 0], [0, 0, 0, 0, 0, 0, 105, 0, 0, 0], [0, 0, 0, 0, 0, 0, 0, 114, 0, 0], [0, 0, 0, 0, 0, 0, 0, 1, 105, 0], [0, 0, 0, 0, 0, 1, 0, 0, 0, 104]]}"
e-k5-mp-AR,euclidean,5,modified_plurality,RetentionPolicy.ALWAYS_RETAIN,9,10,9890,1102,0.0014445999986492,0.2099081000051228,0.211352700003772,0.9900181488203268,0.9900753721908035,0.9899675562984572,0.9899912125138104,0.9900704597005522,0.9900181488203268,0.9900130824147664,"{""labels"": [""0"", ""1"", ""2"", ""3"", ""4"", ""5"", ""6"", ""7"", ""8"", ""9""], ""matrix"": [[113, 0, 0, 0, 1, 0, 0, 0, 0, 1], [0, 112, 1, 1, 0, 0, 0, 0, 0, 0], [0, 0, 115, 0, 0, 0, 0, 0, 0, 0], [0, 0, 0, 104, 0, 0, 0, 0, 0, 1], [0, 0, 0, 0, 114, 1, 0, 0, 0, 0], [0, 0, 0, 0, 0, 105, 0, 0, 1, 0], [0, 0, 0, 0, 0, 0, 106, 0, 0, 0], [0, 0, 0, 0, 0, 0, 0, 114, 0, 0], [0, 0, 0, 0, 0, 0, 0, 1, 105, 0], [0, 1, 0, 0, 0, 0, 0, 2, 0, 103]]}"
e-k5-mp-NR,euclidean,5,modified_plurality,RetentionPolicy.NEVER_RETAIN,0,10,9894,1098,0.0014608999990741,0.1815150000038556,0.1829759000029298,0.994535519125683,0.9945922532725626,0.9945368754124854,0.9945322313009844,0.9946001482844464,0.994535519125683,0.994535300367696,"{""labels"": [""0"", ""1"", ""2"", ""3"", ""4"", ""5"", ""6"", ""7"", ""8"", ""9""], ""matrix"": [[115, 0, 0, 0, 0, 0, 0, 0, 0, 0], [0, 112, 2, 0, 0, 0, 0, 0, 0, 0], [0, 0, 114, 0, 0, 0, 0, 0, 0, 0], [0, 0, 0, 105, 0, 0, 0, 0, 0, 0], [0, 0, 0, 0, 114, 1, 0, 0, 0, 0], [0, 0, 0, 0, 0, 105, 0, 0, 0, 0], [0, 0, 0, 0, 0, 0, 105, 0, 0, 0], [0, 0, 0, 0, 0, 0, 0, 114, 0, 0], [1, 0, 0, 0, 0, 1, 0, 0, 104, 0], [0, 0, 0, 0, 0, 0, 0, 0, 1, 104]]}"
e-k5-mp-NR,euclidean,5,modified_plurality,RetentionPolicy.NEVER_RETAIN,1,10,9893,1099,0.0014471000031335,0.1884683999960543,0.1899154999991879,0.9899909008189264,0.9902097418191762,0.9901495535393036,0.9901602133115216,0.9900691733338396,0.9899909008189264,0.9900102109919025,"{""labels"": [""0"", ""1"", ""2"", ""3"", ""4"", ""5"", ""6"", ""7"", ""8"", ""9""], ""matrix"": [[114, 1, 0, 0, 0, 0, 0, 0, 0, 0], [0, 112, 2, 0, 0, 0, 0, 0, 0, 0], [0, 2, 112, 0, 0, 0, 0, 0, 0, 0], [0, 0, 0, 103, 0, 0, 0, 1, 0, 1], [0, 0, 0, 0, 114, 1, 0, 0, 0, 0], [0, 0, 0, 0, 0, 105, 0, 0, 0, 0], [0, 0, 0, 0, 0, 0, 106, 0, 0, 0], [0, 1, 1, 0, 0, 0, 0, 112, 0, 0], [0, 0, 0, 0, 0, 0, 0, 0, 105, 0], [0, 0, 0, 1, 0, 0, 0, 0, 0, 105]]}"
e-k5-mp-NR,euclidean,5,modified_plurality,RetentionPolicy.NEVER_RETAIN,2,10,9895,1097,0.0016089999990072,0.183407199998328,0.1850161999973352,0.99179580674567,0.9917961712066236,0.9917369510733356,0.9917060496820364,0.9919185219739564,0.99179580674567,0.991798759811907,"{""labels"": [""0"", ""1"", ""2"", ""3"", ""4"", ""5"", ""6"", ""7"", ""8"", ""9""], ""matrix"": [[113, 0, 0, 0, 0, 0, 0, 0, 0, 1], [0, 114, 0, 0, 1, 0, 0, 0, 0, 0], [0, 0, 115, 0, 0, 0, 0, 0, 0, 0], [0, 0, 0, 104, 0, 1, 0, 0, 0, 0], [0, 0, 0, 0, 113, 1, 0, 0, 0, 0], [0, 0, 0, 0, 0, 105, 0, 0, 0, 0], [0, 0, 0, 0, 0, 0, 105, 0, 0, 0], [0, 1, 0, 0, 0, 0, 0, 113, 0, 0], [0, 0, 0, 0, 0, 0, 0, 0, 105, 0], [0, 1, 0, 1, 0, 2, 0, 0, 0, 101]]}"
e-k5-mp-NR,euclidean,5,modified_plurality,RetentionPolicy.NEVER_RETAIN,3,10,9892,1100,0.0015359999961219,0.1859855000002426,0.1875214999963645,0.990909090909091,0.9909771557688314,0.9909591863168998,0.990963742552342,0.990934819897084,0.990909090909091,0.9909177078845324,"{""labels"": [""0"", ""1"", ""2"", ""3"", ""4"", ""5"", ""6"", ""7"", ""8"", ""9""], ""matrix"": [[114, 0, 0, 0, 0, 0, 0, 0, 0, 0], [0, 111, 0, 2, 0, 0, 0, 1, 0, 0], [0, 0, 114, 0, 0, 0, 0, 1, 0, 0], [0, 1, 1, 103, 0, 0, 0, 0, 0, 0], [0, 0, 0, 0, 115, 0, 0, 0, 0, 0], [0, 0, 0, 1, 0, 104, 0, 0, 0, 0], [0, 0, 0, 0, 0, 0, 105, 0, 0, 0], [0, 2, 0, 0, 0, 0, 0, 113, 0, 0], [0, 0, 0, 0, 0, 0, 0, 0, 106, 0], [0, 0, 0, 0, 0, 1, 0, 0, 0, 105]]}"
e-k5-mp-NR,euclidean,5,modified_plurality,RetentionPolicy.NEVER_RETAIN,4,10,9894,1098,0.0015264999965438,0.1819876000008662,0.18351409999741,0.9927140255009108,0.9928589505568046,0.992713572281812,0.9927391029572306,0.9928091863876368,0.9927140255009108,0.9927134187223784,"{""labels"": [""0"", ""1"", ""2"", ""3"", ""4"", ""5"", ""6"", ""7"", ""8"", ""9""], ""matrix"": [[114, 0, 0, 0, 0, 0, 0, 0, 0, 0], [0, 112, 2, 1, 0, 0, 0, 0, 0, 0], [0, 0, 114, 0, 0, 0, 0, 0, 0, 0], [0, 0, 1, 104, 0, 0, 0, 0, 0, 0], [0, 0, 0, 0, 113, 1, 0, 0, 0, 0], [0, 0, 0, 1, 0, 105, 0, 0, 0, 0], [0, 0, 0, 0, 0, 0, 106, 0, 0, 0], [0, 0, 0, 0, 0, 0, 0, 114, 0, 0], [0, 0, 0, 0, 0, 0, 0, 0, 105, 0], [0, 0, 0, 0, 1, 0, 0, 1, 0, 103]]}"
e-k5-mp-NR,euclidean,5,modified_plurality,RetentionPolicy.NEVER_RETAIN,5,10,9894,1098,0.0015394000001833,0.1843777999965823,0.1859171999967657,0.9963570127504554,0.9963650923864212,0.9963408521303256,0.9963407967846712,0.9963814437765136,0.9963570127504554,0.996356957057953,"{""labels"": [""0"", ""1"", ""2"", ""3"", ""4"", ""5"", ""6"", ""7"", ""8"", ""9""], ""matrix"": [[114, 0, 0, 0, 0, 0, 0, 0, 0, 0], [0, 114, 0, 0, 0, 0, 0, 0, 0, 0], [0, 0, 114, 0, 0, 0, 0, 0, 0, 0], [0, 0, 0, 105, 0, 0, 0, 0, 0, 0], [0, 0, 0, 0, 113, 0, 0, 0, 0, 1], [0, 0, 0, 1, 0, 104, 0, 0, 0, 0], [0, 0, 0, 0, 0, 0, 108, 0, 0, 0], [0, 0, 1, 0, 0, 0, 0, 113, 0, 0], [0, 0, 0, 0, 0, 0, 0, 0, 105, 0], [0, 1, 0, 0, 0, 0, 0, 0, 0, 104]]}"
e-k5-mp-NR,euclidean,5,modified_plurality,RetentionPolicy.NEVER_RETAIN,6,10,9890,1102,0.0014532999994116,0.1904296000066097,0.1918829000060213,0.9927404718693283,0.9929055883721948,0.9927491753080692,0.9927794314436832,0.9928284331683358,0.9927404718693283,0.9927358924621112,"{""labels"": [""0"", ""1"", ""2"", ""3"", ""4"", ""5"", ""6"", ""7"", ""8"", ""9""], ""matrix"": [[114, 0, 0, 0, 0, 0, 0, 0, 0, 0], [0, 112, 2, 1, 0, 0, 0, 0, 0, 0], [0, 0, 114, 0, 0, 0, 0, 0, 0, 0], [0, 0, 0, 108, 0, 0, 0, 0, 0, 0], [0, 0, 0, 0, 113, 0, 0, 1, 0, 0], [0, 0, 0, 1, 0, 105, 0, 0, 0, 0], [0, 0, 0, 0, 0, 1, 104, 0, 0, 0], [0, 0, 0, 0, 0, 0, 0, 114, 0, 0], [0, 0, 0, 0, 0, 0, 0, 0, 105, 0], [0, 0, 0, 0, 2, 0, 0, 0, 0, 105]]}"
e-k5-mp-NR,euclidean,5,modified_plurality,RetentionPolicy.NEVER_RETAIN,7,10,9892,1100,0.0017603000014787,0.1812602999998489,0.1830206000013277,0.9927272727272728,0.99300171202501,0.992848692691532,0.9928976293326086,0.992790477403651,0.9927272727272728,0.9927307685987472,"{""labels"": [""0"", ""1"", ""2"", ""3"", ""4"", ""5"", ""6"", ""7"", ""8"", ""9""], ""matrix"": [[112, 0, 0, 0, 2, 0, 0, 0, 0, 0], [0, 112, 2, 0, 0, 0, 0, 0, 0, 0], [0, 1, 113, 0, 0, 0, 0, 0, 0, 0], [0, 0, 0, 107, 0, 0, 0, 0, 0, 0], [0, 0, 0, 0, 114, 0, 0, 0, 0, 0], [0, 0, 0, 0, 0, 106, 0, 0, 0, 0], [0, 0, 0, 0, 0, 0, 105, 0, 0, 0], [0, 0, 0, 1, 0, 0, 0, 114, 0, 0], [0, 0, 0, 0, 0, 0, 0, 1, 105, 0], [0, 0, 0, 0, 0, 0, 0, 1, 0, 104]]}"
e-k5-mp-NR,euclidean,5,modified_plurality,RetentionPolicy.NEVER_RETAIN,8,10,9894,1098,0.0017168999984278,0.1884965000062948,0.1902134000047226,0.9927140255009108,0.9928650898477775,0.9926996737125832,0.9927357417011006,0.9928084457022006,0.9927140255009108,0.9927133273589156,"{""labels"": [""0"", ""1"", ""2"", ""3"", ""4"", ""5"", ""6"", ""7"", ""8"", ""9""], ""matrix"": [[113, 0, 0, 0, 0, 0, 1, 0, 0, 0], [0, 111, 1, 1, 0, 0, 0, 1, 0, 0], [0, 0, 115, 0, 0, 0, 0, 0, 0, 0], [0, 0, 0, 104, 1, 0, 0, 0, 0, 0], [0, 0, 0, 0, 114, 0, 0, 0, 0, 0], [0, 0, 0, 0, 0, 105, 0, 1, 0, 0], [0, 0, 0, 0, 0, 0, 105, 0, 0, 0], [0, 0, 0, 0, 0, 0, 0, 114, 0, 0], [0, 0, 0, 0, 0, 0, 0, 1, 105, 0], [0, 0, 0, 0, 0, 1, 0, 0, 0, 104]]}"
e-k5-mp-NR,euclidean,5,modified_plurality,RetentionPolicy.NEVER_RETAIN,9,10,9890,1102,0.0014555999950971,0.1807951000009779,0.1822506999960751,0.9900181488203268,0.9900753721908035,0.9899675562984572,0.9899912125138104,0.9900704597005522,0.9900181488203268,0.9900130824147664,"{""labels"": [""0"", ""1"", ""2"", ""3"", ""4"", ""5"", ""6"", ""7"", ""8"", ""9""], ""matrix"": [[113, 0, 0, 0, 1, 0, 0, 0, 0, 1], [0, 112, 1, 1, 0, 0, 0, 0, 0, 0], [0, 0, 115, 0, 0, 0, 0, 0, 0, 0], [0, 0, 0, 104, 0, 0, 0, 0, 0, 1], [0, 0, 0, 0, 114, 1, 0, 0, 0, 0], [0, 0, 0, 0, 0, 105, 0, 0, 1, 0], [0, 0, 0, 0, 0, 0, 106, 0, 0, 0], [0, 0, 0, 0, 0, 0, 0, 114, 0, 0], [0, 0, 0, 0, 0, 0, 0, 1, 105, 0], [0, 1, 0, 0, 0, 0, 0, 2, 0, 103]]}"
e-k5-mp-DC,euclidean,5,modified_plurality,RetentionPolicy.DIFFERENT_CLASS_RETENTION,0,10,9894,1098,0.0016606999997748,0.1821635999949649,0.1838242999947397,0.994535519125683,0.9945922532725626,0.9945368754124854,0.9945322313009844,0.9946001482844464,0.994535519125683,0.994535300367696,"{""labels"": [""0"", ""1"", ""2"", ""3"", ""4"", ""5"", ""6"", ""7"", ""8"", ""9""], ""matrix"": [[115, 0, 0, 0, 0, 0, 0, 0, 0, 0], [0, 112, 2, 0, 0, 0, 0, 0, 0, 0], [0, 0, 114, 0, 0, 0, 0, 0, 0, 0], [0, 0, 0, 105, 0, 0, 0, 0, 0, 0], [0, 0, 0, 0, 114, 1, 0, 0, 0, 0], [0, 0, 0, 0, 0, 105, 0, 0, 0, 0], [0, 0, 0, 0, 0, 0, 105, 0, 0, 0], [0, 0, 0, 0, 0, 0, 0, 114, 0, 0], [1, 0, 0, 0, 0, 1, 0, 0, 104, 0], [0, 0, 0, 0, 0, 0, 0, 0, 1, 104]]}"
e-k5-mp-DC,euclidean,5,modified_plurality,RetentionPolicy.DIFFERENT_CLASS_RETENTION,1,10,9893,1099,0.0015847000031499,0.1871739999987767,0.1887587000019266,0.9899909008189264,0.9902097418191762,0.9901495535393036,0.9901602133115216,0.9900691733338396,0.9899909008189264,0.9900102109919025,"{""labels"": [""0"", ""1"", ""2"", ""3"", ""4"", ""5"", ""6"", ""7"", ""8"", ""9""], ""matrix"": [[114, 1, 0, 0, 0, 0, 0, 0, 0, 0], [0, 112, 2, 0, 0, 0, 0, 0, 0, 0], [0, 2, 112, 0, 0, 0, 0, 0, 0, 0], [0, 0, 0, 103, 0, 0, 0, 1, 0, 1], [0, 0, 0, 0, 114, 1, 0, 0, 0, 0], [0, 0, 0, 0, 0, 105, 0, 0, 0, 0], [0, 0, 0, 0, 0, 0, 106, 0, 0, 0], [0, 1, 1, 0, 0, 0, 0, 112, 0, 0], [0, 0, 0, 0, 0, 0, 0, 0, 105, 0], [0, 0, 0, 1, 0, 0, 0, 0, 0, 105]]}"
e-k5-mp-DC,euclidean,5,modified_plurality,RetentionPolicy.DIFFERENT_CLASS_RETENTION,2,10,9895,1097,0.0015309000009438,0.1866221000018413,0.1881530000027851,0.99179580674567,0.9917961712066236,0.9917369510733356,0.9917060496820364,0.9919185219739564,0.99179580674567,0.991798759811907,"{""labels"": [""0"", ""1"", ""2"", ""3"", ""4"", ""5"", ""6"", ""7"", ""8"", ""9""], ""matrix"": [[113, 0, 0, 0, 0, 0, 0, 0, 0, 1], [0, 114, 0, 0, 1, 0, 0, 0, 0, 0], [0, 0, 115, 0, 0, 0, 0, 0, 0, 0], [0, 0, 0, 104, 0, 1, 0, 0, 0, 0], [0, 0, 0, 0, 113, 1, 0, 0, 0, 0], [0, 0, 0, 0, 0, 105, 0, 0, 0, 0], [0, 0, 0, 0, 0, 0, 105, 0, 0, 0], [0, 1, 0, 0, 0, 0, 0, 113, 0, 0], [0, 0, 0, 0, 0, 0, 0, 0, 105, 0], [0, 1, 0, 1, 0, 2, 0, 0, 0, 101]]}"
e-k5-mp-DC,euclidean,5,modified_plurality,RetentionPolicy.DIFFERENT_CLASS_RETENTION,3,10,9892,1100,0.0015583999993395,0.1890312000032281,0.1905896000025677,0.990909090909091,0.9909771557688314,0.9909591863168998,0.990963742552342,0.990934819897084,0.990909090909091,0.9909177078845324,"{""labels"": [""0"", ""1"", ""2"", ""3"", ""4"", ""5"", ""6"", ""7"", ""8"", ""9""], ""matrix"": [[114, 0, 0, 0, 0, 0, 0, 0, 0, 0], [0, 111, 0, 2, 0, 0, 0, 1, 0, 0], [0, 0, 114, 0, 0, 0, 0, 1, 0, 0], [0, 1, 1, 103, 0, 0, 0, 0, 0, 0], [0, 0, 0, 0, 115, 0, 0, 0, 0, 0], [0, 0, 0, 1, 0, 104, 0, 0, 0, 0], [0, 0, 0, 0, 0, 0, 105, 0, 0, 0], [0, 2, 0, 0, 0, 0, 0, 113, 0, 0], [0, 0, 0, 0, 0, 0, 0, 0, 106, 0], [0, 0, 0, 0, 0, 1, 0, 0, 0, 105]]}"
e-k5-mp-DC,euclidean,5,modified_plurality,RetentionPolicy.DIFFERENT_CLASS_RETENTION,4,10,9894,1098,0.0018791999973473,0.1803348000030382,0.1822140000003855,0.9927140255009108,0.9928589505568046,0.992713572281812,0.9927391029572306,0.9928091863876368,0.9927140255009108,0.9927134187223784,"{""labels"": [""0"", ""1"", ""2"", ""3"", ""4"", ""5"", ""6"", ""7"", ""8"", ""9""], ""matrix"": [[114, 0, 0, 0, 0, 0, 0, 0, 0, 0], [0, 112, 2, 1, 0, 0, 0, 0, 0, 0], [0, 0, 114, 0, 0, 0, 0, 0, 0, 0], [0, 0, 1, 104, 0, 0, 0, 0, 0, 0], [0, 0, 0, 0, 113, 1, 0, 0, 0, 0], [0, 0, 0, 1, 0, 105, 0, 0, 0, 0], [0, 0, 0, 0, 0, 0, 106, 0, 0, 0], [0, 0, 0, 0, 0, 0, 0, 114, 0, 0], [0, 0, 0, 0, 0, 0, 0, 0, 105, 0], [0, 0, 0, 0, 1, 0, 0, 1, 0, 103]]}"
e-k5-mp-DC,euclidean,5,modified_plurality,RetentionPolicy.DIFFERENT_CLASS_RETENTION,5,10,9894,1098,0.0015430999992531,0.1850454000013996,0.1865885000006528,0.9963570127504554,0.9963650923864212,0.9963408521303256,0.9963407967846712,0.9963814437765136,0.9963570127504554,0.996356957057953,"{""labels"": [""0"", ""1"", ""2"", ""3"", ""4"", ""5"", ""6"", ""7"", ""8"", ""9""], ""matrix"": [[114, 0, 0, 0, 0, 0, 0, 0, 0, 0], [0, 114, 0, 0, 0, 0, 0, 0, 0, 0], [0, 0, 114, 0, 0, 0, 0, 0, 0, 0], [0, 0, 0, 105, 0, 0, 0, 0, 0, 0], [0, 0, 0, 0, 113, 0, 0, 0, 0, 1], [0, 0, 0, 1, 0, 104, 0, 0, 0, 0], [0, 0, 0, 0, 0, 0, 108, 0, 0, 0], [0, 0, 1, 0, 0, 0, 0, 113, 0, 0], [0, 0, 0, 0, 0, 0, 0, 0, 105, 0], [0, 1, 0, 0, 0, 0, 0, 0, 0, 104]]}"
e-k5-mp-DC,euclidean,5,modified_plurality,RetentionPolicy.DIFFERENT_CLASS_RETENTION,6,10,9890,1102,0.0014944000067771,0.1802155999976094,0.1817100000043865,0.9936479128856625,0.9937675258245212,0.9936837547473216,0.9936861947876892,0.993720092601777,0.9936479128856625,0.9936438201627312,"{""labels"": [""0"", ""1"", ""2"", ""3"", ""4"", ""5"", ""6"", ""7"", ""8"", ""9""], ""matrix"": [[114, 0, 0, 0, 0, 0, 0, 0, 0, 0], [0, 112, 2, 1, 0, 0, 0, 0, 0, 0], [0, 0, 114, 0, 0, 0, 0, 0, 0, 0], [0, 0, 0, 108, 0, 0, 0, 0, 0, 0], [0, 0, 0, 0, 113, 0, 0, 1, 0, 0], [0, 0, 0, 1, 0, 105, 0, 0, 0, 0], [0, 0, 0, 0, 0, 1, 104, 0, 0, 0], [0, 0, 0, 0, 0, 0, 0, 114, 0, 0], [0, 0, 0, 0, 0, 0, 0, 0, 105, 0], [0, 0, 0, 0, 1, 0, 0, 0, 0, 106]]}"
e-k5-mp-DC,euclidean,5,modified_plurality,RetentionPolicy.DIFFERENT_CLASS_RETENTION,7,10,9892,1100,0.0018179999970016,0.1848704000003636,0.1866883999973652,0.9927272727272728,0.99300171202501,0.992848692691532,0.9928976293326086,0.992790477403651,0.9927272727272728,0.9927307685987472,"{""labels"": [""0"", ""1"", ""2"", ""3"", ""4"", ""5"", ""6"", ""7"", ""8"", ""9""], ""matrix"": [[112, 0, 0, 0, 2, 0, 0, 0, 0, 0], [0, 112, 2, 0, 0, 0, 0, 0, 0, 0], [0, 1, 113, 0, 0, 0, 0, 0, 0, 0], [0, 0, 0, 107, 0, 0, 0, 0, 0, 0], [0, 0, 0, 0, 114, 0, 0, 0, 0, 0], [0, 0, 0, 0, 0, 106, 0, 0, 0, 0], [0, 0, 0, 0, 0, 0, 105, 0, 0, 0], [0, 0, 0, 1, 0, 0, 0, 114, 0, 0], [0, 0, 0, 0, 0, 0, 0, 1, 105, 0], [0, 0, 0, 0, 0, 0, 0, 1, 0, 104]]}"
e-k5-mp-DC,euclidean,5,modified_plurality,RetentionPolicy.DIFFERENT_CLASS_RETENTION,8,10,9894,1098,0.0014878000001772,0.1826889000003575,0.1841767000005347,0.9927140255009108,0.9928650898477775,0.9926996737125832,0.9927357417011006,0.9928084457022006,0.9927140255009108,0.9927133273589156,"{""labels"": [""0"", ""1"", ""2"", ""3"", ""4"", ""5"", ""6"", ""7"", ""8"", ""9""], ""matrix"": [[113, 0, 0, 0, 0, 0, 1, 0, 0, 0], [0, 111, 1, 1, 0, 0, 0, 1, 0, 0], [0, 0, 115, 0, 0, 0, 0, 0, 0, 0], [0, 0, 0, 104, 1, 0, 0, 0, 0, 0], [0, 0, 0, 0, 114, 0, 0, 0, 0, 0], [0, 0, 0, 0, 0, 105, 0, 1, 0, 0], [0, 0, 0, 0, 0, 0, 105, 0, 0, 0], [0, 0, 0, 0, 0, 0, 0, 114, 0, 0], [0, 0, 0, 0, 0, 0, 0, 1, 105, 0], [0, 0, 0, 0, 0, 1, 0, 0, 0, 104]]}"
e-k5-mp-DC,euclidean,5,modified_plurality,RetentionPolicy.DIFFERENT_CLASS_RETENTION,9,10,9890,1102,0.0019562999950721,0.1848087000034866,0.1867649999985587,0.9900181488203268,0.9900753721908035,0.9899675562984572,0.9899912125138104,0.9900704597005522,0.9900181488203268,0.9900130824147664,"{""labels"": [""0"", ""1"", ""2"", ""3"", ""4"", ""5"", ""6"", ""7"", ""8"", ""9""], ""matrix"": [[113, 0, 0, 0, 1, 0, 0, 0, 0, 1], [0, 112, 1, 1, 0, 0, 0, 0, 0, 0], [0, 0, 115, 0, 0, 0, 0, 0, 0, 0], [0, 0, 0, 104, 0, 0, 0, 0, 0, 1], [0, 0, 0, 0, 114, 1, 0, 0, 0, 0], [0, 0, 0, 0, 0, 105, 0, 0, 1, 0], [0, 0, 0, 0, 0, 0, 106, 0, 0, 0], [0, 0, 0, 0, 0, 0, 0, 114, 0, 0], [0, 0, 0, 0, 0, 0, 0, 1, 105, 0], [0, 1, 0, 0, 0, 0, 0, 2, 0, 103]]}"
e-k5-mp-DD,euclidean,5,modified_plurality,RetentionPolicy.DD_RETENTION,0,10,9894,1098,0.0017717000009724,0.1879861999987042,0.1897578999996767,0.994535519125683,0.9945922532725626,0.9945368754124854,0.9945322313009844,0.9946001482844464,0.994535519125683,0.994535300367696,"{""labels"": [""0"", ""1"", ""2"", ""3"", ""4"", ""5"", ""6"", ""7"", ""8"", ""9""], ""matrix"": [[115, 0, 0, 0, 0, 0, 0, 0, 0, 0], [0, 112, 2, 0, 0, 0, 0, 0, 0, 0], [0, 0, 114, 0, 0, 0, 0, 0, 0, 0], [0, 0, 0, 105, 0, 0, 0, 0, 0, 0], [0, 0, 0, 0, 114, 1, 0, 0, 0, 0], [0, 0, 0, 0, 0, 105, 0, 0, 0, 0], [0, 0, 0, 0, 0, 0, 105, 0, 0, 0], [0, 0, 0, 0, 0, 0, 0, 114, 0, 0], [1, 0, 0, 0, 0, 1, 0, 0, 104, 0], [0, 0, 0, 0, 0, 0, 0, 0, 1, 104]]}"
e-k5-mp-DD,euclidean,5,modified_plurality,RetentionPolicy.DD_RETENTION,1,10,9893,1099,0.001680800000031,0.1916768000010051,0.1933576000010362,0.9899909008189264,0.9902097418191762,0.9901495535393036,0.9901602133115216,0.9900691733338396,0.9899909008189264,0.9900102109919025,"{""labels"": [""0"", ""1"", ""2"", ""3"", ""4"", ""5"", ""6"", ""7"", ""8"", ""9""], ""matrix"": [[114, 1, 0, 0, 0, 0, 0, 0, 0, 0], [0, 112, 2, 0, 0, 0, 0, 0, 0, 0], [0, 2, 112, 0, 0, 0, 0, 0, 0, 0], [0, 0, 0, 103, 0, 0, 0, 1, 0, 1], [0, 0, 0, 0, 114, 1, 0, 0, 0, 0], [0, 0, 0, 0, 0, 105, 0, 0, 0, 0], [0, 0, 0, 0, 0, 0, 106, 0, 0, 0], [0, 1, 1, 0, 0, 0, 0, 112, 0, 0], [0, 0, 0, 0, 0, 0, 0, 0, 105, 0], [0, 0, 0, 1, 0, 0, 0, 0, 0, 105]]}"
e-k5-mp-DD,euclidean,5,modified_plurality,RetentionPolicy.DD_RETENTION,2,10,9895,1097,0.0014872000028844,0.19175389999873,0.1932411000016145,0.99179580674567,0.9917961712066236,0.9917369510733356,0.9917060496820364,0.9919185219739564,0.99179580674567,0.991798759811907,"{""labels"": [""0"", ""1"", ""2"", ""3"", ""4"", ""5"", ""6"", ""7"", ""8"", ""9""], ""matrix"": [[113, 0, 0, 0, 0, 0, 0, 0, 0, 1], [0, 114, 0, 0, 1, 0, 0, 0, 0, 0], [0, 0, 115, 0, 0, 0, 0, 0, 0, 0], [0, 0, 0, 104, 0, 1, 0, 0, 0, 0], [0, 0, 0, 0, 113, 1, 0, 0, 0, 0], [0, 0, 0, 0, 0, 105, 0, 0, 0, 0], [0, 0, 0, 0, 0, 0, 105, 0, 0, 0], [0, 1, 0, 0, 0, 0, 0, 113, 0, 0], [0, 0, 0, 0, 0, 0, 0, 0, 105, 0], [0, 1, 0, 1, 0, 2, 0, 0, 0, 101]]}"
e-k5-mp-DD,euclidean,5,modified_plurality,RetentionPolicy.DD_RETENTION,3,10,9892,1100,0.0017191000006278,0.1893414000005577,0.1910605000011855,0.9918181818181818,0.9919295367212124,0.9919025825433148,0.9919115882544908,0.991843910806175,0.9918181818181818,0.9918267781788496,"{""labels"": [""0"", ""1"", ""2"", ""3"", ""4"", ""5"", ""6"", ""7"", ""8"", ""9""], ""matrix"": [[114, 0, 0, 0, 0, 0, 0, 0, 0, 0], [0, 111, 0, 2, 0, 0, 0, 1, 0, 0], [0, 0, 114, 0, 0, 0, 0, 1, 0, 0], [0, 1, 1, 103, 0, 0, 0, 0, 0, 0], [0, 0, 0, 0, 115, 0, 0, 0, 0, 0], [0, 0, 0, 1, 0, 104, 0, 0, 0, 0], [0, 0, 0, 0, 0, 0, 105, 0, 0, 0], [0, 2, 0, 0, 0, 0, 0, 113, 0, 0], [0, 0, 0, 0, 0, 0, 0, 0, 106, 0], [0, 0, 0, 0, 0, 0, 0, 0, 0, 106]]}"
e-k5-mp-DD,euclidean,5,modified_plurality,RetentionPolicy.DD_RETENTION,4,10,9894,1098,0.0015606000015395,0.1860388999994029,0.1875995000009425,0.9927140255009108,0.9928589505568046,0.992713572281812,0.9927391029572306,0.9928091863876368,0.9927140255009108,0.9927134187223784,"{""labels"": [""0"", ""1"", ""2"", ""3"", ""4"", ""5"", ""6"", ""7"", ""8"", ""9""], ""matrix"": [[114, 0, 0, 0, 0, 0, 0, 0, 0, 0], [0, 112, 2, 1, 0, 0, 0, 0, 0, 0], [0, 0, 114, 0, 0, 0, 0, 0, 0, 0], [0, 0, 1, 104, 0, 0, 0, 0, 0, 0], [0, 0, 0, 0, 113, 1, 0, 0, 0, 0], [0, 0, 0, 1, 0, 105, 0, 0, 0, 0], [0, 0, 0, 0, 0, 0, 106, 0, 0, 0], [0, 0, 0, 0, 0, 0, 0, 114, 0, 0], [0, 0, 0, 0, 0, 0, 0, 0, 105, 0], [0, 0, 0, 0, 1, 0, 0, 1, 0, 103]]}"
e-k5-mp-DD,euclidean,5,modified_plurality,RetentionPolicy.DD_RETENTION,5,10,9894,1098,0.0016448000023956,0.1942257999980938,0.1958706000004895,0.9954462659380692,0.995431701969267,0.9954636591478696,0.9954308224477963,0.9954882320853772,0.9954462659380692,0.9954506554986672,"{""labels"": [""0"", ""1"", ""2"", ""3"", ""4"", ""5"", ""6"", ""7"", ""8"", ""9""], ""matrix"": [[114, 0, 0, 0, 0, 0, 0, 0, 0, 0], [0, 113, 0, 1, 0, 0, 0, 0, 0, 0], [0, 0, 114, 0, 0, 0, 0, 0, 0, 0], [0, 0, 0, 105, 0, 0, 0, 0, 0, 0], [0, 0, 0, 0, 113, 0, 0, 0, 0, 1], [0, 0, 0, 1, 0, 104, 0, 0, 0, 0], [0, 0, 0, 0, 0, 0, 108, 0, 0, 0], [0, 0, 1, 0, 0, 0, 0, 113, 0, 0], [0, 0, 0, 0, 0, 0, 0, 0, 105, 0], [0, 1, 0, 0, 0, 0, 0, 0, 0, 104]]}"
e-k5-mp-DD,euclidean,5,modified_plurality,RetentionPolicy.DD_RETENTION,6,10,9890,1102,0.001565099999425,0.1935126000025775,0.1950777000020025,0.9927404718693283,0.9929055883721948,0.9927491753080692,0.9927794314436832,0.9928284331683358,0.9927404718693283,0.9927358924621112,"{""labels"": [""0"", ""1"", ""2"", ""3"", ""4"", ""5"", ""6"", ""7"", ""8"", ""9""], ""matrix"": [[114, 0, 0, 0, 0, 0, 0, 0, 0, 0], [0, 112, 2, 1, 0, 0, 0, 0, 0, 0], [0, 0, 114, 0, 0, 0, 0, 0, 0, 0], [0, 0, 0, 108, 0, 0, 0, 0, 0, 0], [0, 0, 0, 0, 113, 0, 0, 1, 0, 0], [0, 0, 0, 1, 0, 105, 0, 0, 0, 0], [0, 0, 0, 0, 0, 1, 104, 0, 0, 0], [0, 0, 0, 0, 0, 0, 0, 114, 0, 0], [0, 0, 0, 0, 0, 0, 0, 0, 105, 0], [0, 0, 0, 0, 2, 0, 0, 0, 0, 105]]}"
e-k5-mp-DD,euclidean,5,modified_plurality,RetentionPolicy.DD_RETENTION,7,10,9892,1100,0.001663399998506,0.1910745999994105,0.1927379999979166,0.9927272727272728,0.99300171202501,0.992848692691532,0.9928976293326086,0.992790477403651,0.9927272727272728,0.9927307685987472,"{""labels"": [""0"", ""1"", ""2"", ""3"", ""4"", ""5"", ""6"", ""7"", ""8"", ""9""], ""matrix"": [[112, 0, 0, 0, 2, 0, 0, 0, 0, 0], [0, 112, 2, 0, 0, 0, 0, 0, 0, 0], [0, 1, 113, 0, 0, 0, 0, 0, 0, 0], [0, 0, 0, 107, 0, 0, 0, 0, 0, 0], [0, 0, 0, 0, 114, 0, 0, 0, 0, 0], [0, 0, 0, 0, 0, 106, 0, 0, 0, 0], [0, 0, 0, 0, 0, 0, 105, 0, 0, 0], [0, 0, 0, 1, 0, 0, 0, 114, 0, 0], [0, 0, 0, 0, 0, 0, 0, 1, 105, 0], [0, 0, 0, 0, 0, 0, 0, 1, 0, 104]]}"
e-k5-mp-DD,euclidean,5,modified_plurality,RetentionPolicy.DD_RETENTION,8,10,9894,1098,0.0017271999968215,0.1898380999991786,0.1915652999960002,0.9927140255009108,0.9928650898477775,0.9926996737125832,0.9927357417011006,0.9928084457022006,0.9927140255009108,0.9927133273589156,"{""labels"": [""0"", ""1"", ""2"", ""3"", ""4"", ""5"", ""6"", ""7"", ""8"", ""9""], ""matrix"": [[113, 0, 0, 0, 0, 0, 1, 0, 0, 0], [0, 111, 1, 1, 0, 0, 0, 1, 0, 0], [0, 0, 115, 0, 0, 0, 0, 0, 0, 0], [0, 0, 0, 104, 1, 0, 0, 0, 0, 0], [0, 0, 0, 0, 114, 0, 0, 0, 0, 0], [0, 0, 0, 0, 0, 105, 0, 1, 0, 0], [0, 0, 0, 0, 0, 0, 105, 0, 0, 0], [0, 0, 0, 0, 0, 0, 0, 114, 0, 0], [0, 0, 0, 0, 0, 0, 0, 1, 105, 0], [0, 0, 0, 0, 0, 1, 0, 0, 0, 104]]}"
e-k5-mp-DD,euclidean,5,modified_plurality,RetentionPolicy.DD_RETENTION,9,10,9890,1102,0.0015312000032281,0.1920201999964774,0.1935513999997056,0.9900181488203268,0.9900753721908035,0.9899675562984572,0.9899912125138104,0.9900704597005522,0.9900181488203268,0.9900130824147664,"{""labels"": [""0"", ""1"", ""2"", ""3"", ""4"", ""5"", ""6"", ""7"", ""8"", ""9""], ""matrix"": [[113, 0, 0, 0, 1, 0, 0, 0, 0, 1], [0, 112, 1, 1, 0, 0, 0, 0, 0, 0], [0, 0, 115, 0, 0, 0, 0, 0, 0, 0], [0, 0, 0, 104, 0, 0, 0, 0, 0, 1], [0, 0, 0, 0, 114, 1, 0, 0, 0, 0], [0, 0, 0, 0, 0, 105, 0, 0, 1, 0], [0, 0, 0, 0, 0, 0, 106, 0, 0, 0], [0, 0, 0, 0, 0, 0, 0, 114, 0, 0], [0, 0, 0, 0, 0, 0, 0, 1, 105, 0], [0, 1, 0, 0, 0, 0, 0, 2, 0, 103]]}"
e-k7-b-AR,euclidean,7,borda,RetentionPolicy.ALWAYS_RETAIN,0,10,9894,1098,0.0015297999998438,0.1947715999995125,0.1963013999993563,0.9963570127504554,0.9963725886382956,0.9962836336123329,0.9963156862133528,0.9963727017254732,0.9963570127504554,0.9963524713880836,"{""labels"": [""0"", ""1"", ""2"", ""3"", ""4"", ""5"", ""6"", ""7"", ""8"", ""9""], ""matrix"": [[115, 0, 0, 0, 0, 0, 0, 0, 0, 0], [0, 113, 1, 0, 0, 0, 0, 0, 0, 0], [0, 0, 114, 0, 0, 0, 0, 0, 0, 0], [0, 0, 0, 105, 0, 0, 0, 0, 0, 0], [0, 0, 0, 0, 115, 0, 0, 0, 0, 0], [0, 0, 0, 0, 0, 105, 0, 0, 0, 0], [0, 0, 0, 0, 0, 0, 105, 0, 0, 0], [0, 0, 0, 0, 0, 0, 0, 114, 0, 0], [1, 0, 0, 0, 0, 1, 0, 0, 104, 0], [0, 0, 0, 0, 0, 0, 0, 0, 1, 104]]}"
e-k7-b-AR,euclidean,7,borda,RetentionPolicy.ALWAYS_RETAIN,1,10,9893,1099,0.0018008000042755,0.1982188999973004,0.2000197000015759,0.991810737033667,0.992042301038086,0.9919039395042158,0.9919441881585762,0.9918907144667296,0.991810737033667,0.99182193516259,"{""labels"": [""0"", ""1"", ""2"", ""3"", ""4"", ""5"", ""6"", ""7"", ""8"", ""9""], ""matrix"": [[114, 1, 0, 0, 0, 0, 0, 0, 0, 0], [0, 113, 1, 0, 0, 0, 0, 0, 0, 0], [0, 1, 113, 0, 0, 0, 0, 0, 0, 0], [0, 0, 0, 103, 0, 0, 0, 1, 0, 1], [0, 0, 0, 0, 114, 1, 0, 0, 0, 0], [0, 0, 0, 0, 0, 105, 0, 0, 0, 0], [0, 0, 0, 0, 0, 0, 105, 1, 0, 0], [0, 1, 1, 0, 0, 0, 0, 112, 0, 0], [0, 0, 0, 0, 0, 0, 0, 0, 105, 0], [0, 0, 0, 0, 0, 0, 0, 0, 0, 106]]}"
e-k7-b-AR,euclidean,7,borda,RetentionPolicy.ALWAYS_RETAIN,2,10,9895,1097,0.001487100002123,0.1918594000017037,0.1933465000038268,0.9936189608021878,0.9935598370486508,0.9935665250081728,0.9935287877114956,0.9936851517864896,0.9936189608021878,0.993618663729355,"{""labels"": [""0"", ""1"", ""2"", ""3"", ""4"", ""5"", ""6"", ""7"", ""8"", ""9""], ""matrix"": [[113, 0, 0, 0, 0, 0, 0, 0, 0, 1], [0, 114, 0, 0, 1, 0, 0, 0, 0, 0], [0, 0, 115, 0, 0, 0, 0, 0, 0, 0], [0, 0, 0, 104, 0, 1, 0, 0, 0, 0], [0, 0, 0, 0, 114, 0, 0, 0, 0, 0], [0, 0, 0, 0, 0, 105, 0, 0, 0, 0], [0, 0, 0, 0, 0, 0, 105, 0, 0, 0], [0, 1, 0, 0, 0, 0, 0, 113, 0, 0], [0, 0, 0, 0, 0, 0, 0, 0, 105, 0], [0, 0, 0, 1, 0, 2, 0, 0, 0, 102]]}"
e-k7-b-AR,euclidean,7,borda,RetentionPolicy.ALWAYS_RETAIN,3,10,9892,1100,0.0015765999996801,0.1940131999945151,0.1955897999941953,0.990909090909091,0.9909374358204724,0.9909578293559986,0.9909224688600252,0.9909594375609592,0.990909090909091,0.9909093645120148,"{""labels"": [""0"", ""1"", ""2"", ""3"", ""4"", ""5"", ""6"", ""7"", ""8"", ""9""], ""matrix"": [[114, 0, 0, 0, 0, 0, 0, 0, 0, 0], [0, 112, 0, 2, 0, 0, 0, 0, 0, 0], [0, 0, 114, 0, 0, 0, 0, 1, 0, 0], [0, 1, 1, 103, 0, 0, 0, 0, 0, 0], [0, 0, 0, 0, 115, 0, 0, 0, 0, 0], [0, 0, 0, 1, 0, 103, 0, 0, 0, 1], [0, 0, 0, 0, 0, 0, 105, 0, 0, 0], [0, 2, 0, 0, 0, 0, 0, 112, 1, 0], [0, 0, 0, 0, 0, 0, 0, 0, 106, 0], [0, 0, 0, 0, 0, 0, 0, 0, 0, 106]]}"
e-k7-b-AR,euclidean,7,borda,RetentionPolicy.ALWAYS_RETAIN,4,10,9894,1098,0.0014996999962022,0.193998200003989,0.1954979000001913,0.9954462659380692,0.995584350681802,0.9953298956990508,0.995432538051278,0.9954935100755634,0.9954462659380692,0.995445258657036,"{""labels"": [""0"", ""1"", ""2"", ""3"", ""4"", ""5"", ""6"", ""7"", ""8"", ""9""], ""matrix"": [[114, 0, 0, 0, 0, 0, 0, 0, 0, 0], [0, 114, 1, 0, 0, 0, 0, 0, 0, 0], [0, 0, 114, 0, 0, 0, 0, 0, 0, 0], [0, 0, 1, 104, 0, 0, 0, 0, 0, 0], [0, 0, 0, 0, 114, 0, 0, 0, 0, 0], [0, 0, 0, 1, 0, 105, 0, 0, 0, 0], [0, 0, 0, 0, 0, 0, 106, 0, 0, 0], [0, 0, 0, 0, 0, 0, 0, 114, 0, 0], [0, 0, 0, 0, 0, 0, 0, 0, 105, 0], [0, 0, 0, 0, 1, 0, 0, 1, 0, 103]]}"
e-k7-b-AR,euclidean,7,borda,RetentionPolicy.ALWAYS_RETAIN,5,10,9894,1098,0.0015019999991636,0.1932181000011041,0.1947201000002678,0.9954462659380692,0.9954393297343318,0.9954636591478696,0.9954346529848376,0.995496151622876,0.9954462659380692,0.995454632558983,"{""labels"": [""0"", ""1"", ""2"", ""3"", ""4"", ""5"", ""6"", ""7"", ""8"", ""9""], ""matrix"": [[114, 0, 0, 0, 0, 0, 0, 0, 0, 0], [0, 113, 0, 1, 0, 0, 0, 0, 0, 0], [0, 0, 114, 0, 0, 0, 0, 0, 0, 0], [0, 0, 0, 105, 0, 0, 0, 0, 0, 0], [0, 0, 0, 0, 113, 0, 0, 0, 0, 1], [0, 0, 0, 1, 0, 104, 0, 0, 0, 0], [0, 0, 0, 0, 0, 0, 108, 0, 0, 0], [0, 1, 0, 0, 0, 0, 0, 113, 0, 0], [0, 0, 0, 0, 0, 0, 0, 0, 105, 0], [0, 1, 0, 0, 0, 0, 0, 0, 0, 104]]}"
e-k7-b-AR,euclidean,7,borda,RetentionPolicy.ALWAYS_RETAIN,6,10,9890,1102,0.0015321999962907,0.1975466000003507,0.1990787999966414,0.9936479128856625,0.993806338997716,0.9936187405254608,0.9936804260638836,0.9937112014764692,0.9936479128856625,0.993647128119335,"{""labels"": [""0"", ""1"", ""2"", ""3"", ""4"", ""5"", ""6"", ""7"", ""8"", ""9""], ""matrix"": [[114, 0, 0, 0, 0, 0, 0, 0, 0, 0], [0, 113, 2, 0, 0, 0, 0, 0, 0, 0], [0, 0, 114, 0, 0, 0, 0, 0, 0, 0], [0, 0, 0, 108, 0, 0, 0, 0, 0, 0], [0, 0, 0, 0, 113, 0, 0, 1, 0, 0], [0, 0, 0, 1, 0, 105, 0, 0, 0, 0], [0, 0, 0, 0, 0, 1, 104, 0, 0, 0], [0, 0, 0, 0, 0, 0, 0, 114, 0, 0], [0, 0, 0, 0, 0, 0, 0, 0, 105, 0], [0, 0, 0, 0, 2, 0, 0, 0, 0, 105]]}"
e-k7-b-AR,euclidean,7,borda,RetentionPolicy.ALWAYS_RETAIN,7,10,9892,1100,0.0016801999954623,0.1930470000006607,0.1947271999961231,0.9936363636363637,0.9939423741725688,0.9937182579089232,0.9937993779448624,0.9937065568542132,0.9936363636363637,0.9936396791458074,"{""labels"": [""0"", ""1"", ""2"", ""3"", ""4"", ""5"", ""6"", ""7"", ""8"", ""9""], ""matrix"": [[112, 0, 0, 0, 2, 0, 0, 0, 0, 0], [0, 112, 2, 0, 0, 0, 0, 0, 0, 0], [0, 1, 113, 0, 0, 0, 0, 0, 0, 0], [0, 0, 0, 107, 0, 0, 0, 0, 0, 0], [0, 0, 0, 0, 114, 0, 0, 0, 0, 0], [0, 0, 0, 0, 0, 106, 0, 0, 0, 0], [0, 0, 0, 0, 0, 0, 105, 0, 0, 0], [0, 0, 0, 0, 0, 0, 0, 115, 0, 0], [0, 0, 0, 0, 0, 0, 0, 1, 105, 0], [0, 0, 0, 0, 0, 0, 0, 1, 0, 104]]}"
e-k7-b-AR,euclidean,7,borda,RetentionPolicy.ALWAYS_RETAIN,8,10,9894,1098,0.0014712999982293,0.1980268000042997,0.1994981000025291,0.994535519125683,0.9946574354332268,0.9944540596774956,0.994531594534242,0.9945912869423624,0.994535519125683,0.9945390287660412,"{""labels"": [""0"", ""1"", ""2"", ""3"", ""4"", ""5"", ""6"", ""7"", ""8"", ""9""], ""matrix"": [[113, 0, 0, 0, 0, 0, 1, 0, 0, 0], [0, 113, 1, 0, 0, 0, 0, 0, 0, 0], [0, 0, 115, 0, 0, 0, 0, 0, 0, 0], [0, 0, 0, 104, 1, 0, 0, 0, 0, 0], [0, 0, 0, 0, 114, 0, 0, 0, 0, 0], [0, 0, 0, 0, 0, 105, 0, 1, 0, 0], [0, 0, 0, 0, 0, 0, 105, 0, 0, 0], [0, 0, 0, 0, 0, 0, 0, 114, 0, 0], [0, 0, 0, 0, 0, 0, 0, 1, 105, 0], [0, 0, 0, 0, 0, 1, 0, 0, 0, 104]]}"
e-k7-b-AR,euclidean,7,borda,RetentionPolicy.ALWAYS_RETAIN,9,10,9890,1102,0.0015569000024697,0.1987984999941545,0.2003553999966243,0.9927404718693283,0.9927779712934676,0.992723913968679,0.992719894559564,0.9927958892307835,0.9927404718693283,0.9927362803255448,"{""labels"": [""0"", ""1"", ""2"", ""3"", ""4"", ""5"", ""6"", ""7"", ""8"", ""9""], ""matrix"": [[113, 0, 0, 0, 1, 0, 0, 0, 0, 1], [0, 112, 1, 1, 0, 0, 0, 0, 0, 0], [0, 0, 115, 0, 0, 0, 0, 0, 0, 0], [0, 0, 0, 104, 0, 0, 0, 0, 0, 1], [0, 0, 0, 0, 115, 0, 0, 0, 0, 0], [0, 0, 0, 0, 0, 105, 0, 0, 1, 0], [0, 0, 0, 0, 0, 0, 106, 0, 0, 0], [0, 0, 0, 0, 0, 0, 0, 114, 0, 0], [0, 0, 0, 0, 0, 0, 0, 0, 106, 0], [0, 0, 0, 0, 0, 0, 0, 2, 0, 104]]}"
e-k7-b-NR,euclidean,7,borda,RetentionPolicy.NEVER_RETAIN,0,10,9894,1098,0.0015414000008604,0.1713230999957886,0.1728644999966491,0.9954462659380692,0.9954468259862056,0.9954140683949416,0.9954095424135196,0.9954874095718356,0.9954462659380692,0.995446169828798,"{""labels"": [""0"", ""1"", ""2"", ""3"", ""4"", ""5"", ""6"", ""7"", ""8"", ""9""], ""matrix"": [[115, 0, 0, 0, 0, 0, 0, 0, 0, 0], [0, 113, 1, 0, 0, 0, 0, 0, 0, 0], [0, 0, 114, 0, 0, 0, 0, 0, 0, 0], [0, 0, 0, 105, 0, 0, 0, 0, 0, 0], [0, 0, 0, 0, 114, 1, 0, 0, 0, 0], [0, 0, 0, 0, 0, 105, 0, 0, 0, 0], [0, 0, 0, 0, 0, 0, 105, 0, 0, 0], [0, 0, 0, 0, 0, 0, 0, 114, 0, 0], [1, 0, 0, 0, 0, 1, 0, 0, 104, 0], [0, 0, 0, 0, 0, 0, 0, 0, 1, 104]]}"
e-k7-b-NR,euclidean,7,borda,RetentionPolicy.NEVER_RETAIN,1,10,9893,1099,0.0015394999936688,0.1732299000068451,0.174769400000514,0.9927206551410374,0.992911731250786,0.9928473357306308,0.9928509218696938,0.9927925802014682,0.9927206551410374,0.992727996799288,"{""labels"": [""0"", ""1"", ""2"", ""3"", ""4"", ""5"", ""6"", ""7"", ""8"", ""9""], ""matrix"": [[114, 1, 0, 0, 0, 0, 0, 0, 0, 0], [0, 113, 1, 0, 0, 0, 0, 0, 0, 0], [0, 1, 113, 0, 0, 0, 0, 0, 0, 0], [0, 0, 0, 103, 0, 0, 0, 1, 0, 1], [0, 0, 0, 0, 114, 1, 0, 0, 0, 0], [0, 0, 0, 0, 0, 105, 0, 0, 0, 0], [0, 0, 0, 0, 0, 0, 106, 0, 0, 0], [0, 1, 1, 0, 0, 0, 0, 112, 0, 0], [0, 0, 0, 0, 0, 0, 0, 0, 105, 0], [0, 0, 0, 0, 0, 0, 0, 0, 0, 106]]}"
e-k7-b-NR,euclidean,7,borda,RetentionPolicy.NEVER_RETAIN,2,10,9895,1097,0.0014960999978939,0.1683746999988216,0.1698707999967155,0.9936189608021878,0.9935598370486508,0.9935665250081728,0.9935287877114956,0.9936851517864896,0.9936189608021878,0.993618663729355,"{""labels"": [""0"", ""1"", ""2"", ""3"", ""4"", ""5"", ""6"", ""7"", ""8"", ""9""], ""matrix"": [[113, 0, 0, 0, 0, 0, 0, 0, 0, 1], [0, 114, 0, 0, 1, 0, 0, 0, 0, 0], [0, 0, 115, 0, 0, 0, 0, 0, 0, 0], [0, 0, 0, 104, 0, 1, 0, 0, 0, 0], [0, 0, 0, 0, 114, 0, 0, 0, 0, 0], [0, 0, 0, 0, 0, 105, 0, 0, 0, 0], [0, 0, 0, 0, 0, 0, 105, 0, 0, 0], [0, 1, 0, 0, 0, 0, 0, 113, 0, 0], [0, 0, 0, 0, 0, 0, 0, 0, 105, 0], [0, 0, 0, 1, 0, 2, 0, 0, 0, 102]]}"
e-k7-b-NR,euclidean,7,borda,RetentionPolicy.NEVER_RETAIN,3,10,9892,1100,0.0019239000030211,0.1651790000032633,0.1671029000062844,0.9918181818181818,0.9918720152597248,0.9919102103083796,0.991875021990117,0.9918600322933294,0.9918181818181818,0.9918228878049944,"{""labels"": [""0"", ""1"", ""2"", ""3"", ""4"", ""5"", ""6"", ""7"", ""8"", ""9""], ""matrix"": [[114, 0, 0, 0, 0, 0, 0, 0, 0, 0], [0, 112, 0, 2, 0, 0, 0, 0, 0, 0], [0, 0, 114, 0, 0, 0, 0, 1, 0, 0], [0, 1, 1, 103, 0, 0, 0, 0, 0, 0], [0, 0, 0, 0, 115, 0, 0, 0, 0, 0], [0, 0, 0, 1, 0, 104, 0, 0, 0, 0], [0, 0, 0, 0, 0, 0, 105, 0, 0, 0], [0, 2, 0, 0, 0, 0, 0, 112, 1, 0], [0, 0, 0, 0, 0, 0, 0, 0, 106, 0], [0, 0, 0, 0, 0, 0, 0, 0, 0, 106]]}"
e-k7-b-NR,euclidean,7,borda,RetentionPolicy.NEVER_RETAIN,4,10,9894,1098,0.0016459999969811,0.1682243999966886,0.1698703999936697,0.994535519125683,0.994744386048734,0.9944603304816594,0.9945628902102192,0.9946214156477878,0.994535519125683,0.9945383336512034,"{""labels"": [""0"", ""1"", ""2"", ""3"", ""4"", ""5"", ""6"", ""7"", ""8"", ""9""], ""matrix"": [[114, 0, 0, 0, 0, 0, 0, 0, 0, 0], [0, 113, 2, 0, 0, 0, 0, 0, 0, 0], [0, 0, 114, 0, 0, 0, 0, 0, 0, 0], [0, 0, 1, 104, 0, 0, 0, 0, 0, 0], [0, 0, 0, 0, 114, 0, 0, 0, 0, 0], [0, 0, 0, 1, 0, 105, 0, 0, 0, 0], [0, 0, 0, 0, 0, 0, 106, 0, 0, 0], [0, 0, 0, 0, 0, 0, 0, 114, 0, 0], [0, 0, 0, 0, 0, 0, 0, 0, 105, 0], [0, 0, 0, 0, 1, 0, 0, 1, 0, 103]]}"
e-k7-b-NR,euclidean,7,borda,RetentionPolicy.NEVER_RETAIN,5,10,9894,1098,0.0015334000054281,0.1659503999981098,0.1674838000035379,0.9963570127504554,0.9963650923864212,0.9963408521303256,0.9963407967846712,0.9963814437765136,0.9963570127504554,0.996356957057953,"{""labels"": [""0"", ""1"", ""2"", ""3"", ""4"", ""5"", ""6"", ""7"", ""8"", ""9""], ""matrix"": [[114, 0, 0, 0, 0, 0, 0, 0, 0, 0], [0, 114, 0, 0, 0, 0, 0, 0, 0, 0], [0, 0, 114, 0, 0, 0, 0, 0, 0, 0], [0, 0, 0, 105, 0, 0, 0, 0, 0, 0], [0, 0, 0, 0, 113, 0, 0, 0, 0, 1], [0, 0, 0, 1, 0, 104, 0, 0, 0, 0], [0, 0, 0, 0, 0, 0, 108, 0, 0, 0], [0, 0, 1, 0, 0, 0, 0, 113, 0, 0], [0, 0, 0, 0, 0, 0, 0, 0, 105, 0], [0, 1, 0, 0, 0, 0, 0, 0, 0, 104]]}"
e-k7-b-NR,euclidean,7,borda,RetentionPolicy.NEVER_RETAIN,6,10,9890,1102,0.0014353000005939,0.166609599997173,0.168044899997767,0.9936479128856625,0.993806338997716,0.9936187405254608,0.9936804260638836,0.9937112014764692,0.9936479128856625,0.993647128119335,"{""labels"": [""0"", ""1"", ""2"", ""3"", ""4"", ""5"", ""6"", ""7"", ""8"", ""9""], ""matrix"": [[114, 0, 0, 0, 0, 0, 0, 0, 0, 0], [0, 113, 2, 0, 0, 0, 0, 0, 0, 0], [0, 0, 114, 0, 0, 0, 0, 0, 0, 0], [0, 0, 0, 108, 0, 0, 0, 0, 0, 0], [0, 0, 0, 0, 113, 0, 0, 1, 0, 0], [0, 0, 0, 1, 0, 105, 0, 0, 0, 0], [0, 0, 0, 0, 0, 1, 104, 0, 0, 0], [0, 0, 0, 0, 0, 0, 0, 114, 0, 0], [0, 0, 0, 0, 0, 0, 0, 0, 105, 0], [0, 0, 0, 0, 2, 0, 0, 0, 0, 105]]}"
e-k7-b-NR,euclidean,7,borda,RetentionPolicy.NEVER_RETAIN,7,10,9892,1100,0.0014683000044897,0.1674640999990515,0.1689324000035412,0.9936363636363637,0.9939423741725688,0.9937182579089232,0.9937993779448624,0.9937065568542132,0.9936363636363637,0.9936396791458074,"{""labels"": [""0"", ""1"", ""2"", ""3"", ""4"", ""5"", ""6"", ""7"", ""8"", ""9""], ""matrix"": [[112, 0, 0, 0, 2, 0, 0, 0, 0, 0], [0, 112, 2, 0, 0, 0, 0, 0, 0, 0], [0, 1, 113, 0, 0, 0, 0, 0, 0, 0], [0, 0, 0, 107, 0, 0, 0, 0, 0, 0], [0, 0, 0, 0, 114, 0, 0, 0, 0, 0], [0, 0, 0, 0, 0, 106, 0, 0, 0, 0], [0, 0, 0, 0, 0, 0, 105, 0, 0, 0], [0, 0, 0, 0, 0, 0, 0, 115, 0, 0], [0, 0, 0, 0, 0, 0, 0, 1, 105, 0], [0, 0, 0, 0, 0, 0, 0, 1, 0, 104]]}"
e-k7-b-NR,euclidean,7,borda,RetentionPolicy.NEVER_RETAIN,8,10,9894,1098,0.0015887999979895,0.1677132999975583,0.1693020999955479,0.994535519125683,0.9946574354332268,0.9944540596774956,0.994531594534242,0.9945912869423624,0.994535519125683,0.9945390287660412,"{""labels"": [""0"", ""1"", ""2"", ""3"", ""4"", ""5"", ""6"", ""7"", ""8"", ""9""], ""matrix"": [[113, 0, 0, 0, 0, 0, 1, 0, 0, 0], [0, 113, 1, 0, 0, 0, 0, 0, 0, 0], [0, 0, 115, 0, 0, 0, 0, 0, 0, 0], [0, 0, 0, 104, 1, 0, 0, 0, 0, 0], [0, 0, 0, 0, 114, 0, 0, 0, 0, 0], [0, 0, 0, 0, 0, 105, 0, 1, 0, 0], [0, 0, 0, 0, 0, 0, 105, 0, 0, 0], [0, 0, 0, 0, 0, 0, 0, 114, 0, 0], [0, 0, 0, 0, 0, 0, 0, 1, 105, 0], [0, 0, 0, 0, 0, 1, 0, 0, 0, 104]]}"
e-k7-b-NR,euclidean,7,borda,RetentionPolicy.NEVER_RETAIN,9,10,9890,1102,0.0018532999965827,0.1685685999982524,0.1704218999948352,0.9927404718693283,0.9927779712934676,0.992723913968679,0.992719894559564,0.9927958892307835,0.9927404718693283,0.9927362803255448,"{""labels"": [""0"", ""1"", ""2"", ""3"", ""4"", ""5"", ""6"", ""7"", ""8"", ""9""], ""matrix"": [[113, 0, 0, 0, 1, 0, 0, 0, 0, 1], [0, 112, 1, 1, 0, 0, 0, 0, 0, 0], [0, 0, 115, 0, 0, 0, 0, 0, 0, 0], [0, 0, 0, 104, 0, 0, 0, 0, 0, 1], [0, 0, 0, 0, 115, 0, 0, 0, 0, 0], [0, 0, 0, 0, 0, 105, 0, 0, 1, 0], [0, 0, 0, 0, 0, 0, 106, 0, 0, 0], [0, 0, 0, 0, 0, 0, 0, 114, 0, 0], [0, 0, 0, 0, 0, 0, 0, 0, 106, 0], [0, 0, 0, 0, 0, 0, 0, 2, 0, 104]]}"
e-k7-b-DC,euclidean,7,borda,RetentionPolicy.DIFFERENT_CLASS_RETENTION,0,10,9894,1098,0.0018557000003056,0.1705879000001005,0.1724436000004061,0.9954462659380692,0.9954468259862056,0.9954140683949416,0.9954095424135196,0.9954874095718356,0.9954462659380692,0.995446169828798,"{""labels"": [""0"", ""1"", ""2"", ""3"", ""4"", ""5"", ""6"", ""7"", ""8"", ""9""], ""matrix"": [[115, 0, 0, 0, 0, 0, 0, 0, 0, 0], [0, 113, 1, 0, 0, 0, 0, 0, 0, 0], [0, 0, 114, 0, 0, 0, 0, 0, 0, 0], [0, 0, 0, 105, 0, 0, 0, 0, 0, 0], [0, 0, 0, 0, 114, 1, 0, 0, 0, 0], [0, 0, 0, 0, 0, 105, 0, 0, 0, 0], [0, 0, 0, 0, 0, 0, 105, 0, 0, 0], [0, 0, 0, 0, 0, 0, 0, 114, 0, 0], [1, 0, 0, 0, 0, 1, 0, 0, 104, 0], [0, 0, 0, 0, 0, 0, 0, 0, 1, 104]]}"
e-k7-b-DC,euclidean,7,borda,RetentionPolicy.DIFFERENT_CLASS_RETENTION,1,10,9893,1099,0.0018330000020796,0.1712689999985741,0.1731020000006538,0.9927206551410374,0.992911731250786,0.9928473357306308,0.9928509218696938,0.9927925802014682,0.9927206551410374,0.992727996799288,"{""labels"": [""0"", ""1"", ""2"", ""3"", ""4"", ""5"", ""6"", ""7"", ""8"", ""9""], ""matrix"": [[114, 1, 0, 0, 0, 0, 0, 0, 0, 0], [0, 113, 1, 0, 0, 0, 0, 0, 0, 0], [0, 1, 113, 0, 0, 0, 0, 0, 0, 0], [0, 0, 0, 103, 0, 0, 0, 1, 0, 1], [0, 0, 0, 0, 114, 1, 0, 0, 0, 0], [0, 0, 0, 0, 0, 105, 0, 0, 0, 0], [0, 0, 0, 0, 0, 0, 106, 0, 0, 0], [0, 1, 1, 0, 0, 0, 0, 112, 0, 0], [0, 0, 0, 0, 0, 0, 0, 0, 105, 0], [0, 0, 0, 0, 0, 0, 0, 0, 0, 106]]}"
e-k7-b-DC,euclidean,7,borda,RetentionPolicy.DIFFERENT_CLASS_RETENTION,2,10,9895,1097,0.0015064000035636,0.1679299000024912,0.1694363000060548,0.9936189608021878,0.9935598370486508,0.9935665250081728,0.9935287877114956,0.9936851517864896,0.9936189608021878,0.993618663729355,"{""labels"": [""0"", ""1"", ""2"", ""3"", ""4"", ""5"", ""6"", ""7"", ""8"", ""9""], ""matrix"": [[113, 0, 0, 0, 0, 0, 0, 0, 0, 1], [0, 114, 0, 0, 1, 0, 0, 0, 0, 0], [0, 0, 115, 0, 0, 0, 0, 0, 0, 0], [0, 0, 0, 104, 0, 1, 0, 0, 0, 0], [0, 0, 0, 0, 114, 0, 0, 0, 0, 0], [0, 0, 0, 0, 0, 105, 0, 0, 0, 0], [0, 0, 0, 0, 0, 0, 105, 0, 0, 0], [0, 1, 0, 0, 0, 0, 0, 113, 0, 0], [0, 0, 0, 0, 0, 0, 0, 0, 105, 0], [0, 0, 0, 1, 0, 2, 0, 0, 0, 102]]}"
e-k7-b-DC,euclidean,7,borda,RetentionPolicy.DIFFERENT_CLASS_RETENTION,3,10,9892,1100,0.0021673000010196,0.1687104999946314,0.170877799995651,0.9918181818181818,0.9918720152597248,0.9919102103083796,0.991875021990117,0.9918600322933294,0.9918181818181818,0.9918228878049944,"{""labels"": [""0"", ""1"", ""2"", ""3"", ""4"", ""5"", ""6"", ""7"", ""8"", ""9""], ""matrix"": [[114, 0, 0, 0, 0, 0, 0, 0, 0, 0], [0, 112, 0, 2, 0, 0, 0, 0, 0, 0], [0, 0, 114, 0, 0, 0, 0, 1, 0, 0], [0, 1, 1, 103, 0, 0, 0, 0, 0, 0], [0, 0, 0, 0, 115, 0, 0, 0, 0, 0], [0, 0, 0, 1, 0, 104, 0, 0, 0, 0], [0, 0, 0, 0, 0, 0, 105, 0, 0, 0], [0, 2, 0, 0, 0, 0, 0, 112, 1, 0], [0, 0, 0, 0, 0, 0, 0, 0, 106, 0], [0, 0, 0, 0, 0, 0, 0, 0, 0, 106]]}"
e-k7-b-DC,euclidean,7,borda,RetentionPolicy.DIFFERENT_CLASS_RETENTION,4,10,9894,1098,0.0014902000039,0.1713176999983261,0.1728079000022262,0.994535519125683,0.994744386048734,0.9944603304816594,0.9945628902102192,0.9946214156477878,0.994535519125683,0.9945383336512034,"{""labels"": [""0"", ""1"", ""2"", ""3"", ""4"", ""5"", ""6"", ""7"", ""8"", ""9""], ""matrix"": [[114, 0, 0, 0, 0, 0, 0, 0, 0, 0], [0, 113, 2, 0, 0, 0, 0, 0, 0, 0], [0, 0, 114, 0, 0, 0, 0, 0, 0, 0], [0, 0, 1, 104, 0, 0, 0, 0, 0, 0], [0, 0, 0, 0, 114, 0, 0, 0, 0, 0], [0, 0, 0, 1, 0, 105, 0, 0, 0, 0], [0, 0, 0, 0, 0, 0, 106, 0, 0, 0], [0, 0, 0, 0, 0, 0, 0, 114, 0, 0], [0, 0, 0, 0, 0, 0, 0, 0, 105, 0], [0, 0, 0, 0, 1, 0, 0, 1, 0, 103]]}"
e-k7-b-DC,euclidean,7,borda,RetentionPolicy.DIFFERENT_CLASS_RETENTION,5,10,9894,1098,0.0018108000003849,0.1676437999994959,0.1694545999998808,0.9963570127504554,0.9963650923864212,0.9963408521303256,0.9963407967846712,0.9963814437765136,0.9963570127504554,0.996356957057953,"{""labels"": [""0"", ""1"", ""2"", ""3"", ""4"", ""5"", ""6"", ""7"", ""8"", ""9""], ""matrix"": [[114, 0, 0, 0, 0, 0, 0, 0, 0, 0], [0, 114, 0, 0, 0, 0, 0, 0, 0, 0], [0, 0, 114, 0, 0, 0, 0, 0, 0, 0], [0, 0, 0, 105, 0, 0, 0, 0, 0, 0], [0, 0, 0, 0, 113, 0, 0, 0, 0, 1], [0, 0, 0, 1, 0, 104, 0, 0, 0, 0], [0, 0, 0, 0, 0, 0, 108, 0, 0, 0], [0, 0, 1, 0, 0, 0, 0, 113, 0, 0], [0, 0, 0, 0, 0, 0, 0, 0, 105, 0], [0, 1, 0, 0, 0, 0, 0, 0, 0, 104]]}"
e-k7-b-DC,euclidean,7,borda,RetentionPolicy.DIFFERENT_CLASS_RETENTION,6,10,9890,1102,0.002028999995673,0.1666251999995438,0.1686541999952169,0.9945553539019965,0.9946682764500424,0.994553319964713,0.9945871894078896,0.9946028609099103,0.9945553539019965,0.994555055819955,"{""labels"": [""0"", ""1"", ""2"", ""3"", ""4"", ""5"", ""6"", ""7"", ""8"", ""9""], ""matrix"": [[114, 0, 0, 0, 0, 0, 0, 0, 0, 0], [0, 113, 2, 0, 0, 0, 0, 0, 0, 0], [0, 0, 114, 0, 0, 0, 0, 0, 0, 0], [0, 0, 0, 108, 0, 0, 0, 0, 0, 0], [0, 0, 0, 0, 113, 0, 0, 1, 0, 0], [0, 0, 0, 1, 0, 105, 0, 0, 0, 0], [0, 0, 0, 0, 0, 1, 104, 0, 0, 0], [0, 0, 0, 0, 0, 0, 0, 114, 0, 0], [0, 0, 0, 0, 0, 0, 0, 0, 105, 0], [0, 0, 0, 0, 1, 0, 0, 0, 0, 106]]}"
e-k7-b-DC,euclidean,7,borda,RetentionPolicy.DIFFERENT_CLASS_RETENTION,7,10,9892,1100,0.0015835000012884,0.1706339000011212,0.1722174000024097,0.9936363636363637,0.9939423741725688,0.9937182579089232,0.9937993779448624,0.9937065568542132,0.9936363636363637,0.9936396791458074,"{""labels"": [""0"", ""1"", ""2"", ""3"", ""4"", ""5"", ""6"", ""7"", ""8"", ""9""], ""matrix"": [[112, 0, 0, 0, 2, 0, 0, 0, 0, 0], [0, 112, 2, 0, 0, 0, 0, 0, 0, 0], [0, 1, 113, 0, 0, 0, 0, 0, 0, 0], [0, 0, 0, 107, 0, 0, 0, 0, 0, 0], [0, 0, 0, 0, 114, 0, 0, 0, 0, 0], [0, 0, 0, 0, 0, 106, 0, 0, 0, 0], [0, 0, 0, 0, 0, 0, 105, 0, 0, 0], [0, 0, 0, 0, 0, 0, 0, 115, 0, 0], [0, 0, 0, 0, 0, 0, 0, 1, 105, 0], [0, 0, 0, 0, 0, 0, 0, 1, 0, 104]]}"
e-k7-b-DC,euclidean,7,borda,RetentionPolicy.DIFFERENT_CLASS_RETENTION,8,10,9894,1098,0.0015988999948604,0.1663209000034839,0.1679197999983444,0.994535519125683,0.9946574354332268,0.9944540596774956,0.994531594534242,0.9945912869423624,0.994535519125683,0.9945390287660412,"{""labels"": [""0"", ""1"", ""2"", ""3"", ""4"", ""5"", ""6"", ""7"", ""8"", ""9""], ""matrix"": [[113, 0, 0, 0, 0, 0, 1, 0, 0, 0], [0, 113, 1, 0, 0, 0, 0, 0, 0, 0], [0, 0, 115, 0, 0, 0, 0, 0, 0, 0], [0, 0, 0, 104, 1, 0, 0, 0, 0, 0], [0, 0, 0, 0, 114, 0, 0, 0, 0, 0], [0, 0, 0, 0, 0, 105, 0, 1, 0, 0], [0, 0, 0, 0, 0, 0, 105, 0, 0, 0], [0, 0, 0, 0, 0, 0, 0, 114, 0, 0], [0, 0, 0, 0, 0, 0, 0, 1, 105, 0], [0, 0, 0, 0, 0, 1, 0, 0, 0, 104]]}"
e-k7-b-DC,euclidean,7,borda,RetentionPolicy.DIFFERENT_CLASS_RETENTION,9,10,9890,1102,0.0015606000015395,0.1717233000017586,0.1732839000032981,0.9927404718693283,0.9927779712934676,0.992723913968679,0.992719894559564,0.9927958892307835,0.9927404718693283,0.9927362803255448,"{""labels"": [""0"", ""1"", ""2"", ""3"", ""4"", ""5"", ""6"", ""7"", ""8"", ""9""], ""matrix"": [[113, 0, 0, 0, 1, 0, 0, 0, 0, 1], [0, 112, 1, 1, 0, 0, 0, 0, 0, 0], [0, 0, 115, 0, 0, 0, 0, 0, 0, 0], [0, 0, 0, 104, 0, 0, 0, 0, 0, 1], [0, 0, 0, 0, 115, 0, 0, 0, 0, 0], [0, 0, 0, 0, 0, 105, 0, 0, 1, 0], [0, 0, 0, 0, 0, 0, 106, 0, 0, 0], [0, 0, 0, 0, 0, 0, 0, 114, 0, 0], [0, 0, 0, 0, 0, 0, 0, 0, 106, 0], [0, 0, 0, 0, 0, 0, 0, 2, 0, 104]]}"
e-k7-b-DD,euclidean,7,borda,RetentionPolicy.DD_RETENTION,0,10,9894,1098,0.0015316999997594,0.175526400002127,0.1770581000018865,0.9954462659380692,0.9954468259862056,0.9954140683949416,0.9954095424135196,0.9954874095718356,0.9954462659380692,0.995446169828798,"{""labels"": [""0"", ""1"", ""2"", ""3"", ""4"", ""5"", ""6"", ""7"", ""8"", ""9""], ""matrix"": [[115, 0, 0, 0, 0, 0, 0, 0, 0, 0], [0, 113, 1, 0, 0, 0, 0, 0, 0, 0], [0, 0, 114, 0, 0, 0, 0, 0, 0, 0], [0, 0, 0, 105, 0, 0, 0, 0, 0, 0], [0, 0, 0, 0, 114, 1, 0, 0, 0, 0], [0, 0, 0, 0, 0, 105, 0, 0, 0, 0], [0, 0, 0, 0, 0, 0, 105, 0, 0, 0], [0, 0, 0, 0, 0, 0, 0, 114, 0, 0], [1, 0, 0, 0, 0, 1, 0, 0, 104, 0], [0, 0, 0, 0, 0, 0, 0, 0, 1, 104]]}"
e-k7-b-DD,euclidean,7,borda,RetentionPolicy.DD_RETENTION,1,10,9893,1099,0.0015308000001823,0.1747625999996671,0.1762933999998495,0.9927206551410374,0.992911731250786,0.9928473357306308,0.9928509218696938,0.9927925802014682,0.9927206551410374,0.992727996799288,"{""labels"": [""0"", ""1"", ""2"", ""3"", ""4"", ""5"", ""6"", ""7"", ""8"", ""9""], ""matrix"": [[114, 1, 0, 0, 0, 0, 0, 0, 0, 0], [0, 113, 1, 0, 0, 0, 0, 0, 0, 0], [0, 1, 113, 0, 0, 0, 0, 0, 0, 0], [0, 0, 0, 103, 0, 0, 0, 1, 0, 1], [0, 0, 0, 0, 114, 1, 0, 0, 0, 0], [0, 0, 0, 0, 0, 105, 0, 0, 0, 0], [0, 0, 0, 0, 0, 0, 106, 0, 0, 0], [0, 1, 1, 0, 0, 0, 0, 112, 0, 0], [0, 0, 0, 0, 0, 0, 0, 0, 105, 0], [0, 0, 0, 0, 0, 0, 0, 0, 0, 106]]}"
e-k7-b-DD,euclidean,7,borda,RetentionPolicy.DD_RETENTION,2,10,9895,1097,0.0015560000028926,0.1716263999987859,0.1731824000016786,0.9936189608021878,0.9935598370486508,0.9935665250081728,0.9935287877114956,0.9936851517864896,0.9936189608021878,0.993618663729355,"{""labels"": [""0"", ""1"", ""2"", ""3"", ""4"", ""5"", ""6"", ""7"", ""8"", ""9""], ""matrix"": [[113, 0, 0, 0, 0, 0, 0, 0, 0, 1], [0, 114, 0, 0, 1, 0, 0, 0, 0, 0], [0, 0, 115, 0, 0, 0, 0, 0, 0, 0], [0, 0, 0, 104, 0, 1, 0, 0, 0, 0], [0, 0, 0, 0, 114, 0, 0, 0, 0, 0], [0, 0, 0, 0, 0, 105, 0, 0, 0, 0], [0, 0, 0, 0, 0, 0, 105, 0, 0, 0], [0, 1, 0, 0, 0, 0, 0, 113, 0, 0], [0, 0, 0, 0, 0, 0, 0, 0, 105, 0], [0, 0, 0, 1, 0, 2, 0, 0, 0, 102]]}"
e-k7-b-DD,euclidean,7,borda,RetentionPolicy.DD_RETENTION,3,10,9892,1100,0.001777999998012,0.1715210000038496,0.1732990000018617,0.9918181818181818,0.9918720152597248,0.9919102103083796,0.991875021990117,0.9918600322933294,0.9918181818181818,0.9918228878049944,"{""labels"": [""0"", ""1"", ""2"", ""3"", ""4"", ""5"", ""6"", ""7"", ""8"", ""9""], ""matrix"": [[114, 0, 0, 0, 0, 0, 0, 0, 0, 0], [0, 112, 0, 2, 0, 0, 0, 0, 0, 0], [0, 0, 114, 0, 0, 0, 0, 1, 0, 0], [0, 1, 1, 103, 0, 0, 0, 0, 0, 0], [0, 0, 0, 0, 115, 0, 0, 0, 0, 0], [0, 0, 0, 1, 0, 104, 0, 0, 0, 0], [0, 0, 0, 0, 0, 0, 105, 0, 0, 0], [0, 2, 0, 0, 0, 0, 0, 112, 1, 0], [0, 0, 0, 0, 0, 0, 0, 0, 106, 0], [0, 0, 0, 0, 0, 0, 0, 0, 0, 106]]}"
e-k7-b-DD,euclidean,7,borda,RetentionPolicy.DD_RETENTION,4,10,9894,1098,0.0015354999995906,0.175835800000641,0.1773713000002317,0.9954462659380692,0.995584350681802,0.9953298956990508,0.995432538051278,0.9954935100755634,0.9954462659380692,0.995445258657036,"{""labels"": [""0"", ""1"", ""2"", ""3"", ""4"", ""5"", ""6"", ""7"", ""8"", ""9""], ""matrix"": [[114, 0, 0, 0, 0, 0, 0, 0, 0, 0], [0, 114, 1, 0, 0, 0, 0, 0, 0, 0], [0, 0, 114, 0, 0, 0, 0, 0, 0, 0], [0, 0, 1, 104, 0, 0, 0, 0, 0, 0], [0, 0, 0, 0, 114, 0, 0, 0, 0, 0], [0, 0, 0, 1, 0, 105, 0, 0, 0, 0], [0, 0, 0, 0, 0, 0, 106, 0, 0, 0], [0, 0, 0, 0, 0, 0, 0, 114, 0, 0], [0, 0, 0, 0, 0, 0, 0, 0, 105, 0], [0, 0, 0, 0, 1, 0, 0, 1, 0, 103]]}"
e-k7-b-DD,euclidean,7,borda,RetentionPolicy.DD_RETENTION,5,10,9894,1098,0.0015597000019624,0.1711839999989024,0.1727437000008649,0.9963570127504554,0.9963650923864212,0.9963408521303256,0.9963407967846712,0.9963814437765136,0.9963570127504554,0.996356957057953,"{""labels"": [""0"", ""1"", ""2"", ""3"", ""4"", ""5"", ""6"", ""7"", ""8"", ""9""], ""matrix"": [[114, 0, 0, 0, 0, 0, 0, 0, 0, 0], [0, 114, 0, 0, 0, 0, 0, 0, 0, 0], [0, 0, 114, 0, 0, 0, 0, 0, 0, 0], [0, 0, 0, 105, 0, 0, 0, 0, 0, 0], [0, 0, 0, 0, 113, 0, 0, 0, 0, 1], [0, 0, 0, 1, 0, 104, 0, 0, 0, 0], [0, 0, 0, 0, 0, 0, 108, 0, 0, 0], [0, 0, 1, 0, 0, 0, 0, 113, 0, 0], [0, 0, 0, 0, 0, 0, 0, 0, 105, 0], [0, 1, 0, 0, 0, 0, 0, 0, 0, 104]]}"
e-k7-b-DD,euclidean,7,borda,RetentionPolicy.DD_RETENTION,6,10,9890,1102,0.0014969999974709,0.1733147999984794,0.1748117999959504,0.9945553539019965,0.9946682764500424,0.994553319964713,0.9945871894078896,0.9946028609099103,0.9945553539019965,0.994555055819955,"{""labels"": [""0"", ""1"", ""2"", ""3"", ""4"", ""5"", ""6"", ""7"", ""8"", ""9""], ""matrix"": [[114, 0, 0, 0, 0, 0, 0, 0, 0, 0], [0, 113, 2, 0, 0, 0, 0, 0, 0, 0], [0, 0, 114, 0, 0, 0, 0, 0, 0, 0], [0, 0, 0, 108, 0, 0, 0, 0, 0, 0], [0, 0, 0, 0, 113, 0, 0, 1, 0, 0], [0, 0, 0, 1, 0, 105, 0, 0, 0, 0], [0, 0, 0, 0, 0, 1, 104, 0, 0, 0], [0, 0, 0, 0, 0, 0, 0, 114, 0, 0], [0, 0, 0, 0, 0, 0, 0, 0, 105, 0], [0, 0, 0, 0, 1, 0, 0, 0, 0, 106]]}"
e-k7-b-DD,euclidean,7,borda,RetentionPolicy.DD_RETENTION,7,10,9892,1100,0.0016336000044248,0.1778083999961381,0.1794420000005629,0.9936363636363637,0.9939423741725688,0.9937182579089232,0.9937993779448624,0.9937065568542132,0.9936363636363637,0.9936396791458074,"{""labels"": [""0"", ""1"", ""2"", ""3"", ""4"", ""5"", ""6"", ""7"", ""8"", ""9""], ""matrix"": [[112, 0, 0, 0, 2, 0, 0, 0, 0, 0], [0, 112, 2, 0, 0, 0, 0, 0, 0, 0], [0, 1, 113, 0, 0, 0, 0, 0, 0, 0], [0, 0, 0, 107, 0, 0, 0, 0, 0, 0], [0, 0, 0, 0, 114, 0, 0, 0, 0, 0], [0, 0, 0, 0, 0, 106, 0, 0, 0, 0], [0, 0, 0, 0, 0, 0, 105, 0, 0, 0], [0, 0, 0, 0, 0, 0, 0, 115, 0, 0], [0, 0, 0, 0, 0, 0, 0, 1, 105, 0], [0, 0, 0, 0, 0, 0, 0, 1, 0, 104]]}"
e-k7-b-DD,euclidean,7,borda,RetentionPolicy.DD_RETENTION,8,10,9894,1098,0.0018794999996316,0.173622800000885,0.1755023000005167,0.994535519125683,0.9946574354332268,0.9944540596774956,0.994531594534242,0.9945912869423624,0.994535519125683,0.9945390287660412,"{""labels"": [""0"", ""1"", ""2"", ""3"", ""4"", ""5"", ""6"", ""7"", ""8"", ""9""], ""matrix"": [[113, 0, 0, 0, 0, 0, 1, 0, 0, 0], [0, 113, 1, 0, 0, 0, 0, 0, 0, 0], [0, 0, 115, 0, 0, 0, 0, 0, 0, 0], [0, 0, 0, 104, 1, 0, 0, 0, 0, 0], [0, 0, 0, 0, 114, 0, 0, 0, 0, 0], [0, 0, 0, 0, 0, 105, 0, 1, 0, 0], [0, 0, 0, 0, 0, 0, 105, 0, 0, 0], [0, 0, 0, 0, 0, 0, 0, 114, 0, 0], [0, 0, 0, 0, 0, 0, 0, 1, 105, 0], [0, 0, 0, 0, 0, 1, 0, 0, 0, 104]]}"
e-k7-b-DD,euclidean,7,borda,RetentionPolicy.DD_RETENTION,9,10,9890,1102,0.0015160999973886,0.1746970999956829,0.1762131999930716,0.9927404718693283,0.9927779712934676,0.992723913968679,0.992719894559564,0.9927958892307835,0.9927404718693283,0.9927362803255448,"{""labels"": [""0"", ""1"", ""2"", ""3"", ""4"", ""5"", ""6"", ""7"", ""8"", ""9""], ""matrix"": [[113, 0, 0, 0, 1, 0, 0, 0, 0, 1], [0, 112, 1, 1, 0, 0, 0, 0, 0, 0], [0, 0, 115, 0, 0, 0, 0, 0, 0, 0], [0, 0, 0, 104, 0, 0, 0, 0, 0, 1], [0, 0, 0, 0, 115, 0, 0, 0, 0, 0], [0, 0, 0, 0, 0, 105, 0, 0, 1, 0], [0, 0, 0, 0, 0, 0, 106, 0, 0, 0], [0, 0, 0, 0, 0, 0, 0, 114, 0, 0], [0, 0, 0, 0, 0, 0, 0, 0, 106, 0], [0, 0, 0, 0, 0, 0, 0, 2, 0, 104]]}"
e-k7-mp-AR,euclidean,7,modified_plurality,RetentionPolicy.ALWAYS_RETAIN,0,10,9894,1098,0.001518599994597,0.2113643999982741,0.2128829999928712,0.9936247723132968,0.993713530546014,0.99359347918607,0.9936125891213824,0.9936884804269484,0.9936247723132968,0.9936156690305422,"{""labels"": [""0"", ""1"", ""2"", ""3"", ""4"", ""5"", ""6"", ""7"", ""8"", ""9""], ""matrix"": [[115, 0, 0, 0, 0, 0, 0, 0, 0, 0], [0, 112, 2, 0, 0, 0, 0, 0, 0, 0], [0, 0, 114, 0, 0, 0, 0, 0, 0, 0], [0, 0, 0, 105, 0, 0, 0, 0, 0, 0], [0, 0, 0, 0, 114, 1, 0, 0, 0, 0], [0, 0, 0, 0, 0, 105, 0, 0, 0, 0], [0, 0, 0, 0, 0, 0, 105, 0, 0, 0], [0, 0, 0, 0, 0, 0, 0, 114, 0, 0], [1, 0, 0, 0, 0, 1, 0, 1, 103, 0], [0, 0, 0, 0, 0, 0, 0, 0, 1, 104]]}"
e-k7-mp-AR,euclidean,7,modified_plurality,RetentionPolicy.ALWAYS_RETAIN,1,10,9893,1099,0.0018392000056337,0.2124229999972158,0.2142622000028495,0.9899909008189264,0.9902023805719936,0.9900833502953448,0.9901230448177952,0.9900615374632408,0.9899909008189264,0.9900061551312062,"{""labels"": [""0"", ""1"", ""2"", ""3"", ""4"", ""5"", ""6"", ""7"", ""8"", ""9""], ""matrix"": [[114, 1, 0, 0, 0, 0, 0, 0, 0, 0], [0, 112, 2, 0, 0, 0, 0, 0, 0, 0], [0, 1, 113, 0, 0, 0, 0, 0, 0, 0], [0, 0, 0, 103, 0, 0, 0, 1, 0, 1], [0, 0, 0, 0, 114, 1, 0, 0, 0, 0], [0, 0, 0, 0, 0, 105, 0, 0, 0, 0], [0, 0, 0, 0, 0, 0, 105, 1, 0, 0], [0, 1, 1, 0, 0, 0, 0, 112, 0, 0], [0, 0, 0, 0, 0, 0, 0, 0, 105, 0], [0, 0, 0, 1, 0, 0, 0, 0, 0, 105]]}"
e-k7-mp-AR,euclidean,7,modified_plurality,RetentionPolicy.ALWAYS_RETAIN,2,10,9895,1097,0.0016574999972363,0.2089911000002757,0.210648599997512,0.9908842297174112,0.9909133725776836,0.9908673858559442,0.9908390556462195,0.9910002007975643,0.9908842297174112,0.9908925904325376,"{""labels"": [""0"", ""1"", ""2"", ""3"", ""4"", ""5"", ""6"", ""7"", ""8"", ""9""], ""matrix"": [[113, 0, 0, 0, 0, 0, 0, 0, 0, 1], [0, 113, 1, 0, 1, 0, 0, 0, 0, 0], [0, 0, 115, 0, 0, 0, 0, 0, 0, 0], [0, 0, 0, 104, 0, 1, 0, 0, 0, 0], [0, 0, 0, 0, 113, 1, 0, 0, 0, 0], [0, 0, 0, 0, 0, 105, 0, 0, 0, 0], [0, 0, 0, 0, 0, 0, 105, 0, 0, 0], [0, 1, 0, 0, 0, 0, 0, 113, 0, 0], [0, 0, 0, 0, 0, 0, 0, 1, 104, 0], [0, 0, 0, 1, 0, 2, 0, 0, 0, 102]]}"
e-k7-mp-AR,euclidean,7,modified_plurality,RetentionPolicy.ALWAYS_RETAIN,3,10,9892,1100,0.0018020999996224,0.2108308999959263,0.2126329999955487,0.99,0.9901300793070624,0.9900157900904848,0.9900644371733336,0.99004923995978,0.99,0.9900163013777834,"{""labels"": [""0"", ""1"", ""2"", ""3"", ""4"", ""5"", ""6"", ""7"", ""8"", ""9""], ""matrix"": [[114, 0, 0, 0, 0, 0, 0, 0, 0, 0], [0, 111, 0, 2, 0, 0, 0, 1, 0, 0], [0, 0, 114, 0, 0, 0, 0, 1, 0, 0], [0, 1, 1, 103, 0, 0, 0, 0, 0, 0], [0, 0, 0, 0, 115, 0, 0, 0, 0, 0], [0, 0, 0, 1, 0, 104, 0, 0, 0, 0], [0, 0, 0, 0, 0, 0, 105, 0, 0, 0], [0, 2, 0, 0, 0, 0, 0, 113, 0, 0], [0, 0, 0, 0, 0, 0, 0, 1, 105, 0], [0, 0, 0, 0, 0, 1, 0, 0, 0, 105]]}"
e-k7-mp-AR,euclidean,7,modified_plurality,RetentionPolicy.ALWAYS_RETAIN,4,10,9894,1098,0.0018194000003859,0.2087629000016022,0.2105823000019882,0.9918032786885246,0.9919330199659122,0.991770176055397,0.9917957067308156,0.9919236518086776,0.9918032786885246,0.9918069068053016,"{""labels"": [""0"", ""1"", ""2"", ""3"", ""4"", ""5"", ""6"", ""7"", ""8"", ""9""], ""matrix"": [[114, 0, 0, 0, 0, 0, 0, 0, 0, 0], [0, 112, 2, 1, 0, 0, 0, 0, 0, 0], [0, 0, 114, 0, 0, 0, 0, 0, 0, 0], [0, 0, 1, 104, 0, 0, 0, 0, 0, 0], [0, 0, 0, 0, 113, 1, 0, 0, 0, 0], [0, 0, 0, 2, 0, 104, 0, 0, 0, 0], [0, 0, 0, 0, 0, 0, 106, 0, 0, 0], [0, 0, 0, 0, 0, 0, 0, 114, 0, 0], [0, 0, 0, 0, 0, 0, 0, 0, 105, 0], [0, 0, 0, 0, 1, 0, 0, 1, 0, 103]]}"
e-k7-mp-AR,euclidean,7,modified_plurality,RetentionPolicy.ALWAYS_RETAIN,5,10,9894,1098,0.001738099999784,0.2073245999999926,0.2090626999997766,0.9927140255009108,0.9927998530125156,0.9927568922305764,0.9927573883251638,0.992755711310608,0.9927140255009108,0.9927141776308672,"{""labels"": [""0"", ""1"", ""2"", ""3"", ""4"", ""5"", ""6"", ""7"", ""8"", ""9""], ""matrix"": [[114, 0, 0, 0, 0, 0, 0, 0, 0, 0], [0, 112, 0, 1, 1, 0, 0, 0, 0, 0], [0, 0, 114, 0, 0, 0, 0, 0, 0, 0], [0, 0, 0, 105, 0, 0, 0, 0, 0, 0], [0, 0, 0, 0, 112, 0, 0, 1, 0, 1], [0, 0, 0, 1, 0, 104, 0, 0, 0, 0], [0, 0, 0, 0, 0, 0, 108, 0, 0, 0], [0, 0, 1, 0, 0, 0, 0, 113, 0, 0], [0, 0, 0, 0, 0, 0, 0, 1, 104, 0], [0, 1, 0, 0, 0, 0, 0, 0, 0, 104]]}"
e-k7-mp-AR,euclidean,7,modified_plurality,RetentionPolicy.ALWAYS_RETAIN,6,10,9890,1102,0.0015148000020417,0.2058861000041361,0.2074009000061778,0.9927404718693283,0.9929055883721948,0.9927491753080692,0.9927794314436832,0.9928284331683358,0.9927404718693283,0.9927358924621112,"{""labels"": [""0"", ""1"", ""2"", ""3"", ""4"", ""5"", ""6"", ""7"", ""8"", ""9""], ""matrix"": [[114, 0, 0, 0, 0, 0, 0, 0, 0, 0], [0, 112, 2, 1, 0, 0, 0, 0, 0, 0], [0, 0, 114, 0, 0, 0, 0, 0, 0, 0], [0, 0, 0, 108, 0, 0, 0, 0, 0, 0], [0, 0, 0, 0, 113, 0, 0, 1, 0, 0], [0, 0, 0, 1, 0, 105, 0, 0, 0, 0], [0, 0, 0, 0, 0, 1, 104, 0, 0, 0], [0, 0, 0, 0, 0, 0, 0, 114, 0, 0], [0, 0, 0, 0, 0, 0, 0, 0, 105, 0], [0, 0, 0, 0, 2, 0, 0, 0, 0, 105]]}"
e-k7-mp-AR,euclidean,7,modified_plurality,RetentionPolicy.ALWAYS_RETAIN,7,10,9892,1100,0.0015314999982365,0.212158599999384,0.2136900999976205,0.9945454545454544,0.9948423224285292,0.9945954508913794,0.9946764865464648,0.9946392305012994,0.9945454545454544,0.9945486826056498,"{""labels"": [""0"", ""1"", ""2"", ""3"", ""4"", ""5"", ""6"", ""7"", ""8"", ""9""], ""matrix"": [[112, 0, 0, 0, 2, 0, 0, 0, 0, 0], [0, 112, 2, 0, 0, 0, 0, 0, 0, 0], [0, 0, 114, 0, 0, 0, 0, 0, 0, 0], [0, 0, 0, 107, 0, 0, 0, 0, 0, 0], [0, 0, 0, 0, 114, 0, 0, 0, 0, 0], [0, 0, 0, 0, 0, 106, 0, 0, 0, 0], [0, 0, 0, 0, 0, 0, 105, 0, 0, 0], [0, 0, 0, 0, 0, 0, 0, 115, 0, 0], [0, 0, 0, 0, 0, 0, 0, 1, 105, 0], [0, 0, 0, 0, 0, 0, 0, 1, 0, 104]]}"
e-k7-mp-AR,euclidean,7,modified_plurality,RetentionPolicy.ALWAYS_RETAIN,8,10,9894,1098,0.0015136000001803,0.2099842000025091,0.2114978000026894,0.9927140255009108,0.9928366782855524,0.9926996737125832,0.9927236787895636,0.9927783049700424,0.9927140255009108,0.9927011334175933,"{""labels"": [""0"", ""1"", ""2"", ""3"", ""4"", ""5"", ""6"", ""7"", ""8"", ""9""], ""matrix"": [[113, 0, 0, 0, 0, 0, 1, 0, 0, 0], [0, 111, 1, 1, 0, 0, 0, 1, 0, 0], [0, 0, 115, 0, 0, 0, 0, 0, 0, 0], [0, 0, 0, 104, 1, 0, 0, 0, 0, 0], [0, 0, 0, 0, 114, 0, 0, 0, 0, 0], [0, 0, 0, 0, 0, 106, 0, 0, 0, 0], [0, 0, 0, 0, 0, 0, 105, 0, 0, 0], [0, 0, 0, 0, 0, 0, 0, 114, 0, 0], [1, 0, 0, 0, 0, 0, 0, 1, 104, 0], [0, 0, 0, 0, 0, 1, 0, 0, 0, 104]]}"
e-k7-mp-AR,euclidean,7,modified_plurality,RetentionPolicy.ALWAYS_RETAIN,9,10,9890,1102,0.0016895000007934,0.2108963999999105,0.212585900000704,0.9900181488203268,0.9900753721908035,0.9899675562984572,0.9899912125138104,0.9900704597005522,0.9900181488203268,0.9900130824147664,"{""labels"": [""0"", ""1"", ""2"", ""3"", ""4"", ""5"", ""6"", ""7"", ""8"", ""9""], ""matrix"": [[113, 0, 0, 0, 1, 0, 0, 0, 0, 1], [0, 112, 1, 1, 0, 0, 0, 0, 0, 0], [0, 0, 115, 0, 0, 0, 0, 0, 0, 0], [0, 0, 0, 104, 0, 0, 0, 0, 0, 1], [0, 0, 0, 0, 114, 1, 0, 0, 0, 0], [0, 0, 0, 0, 0, 105, 0, 0, 1, 0], [0, 0, 0, 0, 0, 0, 106, 0, 0, 0], [0, 0, 0, 0, 0, 0, 0, 114, 0, 0], [0, 0, 0, 0, 0, 0, 0, 1, 105, 0], [0, 1, 0, 0, 0, 0, 0, 2, 0, 103]]}"
e-k7-mp-NR,euclidean,7,modified_plurality,RetentionPolicy.NEVER_RETAIN,0,10,9894,1098,0.0015474000028916,0.1813506999969831,0.1828980999998748,0.9936247723132968,0.993713530546014,0.99359347918607,0.9936125891213824,0.9936884804269484,0.9936247723132968,0.9936156690305422,"{""labels"": [""0"", ""1"", ""2"", ""3"", ""4"", ""5"", ""6"", ""7"", ""8"", ""9""], ""matrix"": [[115, 0, 0, 0, 0, 0, 0, 0, 0, 0], [0, 112, 2, 0, 0, 0, 0, 0, 0, 0], [0, 0, 114, 0, 0, 0, 0, 0, 0, 0], [0, 0, 0, 105, 0, 0, 0, 0, 0, 0], [0, 0, 0, 0, 114, 1, 0, 0, 0, 0], [0, 0, 0, 0, 0, 105, 0, 0, 0, 0], [0, 0, 0, 0, 0, 0, 105, 0, 0, 0], [0, 0, 0, 0, 0, 0, 0, 114, 0, 0], [1, 0, 0, 0, 0, 1, 0, 1, 103, 0], [0, 0, 0, 0, 0, 0, 0, 0, 1, 104]]}"
e-k7-mp-NR,euclidean,7,modified_plurality,RetentionPolicy.NEVER_RETAIN,1,10,9893,1099,0.0016584999975748,0.1879655000011553,0.1896239999987301,0.9909008189262968,0.9910718107846934,0.9910267465217596,0.9910297785289128,0.9909634031979794,0.9909008189262968,0.990912216767904,"{""labels"": [""0"", ""1"", ""2"", ""3"", ""4"", ""5"", ""6"", ""7"", ""8"", ""9""], ""matrix"": [[114, 1, 0, 0, 0, 0, 0, 0, 0, 0], [0, 112, 2, 0, 0, 0, 0, 0, 0, 0], [0, 1, 113, 0, 0, 0, 0, 0, 0, 0], [0, 0, 0, 103, 0, 0, 0, 1, 0, 1], [0, 0, 0, 0, 114, 1, 0, 0, 0, 0], [0, 0, 0, 0, 0, 105, 0, 0, 0, 0], [0, 0, 0, 0, 0, 0, 106, 0, 0, 0], [0, 1, 1, 0, 0, 0, 0, 112, 0, 0], [0, 0, 0, 0, 0, 0, 0, 0, 105, 0], [0, 0, 0, 1, 0, 0, 0, 0, 0, 105]]}"
e-k7-mp-NR,euclidean,7,modified_plurality,RetentionPolicy.NEVER_RETAIN,2,10,9895,1097,0.0015783999988343,0.182240100002673,0.1838185000015073,0.99179580674567,0.9918687892928212,0.99189495477825,0.991814955733736,0.9919860132588568,0.99179580674567,0.9918260448722498,"{""labels"": [""0"", ""1"", ""2"", ""3"", ""4"", ""5"", ""6"", ""7"", ""8"", ""9""], ""matrix"": [[113, 0, 0, 0, 0, 0, 0, 0, 0, 1], [0, 113, 1, 0, 1, 0, 0, 0, 0, 0], [0, 0, 115, 0, 0, 0, 0, 0, 0, 0], [0, 0, 0, 104, 0, 1, 0, 0, 0, 0], [0, 0, 0, 0, 112, 2, 0, 0, 0, 0], [0, 0, 0, 0, 0, 105, 0, 0, 0, 0], [0, 0, 0, 0, 0, 0, 105, 0, 0, 0], [0, 1, 0, 0, 0, 0, 0, 113, 0, 0], [0, 0, 0, 0, 0, 0, 0, 0, 105, 0], [0, 0, 0, 0, 0, 2, 0, 0, 0, 103]]}"
e-k7-mp-NR,euclidean,7,modified_plurality,RetentionPolicy.NEVER_RETAIN,3,10,9892,1100,0.0015666999970562,0.1840058000016142,0.1855724999986705,0.9890909090909092,0.9891956678066132,0.9890723938640698,0.9891165698747552,0.9891573017093512,0.9890909090909092,0.989107169435476,"{""labels"": [""0"", ""1"", ""2"", ""3"", ""4"", ""5"", ""6"", ""7"", ""8"", ""9""], ""matrix"": [[114, 0, 0, 0, 0, 0, 0, 0, 0, 0], [0, 111, 0, 2, 0, 0, 0, 1, 0, 0], [0, 0, 114, 0, 0, 0, 0, 1, 0, 0], [0, 1, 1, 103, 0, 0, 0, 0, 0, 0], [0, 0, 0, 0, 115, 0, 0, 0, 0, 0], [0, 0, 0, 1, 0, 104, 0, 0, 0, 0], [0, 0, 0, 0, 0, 0, 105, 0, 0, 0], [0, 2, 0, 0, 0, 0, 0, 113, 0, 0], [0, 0, 0, 0, 0, 0, 0, 1, 105, 0], [0, 0, 0, 0, 0, 2, 0, 0, 0, 104]]}"
e-k7-mp-NR,euclidean,7,modified_plurality,RetentionPolicy.NEVER_RETAIN,4,10,9894,1098,0.0014831000007689,0.1808693999992101,0.182352499999979,0.9918032786885246,0.9919330199659122,0.991770176055397,0.9917957067308156,0.9919236518086776,0.9918032786885246,0.9918069068053016,"{""labels"": [""0"", ""1"", ""2"", ""3"", ""4"", ""5"", ""6"", ""7"", ""8"", ""9""], ""matrix"": [[114, 0, 0, 0, 0, 0, 0, 0, 0, 0], [0, 112, 2, 1, 0, 0, 0, 0, 0, 0], [0, 0, 114, 0, 0, 0, 0, 0, 0, 0], [0, 0, 1, 104, 0, 0, 0, 0, 0, 0], [0, 0, 0, 0, 113, 1, 0, 0, 0, 0], [0, 0, 0, 2, 0, 104, 0, 0, 0, 0], [0, 0, 0, 0, 0, 0, 106, 0, 0, 0], [0, 0, 0, 0, 0, 0, 0, 114, 0, 0], [0, 0, 0, 0, 0, 0, 0, 0, 105, 0], [0, 0, 0, 0, 1, 0, 0, 1, 0, 103]]}"
e-k7-mp-NR,euclidean,7,modified_plurality,RetentionPolicy.NEVER_RETAIN,5,10,9894,1098,0.0016251999986707,0.181831100002455,0.1834563000011257,0.9927140255009108,0.9927998530125156,0.9927568922305764,0.9927573883251638,0.992755711310608,0.9927140255009108,0.9927141776308672,"{""labels"": [""0"", ""1"", ""2"", ""3"", ""4"", ""5"", ""6"", ""7"", ""8"", ""9""], ""matrix"": [[114, 0, 0, 0, 0, 0, 0, 0, 0, 0], [0, 112, 0, 1, 1, 0, 0, 0, 0, 0], [0, 0, 114, 0, 0, 0, 0, 0, 0, 0], [0, 0, 0, 105, 0, 0, 0, 0, 0, 0], [0, 0, 0, 0, 112, 0, 0, 1, 0, 1], [0, 0, 0, 1, 0, 104, 0, 0, 0, 0], [0, 0, 0, 0, 0, 0, 108, 0, 0, 0], [0, 0, 1, 0, 0, 0, 0, 113, 0, 0], [0, 0, 0, 0, 0, 0, 0, 1, 104, 0], [0, 1, 0, 0, 0, 0, 0, 0, 0, 104]]}"
e-k7-mp-NR,euclidean,7,modified_plurality,RetentionPolicy.NEVER_RETAIN,6,10,9890,1102,0.0015342999977292,0.1829537000012351,0.1844879999989643,0.9927404718693283,0.9929055883721948,0.9927491753080692,0.9927794314436832,0.9928284331683358,0.9927404718693283,0.9927358924621112,"{""labels"": [""0"", ""1"", ""2"", ""3"", ""4"", ""5"", ""6"", ""7"", ""8"", ""9""], ""matrix"": [[114, 0, 0, 0, 0, 0, 0, 0, 0, 0], [0, 112, 2, 1, 0, 0, 0, 0, 0, 0], [0, 0, 114, 0, 0, 0, 0, 0, 0, 0], [0, 0, 0, 108, 0, 0, 0, 0, 0, 0], [0, 0, 0, 0, 113, 0, 0, 1, 0, 0], [0, 0, 0, 1, 0, 105, 0, 0, 0, 0], [0, 0, 0, 0, 0, 1, 104, 0, 0, 0], [0, 0, 0, 0, 0, 0, 0, 114, 0, 0], [0, 0, 0, 0, 0, 0, 0, 0, 105, 0], [0, 0, 0, 0, 2, 0, 0, 0, 0, 105]]}"
e-k7-mp-NR,euclidean,7,modified_plurality,RetentionPolicy.NEVER_RETAIN,7,10,9892,1100,0.0018035000030067,0.1817538999966927,0.1835573999996995,0.9945454545454544,0.9948423224285292,0.9945954508913794,0.9946764865464648,0.9946392305012994,0.9945454545454544,0.9945486826056498,"{""labels"": [""0"", ""1"", ""2"", ""3"", ""4"", ""5"", ""6"", ""7"", ""8"", ""9""], ""matrix"": [[112, 0, 0, 0, 2, 0, 0, 0, 0, 0], [0, 112, 2, 0, 0, 0, 0, 0, 0, 0], [0, 0, 114, 0, 0, 0, 0, 0, 0, 0], [0, 0, 0, 107, 0, 0, 0, 0, 0, 0], [0, 0, 0, 0, 114, 0, 0, 0, 0, 0], [0, 0, 0, 0, 0, 106, 0, 0, 0, 0], [0, 0, 0, 0, 0, 0, 105, 0, 0, 0], [0, 0, 0, 0, 0, 0, 0, 115, 0, 0], [0, 0, 0, 0, 0, 0, 0, 1, 105, 0], [0, 0, 0, 0, 0, 0, 0, 1, 0, 104]]}"
e-k7-mp-NR,euclidean,7,modified_plurality,RetentionPolicy.NEVER_RETAIN,8,10,9894,1098,0.0014197999989846,0.1846711000034702,0.1860909000024548,0.9936247723132968,0.9937138712680084,0.9936430699389984,0.9936387904407504,0.9936890517824284,0.9936247723132968,0.9936163897910956,"{""labels"": [""0"", ""1"", ""2"", ""3"", ""4"", ""5"", ""6"", ""7"", ""8"", ""9""], ""matrix"": [[113, 0, 0, 0, 0, 0, 1, 0, 0, 0], [0, 111, 1, 1, 0, 0, 0, 1, 0, 0], [0, 0, 115, 0, 0, 0, 0, 0, 0, 0], [0, 0, 0, 104, 1, 0, 0, 0, 0, 0], [0, 0, 0, 0, 114, 0, 0, 0, 0, 0], [0, 0, 0, 0, 0, 106, 0, 0, 0, 0], [0, 0, 0, 0, 0, 0, 105, 0, 0, 0], [0, 0, 0, 0, 0, 0, 0, 114, 0, 0], [0, 0, 0, 0, 0, 0, 0, 1, 105, 0], [0, 0, 0, 0, 0, 1, 0, 0, 0, 104]]}"
e-k7-mp-NR,euclidean,7,modified_plurality,RetentionPolicy.NEVER_RETAIN,9,10,9890,1102,0.0015267999988282,0.180309399998805,0.1818361999976332,0.9891107078039928,0.9892207994771602,0.989097991081066,0.9891213829608496,0.9891710420353794,0.9891107078039928,0.9891014713923364,"{""labels"": [""0"", ""1"", ""2"", ""3"", ""4"", ""5"", ""6"", ""7"", ""8"", ""9""], ""matrix"": [[112, 0, 0, 0, 2, 0, 0, 0, 0, 1], [0, 112, 1, 1, 0, 0, 0, 0, 0, 0], [0, 0, 115, 0, 0, 0, 0, 0, 0, 0], [0, 0, 0, 104, 0, 0, 0, 0, 0, 1], [0, 0, 0, 0, 114, 1, 0, 0, 0, 0], [0, 0, 0, 0, 0, 105, 0, 0, 1, 0], [0, 0, 0, 0, 0, 0, 106, 0, 0, 0], [0, 0, 0, 0, 0, 0, 0, 114, 0, 0], [0, 0, 0, 0, 0, 0, 0, 1, 105, 0], [0, 1, 0, 0, 1, 0, 0, 1, 0, 103]]}"
e-k7-mp-DC,euclidean,7,modified_plurality,RetentionPolicy.DIFFERENT_CLASS_RETENTION,0,10,9894,1098,0.0015236000035656,0.1834442999970633,0.184967900000629,0.9936247723132968,0.993713530546014,0.99359347918607,0.9936125891213824,0.9936884804269484,0.9936247723132968,0.9936156690305422,"{""labels"": [""0"", ""1"", ""2"", ""3"", ""4"", ""5"", ""6"", ""7"", ""8"", ""9""], ""matrix"": [[115, 0, 0, 0, 0, 0, 0, 0, 0, 0], [0, 112, 2, 0, 0, 0, 0, 0, 0, 0], [0, 0, 114, 0, 0, 0, 0, 0, 0, 0], [0, 0, 0, 105, 0, 0, 0, 0, 0, 0], [0, 0, 0, 0, 114, 1, 0, 0, 0, 0], [0, 0, 0, 0, 0, 105, 0, 0, 0, 0], [0, 0, 0, 0, 0, 0, 105, 0, 0, 0], [0, 0, 0, 0, 0, 0, 0, 114, 0, 0], [1, 0, 0, 0, 0, 1, 0, 1, 103, 0], [0, 0, 0, 0, 0, 0, 0, 0, 1, 104]]}"
e-k7-mp-DC,euclidean,7,modified_plurality,RetentionPolicy.DIFFERENT_CLASS_RETENTION,1,10,9893,1099,0.0015915000039967,0.1852572999996482,0.186848800003645,0.9909008189262968,0.9910718107846934,0.9910267465217596,0.9910297785289128,0.9909634031979794,0.9909008189262968,0.990912216767904,"{""labels"": [""0"", ""1"", ""2"", ""3"", ""4"", ""5"", ""6"", ""7"", ""8"", ""9""], ""matrix"": [[114, 1, 0, 0, 0, 0, 0, 0, 0, 0], [0, 112, 2, 0, 0, 0, 0, 0, 0, 0], [0, 1, 113, 0, 0, 0, 0, 0, 0, 0], [0, 0, 0, 103, 0, 0, 0, 1, 0, 1], [0, 0, 0, 0, 114, 1, 0, 0, 0, 0], [0, 0, 0, 0, 0, 105, 0, 0, 0, 0], [0, 0, 0, 0, 0, 0, 106, 0, 0, 0], [0, 1, 1, 0, 0, 0, 0, 112, 0, 0], [0, 0, 0, 0, 0, 0, 0, 0, 105, 0], [0, 0, 0, 1, 0, 0, 0, 0, 0, 105]]}"
e-k7-mp-DC,euclidean,7,modified_plurality,RetentionPolicy.DIFFERENT_CLASS_RETENTION,2,10,9895,1097,0.0016266999955405,0.1817308000026969,0.1833574999982374,0.9927073837739288,0.9927522818373898,0.992772147760706,0.992715771171208,0.9928322902151694,0.9927073837739288,0.992724724518742,"{""labels"": [""0"", ""1"", ""2"", ""3"", ""4"", ""5"", ""6"", ""7"", ""8"", ""9""], ""matrix"": [[113, 0, 0, 0, 0, 0, 0, 0, 0, 1], [0, 113, 1, 0, 1, 0, 0, 0, 0, 0], [0, 0, 115, 0, 0, 0, 0, 0, 0, 0], [0, 0, 0, 104, 0, 1, 0, 0, 0, 0], [0, 0, 0, 0, 113, 1, 0, 0, 0, 0], [0, 0, 0, 0, 0, 105, 0, 0, 0, 0], [0, 0, 0, 0, 0, 0, 105, 0, 0, 0], [0, 1, 0, 0, 0, 0, 0, 113, 0, 0], [0, 0, 0, 0, 0, 0, 0, 0, 105, 0], [0, 0, 0, 0, 0, 2, 0, 0, 0, 103]]}"
e-k7-mp-DC,euclidean,7,modified_plurality,RetentionPolicy.DIFFERENT_CLASS_RETENTION,3,10,9892,1100,0.0015984999990905,0.186209500003315,0.1878080000024056,0.9890909090909092,0.9891956678066132,0.9890723938640698,0.9891165698747552,0.9891573017093512,0.9890909090909092,0.989107169435476,"{""labels"": [""0"", ""1"", ""2"", ""3"", ""4"", ""5"", ""6"", ""7"", ""8"", ""9""], ""matrix"": [[114, 0, 0, 0, 0, 0, 0, 0, 0, 0], [0, 111, 0, 2, 0, 0, 0, 1, 0, 0], [0, 0, 114, 0, 0, 0, 0, 1, 0, 0], [0, 1, 1, 103, 0, 0, 0, 0, 0, 0], [0, 0, 0, 0, 115, 0, 0, 0, 0, 0], [0, 0, 0, 1, 0, 104, 0, 0, 0, 0], [0, 0, 0, 0, 0, 0, 105, 0, 0, 0], [0, 2, 0, 0, 0, 0, 0, 113, 0, 0], [0, 0, 0, 0, 0, 0, 0, 1, 105, 0], [0, 0, 0, 0, 0, 2, 0, 0, 0, 104]]}"
e-k7-mp-DC,euclidean,7,modified_plurality,RetentionPolicy.DIFFERENT_CLASS_RETENTION,4,10,9894,1098,0.0016373000034946,0.1848287999964668,0.1864660999999614,0.9918032786885246,0.9919330199659122,0.991770176055397,0.9917957067308156,0.9919236518086776,0.9918032786885246,0.9918069068053016,"{""labels"": [""0"", ""1"", ""2"", ""3"", ""4"", ""5"", ""6"", ""7"", ""8"", ""9""], ""matrix"": [[114, 0, 0, 0, 0, 0, 0, 0, 0, 0], [0, 112, 2, 1, 0, 0, 0, 0, 0, 0], [0, 0, 114, 0, 0, 0, 0, 0, 0, 0], [0, 0, 1, 104, 0, 0, 0, 0, 0, 0], [0, 0, 0, 0, 113, 1, 0, 0, 0, 0], [0, 0, 0, 2, 0, 104, 0, 0, 0, 0], [0, 0, 0, 0, 0, 0, 106, 0, 0, 0], [0, 0, 0, 0, 0, 0, 0, 114, 0, 0], [0, 0, 0, 0, 0, 0, 0, 0, 105, 0], [0, 0, 0, 0, 1, 0, 0, 1, 0, 103]]}"
e-k7-mp-DC,euclidean,7,modified_plurality,RetentionPolicy.DIFFERENT_CLASS_RETENTION,5,10,9894,1098,0.0015633000002708,0.1866945000001578,0.1882578000004287,0.9927140255009108,0.9927998530125156,0.9927568922305764,0.9927573883251638,0.992755711310608,0.9927140255009108,0.9927141776308672,"{""labels"": [""0"", ""1"", ""2"", ""3"", ""4"", ""5"", ""6"", ""7"", ""8"", ""9""], ""matrix"": [[114, 0, 0, 0, 0, 0, 0, 0, 0, 0], [0, 112, 0, 1, 1, 0, 0, 0, 0, 0], [0, 0, 114, 0, 0, 0, 0, 0, 0, 0], [0, 0, 0, 105, 0, 0, 0, 0, 0, 0], [0, 0, 0, 0, 112, 0, 0, 1, 0, 1], [0, 0, 0, 1, 0, 104, 0, 0, 0, 0], [0, 0, 0, 0, 0, 0, 108, 0, 0, 0], [0, 0, 1, 0, 0, 0, 0, 113, 0, 0], [0, 0, 0, 0, 0, 0, 0, 1, 104, 0], [0, 1, 0, 0, 0, 0, 0, 0, 0, 104]]}"
e-k7-mp-DC,euclidean,7,modified_plurality,RetentionPolicy.DIFFERENT_CLASS_RETENTION,6,10,9890,1102,0.0015949000007822,0.1837304000000585,0.1853253000008408,0.9927404718693283,0.9929055883721948,0.9927491753080692,0.9927794314436832,0.9928284331683358,0.9927404718693283,0.9927358924621112,"{""labels"": [""0"", ""1"", ""2"", ""3"", ""4"", ""5"", ""6"", ""7"", ""8"", ""9""], ""matrix"": [[114, 0, 0, 0, 0, 0, 0, 0, 0, 0], [0, 112, 2, 1, 0, 0, 0, 0, 0, 0], [0, 0, 114, 0, 0, 0, 0, 0, 0, 0], [0, 0, 0, 108, 0, 0, 0, 0, 0, 0], [0, 0, 0, 0, 113, 0, 0, 1, 0, 0], [0, 0, 0, 1, 0, 105, 0, 0, 0, 0], [0, 0, 0, 0, 0, 1, 104, 0, 0, 0], [0, 0, 0, 0, 0, 0, 0, 114, 0, 0], [0, 0, 0, 0, 0, 0, 0, 0, 105, 0], [0, 0, 0, 0, 2, 0, 0, 0, 0, 105]]}"
e-k7-mp-DC,euclidean,7,modified_plurality,RetentionPolicy.DIFFERENT_CLASS_RETENTION,7,10,9892,1100,0.001812799993786,0.1850322000027517,0.1868449999965378,0.9945454545454544,0.9948423224285292,0.9945954508913794,0.9946764865464648,0.9946392305012994,0.9945454545454544,0.9945486826056498,"{""labels"": [""0"", ""1"", ""2"", ""3"", ""4"", ""5"", ""6"", ""7"", ""8"", ""9""], ""matrix"": [[112, 0, 0, 0, 2, 0, 0, 0, 0, 0], [0, 112, 2, 0, 0, 0, 0, 0, 0, 0], [0, 0, 114, 0, 0, 0, 0, 0, 0, 0], [0, 0, 0, 107, 0, 0, 0, 0, 0, 0], [0, 0, 0, 0, 114, 0, 0, 0, 0, 0], [0, 0, 0, 0, 0, 106, 0, 0, 0, 0], [0, 0, 0, 0, 0, 0, 105, 0, 0, 0], [0, 0, 0, 0, 0, 0, 0, 115, 0, 0], [0, 0, 0, 0, 0, 0, 0, 1, 105, 0], [0, 0, 0, 0, 0, 0, 0, 1, 0, 104]]}"
e-k7-mp-DC,euclidean,7,modified_plurality,RetentionPolicy.DIFFERENT_CLASS_RETENTION,8,10,9894,1098,0.0015071000016178,0.1848525999957928,0.1863596999974106,0.9936247723132968,0.9937138712680084,0.9936430699389984,0.9936387904407504,0.9936890517824284,0.9936247723132968,0.9936163897910956,"{""labels"": [""0"", ""1"", ""2"", ""3"", ""4"", ""5"", ""6"", ""7"", ""8"", ""9""], ""matrix"": [[113, 0, 0, 0, 0, 0, 1, 0, 0, 0], [0, 111, 1, 1, 0, 0, 0, 1, 0, 0], [0, 0, 115, 0, 0, 0, 0, 0, 0, 0], [0, 0, 0, 104, 1, 0, 0, 0, 0, 0], [0, 0, 0, 0, 114, 0, 0, 0, 0, 0], [0, 0, 0, 0, 0, 106, 0, 0, 0, 0], [0, 0, 0, 0, 0, 0, 105, 0, 0, 0], [0, 0, 0, 0, 0, 0, 0, 114, 0, 0], [0, 0, 0, 0, 0, 0, 0, 1, 105, 0], [0, 0, 0, 0, 0, 1, 0, 0, 0, 104]]}"
e-k7-mp-DC,euclidean,7,modified_plurality,RetentionPolicy.DIFFERENT_CLASS_RETENTION,9,10,9890,1102,0.0015327000000979,0.1829709999947226,0.1845036999948206,0.9900181488203268,0.9900607641102284,0.9899675562984572,0.9899912125138104,0.9900475931497428,0.9900181488203268,0.990009188257949,"{""labels"": [""0"", ""1"", ""2"", ""3"", ""4"", ""5"", ""6"", ""7"", ""8"", ""9""], ""matrix"": [[113, 0, 0, 0, 1, 0, 0, 0, 0, 1], [0, 112, 1, 1, 0, 0, 0, 0, 0, 0], [0, 0, 115, 0, 0, 0, 0, 0, 0, 0], [0, 0, 0, 104, 0, 0, 0, 0, 0, 1], [0, 0, 0, 0, 114, 1, 0, 0, 0, 0], [0, 0, 0, 0, 0, 105, 0, 0, 1, 0], [0, 0, 0, 0, 0, 0, 106, 0, 0, 0], [0, 0, 0, 0, 0, 0, 0, 114, 0, 0], [0, 0, 0, 0, 0, 0, 0, 1, 105, 0], [0, 1, 0, 0, 1, 0, 0, 1, 0, 103]]}"
e-k7-mp-DD,euclidean,7,modified_plurality,RetentionPolicy.DD_RETENTION,0,10,9894,1098,0.0016175999990082,0.1909563000008347,0.1925738999998429,0.9936247723132968,0.993713530546014,0.99359347918607,0.9936125891213824,0.9936884804269484,0.9936247723132968,0.9936156690305422,"{""labels"": [""0"", ""1"", ""2"", ""3"", ""4"", ""5"", ""6"", ""7"", ""8"", ""9""], ""matrix"": [[115, 0, 0, 0, 0, 0, 0, 0, 0, 0], [0, 112, 2, 0, 0, 0, 0, 0, 0, 0], [0, 0, 114, 0, 0, 0, 0, 0, 0, 0], [0, 0, 0, 105, 0, 0, 0, 0, 0, 0], [0, 0, 0, 0, 114, 1, 0, 0, 0, 0], [0, 0, 0, 0, 0, 105, 0, 0, 0, 0], [0, 0, 0, 0, 0, 0, 105, 0, 0, 0], [0, 0, 0, 0, 0, 0, 0, 114, 0, 0], [1, 0, 0, 0, 0, 1, 0, 1, 103, 0], [0, 0, 0, 0, 0, 0, 0, 0, 1, 104]]}"
e-k7-mp-DD,euclidean,7,modified_plurality,RetentionPolicy.DD_RETENTION,1,10,9893,1099,0.0015453999949386,0.1902474000016809,0.1917927999966195,0.9909008189262968,0.9910718107846934,0.9910267465217596,0.9910297785289128,0.9909634031979794,0.9909008189262968,0.990912216767904,"{""labels"": [""0"", ""1"", ""2"", ""3"", ""4"", ""5"", ""6"", ""7"", ""8"", ""9""], ""matrix"": [[114, 1, 0, 0, 0, 0, 0, 0, 0, 0], [0, 112, 2, 0, 0, 0, 0, 0, 0, 0], [0, 1, 113, 0, 0, 0, 0, 0, 0, 0], [0, 0, 0, 103, 0, 0, 0, 1, 0, 1], [0, 0, 0, 0, 114, 1, 0, 0, 0, 0], [0, 0, 0, 0, 0, 105, 0, 0, 0, 0], [0, 0, 0, 0, 0, 0, 106, 0, 0, 0], [0, 1, 1, 0, 0, 0, 0, 112, 0, 0], [0, 0, 0, 0, 0, 0, 0, 0, 105, 0], [0, 0, 0, 1, 0, 0, 0, 0, 0, 105]]}"
e-k7-mp-DD,euclidean,7,modified_plurality,RetentionPolicy.DD_RETENTION,2,10,9895,1097,0.0015803999995114,0.1879656000019167,0.1895460000014281,0.9927073837739288,0.9927522818373898,0.992772147760706,0.992715771171208,0.9928322902151694,0.9927073837739288,0.992724724518742,"{""labels"": [""0"", ""1"", ""2"", ""3"", ""4"", ""5"", ""6"", ""7"", ""8"", ""9""], ""matrix"": [[113, 0, 0, 0, 0, 0, 0, 0, 0, 1], [0, 113, 1, 0, 1, 0, 0, 0, 0, 0], [0, 0, 115, 0, 0, 0, 0, 0, 0, 0], [0, 0, 0, 104, 0, 1, 0, 0, 0, 0], [0, 0, 0, 0, 113, 1, 0, 0, 0, 0], [0, 0, 0, 0, 0, 105, 0, 0, 0, 0], [0, 0, 0, 0, 0, 0, 105, 0, 0, 0], [0, 1, 0, 0, 0, 0, 0, 113, 0, 0], [0, 0, 0, 0, 0, 0, 0, 0, 105, 0], [0, 0, 0, 0, 0, 2, 0, 0, 0, 103]]}"
e-k7-mp-DD,euclidean,7,modified_plurality,RetentionPolicy.DD_RETENTION,3,10,9892,1100,0.001602800002729,0.1928868000031798,0.1944896000059088,0.9890909090909092,0.9891956678066132,0.9890723938640698,0.9891165698747552,0.9891573017093512,0.9890909090909092,0.989107169435476,"{""labels"": [""0"", ""1"", ""2"", ""3"", ""4"", ""5"", ""6"", ""7"", ""8"", ""9""], ""matrix"": [[114, 0, 0, 0, 0, 0, 0, 0, 0, 0], [0, 111, 0, 2, 0, 0, 0, 1, 0, 0], [0, 0, 114, 0, 0, 0, 0, 1, 0, 0], [0, 1, 1, 103, 0, 0, 0, 0, 0, 0], [0, 0, 0, 0, 115, 0, 0, 0, 0, 0], [0, 0, 0, 1, 0, 104, 0, 0, 0, 0], [0, 0, 0, 0, 0, 0, 105, 0, 0, 0], [0, 2, 0, 0, 0, 0, 0, 113, 0, 0], [0, 0, 0, 0, 0, 0, 0, 1, 105, 0], [0, 0, 0, 0, 0, 2, 0, 0, 0, 104]]}"
e-k7-mp-DD,euclidean,7,modified_plurality,RetentionPolicy.DD_RETENTION,4,10,9894,1098,0.002154400004656,0.1865804999979445,0.1887349000026006,0.9918032786885246,0.9919330199659122,0.991770176055397,0.9917957067308156,0.9919236518086776,0.9918032786885246,0.9918069068053016,"{""labels"": [""0"", ""1"", ""2"", ""3"", ""4"", ""5"", ""6"", ""7"", ""8"", ""9""], ""matrix"": [[114, 0, 0, 0, 0, 0, 0, 0, 0, 0], [0, 112, 2, 1, 0, 0, 0, 0, 0, 0], [0, 0, 114, 0, 0, 0, 0, 0, 0, 0], [0, 0, 1, 104, 0, 0, 0, 0, 0, 0], [0, 0, 0, 0, 113, 1, 0, 0, 0, 0], [0, 0, 0, 2, 0, 104, 0, 0, 0, 0], [0, 0, 0, 0, 0, 0, 106, 0, 0, 0], [0, 0, 0, 0, 0, 0, 0, 114, 0, 0], [0, 0, 0, 0, 0, 0, 0, 0, 105, 0], [0, 0, 0, 0, 1, 0, 0, 1, 0, 103]]}"
e-k7-mp-DD,euclidean,7,modified_plurality,RetentionPolicy.DD_RETENTION,5,10,9894,1098,0.0017874000041047,0.1935273999988567,0.1953148000029614,0.9927140255009108,0.9927998530125156,0.9927568922305764,0.9927573883251638,0.992755711310608,0.9927140255009108,0.9927141776308672,"{""labels"": [""0"", ""1"", ""2"", ""3"", ""4"", ""5"", ""6"", ""7"", ""8"", ""9""], ""matrix"": [[114, 0, 0, 0, 0, 0, 0, 0, 0, 0], [0, 112, 0, 1, 1, 0, 0, 0, 0, 0], [0, 0, 114, 0, 0, 0, 0, 0, 0, 0], [0, 0, 0, 105, 0, 0, 0, 0, 0, 0], [0, 0, 0, 0, 112, 0, 0, 1, 0, 1], [0, 0, 0, 1, 0, 104, 0, 0, 0, 0], [0, 0, 0, 0, 0, 0, 108, 0, 0, 0], [0, 0, 1, 0, 0, 0, 0, 113, 0, 0], [0, 0, 0, 0, 0, 0, 0, 1, 104, 0], [0, 1, 0, 0, 0, 0, 0, 0, 0, 104]]}"
e-k7-mp-DD,euclidean,7,modified_plurality,RetentionPolicy.DD_RETENTION,6,10,9890,1102,0.0017496999935247,0.1938893000042298,0.1956389999977545,0.9927404718693283,0.9929055883721948,0.9927491753080692,0.9927794314436832,0.9928284331683358,0.9927404718693283,0.9927358924621112,"{""labels"": [""0"", ""1"", ""2"", ""3"", ""4"", ""5"", ""6"", ""7"", ""8"", ""9""], ""matrix"": [[114, 0, 0, 0, 0, 0, 0, 0, 0, 0], [0, 112, 2, 1, 0, 0, 0, 0, 0, 0], [0, 0, 114, 0, 0, 0, 0, 0, 0, 0], [0, 0, 0, 108, 0, 0, 0, 0, 0, 0], [0, 0, 0, 0, 113, 0, 0, 1, 0, 0], [0, 0, 0, 1, 0, 105, 0, 0, 0, 0], [0, 0, 0, 0, 0, 1, 104, 0, 0, 0], [0, 0, 0, 0, 0, 0, 0, 114, 0, 0], [0, 0, 0, 0, 0, 0, 0, 0, 105, 0], [0, 0, 0, 0, 2, 0, 0, 0, 0, 105]]}"
e-k7-mp-DD,euclidean,7,modified_plurality,RetentionPolicy.DD_RETENTION,7,10,9892,1100,0.0015713999964646,0.1914277000032598,0.1929990999997244,0.9945454545454544,0.9948423224285292,0.9945954508913794,0.9946764865464648,0.9946392305012994,0.9945454545454544,0.9945486826056498,"{""labels"": [""0"", ""1"", ""2"", ""3"", ""4"", ""5"", ""6"", ""7"", ""8"", ""9""], ""matrix"": [[112, 0, 0, 0, 2, 0, 0, 0, 0, 0], [0, 112, 2, 0, 0, 0, 0, 0, 0, 0], [0, 0, 114, 0, 0, 0, 0, 0, 0, 0], [0, 0, 0, 107, 0, 0, 0, 0, 0, 0], [0, 0, 0, 0, 114, 0, 0, 0, 0, 0], [0, 0, 0, 0, 0, 106, 0, 0, 0, 0], [0, 0, 0, 0, 0, 0, 105, 0, 0, 0], [0, 0, 0, 0, 0, 0, 0, 115, 0, 0], [0, 0, 0, 0, 0, 0, 0, 1, 105, 0], [0, 0, 0, 0, 0, 0, 0, 1, 0, 104]]}"
e-k7-mp-DD,euclidean,7,modified_plurality,RetentionPolicy.DD_RETENTION,8,10,9894,1098,0.0017230000012204,0.192933999998786,0.1946570000000065,0.9936247723132968,0.9937138712680084,0.9936430699389984,0.9936387904407504,0.9936890517824284,0.9936247723132968,0.9936163897910956,"{""labels"": [""0"", ""1"", ""2"", ""3"", ""4"", ""5"", ""6"", ""7"", ""8"", ""9""], ""matrix"": [[113, 0, 0, 0, 0, 0, 1, 0, 0, 0], [0, 111, 1, 1, 0, 0, 0, 1, 0, 0], [0, 0, 115, 0, 0, 0, 0, 0, 0, 0], [0, 0, 0, 104, 1, 0, 0, 0, 0, 0], [0, 0, 0, 0, 114, 0, 0, 0, 0, 0], [0, 0, 0, 0, 0, 106, 0, 0, 0, 0], [0, 0, 0, 0, 0, 0, 105, 0, 0, 0], [0, 0, 0, 0, 0, 0, 0, 114, 0, 0], [0, 0, 0, 0, 0, 0, 0, 1, 105, 0], [0, 0, 0, 0, 0, 1, 0, 0, 0, 104]]}"
e-k7-mp-DD,euclidean,7,modified_plurality,RetentionPolicy.DD_RETENTION,9,10,9890,1102,0.0019136000046273,0.1913452999942819,0.1932588999989093,0.9900181488203268,0.9900607641102284,0.9899675562984572,0.9899912125138104,0.9900475931497428,0.9900181488203268,0.990009188257949,"{""labels"": [""0"", ""1"", ""2"", ""3"", ""4"", ""5"", ""6"", ""7"", ""8"", ""9""], ""matrix"": [[113, 0, 0, 0, 1, 0, 0, 0, 0, 1], [0, 112, 1, 1, 0, 0, 0, 0, 0, 0], [0, 0, 115, 0, 0, 0, 0, 0, 0, 0], [0, 0, 0, 104, 0, 0, 0, 0, 0, 1], [0, 0, 0, 0, 114, 1, 0, 0, 0, 0], [0, 0, 0, 0, 0, 105, 0, 0, 1, 0], [0, 0, 0, 0, 0, 0, 106, 0, 0, 0], [0, 0, 0, 0, 0, 0, 0, 114, 0, 0], [0, 0, 0, 0, 0, 0, 0, 1, 105, 0], [0, 1, 0, 0, 1, 0, 0, 1, 0, 103]]}"
h-k3-b-AR,heom,3,borda,RetentionPolicy.ALWAYS_RETAIN,0,10,9894,1098,0.0015417999966302,0.3236688000033609,0.3252105999999912,0.9918032786885246,0.99184441606345,0.9917562774861682,0.9917747121836958,0.991826684389986,0.9918032786885246,0.991789905374056,"{""labels"": [""0"", ""1"", ""2"", ""3"", ""4"", ""5"", ""6"", ""7"", ""8"", ""9""], ""matrix"": [[115, 0, 0, 0, 0, 0, 0, 0, 0, 0], [0, 113, 1, 0, 0, 0, 0, 0, 0, 0], [0, 2, 112, 0, 0, 0, 0, 0, 0, 0], [0, 0, 0, 105, 0, 0, 0, 0, 0, 0], [0, 0, 0, 0, 115, 0, 0, 0, 0, 0], [0, 0, 0, 0, 0, 105, 0, 0, 0, 0], [0, 0, 0, 0, 0, 0, 105, 0, 0, 0], [0, 0, 0, 0, 0, 0, 0, 113, 0, 1], [1, 0, 0, 0, 0, 1, 0, 1, 103, 0], [0, 0, 0, 0, 0, 1, 0, 0, 1, 103]]}"
h-k3-b-AR,heom,3,borda,RetentionPolicy.ALWAYS_RETAIN,1,10,9893,1099,0.0015837000028113,0.3186425999956555,0.3202262999984668,0.9936305732484076,0.993703199126702,0.9937245287130873,0.9936804280599818,0.9936724341772446,0.9936305732484076,0.9936183661229236,"{""labels"": [""0"", ""1"", ""2"", ""3"", ""4"", ""5"", ""6"", ""7"", ""8"", ""9""], ""matrix"": [[114, 0, 0, 0, 1, 0, 0, 0, 0, 0], [0, 114, 0, 0, 0, 0, 0, 0, 0, 0], [0, 0, 114, 0, 0, 0, 0, 0, 0, 0], [0, 0, 0, 103, 0, 0, 0, 1, 0, 1], [0, 0, 0, 0, 114, 1, 0, 0, 0, 0], [0, 0, 0, 0, 0, 105, 0, 0, 0, 0], [0, 0, 0, 0, 0, 0, 106, 0, 0, 0], [0, 1, 1, 0, 0, 0, 0, 111, 0, 1], [0, 0, 0, 0, 0, 0, 0, 0, 105, 0], [0, 0, 0, 0, 0, 0, 0, 0, 0, 106]]}"
h-k3-b-AR,heom,3,borda,RetentionPolicy.ALWAYS_RETAIN,2,10,9895,1097,0.0014747000022907,0.3190526999969734,0.3205273999992641,0.9963536918869644,0.9963650923864212,0.9963484798953908,0.9963484414243484,0.9963702184270172,0.9963536918869644,0.9963536536797544,"{""labels"": [""0"", ""1"", ""2"", ""3"", ""4"", ""5"", ""6"", ""7"", ""8"", ""9""], ""matrix"": [[114, 0, 0, 0, 0, 0, 0, 0, 0, 0], [0, 114, 0, 0, 1, 0, 0, 0, 0, 0], [0, 0, 115, 0, 0, 0, 0, 0, 0, 0], [0, 0, 0, 104, 0, 1, 0, 0, 0, 0], [0, 0, 0, 0, 114, 0, 0, 0, 0, 0], [0, 0, 0, 0, 0, 105, 0, 0, 0, 0], [0, 0, 0, 0, 0, 0, 105, 0, 0, 0], [0, 1, 0, 0, 0, 0, 0, 113, 0, 0], [0, 0, 0, 0, 0, 0, 0, 0, 105, 0], [0, 0, 0, 1, 0, 0, 0, 0, 0, 104]]}"
h-k3-b-AR,heom,3,borda,RetentionPolicy.ALWAYS_RETAIN,3,10,9892,1100,0.0017484999989392,0.3173056000014185,0.3190541000003577,0.9927272727272728,0.9928199307898304,0.9927874032908358,0.9927842040105552,0.9927667007429812,0.9927272727272728,0.9927270931982196,"{""labels"": [""0"", ""1"", ""2"", ""3"", ""4"", ""5"", ""6"", ""7"", ""8"", ""9""], ""matrix"": [[114, 0, 0, 0, 0, 0, 0, 0, 0, 0], [0, 113, 0, 1, 0, 0, 0, 0, 0, 0], [0, 0, 114, 0, 0, 0, 0, 1, 0, 0], [0, 1, 1, 103, 0, 0, 0, 0, 0, 0], [0, 0, 0, 0, 115, 0, 0, 0, 0, 0], [0, 0, 0, 1, 0, 104, 0, 0, 0, 0], [0, 0, 0, 0, 0, 0, 105, 0, 0, 0], [0, 2, 0, 0, 0, 0, 0, 112, 1, 0], [0, 0, 0, 0, 0, 0, 0, 0, 106, 0], [0, 0, 0, 0, 0, 0, 0, 0, 0, 106]]}"
h-k3-b-AR,heom,3,borda,RetentionPolicy.ALWAYS_RETAIN,4,10,9894,1098,0.0025498000031802,0.3185003999969922,0.3210502000001725,0.9954462659380692,0.995519504398744,0.9953388804250164,0.995404421537424,0.9955027744401848,0.9954462659380692,0.9954498073796828,"{""labels"": [""0"", ""1"", ""2"", ""3"", ""4"", ""5"", ""6"", ""7"", ""8"", ""9""], ""matrix"": [[114, 0, 0, 0, 0, 0, 0, 0, 0, 0], [0, 114, 1, 0, 0, 0, 0, 0, 0, 0], [0, 0, 114, 0, 0, 0, 0, 0, 0, 0], [0, 0, 1, 104, 0, 0, 0, 0, 0, 0], [0, 0, 0, 0, 114, 0, 0, 0, 0, 0], [0, 0, 0, 2, 0, 104, 0, 0, 0, 0], [0, 0, 0, 0, 0, 0, 106, 0, 0, 0], [0, 0, 0, 0, 0, 0, 0, 114, 0, 0], [0, 0, 0, 0, 0, 0, 0, 0, 105, 0], [0, 0, 0, 0, 1, 0, 0, 0, 0, 104]]}"
h-k3-b-AR,heom,3,borda,RetentionPolicy.ALWAYS_RETAIN,5,10,9894,1098,0.0015191999991657,0.3208763000002363,0.3223954999994021,0.9936247723132968,0.9936056518773332,0.9935588972431078,0.99354340001536,0.9937169428938376,0.9936247723132968,0.9936331523667448,"{""labels"": [""0"", ""1"", ""2"", ""3"", ""4"", ""5"", ""6"", ""7"", ""8"", ""9""], ""matrix"": [[114, 0, 0, 0, 0, 0, 0, 0, 0, 0], [0, 113, 0, 1, 0, 0, 0, 0, 0, 0], [0, 0, 113, 1, 0, 0, 0, 0, 0, 0], [0, 0, 0, 105, 0, 0, 0, 0, 0, 0], [0, 0, 0, 0, 113, 0, 0, 0, 0, 1], [0, 0, 0, 1, 0, 103, 1, 0, 0, 0], [0, 0, 0, 0, 0, 0, 108, 0, 0, 0], [0, 0, 0, 0, 0, 0, 0, 114, 0, 0], [0, 0, 0, 0, 0, 0, 0, 1, 104, 0], [0, 1, 0, 0, 0, 0, 0, 0, 0, 104]]}"
h-k3-b-AR,heom,3,borda,RetentionPolicy.ALWAYS_RETAIN,6,10,9890,1102,0.0016877000016393,0.3169677999976557,0.318655499999295,0.9954627949183305,0.9955454694324984,0.995430512947169,0.9954643823903458,0.9955103019262443,0.9954627949183305,0.9954624968362888,"{""labels"": [""0"", ""1"", ""2"", ""3"", ""4"", ""5"", ""6"", ""7"", ""8"", ""9""], ""matrix"": [[114, 0, 0, 0, 0, 0, 0, 0, 0, 0], [0, 113, 2, 0, 0, 0, 0, 0, 0, 0], [0, 0, 114, 0, 0, 0, 0, 0, 0, 0], [0, 0, 0, 108, 0, 0, 0, 0, 0, 0], [0, 0, 0, 0, 114, 0, 0, 0, 0, 0], [0, 0, 0, 1, 0, 105, 0, 0, 0, 0], [0, 0, 0, 0, 0, 1, 104, 0, 0, 0], [0, 0, 0, 0, 0, 0, 0, 114, 0, 0], [0, 0, 0, 0, 0, 0, 0, 0, 105, 0], [0, 0, 0, 0, 1, 0, 0, 0, 0, 106]]}"
h-k3-b-AR,heom,3,borda,RetentionPolicy.ALWAYS_RETAIN,7,10,9892,1100,0.0015084000042406,0.3158674999940558,0.3173758999982965,0.9918181818181818,0.9921389816386068,0.9918886839740862,0.991973931174871,0.9918965089688476,0.9918181818181818,0.9918169746751948,"{""labels"": [""0"", ""1"", ""2"", ""3"", ""4"", ""5"", ""6"", ""7"", ""8"", ""9""], ""matrix"": [[113, 0, 0, 0, 1, 0, 0, 0, 0, 0], [0, 111, 3, 0, 0, 0, 0, 0, 0, 0], [0, 1, 112, 1, 0, 0, 0, 0, 0, 0], [0, 0, 0, 107, 0, 0, 0, 0, 0, 0], [0, 0, 0, 0, 114, 0, 0, 0, 0, 0], [0, 0, 0, 0, 0, 106, 0, 0, 0, 0], [0, 0, 0, 0, 0, 0, 105, 0, 0, 0], [0, 0, 0, 0, 0, 0, 0, 115, 0, 0], [0, 0, 0, 0, 0, 0, 0, 1, 105, 0], [0, 0, 0, 0, 1, 0, 0, 1, 0, 103]]}"
h-k3-b-AR,heom,3,borda,RetentionPolicy.ALWAYS_RETAIN,8,10,9894,1098,0.0015457000044989,0.3197699000011198,0.3213156000056187,0.9927140255009108,0.9928214192639222,0.9927073014776482,0.9927399178407904,0.9927537202189484,0.9927140255009108,0.9927093732950388,"{""labels"": [""0"", ""1"", ""2"", ""3"", ""4"", ""5"", ""6"", ""7"", ""8"", ""9""], ""matrix"": [[113, 0, 0, 0, 0, 0, 1, 0, 0, 0], [0, 112, 1, 0, 0, 0, 0, 1, 0, 0], [0, 1, 114, 0, 0, 0, 0, 0, 0, 0], [0, 0, 0, 104, 1, 0, 0, 0, 0, 0], [0, 0, 0, 0, 114, 0, 0, 0, 0, 0], [0, 0, 0, 0, 0, 104, 0, 1, 1, 0], [0, 0, 0, 0, 0, 0, 105, 0, 0, 0], [0, 0, 0, 0, 0, 0, 0, 114, 0, 0], [0, 0, 0, 0, 0, 0, 0, 0, 106, 0], [0, 0, 0, 0, 0, 1, 0, 0, 0, 104]]}"
h-k3-b-AR,heom,3,borda,RetentionPolicy.ALWAYS_RETAIN,9,10,9890,1102,0.0019699000040418,0.3187072000000626,0.3206771000041044,0.9936479128856625,0.9936501775814364,0.9936596824300292,0.9936232544814804,0.9936968914833594,0.9936479128856625,0.9936400626201852,"{""labels"": [""0"", ""1"", ""2"", ""3"", ""4"", ""5"", ""6"", ""7"", ""8"", ""9""], ""matrix"": [[114, 0, 0, 0, 1, 0, 0, 0, 0, 0], [0, 111, 1, 1, 0, 0, 0, 0, 0, 1], [0, 0, 115, 0, 0, 0, 0, 0, 0, 0], [0, 0, 0, 104, 0, 0, 0, 0, 0, 1], [0, 0, 0, 0, 115, 0, 0, 0, 0, 0], [0, 0, 0, 0, 0, 105, 0, 0, 1, 0], [0, 0, 0, 0, 0, 0, 106, 0, 0, 0], [0, 0, 0, 0, 0, 0, 0, 114, 0, 0], [0, 0, 0, 0, 0, 0, 0, 0, 106, 0], [0, 0, 0, 0, 0, 0, 0, 1, 0, 105]]}"
h-k3-b-NR,heom,3,borda,RetentionPolicy.NEVER_RETAIN,0,10,9894,1098,0.0015348000015364,0.278111200001149,0.2796460000026854,0.9918032786885246,0.99184441606345,0.9917562774861682,0.9917747121836958,0.991826684389986,0.9918032786885246,0.991789905374056,"{""labels"": [""0"", ""1"", ""2"", ""3"", ""4"", ""5"", ""6"", ""7"", ""8"", ""9""], ""matrix"": [[115, 0, 0, 0, 0, 0, 0, 0, 0, 0], [0, 113, 1, 0, 0, 0, 0, 0, 0, 0], [0, 2, 112, 0, 0, 0, 0, 0, 0, 0], [0, 0, 0, 105, 0, 0, 0, 0, 0, 0], [0, 0, 0, 0, 115, 0, 0, 0, 0, 0], [0, 0, 0, 0, 0, 105, 0, 0, 0, 0], [0, 0, 0, 0, 0, 0, 105, 0, 0, 0], [0, 0, 0, 0, 0, 0, 0, 113, 0, 1], [1, 0, 0, 0, 0, 1, 0, 1, 103, 0], [0, 0, 0, 0, 0, 1, 0, 0, 1, 103]]}"
h-k3-b-NR,heom,3,borda,RetentionPolicy.NEVER_RETAIN,1,10,9893,1099,0.0015036999975563,0.2811199000061606,0.282623600003717,0.9936305732484076,0.993703199126702,0.9937245287130873,0.9936804280599818,0.9936724341772446,0.9936305732484076,0.9936183661229236,"{""labels"": [""0"", ""1"", ""2"", ""3"", ""4"", ""5"", ""6"", ""7"", ""8"", ""9""], ""matrix"": [[114, 0, 0, 0, 1, 0, 0, 0, 0, 0], [0, 114, 0, 0, 0, 0, 0, 0, 0, 0], [0, 0, 114, 0, 0, 0, 0, 0, 0, 0], [0, 0, 0, 103, 0, 0, 0, 1, 0, 1], [0, 0, 0, 0, 114, 1, 0, 0, 0, 0], [0, 0, 0, 0, 0, 105, 0, 0, 0, 0], [0, 0, 0, 0, 0, 0, 106, 0, 0, 0], [0, 1, 1, 0, 0, 0, 0, 111, 0, 1], [0, 0, 0, 0, 0, 0, 0, 0, 105, 0], [0, 0, 0, 0, 0, 0, 0, 0, 0, 106]]}"
h-k3-b-NR,heom,3,borda,RetentionPolicy.NEVER_RETAIN,2,10,9895,1097,0.001526100000774,0.2816043999991962,0.2831304999999702,0.9954421148587056,0.9954393297343318,0.9953960989430096,0.9953959092852054,0.9954841192613894,0.9954421148587056,0.9954419319421972,"{""labels"": [""0"", ""1"", ""2"", ""3"", ""4"", ""5"", ""6"", ""7"", ""8"", ""9""], ""matrix"": [[114, 0, 0, 0, 0, 0, 0, 0, 0, 0], [0, 114, 0, 0, 1, 0, 0, 0, 0, 0], [0, 0, 115, 0, 0, 0, 0, 0, 0, 0], [0, 0, 0, 104, 0, 1, 0, 0, 0, 0], [0, 0, 0, 0, 114, 0, 0, 0, 0, 0], [0, 0, 0, 0, 0, 105, 0, 0, 0, 0], [0, 0, 0, 0, 0, 0, 105, 0, 0, 0], [0, 1, 0, 0, 0, 0, 0, 113, 0, 0], [0, 0, 0, 0, 0, 0, 0, 0, 105, 0], [0, 0, 0, 1, 0, 1, 0, 0, 0, 103]]}"
h-k3-b-NR,heom,3,borda,RetentionPolicy.NEVER_RETAIN,3,10,9892,1100,0.0014538999967044,0.2798531000007642,0.2813069999974686,0.9927272727272728,0.9928199307898304,0.9927874032908358,0.9927842040105552,0.9927667007429812,0.9927272727272728,0.9927270931982196,"{""labels"": [""0"", ""1"", ""2"", ""3"", ""4"", ""5"", ""6"", ""7"", ""8"", ""9""], ""matrix"": [[114, 0, 0, 0, 0, 0, 0, 0, 0, 0], [0, 113, 0, 1, 0, 0, 0, 0, 0, 0], [0, 0, 114, 0, 0, 0, 0, 1, 0, 0], [0, 1, 1, 103, 0, 0, 0, 0, 0, 0], [0, 0, 0, 0, 115, 0, 0, 0, 0, 0], [0, 0, 0, 1, 0, 104, 0, 0, 0, 0], [0, 0, 0, 0, 0, 0, 105, 0, 0, 0], [0, 2, 0, 0, 0, 0, 0, 112, 1, 0], [0, 0, 0, 0, 0, 0, 0, 0, 106, 0], [0, 0, 0, 0, 0, 0, 0, 0, 0, 106]]}"
h-k3-b-NR,heom,3,borda,RetentionPolicy.NEVER_RETAIN,4,10,9894,1098,0.0016290999992634,0.2777831000057631,0.2794122000050265,0.9954462659380692,0.995519504398744,0.9953388804250164,0.995404421537424,0.9955027744401848,0.9954462659380692,0.9954498073796828,"{""labels"": [""0"", ""1"", ""2"", ""3"", ""4"", ""5"", ""6"", ""7"", ""8"", ""9""], ""matrix"": [[114, 0, 0, 0, 0, 0, 0, 0, 0, 0], [0, 114, 1, 0, 0, 0, 0, 0, 0, 0], [0, 0, 114, 0, 0, 0, 0, 0, 0, 0], [0, 0, 1, 104, 0, 0, 0, 0, 0, 0], [0, 0, 0, 0, 114, 0, 0, 0, 0, 0], [0, 0, 0, 2, 0, 104, 0, 0, 0, 0], [0, 0, 0, 0, 0, 0, 106, 0, 0, 0], [0, 0, 0, 0, 0, 0, 0, 114, 0, 0], [0, 0, 0, 0, 0, 0, 0, 0, 105, 0], [0, 0, 0, 0, 1, 0, 0, 0, 0, 104]]}"
h-k3-b-NR,heom,3,borda,RetentionPolicy.NEVER_RETAIN,5,10,9894,1098,0.0014869000006001,0.2813093000004301,0.2827962000010302,0.9927140255009108,0.9927177538850276,0.9926065162907268,0.992632207581089,0.992797209503464,0.9927140255009108,0.992726313917114,"{""labels"": [""0"", ""1"", ""2"", ""3"", ""4"", ""5"", ""6"", ""7"", ""8"", ""9""], ""matrix"": [[114, 0, 0, 0, 0, 0, 0, 0, 0, 0], [0, 113, 0, 1, 0, 0, 0, 0, 0, 0], [0, 0, 113, 1, 0, 0, 0, 0, 0, 0], [0, 1, 0, 104, 0, 0, 0, 0, 0, 0], [0, 0, 0, 0, 113, 0, 0, 0, 0, 1], [0, 0, 0, 1, 0, 103, 1, 0, 0, 0], [0, 0, 0, 0, 0, 0, 108, 0, 0, 0], [0, 0, 0, 0, 0, 0, 0, 114, 0, 0], [0, 0, 0, 0, 0, 0, 0, 1, 104, 0], [0, 1, 0, 0, 0, 0, 0, 0, 0, 104]]}"
h-k3-b-NR,heom,3,borda,RetentionPolicy.NEVER_RETAIN,6,10,9890,1102,0.0014645000046584,0.2846400999987963,0.2861046000034548,0.9945553539019965,0.9946908967188554,0.9944959335079168,0.994557585737322,0.9946262611879926,0.9945553539019965,0.9945545346780644,"{""labels"": [""0"", ""1"", ""2"", ""3"", ""4"", ""5"", ""6"", ""7"", ""8"", ""9""], ""matrix"": [[114, 0, 0, 0, 0, 0, 0, 0, 0, 0], [0, 113, 2, 0, 0, 0, 0, 0, 0, 0], [0, 0, 114, 0, 0, 0, 0, 0, 0, 0], [0, 0, 0, 108, 0, 0, 0, 0, 0, 0], [0, 0, 0, 0, 114, 0, 0, 0, 0, 0], [0, 0, 0, 1, 0, 105, 0, 0, 0, 0], [0, 0, 0, 0, 0, 1, 104, 0, 0, 0], [0, 0, 0, 0, 0, 0, 0, 114, 0, 0], [0, 0, 0, 0, 0, 0, 0, 0, 105, 0], [0, 0, 0, 0, 2, 0, 0, 0, 0, 105]]}"
h-k3-b-NR,heom,3,borda,RetentionPolicy.NEVER_RETAIN,7,10,9892,1100,0.0018619999973452,0.2809737999996287,0.2828357999969739,0.99,0.9903671972509492,0.990134298009174,0.9901913854950224,0.9901181374690547,0.99,0.989998933402697,"{""labels"": [""0"", ""1"", ""2"", ""3"", ""4"", ""5"", ""6"", ""7"", ""8"", ""9""], ""matrix"": [[112, 0, 0, 0, 2, 0, 0, 0, 0, 0], [0, 111, 3, 0, 0, 0, 0, 0, 0, 0], [0, 1, 111, 2, 0, 0, 0, 0, 0, 0], [0, 0, 0, 107, 0, 0, 0, 0, 0, 0], [0, 0, 0, 0, 114, 0, 0, 0, 0, 0], [0, 0, 0, 0, 0, 106, 0, 0, 0, 0], [0, 0, 0, 0, 0, 0, 105, 0, 0, 0], [0, 0, 0, 0, 0, 0, 0, 115, 0, 0], [0, 0, 0, 0, 0, 0, 0, 1, 105, 0], [0, 0, 0, 0, 1, 0, 0, 1, 0, 103]]}"
h-k3-b-NR,heom,3,borda,RetentionPolicy.NEVER_RETAIN,8,10,9894,1098,0.0014975999947637,0.2744090000051074,0.2759065999998711,0.9927140255009108,0.9928214192639222,0.9927073014776482,0.9927399178407904,0.9927537202189484,0.9927140255009108,0.9927093732950388,"{""labels"": [""0"", ""1"", ""2"", ""3"", ""4"", ""5"", ""6"", ""7"", ""8"", ""9""], ""matrix"": [[113, 0, 0, 0, 0, 0, 1, 0, 0, 0], [0, 112, 1, 0, 0, 0, 0, 1, 0, 0], [0, 1, 114, 0, 0, 0, 0, 0, 0, 0], [0, 0, 0, 104, 1, 0, 0, 0, 0, 0], [0, 0, 0, 0, 114, 0, 0, 0, 0, 0], [0, 0, 0, 0, 0, 104, 0, 1, 1, 0], [0, 0, 0, 0, 0, 0, 105, 0, 0, 0], [0, 0, 0, 0, 0, 0, 0, 114, 0, 0], [0, 0, 0, 0, 0, 0, 0, 0, 106, 0], [0, 0, 0, 0, 0, 1, 0, 0, 0, 104]]}"
h-k3-b-NR,heom,3,borda,RetentionPolicy.NEVER_RETAIN,9,10,9890,1102,0.0014996999962022,0.2806123000045772,0.2821120000007795,0.9945553539019965,0.994575940233526,0.9945368754124854,0.9945366865404116,0.9945873709853692,0.9945553539019965,0.9945512315756814,"{""labels"": [""0"", ""1"", ""2"", ""3"", ""4"", ""5"", ""6"", ""7"", ""8"", ""9""], ""matrix"": [[114, 0, 0, 0, 1, 0, 0, 0, 0, 0], [0, 112, 1, 1, 0, 0, 0, 0, 0, 0], [0, 0, 115, 0, 0, 0, 0, 0, 0, 0], [0, 0, 0, 104, 0, 0, 0, 0, 0, 1], [0, 0, 0, 0, 115, 0, 0, 0, 0, 0], [0, 0, 0, 0, 0, 105, 0, 0, 1, 0], [0, 0, 0, 0, 0, 0, 106, 0, 0, 0], [0, 0, 0, 0, 0, 0, 0, 114, 0, 0], [0, 0, 0, 0, 0, 0, 0, 0, 106, 0], [0, 0, 0, 0, 0, 0, 0, 1, 0, 105]]}"
h-k3-b-DC,heom,3,borda,RetentionPolicy.DIFFERENT_CLASS_RETENTION,0,10,9894,1098,0.0015321999962907,0.2812506000045687,0.2827828000008594,0.9918032786885246,0.99184441606345,0.9917562774861682,0.9917747121836958,0.991826684389986,0.9918032786885246,0.991789905374056,"{""labels"": [""0"", ""1"", ""2"", ""3"", ""4"", ""5"", ""6"", ""7"", ""8"", ""9""], ""matrix"": [[115, 0, 0, 0, 0, 0, 0, 0, 0, 0], [0, 113, 1, 0, 0, 0, 0, 0, 0, 0], [0, 2, 112, 0, 0, 0, 0, 0, 0, 0], [0, 0, 0, 105, 0, 0, 0, 0, 0, 0], [0, 0, 0, 0, 115, 0, 0, 0, 0, 0], [0, 0, 0, 0, 0, 105, 0, 0, 0, 0], [0, 0, 0, 0, 0, 0, 105, 0, 0, 0], [0, 0, 0, 0, 0, 0, 0, 113, 0, 1], [1, 0, 0, 0, 0, 1, 0, 1, 103, 0], [0, 0, 0, 0, 0, 1, 0, 0, 1, 103]]}"
h-k3-b-DC,heom,3,borda,RetentionPolicy.DIFFERENT_CLASS_RETENTION,1,10,9893,1099,0.0015886000037426,0.2849828000034904,0.286571400007233,0.9936305732484076,0.993703199126702,0.9937245287130873,0.9936804280599818,0.9936724341772446,0.9936305732484076,0.9936183661229236,"{""labels"": [""0"", ""1"", ""2"", ""3"", ""4"", ""5"", ""6"", ""7"", ""8"", ""9""], ""matrix"": [[114, 0, 0, 0, 1, 0, 0, 0, 0, 0], [0, 114, 0, 0, 0, 0, 0, 0, 0, 0], [0, 0, 114, 0, 0, 0, 0, 0, 0, 0], [0, 0, 0, 103, 0, 0, 0, 1, 0, 1], [0, 0, 0, 0, 114, 1, 0, 0, 0, 0], [0, 0, 0, 0, 0, 105, 0, 0, 0, 0], [0, 0, 0, 0, 0, 0, 106, 0, 0, 0], [0, 1, 1, 0, 0, 0, 0, 111, 0, 1], [0, 0, 0, 0, 0, 0, 0, 0, 105, 0], [0, 0, 0, 0, 0, 0, 0, 0, 0, 106]]}"
h-k3-b-DC,heom,3,borda,RetentionPolicy.DIFFERENT_CLASS_RETENTION,2,10,9895,1097,0.0017114999936893,0.2793893000052776,0.281100799998967,0.9954421148587056,0.9954393297343318,0.9953960989430096,0.9953959092852054,0.9954841192613894,0.9954421148587056,0.9954419319421972,"{""labels"": [""0"", ""1"", ""2"", ""3"", ""4"", ""5"", ""6"", ""7"", ""8"", ""9""], ""matrix"": [[114, 0, 0, 0, 0, 0, 0, 0, 0, 0], [0, 114, 0, 0, 1, 0, 0, 0, 0, 0], [0, 0, 115, 0, 0, 0, 0, 0, 0, 0], [0, 0, 0, 104, 0, 1, 0, 0, 0, 0], [0, 0, 0, 0, 114, 0, 0, 0, 0, 0], [0, 0, 0, 0, 0, 105, 0, 0, 0, 0], [0, 0, 0, 0, 0, 0, 105, 0, 0, 0], [0, 1, 0, 0, 0, 0, 0, 113, 0, 0], [0, 0, 0, 0, 0, 0, 0, 0, 105, 0], [0, 0, 0, 1, 0, 1, 0, 0, 0, 103]]}"
h-k3-b-DC,heom,3,borda,RetentionPolicy.DIFFERENT_CLASS_RETENTION,3,10,9892,1100,0.0015732000028947,0.280557799997041,0.2821309999999357,0.9927272727272728,0.9928199307898304,0.9927874032908358,0.9927842040105552,0.9927667007429812,0.9927272727272728,0.9927270931982196,"{""labels"": [""0"", ""1"", ""2"", ""3"", ""4"", ""5"", ""6"", ""7"", ""8"", ""9""], ""matrix"": [[114, 0, 0, 0, 0, 0, 0, 0, 0, 0], [0, 113, 0, 1, 0, 0, 0, 0, 0, 0], [0, 0, 114, 0, 0, 0, 0, 1, 0, 0], [0, 1, 1, 103, 0, 0, 0, 0, 0, 0], [0, 0, 0, 0, 115, 0, 0, 0, 0, 0], [0, 0, 0, 1, 0, 104, 0, 0, 0, 0], [0, 0, 0, 0, 0, 0, 105, 0, 0, 0], [0, 2, 0, 0, 0, 0, 0, 112, 1, 0], [0, 0, 0, 0, 0, 0, 0, 0, 106, 0], [0, 0, 0, 0, 0, 0, 0, 0, 0, 106]]}"
h-k3-b-DC,heom,3,borda,RetentionPolicy.DIFFERENT_CLASS_RETENTION,4,10,9894,1098,0.0015819999971427,0.2827499999984866,0.2843319999956293,0.9954462659380692,0.995519504398744,0.9953388804250164,0.995404421537424,0.9955027744401848,0.9954462659380692,0.9954498073796828,"{""labels"": [""0"", ""1"", ""2"", ""3"", ""4"", ""5"", ""6"", ""7"", ""8"", ""9""], ""matrix"": [[114, 0, 0, 0, 0, 0, 0, 0, 0, 0], [0, 114, 1, 0, 0, 0, 0, 0, 0, 0], [0, 0, 114, 0, 0, 0, 0, 0, 0, 0], [0, 0, 1, 104, 0, 0, 0, 0, 0, 0], [0, 0, 0, 0, 114, 0, 0, 0, 0, 0], [0, 0, 0, 2, 0, 104, 0, 0, 0, 0], [0, 0, 0, 0, 0, 0, 106, 0, 0, 0], [0, 0, 0, 0, 0, 0, 0, 114, 0, 0], [0, 0, 0, 0, 0, 0, 0, 0, 105, 0], [0, 0, 0, 0, 1, 0, 0, 0, 0, 104]]}"
h-k3-b-DC,heom,3,borda,RetentionPolicy.DIFFERENT_CLASS_RETENTION,5,10,9894,1098,0.0016971999939414,0.2808199999999488,0.2825171999938902,0.9927140255009108,0.9927177538850276,0.9926065162907268,0.992632207581089,0.992797209503464,0.9927140255009108,0.992726313917114,"{""labels"": [""0"", ""1"", ""2"", ""3"", ""4"", ""5"", ""6"", ""7"", ""8"", ""9""], ""matrix"": [[114, 0, 0, 0, 0, 0, 0, 0, 0, 0], [0, 113, 0, 1, 0, 0, 0, 0, 0, 0], [0, 0, 113, 1, 0, 0, 0, 0, 0, 0], [0, 1, 0, 104, 0, 0, 0, 0, 0, 0], [0, 0, 0, 0, 113, 0, 0, 0, 0, 1], [0, 0, 0, 1, 0, 103, 1, 0, 0, 0], [0, 0, 0, 0, 0, 0, 108, 0, 0, 0], [0, 0, 0, 0, 0, 0, 0, 114, 0, 0], [0, 0, 0, 0, 0, 0, 0, 1, 104, 0], [0, 1, 0, 0, 0, 0, 0, 0, 0, 104]]}"
h-k3-b-DC,heom,3,borda,RetentionPolicy.DIFFERENT_CLASS_RETENTION,6,10,9890,1102,0.0015745000055176,0.2838841999982833,0.2854587000038009,0.9954627949183305,0.9955454694324984,0.995430512947169,0.9954643823903458,0.9955103019262443,0.9954627949183305,0.9954624968362888,"{""labels"": [""0"", ""1"", ""2"", ""3"", ""4"", ""5"", ""6"", ""7"", ""8"", ""9""], ""matrix"": [[114, 0, 0, 0, 0, 0, 0, 0, 0, 0], [0, 113, 2, 0, 0, 0, 0, 0, 0, 0], [0, 0, 114, 0, 0, 0, 0, 0, 0, 0], [0, 0, 0, 108, 0, 0, 0, 0, 0, 0], [0, 0, 0, 0, 114, 0, 0, 0, 0, 0], [0, 0, 0, 1, 0, 105, 0, 0, 0, 0], [0, 0, 0, 0, 0, 1, 104, 0, 0, 0], [0, 0, 0, 0, 0, 0, 0, 114, 0, 0], [0, 0, 0, 0, 0, 0, 0, 0, 105, 0], [0, 0, 0, 0, 1, 0, 0, 0, 0, 106]]}"
h-k3-b-DC,heom,3,borda,RetentionPolicy.DIFFERENT_CLASS_RETENTION,7,10,9892,1100,0.0015894000025582,0.2999214999945252,0.3015108999970834,0.990909090909091,0.9912071618840173,0.99101149099163,0.9910649486941836,0.990988646270598,0.990909090909091,0.990904262536373,"{""labels"": [""0"", ""1"", ""2"", ""3"", ""4"", ""5"", ""6"", ""7"", ""8"", ""9""], ""matrix"": [[113, 0, 0, 0, 1, 0, 0, 0, 0, 0], [0, 111, 3, 0, 0, 0, 0, 0, 0, 0], [0, 1, 111, 2, 0, 0, 0, 0, 0, 0], [0, 0, 0, 107, 0, 0, 0, 0, 0, 0], [0, 0, 0, 0, 114, 0, 0, 0, 0, 0], [0, 0, 0, 0, 0, 106, 0, 0, 0, 0], [0, 0, 0, 0, 0, 0, 105, 0, 0, 0], [0, 0, 0, 0, 0, 0, 0, 115, 0, 0], [0, 0, 0, 0, 0, 0, 0, 1, 105, 0], [0, 0, 0, 0, 1, 0, 0, 1, 0, 103]]}"
h-k3-b-DC,heom,3,borda,RetentionPolicy.DIFFERENT_CLASS_RETENTION,8,10,9894,1098,0.0018063000024994,0.2893774000040139,0.2911837000065134,0.9927140255009108,0.9928214192639222,0.9927073014776482,0.9927399178407904,0.9927537202189484,0.9927140255009108,0.9927093732950388,"{""labels"": [""0"", ""1"", ""2"", ""3"", ""4"", ""5"", ""6"", ""7"", ""8"", ""9""], ""matrix"": [[113, 0, 0, 0, 0, 0, 1, 0, 0, 0], [0, 112, 1, 0, 0, 0, 0, 1, 0, 0], [0, 1, 114, 0, 0, 0, 0, 0, 0, 0], [0, 0, 0, 104, 1, 0, 0, 0, 0, 0], [0, 0, 0, 0, 114, 0, 0, 0, 0, 0], [0, 0, 0, 0, 0, 104, 0, 1, 1, 0], [0, 0, 0, 0, 0, 0, 105, 0, 0, 0], [0, 0, 0, 0, 0, 0, 0, 114, 0, 0], [0, 0, 0, 0, 0, 0, 0, 0, 106, 0], [0, 0, 0, 0, 0, 1, 0, 0, 0, 104]]}"
h-k3-b-DC,heom,3,borda,RetentionPolicy.DIFFERENT_CLASS_RETENTION,9,10,9890,1102,0.0018995999998878,0.2804885000005015,0.2823881000003894,0.9945553539019965,0.994575940233526,0.9945368754124854,0.9945366865404116,0.9945873709853692,0.9945553539019965,0.9945512315756814,"{""labels"": [""0"", ""1"", ""2"", ""3"", ""4"", ""5"", ""6"", ""7"", ""8"", ""9""], ""matrix"": [[114, 0, 0, 0, 1, 0, 0, 0, 0, 0], [0, 112, 1, 1, 0, 0, 0, 0, 0, 0], [0, 0, 115, 0, 0, 0, 0, 0, 0, 0], [0, 0, 0, 104, 0, 0, 0, 0, 0, 1], [0, 0, 0, 0, 115, 0, 0, 0, 0, 0], [0, 0, 0, 0, 0, 105, 0, 0, 1, 0], [0, 0, 0, 0, 0, 0, 106, 0, 0, 0], [0, 0, 0, 0, 0, 0, 0, 114, 0, 0], [0, 0, 0, 0, 0, 0, 0, 0, 106, 0], [0, 0, 0, 0, 0, 0, 0, 1, 0, 105]]}"
h-k3-b-DD,heom,3,borda,RetentionPolicy.DD_RETENTION,0,10,9894,1098,0.0017402000012225,0.2888377000053879,0.2905779000066104,0.9918032786885246,0.99184441606345,0.9917562774861682,0.9917747121836958,0.991826684389986,0.9918032786885246,0.991789905374056,"{""labels"": [""0"", ""1"", ""2"", ""3"", ""4"", ""5"", ""6"", ""7"", ""8"", ""9""], ""matrix"": [[115, 0, 0, 0, 0, 0, 0, 0, 0, 0], [0, 113, 1, 0, 0, 0, 0, 0, 0, 0], [0, 2, 112, 0, 0, 0, 0, 0, 0, 0], [0, 0, 0, 105, 0, 0, 0, 0, 0, 0], [0, 0, 0, 0, 115, 0, 0, 0, 0, 0], [0, 0, 0, 0, 0, 105, 0, 0, 0, 0], [0, 0, 0, 0, 0, 0, 105, 0, 0, 0], [0, 0, 0, 0, 0, 0, 0, 113, 0, 1], [1, 0, 0, 0, 0, 1, 0, 1, 103, 0], [0, 0, 0, 0, 0, 1, 0, 0, 1, 103]]}"
h-k3-b-DD,heom,3,borda,RetentionPolicy.DD_RETENTION,1,10,9893,1099,0.0017644999970798,0.2853251000051386,0.2870896000022185,0.9936305732484076,0.993703199126702,0.9937245287130873,0.9936804280599818,0.9936724341772446,0.9936305732484076,0.9936183661229236,"{""labels"": [""0"", ""1"", ""2"", ""3"", ""4"", ""5"", ""6"", ""7"", ""8"", ""9""], ""matrix"": [[114, 0, 0, 0, 1, 0, 0, 0, 0, 0], [0, 114, 0, 0, 0, 0, 0, 0, 0, 0], [0, 0, 114, 0, 0, 0, 0, 0, 0, 0], [0, 0, 0, 103, 0, 0, 0, 1, 0, 1], [0, 0, 0, 0, 114, 1, 0, 0, 0, 0], [0, 0, 0, 0, 0, 105, 0, 0, 0, 0], [0, 0, 0, 0, 0, 0, 106, 0, 0, 0], [0, 1, 1, 0, 0, 0, 0, 111, 0, 1], [0, 0, 0, 0, 0, 0, 0, 0, 105, 0], [0, 0, 0, 0, 0, 0, 0, 0, 0, 106]]}"
h-k3-b-DD,heom,3,borda,RetentionPolicy.DD_RETENTION,2,10,9895,1097,0.0015418000039062,0.2895516999997198,0.2910935000036261,0.9963536918869644,0.9963650923864212,0.9963484798953908,0.9963484414243484,0.9963702184270172,0.9963536918869644,0.9963536536797544,"{""labels"": [""0"", ""1"", ""2"", ""3"", ""4"", ""5"", ""6"", ""7"", ""8"", ""9""], ""matrix"": [[114, 0, 0, 0, 0, 0, 0, 0, 0, 0], [0, 114, 0, 0, 1, 0, 0, 0, 0, 0], [0, 0, 115, 0, 0, 0, 0, 0, 0, 0], [0, 0, 0, 104, 0, 1, 0, 0, 0, 0], [0, 0, 0, 0, 114, 0, 0, 0, 0, 0], [0, 0, 0, 0, 0, 105, 0, 0, 0, 0], [0, 0, 0, 0, 0, 0, 105, 0, 0, 0], [0, 1, 0, 0, 0, 0, 0, 113, 0, 0], [0, 0, 0, 0, 0, 0, 0, 0, 105, 0], [0, 0, 0, 1, 0, 0, 0, 0, 0, 104]]}"
h-k3-b-DD,heom,3,borda,RetentionPolicy.DD_RETENTION,3,10,9892,1100,0.0017883999971672,0.2910890999992261,0.2928774999963934,0.9927272727272728,0.9928199307898304,0.9927874032908358,0.9927842040105552,0.9927667007429812,0.9927272727272728,0.9927270931982196,"{""labels"": [""0"", ""1"", ""2"", ""3"", ""4"", ""5"", ""6"", ""7"", ""8"", ""9""], ""matrix"": [[114, 0, 0, 0, 0, 0, 0, 0, 0, 0], [0, 113, 0, 1, 0, 0, 0, 0, 0, 0], [0, 0, 114, 0, 0, 0, 0, 1, 0, 0], [0, 1, 1, 103, 0, 0, 0, 0, 0, 0], [0, 0, 0, 0, 115, 0, 0, 0, 0, 0], [0, 0, 0, 1, 0, 104, 0, 0, 0, 0], [0, 0, 0, 0, 0, 0, 105, 0, 0, 0], [0, 2, 0, 0, 0, 0, 0, 112, 1, 0], [0, 0, 0, 0, 0, 0, 0, 0, 106, 0], [0, 0, 0, 0, 0, 0, 0, 0, 0, 106]]}"
h-k3-b-DD,heom,3,borda,RetentionPolicy.DD_RETENTION,4,10,9894,1098,0.0015027999979793,0.2876602999967872,0.2891630999947665,0.9954462659380692,0.995519504398744,0.9953388804250164,0.995404421537424,0.9955027744401848,0.9954462659380692,0.9954498073796828,"{""labels"": [""0"", ""1"", ""2"", ""3"", ""4"", ""5"", ""6"", ""7"", ""8"", ""9""], ""matrix"": [[114, 0, 0, 0, 0, 0, 0, 0, 0, 0], [0, 114, 1, 0, 0, 0, 0, 0, 0, 0], [0, 0, 114, 0, 0, 0, 0, 0, 0, 0], [0, 0, 1, 104, 0, 0, 0, 0, 0, 0], [0, 0, 0, 0, 114, 0, 0, 0, 0, 0], [0, 0, 0, 2, 0, 104, 0, 0, 0, 0], [0, 0, 0, 0, 0, 0, 106, 0, 0, 0], [0, 0, 0, 0, 0, 0, 0, 114, 0, 0], [0, 0, 0, 0, 0, 0, 0, 0, 105, 0], [0, 0, 0, 0, 1, 0, 0, 0, 0, 104]]}"
h-k3-b-DD,heom,3,borda,RetentionPolicy.DD_RETENTION,5,10,9894,1098,0.0018928000063169,0.2893712999939453,0.2912641000002622,0.9927140255009108,0.9927177538850276,0.9926065162907268,0.992632207581089,0.992797209503464,0.9927140255009108,0.992726313917114,"{""labels"": [""0"", ""1"", ""2"", ""3"", ""4"", ""5"", ""6"", ""7"", ""8"", ""9""], ""matrix"": [[114, 0, 0, 0, 0, 0, 0, 0, 0, 0], [0, 113, 0, 1, 0, 0, 0, 0, 0, 0], [0, 0, 113, 1, 0, 0, 0, 0, 0, 0], [0, 1, 0, 104, 0, 0, 0, 0, 0, 0], [0, 0, 0, 0, 113, 0, 0, 0, 0, 1], [0, 0, 0, 1, 0, 103, 1, 0, 0, 0], [0, 0, 0, 0, 0, 0, 108, 0, 0, 0], [0, 0, 0, 0, 0, 0, 0, 114, 0, 0], [0, 0, 0, 0, 0, 0, 0, 1, 104, 0], [0, 1, 0, 0, 0, 0, 0, 0, 0, 104]]}"
h-k3-b-DD,heom,3,borda,RetentionPolicy.DD_RETENTION,6,10,9890,1102,0.001801799997338,0.2861598000017693,0.2879615999991074,0.9945553539019965,0.9946908967188554,0.9944959335079168,0.994557585737322,0.9946262611879926,0.9945553539019965,0.9945545346780644,"{""labels"": [""0"", ""1"", ""2"", ""3"", ""4"", ""5"", ""6"", ""7"", ""8"", ""9""], ""matrix"": [[114, 0, 0, 0, 0, 0, 0, 0, 0, 0], [0, 113, 2, 0, 0, 0, 0, 0, 0, 0], [0, 0, 114, 0, 0, 0, 0, 0, 0, 0], [0, 0, 0, 108, 0, 0, 0, 0, 0, 0], [0, 0, 0, 0, 114, 0, 0, 0, 0, 0], [0, 0, 0, 1, 0, 105, 0, 0, 0, 0], [0, 0, 0, 0, 0, 1, 104, 0, 0, 0], [0, 0, 0, 0, 0, 0, 0, 114, 0, 0], [0, 0, 0, 0, 0, 0, 0, 0, 105, 0], [0, 0, 0, 0, 2, 0, 0, 0, 0, 105]]}"
h-k3-b-DD,heom,3,borda,RetentionPolicy.DD_RETENTION,7,10,9892,1100,0.0020173000011709,0.2881465000027674,0.2901638000039384,0.99,0.9903671972509492,0.990134298009174,0.9901913854950224,0.9901181374690547,0.99,0.989998933402697,"{""labels"": [""0"", ""1"", ""2"", ""3"", ""4"", ""5"", ""6"", ""7"", ""8"", ""9""], ""matrix"": [[112, 0, 0, 0, 2, 0, 0, 0, 0, 0], [0, 111, 3, 0, 0, 0, 0, 0, 0, 0], [0, 1, 111, 2, 0, 0, 0, 0, 0, 0], [0, 0, 0, 107, 0, 0, 0, 0, 0, 0], [0, 0, 0, 0, 114, 0, 0, 0, 0, 0], [0, 0, 0, 0, 0, 106, 0, 0, 0, 0], [0, 0, 0, 0, 0, 0, 105, 0, 0, 0], [0, 0, 0, 0, 0, 0, 0, 115, 0, 0], [0, 0, 0, 0, 0, 0, 0, 1, 105, 0], [0, 0, 0, 0, 1, 0, 0, 1, 0, 103]]}"
h-k3-b-DD,heom,3,borda,RetentionPolicy.DD_RETENTION,8,10,9894,1098,0.0017978000032599,0.2870070999997551,0.288804900003015,0.9927140255009108,0.9928214192639222,0.9927073014776482,0.9927399178407904,0.9927537202189484,0.9927140255009108,0.9927093732950388,"{""labels"": [""0"", ""1"", ""2"", ""3"", ""4"", ""5"", ""6"", ""7"", ""8"", ""9""], ""matrix"": [[113, 0, 0, 0, 0, 0, 1, 0, 0, 0], [0, 112, 1, 0, 0, 0, 0, 1, 0, 0], [0, 1, 114, 0, 0, 0, 0, 0, 0, 0], [0, 0, 0, 104, 1, 0, 0, 0, 0, 0], [0, 0, 0, 0, 114, 0, 0, 0, 0, 0], [0, 0, 0, 0, 0, 104, 0, 1, 1, 0], [0, 0, 0, 0, 0, 0, 105, 0, 0, 0], [0, 0, 0, 0, 0, 0, 0, 114, 0, 0], [0, 0, 0, 0, 0, 0, 0, 0, 106, 0], [0, 0, 0, 0, 0, 1, 0, 0, 0, 104]]}"
h-k3-b-DD,heom,3,borda,RetentionPolicy.DD_RETENTION,9,10,9890,1102,0.0015731000021332,0.2936695999960648,0.2952426999981981,0.9936479128856625,0.9936501775814364,0.9936596824300292,0.9936232544814804,0.9936968914833594,0.9936479128856625,0.9936400626201852,"{""labels"": [""0"", ""1"", ""2"", ""3"", ""4"", ""5"", ""6"", ""7"", ""8"", ""9""], ""matrix"": [[114, 0, 0, 0, 1, 0, 0, 0, 0, 0], [0, 111, 1, 1, 0, 0, 0, 0, 0, 1], [0, 0, 115, 0, 0, 0, 0, 0, 0, 0], [0, 0, 0, 104, 0, 0, 0, 0, 0, 1], [0, 0, 0, 0, 115, 0, 0, 0, 0, 0], [0, 0, 0, 0, 0, 105, 0, 0, 1, 0], [0, 0, 0, 0, 0, 0, 106, 0, 0, 0], [0, 0, 0, 0, 0, 0, 0, 114, 0, 0], [0, 0, 0, 0, 0, 0, 0, 0, 106, 0], [0, 0, 0, 0, 0, 0, 0, 1, 0, 105]]}"
h-k3-mp-AR,heom,3,modified_plurality,RetentionPolicy.ALWAYS_RETAIN,0,10,9894,1098,0.0014804000020376,0.3376577000017278,0.3391381000037654,0.9963570127504554,0.9962897729033058,0.9962836336123329,0.996278455383201,0.996364782187974,0.9963570127504554,0.9963526616780508,"{""labels"": [""0"", ""1"", ""2"", ""3"", ""4"", ""5"", ""6"", ""7"", ""8"", ""9""], ""matrix"": [[115, 0, 0, 0, 0, 0, 0, 0, 0, 0], [0, 114, 0, 0, 0, 0, 0, 0, 0, 0], [0, 0, 114, 0, 0, 0, 0, 0, 0, 0], [0, 0, 0, 105, 0, 0, 0, 0, 0, 0], [0, 0, 0, 0, 115, 0, 0, 0, 0, 0], [0, 0, 0, 0, 0, 105, 0, 0, 0, 0], [0, 0, 0, 0, 0, 0, 105, 0, 0, 0], [0, 0, 0, 0, 0, 0, 0, 113, 0, 1], [1, 0, 0, 0, 0, 1, 0, 0, 104, 0], [0, 0, 0, 0, 0, 0, 0, 0, 1, 104]]}"
h-k3-mp-AR,heom,3,modified_plurality,RetentionPolicy.ALWAYS_RETAIN,1,10,9893,1099,0.0014759000041522,0.3344418999986374,0.3359178000027896,0.991810737033667,0.9919715720514912,0.9919039395042158,0.9919004002978964,0.9918841182413332,0.991810737033667,0.991810369656238,"{""labels"": [""0"", ""1"", ""2"", ""3"", ""4"", ""5"", ""6"", ""7"", ""8"", ""9""], ""matrix"": [[114, 1, 0, 0, 0, 0, 0, 0, 0, 0], [0, 113, 1, 0, 0, 0, 0, 0, 0, 0], [0, 0, 114, 0, 0, 0, 0, 0, 0, 0], [0, 0, 0, 103, 0, 0, 0, 1, 0, 1], [0, 0, 0, 0, 114, 1, 0, 0, 0, 0], [0, 0, 0, 0, 0, 105, 0, 0, 0, 0], [0, 0, 0, 0, 0, 0, 105, 1, 0, 0], [0, 1, 1, 0, 0, 0, 0, 111, 0, 1], [0, 0, 0, 0, 0, 0, 0, 0, 105, 0], [0, 0, 0, 0, 0, 0, 0, 0, 0, 106]]}"
h-k3-mp-AR,heom,3,modified_plurality,RetentionPolicy.ALWAYS_RETAIN,2,10,9895,1097,0.0015050999936647,0.3414399000030244,0.3429449999966891,0.9954421148587056,0.9953911185432924,0.9953960989430096,0.9953637826179124,0.9955172412040948,0.9954421148587056,0.9954506424242489,"{""labels"": [""0"", ""1"", ""2"", ""3"", ""4"", ""5"", ""6"", ""7"", ""8"", ""9""], ""matrix"": [[113, 0, 0, 0, 0, 0, 0, 0, 0, 1], [0, 114, 0, 0, 1, 0, 0, 0, 0, 0], [0, 0, 115, 0, 0, 0, 0, 0, 0, 0], [0, 0, 0, 104, 0, 1, 0, 0, 0, 0], [0, 0, 0, 0, 114, 0, 0, 0, 0, 0], [0, 0, 0, 0, 0, 105, 0, 0, 0, 0], [0, 0, 0, 0, 0, 0, 105, 0, 0, 0], [0, 0, 0, 0, 0, 0, 0, 114, 0, 0], [0, 0, 0, 0, 0, 0, 0, 0, 105, 0], [0, 0, 0, 0, 0, 2, 0, 0, 0, 103]]}"
h-k3-mp-AR,heom,3,modified_plurality,RetentionPolicy.ALWAYS_RETAIN,3,10,9892,1100,0.0017152000000351,0.3380545000036363,0.3397697000036714,0.99,0.9900749617161846,0.9900882641386074,0.9900450755718212,0.9900577600882944,0.99,0.9899920897107106,"{""labels"": [""0"", ""1"", ""2"", ""3"", ""4"", ""5"", ""6"", ""7"", ""8"", ""9""], ""matrix"": [[114, 0, 0, 0, 0, 0, 0, 0, 0, 0], [0, 112, 0, 2, 0, 0, 0, 0, 0, 0], [0, 0, 114, 0, 0, 0, 0, 1, 0, 0], [0, 1, 1, 103, 0, 0, 0, 0, 0, 0], [0, 0, 0, 0, 115, 0, 0, 0, 0, 0], [0, 0, 0, 1, 0, 103, 0, 0, 0, 1], [0, 0, 0, 0, 0, 0, 105, 0, 0, 0], [0, 2, 1, 0, 0, 0, 0, 111, 1, 0], [0, 0, 0, 0, 0, 0, 0, 0, 106, 0], [0, 0, 0, 0, 0, 0, 0, 0, 0, 106]]}"
h-k3-mp-AR,heom,3,modified_plurality,RetentionPolicy.ALWAYS_RETAIN,4,10,9894,1098,0.0015889999995124,0.3361140999986673,0.3377030999981798,0.994535519125683,0.9946499391813528,0.9943864994726356,0.9944846707526998,0.9945999471652976,0.994535519125683,0.9945344707366918,"{""labels"": [""0"", ""1"", ""2"", ""3"", ""4"", ""5"", ""6"", ""7"", ""8"", ""9""], ""matrix"": [[114, 0, 0, 0, 0, 0, 0, 0, 0, 0], [0, 114, 1, 0, 0, 0, 0, 0, 0, 0], [0, 0, 114, 0, 0, 0, 0, 0, 0, 0], [0, 0, 1, 104, 0, 0, 0, 0, 0, 0], [0, 0, 0, 0, 114, 0, 0, 0, 0, 0], [0, 0, 0, 2, 0, 104, 0, 0, 0, 0], [0, 0, 0, 0, 0, 0, 106, 0, 0, 0], [0, 0, 0, 0, 0, 0, 0, 114, 0, 0], [0, 0, 0, 0, 0, 0, 0, 0, 105, 0], [0, 0, 0, 0, 1, 0, 0, 1, 0, 103]]}"
h-k3-mp-AR,heom,3,modified_plurality,RetentionPolicy.ALWAYS_RETAIN,5,10,9894,1098,0.0014922999980626,0.3354080999997677,0.3369003999978304,0.9954462659380692,0.995431701969267,0.9953884711779448,0.995392882182636,0.995488232085377,0.9954462659380692,0.9954504827287894,"{""labels"": [""0"", ""1"", ""2"", ""3"", ""4"", ""5"", ""6"", ""7"", ""8"", ""9""], ""matrix"": [[114, 0, 0, 0, 0, 0, 0, 0, 0, 0], [0, 113, 0, 1, 0, 0, 0, 0, 0, 0], [0, 0, 114, 0, 0, 0, 0, 0, 0, 0], [0, 0, 0, 105, 0, 0, 0, 0, 0, 0], [0, 0, 0, 0, 113, 0, 0, 0, 0, 1], [0, 0, 0, 1, 0, 104, 0, 0, 0, 0], [0, 0, 0, 0, 0, 0, 108, 0, 0, 0], [0, 0, 0, 0, 0, 0, 0, 114, 0, 0], [0, 0, 0, 0, 0, 0, 0, 1, 104, 0], [0, 1, 0, 0, 0, 0, 0, 0, 0, 104]]}"
h-k3-mp-AR,heom,3,modified_plurality,RetentionPolicy.ALWAYS_RETAIN,6,10,9890,1102,0.0018509000001358,0.339352000002691,0.3412029000028269,0.9945553539019965,0.9946908967188554,0.9944959335079168,0.994557585737322,0.9946262611879926,0.9945553539019965,0.9945545346780644,"{""labels"": [""0"", ""1"", ""2"", ""3"", ""4"", ""5"", ""6"", ""7"", ""8"", ""9""], ""matrix"": [[114, 0, 0, 0, 0, 0, 0, 0, 0, 0], [0, 113, 2, 0, 0, 0, 0, 0, 0, 0], [0, 0, 114, 0, 0, 0, 0, 0, 0, 0], [0, 0, 0, 108, 0, 0, 0, 0, 0, 0], [0, 0, 0, 0, 114, 0, 0, 0, 0, 0], [0, 0, 0, 1, 0, 105, 0, 0, 0, 0], [0, 0, 0, 0, 0, 1, 104, 0, 0, 0], [0, 0, 0, 0, 0, 0, 0, 114, 0, 0], [0, 0, 0, 0, 0, 0, 0, 0, 105, 0], [0, 0, 0, 0, 2, 0, 0, 0, 0, 105]]}"
h-k3-mp-AR,heom,3,modified_plurality,RetentionPolicy.ALWAYS_RETAIN,7,10,9892,1100,0.0015599000034853,0.3334749999994528,0.3350349000029382,0.9927272727272728,0.9930873963201547,0.9928410649264672,0.9929219655768612,0.9928204888980752,0.9927272727272728,0.992730360873515,"{""labels"": [""0"", ""1"", ""2"", ""3"", ""4"", ""5"", ""6"", ""7"", ""8"", ""9""], ""matrix"": [[112, 0, 0, 0, 2, 0, 0, 0, 0, 0], [0, 111, 3, 0, 0, 0, 0, 0, 0, 0], [0, 1, 113, 0, 0, 0, 0, 0, 0, 0], [0, 0, 0, 107, 0, 0, 0, 0, 0, 0], [0, 0, 0, 0, 114, 0, 0, 0, 0, 0], [0, 0, 0, 0, 0, 106, 0, 0, 0, 0], [0, 0, 0, 0, 0, 0, 105, 0, 0, 0], [0, 0, 0, 0, 0, 0, 0, 115, 0, 0], [0, 0, 0, 0, 0, 0, 0, 1, 105, 0], [0, 0, 0, 0, 0, 0, 0, 1, 0, 104]]}"
h-k3-mp-AR,heom,3,modified_plurality,RetentionPolicy.ALWAYS_RETAIN,8,10,9894,1098,0.0017705999998725,0.3388034000017796,0.3405740000016521,0.994535519125683,0.9946574354332268,0.9944540596774956,0.994531594534242,0.9945912869423624,0.994535519125683,0.9945390287660412,"{""labels"": [""0"", ""1"", ""2"", ""3"", ""4"", ""5"", ""6"", ""7"", ""8"", ""9""], ""matrix"": [[113, 0, 0, 0, 0, 0, 1, 0, 0, 0], [0, 113, 1, 0, 0, 0, 0, 0, 0, 0], [0, 0, 115, 0, 0, 0, 0, 0, 0, 0], [0, 0, 0, 104, 1, 0, 0, 0, 0, 0], [0, 0, 0, 0, 114, 0, 0, 0, 0, 0], [0, 0, 0, 0, 0, 105, 0, 1, 0, 0], [0, 0, 0, 0, 0, 0, 105, 0, 0, 0], [0, 0, 0, 0, 0, 0, 0, 114, 0, 0], [0, 0, 0, 0, 0, 0, 0, 1, 105, 0], [0, 0, 0, 0, 0, 1, 0, 0, 0, 104]]}"
h-k3-mp-AR,heom,3,modified_plurality,RetentionPolicy.ALWAYS_RETAIN,9,10,9890,1102,0.0020750999974552,0.3442429000060656,0.3463180000035208,0.9927404718693283,0.992802844837552,0.992790117212638,0.9927535741891148,0.9928126513241332,0.9927404718693283,0.9927325015165368,"{""labels"": [""0"", ""1"", ""2"", ""3"", ""4"", ""5"", ""6"", ""7"", ""8"", ""9""], ""matrix"": [[113, 0, 0, 0, 1, 0, 0, 0, 0, 1], [0, 111, 2, 1, 0, 0, 0, 0, 0, 0], [0, 0, 115, 0, 0, 0, 0, 0, 0, 0], [0, 0, 0, 104, 0, 0, 0, 0, 0, 1], [0, 0, 0, 0, 115, 0, 0, 0, 0, 0], [0, 0, 0, 0, 0, 105, 0, 0, 1, 0], [0, 0, 0, 0, 0, 0, 106, 0, 0, 0], [0, 0, 0, 0, 0, 0, 0, 114, 0, 0], [0, 0, 0, 0, 0, 0, 0, 0, 106, 0], [0, 0, 0, 0, 0, 0, 0, 1, 0, 105]]}"
h-k3-mp-NR,heom,3,modified_plurality,RetentionPolicy.NEVER_RETAIN,0,10,9894,1098,0.0016983999958029,0.2984508000008645,0.3001491999966674,0.9954462659380692,0.995364010251216,0.9954140683949416,0.9953723115833676,0.9954794900343364,0.9954462659380692,0.9954463601187652,"{""labels"": [""0"", ""1"", ""2"", ""3"", ""4"", ""5"", ""6"", ""7"", ""8"", ""9""], ""matrix"": [[115, 0, 0, 0, 0, 0, 0, 0, 0, 0], [0, 114, 0, 0, 0, 0, 0, 0, 0, 0], [0, 0, 114, 0, 0, 0, 0, 0, 0, 0], [0, 0, 0, 105, 0, 0, 0, 0, 0, 0], [0, 0, 0, 0, 114, 1, 0, 0, 0, 0], [0, 0, 0, 0, 0, 105, 0, 0, 0, 0], [0, 0, 0, 0, 0, 0, 105, 0, 0, 0], [0, 0, 0, 0, 0, 0, 0, 113, 0, 1], [1, 0, 0, 0, 0, 1, 0, 0, 104, 0], [0, 0, 0, 0, 0, 0, 0, 0, 1, 104]]}"
h-k3-mp-NR,heom,3,modified_plurality,RetentionPolicy.NEVER_RETAIN,1,10,9893,1099,0.0017177999980049,0.3020611000029021,0.303778900000907,0.991810737033667,0.991993406249861,0.9919701427481749,0.991933587236467,0.991906767000334,0.991810737033667,0.9918102954233238,"{""labels"": [""0"", ""1"", ""2"", ""3"", ""4"", ""5"", ""6"", ""7"", ""8"", ""9""], ""matrix"": [[114, 1, 0, 0, 0, 0, 0, 0, 0, 0], [0, 112, 2, 0, 0, 0, 0, 0, 0, 0], [0, 0, 114, 0, 0, 0, 0, 0, 0, 0], [0, 0, 0, 103, 0, 0, 0, 1, 0, 1], [0, 0, 0, 0, 114, 1, 0, 0, 0, 0], [0, 0, 0, 0, 0, 105, 0, 0, 0, 0], [0, 0, 0, 0, 0, 0, 106, 0, 0, 0], [0, 1, 1, 0, 0, 0, 0, 111, 0, 1], [0, 0, 0, 0, 0, 0, 0, 0, 105, 0], [0, 0, 0, 0, 0, 0, 0, 0, 0, 106]]}"
h-k3-mp-NR,heom,3,modified_plurality,RetentionPolicy.NEVER_RETAIN,2,10,9895,1097,0.0016335999971488,0.305698800002574,0.3073323999997228,0.9954421148587056,0.9953911185432924,0.9953960989430096,0.9953637826179124,0.9955172412040948,0.9954421148587056,0.9954506424242489,"{""labels"": [""0"", ""1"", ""2"", ""3"", ""4"", ""5"", ""6"", ""7"", ""8"", ""9""], ""matrix"": [[113, 0, 0, 0, 0, 0, 0, 0, 0, 1], [0, 114, 0, 0, 1, 0, 0, 0, 0, 0], [0, 0, 115, 0, 0, 0, 0, 0, 0, 0], [0, 0, 0, 104, 0, 1, 0, 0, 0, 0], [0, 0, 0, 0, 114, 0, 0, 0, 0, 0], [0, 0, 0, 0, 0, 105, 0, 0, 0, 0], [0, 0, 0, 0, 0, 0, 105, 0, 0, 0], [0, 0, 0, 0, 0, 0, 0, 114, 0, 0], [0, 0, 0, 0, 0, 0, 0, 0, 105, 0], [0, 0, 0, 0, 0, 2, 0, 0, 0, 103]]}"
h-k3-mp-NR,heom,3,modified_plurality,RetentionPolicy.NEVER_RETAIN,3,10,9892,1100,0.0015969999949447,0.2967181999993045,0.2983151999942492,0.99,0.9900749617161846,0.9900882641386074,0.9900450755718212,0.9900577600882944,0.99,0.9899920897107106,"{""labels"": [""0"", ""1"", ""2"", ""3"", ""4"", ""5"", ""6"", ""7"", ""8"", ""9""], ""matrix"": [[114, 0, 0, 0, 0, 0, 0, 0, 0, 0], [0, 112, 0, 2, 0, 0, 0, 0, 0, 0], [0, 0, 114, 0, 0, 0, 0, 1, 0, 0], [0, 1, 1, 103, 0, 0, 0, 0, 0, 0], [0, 0, 0, 0, 115, 0, 0, 0, 0, 0], [0, 0, 0, 1, 0, 103, 0, 0, 0, 1], [0, 0, 0, 0, 0, 0, 105, 0, 0, 0], [0, 2, 1, 0, 0, 0, 0, 111, 1, 0], [0, 0, 0, 0, 0, 0, 0, 0, 106, 0], [0, 0, 0, 0, 0, 0, 0, 0, 0, 106]]}"
h-k3-mp-NR,heom,3,modified_plurality,RetentionPolicy.NEVER_RETAIN,4,10,9894,1098,0.0015095000053406,0.3052723999935551,0.3067818999988958,0.9936247723132968,0.9938099745482848,0.9935169342552445,0.9936150229116408,0.993727852737522,0.9936247723132968,0.993627545730859,"{""labels"": [""0"", ""1"", ""2"", ""3"", ""4"", ""5"", ""6"", ""7"", ""8"", ""9""], ""matrix"": [[114, 0, 0, 0, 0, 0, 0, 0, 0, 0], [0, 113, 2, 0, 0, 0, 0, 0, 0, 0], [0, 0, 114, 0, 0, 0, 0, 0, 0, 0], [0, 0, 1, 104, 0, 0, 0, 0, 0, 0], [0, 0, 0, 0, 114, 0, 0, 0, 0, 0], [0, 0, 0, 2, 0, 104, 0, 0, 0, 0], [0, 0, 0, 0, 0, 0, 106, 0, 0, 0], [0, 0, 0, 0, 0, 0, 0, 114, 0, 0], [0, 0, 0, 0, 0, 0, 0, 0, 105, 0], [0, 0, 0, 0, 1, 0, 0, 1, 0, 103]]}"
h-k3-mp-NR,heom,3,modified_plurality,RetentionPolicy.NEVER_RETAIN,5,10,9894,1098,0.0014553000000887,0.2978652000019792,0.299320500002068,0.9963570127504554,0.9963650923864212,0.996265664160401,0.9963028565195108,0.9963814437765136,0.9963570127504554,0.9963567842880752,"{""labels"": [""0"", ""1"", ""2"", ""3"", ""4"", ""5"", ""6"", ""7"", ""8"", ""9""], ""matrix"": [[114, 0, 0, 0, 0, 0, 0, 0, 0, 0], [0, 114, 0, 0, 0, 0, 0, 0, 0, 0], [0, 0, 114, 0, 0, 0, 0, 0, 0, 0], [0, 0, 0, 105, 0, 0, 0, 0, 0, 0], [0, 0, 0, 0, 113, 0, 0, 0, 0, 1], [0, 0, 0, 1, 0, 104, 0, 0, 0, 0], [0, 0, 0, 0, 0, 0, 108, 0, 0, 0], [0, 0, 0, 0, 0, 0, 0, 114, 0, 0], [0, 0, 0, 0, 0, 0, 0, 1, 104, 0], [0, 1, 0, 0, 0, 0, 0, 0, 0, 104]]}"
h-k3-mp-NR,heom,3,modified_plurality,RetentionPolicy.NEVER_RETAIN,6,10,9890,1102,0.0015598000027239,0.3016997000013361,0.3032595000040601,0.9945553539019965,0.9946908967188554,0.9944959335079168,0.994557585737322,0.9946262611879926,0.9945553539019965,0.9945545346780644,"{""labels"": [""0"", ""1"", ""2"", ""3"", ""4"", ""5"", ""6"", ""7"", ""8"", ""9""], ""matrix"": [[114, 0, 0, 0, 0, 0, 0, 0, 0, 0], [0, 113, 2, 0, 0, 0, 0, 0, 0, 0], [0, 0, 114, 0, 0, 0, 0, 0, 0, 0], [0, 0, 0, 108, 0, 0, 0, 0, 0, 0], [0, 0, 0, 0, 114, 0, 0, 0, 0, 0], [0, 0, 0, 1, 0, 105, 0, 0, 0, 0], [0, 0, 0, 0, 0, 1, 104, 0, 0, 0], [0, 0, 0, 0, 0, 0, 0, 114, 0, 0], [0, 0, 0, 0, 0, 0, 0, 0, 105, 0], [0, 0, 0, 0, 2, 0, 0, 0, 0, 105]]}"
h-k3-mp-NR,heom,3,modified_plurality,RetentionPolicy.NEVER_RETAIN,7,10,9892,1100,0.0014393000019481,0.300061399997503,0.3015006999994511,0.9927272727272728,0.9930873963201547,0.9928410649264672,0.9929219655768612,0.9928204888980752,0.9927272727272728,0.992730360873515,"{""labels"": [""0"", ""1"", ""2"", ""3"", ""4"", ""5"", ""6"", ""7"", ""8"", ""9""], ""matrix"": [[112, 0, 0, 0, 2, 0, 0, 0, 0, 0], [0, 111, 3, 0, 0, 0, 0, 0, 0, 0], [0, 1, 113, 0, 0, 0, 0, 0, 0, 0], [0, 0, 0, 107, 0, 0, 0, 0, 0, 0], [0, 0, 0, 0, 114, 0, 0, 0, 0, 0], [0, 0, 0, 0, 0, 106, 0, 0, 0, 0], [0, 0, 0, 0, 0, 0, 105, 0, 0, 0], [0, 0, 0, 0, 0, 0, 0, 115, 0, 0], [0, 0, 0, 0, 0, 0, 0, 1, 105, 0], [0, 0, 0, 0, 0, 0, 0, 1, 0, 104]]}"
h-k3-mp-NR,heom,3,modified_plurality,RetentionPolicy.NEVER_RETAIN,8,10,9894,1098,0.0016077000036602,0.3008782999968389,0.3024860000004992,0.994535519125683,0.9946574354332268,0.9944540596774956,0.994531594534242,0.9945912869423624,0.994535519125683,0.9945390287660412,"{""labels"": [""0"", ""1"", ""2"", ""3"", ""4"", ""5"", ""6"", ""7"", ""8"", ""9""], ""matrix"": [[113, 0, 0, 0, 0, 0, 1, 0, 0, 0], [0, 113, 1, 0, 0, 0, 0, 0, 0, 0], [0, 0, 115, 0, 0, 0, 0, 0, 0, 0], [0, 0, 0, 104, 1, 0, 0, 0, 0, 0], [0, 0, 0, 0, 114, 0, 0, 0, 0, 0], [0, 0, 0, 0, 0, 105, 0, 1, 0, 0], [0, 0, 0, 0, 0, 0, 105, 0, 0, 0], [0, 0, 0, 0, 0, 0, 0, 114, 0, 0], [0, 0, 0, 0, 0, 0, 0, 1, 105, 0], [0, 0, 0, 0, 0, 1, 0, 0, 0, 104]]}"
h-k3-mp-NR,heom,3,modified_plurality,RetentionPolicy.NEVER_RETAIN,9,10,9890,1102,0.0015096999995876,0.2988735000035376,0.3003832000031252,0.9927404718693283,0.992802844837552,0.992790117212638,0.9927535741891148,0.9928126513241332,0.9927404718693283,0.9927325015165368,"{""labels"": [""0"", ""1"", ""2"", ""3"", ""4"", ""5"", ""6"", ""7"", ""8"", ""9""], ""matrix"": [[113, 0, 0, 0, 1, 0, 0, 0, 0, 1], [0, 111, 2, 1, 0, 0, 0, 0, 0, 0], [0, 0, 115, 0, 0, 0, 0, 0, 0, 0], [0, 0, 0, 104, 0, 0, 0, 0, 0, 1], [0, 0, 0, 0, 115, 0, 0, 0, 0, 0], [0, 0, 0, 0, 0, 105, 0, 0, 1, 0], [0, 0, 0, 0, 0, 0, 106, 0, 0, 0], [0, 0, 0, 0, 0, 0, 0, 114, 0, 0], [0, 0, 0, 0, 0, 0, 0, 0, 106, 0], [0, 0, 0, 0, 0, 0, 0, 1, 0, 105]]}"
h-k3-mp-DC,heom,3,modified_plurality,RetentionPolicy.DIFFERENT_CLASS_RETENTION,0,10,9894,1098,0.0020371999999042,0.3023570000004838,0.3043942000003881,0.9954462659380692,0.995364010251216,0.9954140683949416,0.9953723115833676,0.9954794900343364,0.9954462659380692,0.9954463601187652,"{""labels"": [""0"", ""1"", ""2"", ""3"", ""4"", ""5"", ""6"", ""7"", ""8"", ""9""], ""matrix"": [[115, 0, 0, 0, 0, 0, 0, 0, 0, 0], [0, 114, 0, 0, 0, 0, 0, 0, 0, 0], [0, 0, 114, 0, 0, 0, 0, 0, 0, 0], [0, 0, 0, 105, 0, 0, 0, 0, 0, 0], [0, 0, 0, 0, 114, 1, 0, 0, 0, 0], [0, 0, 0, 0, 0, 105, 0, 0, 0, 0], [0, 0, 0, 0, 0, 0, 105, 0, 0, 0], [0, 0, 0, 0, 0, 0, 0, 113, 0, 1], [1, 0, 0, 0, 0, 1, 0, 0, 104, 0], [0, 0, 0, 0, 0, 0, 0, 0, 1, 104]]}"
h-k3-mp-DC,heom,3,modified_plurality,RetentionPolicy.DIFFERENT_CLASS_RETENTION,1,10,9893,1099,0.0015599999969708,0.2942553000029875,0.2958152999999583,0.991810737033667,0.991993406249861,0.9919701427481749,0.991933587236467,0.991906767000334,0.991810737033667,0.9918102954233238,"{""labels"": [""0"", ""1"", ""2"", ""3"", ""4"", ""5"", ""6"", ""7"", ""8"", ""9""], ""matrix"": [[114, 1, 0, 0, 0, 0, 0, 0, 0, 0], [0, 112, 2, 0, 0, 0, 0, 0, 0, 0], [0, 0, 114, 0, 0, 0, 0, 0, 0, 0], [0, 0, 0, 103, 0, 0, 0, 1, 0, 1], [0, 0, 0, 0, 114, 1, 0, 0, 0, 0], [0, 0, 0, 0, 0, 105, 0, 0, 0, 0], [0, 0, 0, 0, 0, 0, 106, 0, 0, 0], [0, 1, 1, 0, 0, 0, 0, 111, 0, 1], [0, 0, 0, 0, 0, 0, 0, 0, 105, 0], [0, 0, 0, 0, 0, 0, 0, 0, 0, 106]]}"
h-k3-mp-DC,heom,3,modified_plurality,RetentionPolicy.DIFFERENT_CLASS_RETENTION,2,10,9895,1097,0.0014625000039814,0.3007071999963955,0.3021697000003769,0.9954421148587056,0.9953911185432924,0.9953960989430096,0.9953637826179124,0.9955172412040948,0.9954421148587056,0.9954506424242489,"{""labels"": [""0"", ""1"", ""2"", ""3"", ""4"", ""5"", ""6"", ""7"", ""8"", ""9""], ""matrix"": [[113, 0, 0, 0, 0, 0, 0, 0, 0, 1], [0, 114, 0, 0, 1, 0, 0, 0, 0, 0], [0, 0, 115, 0, 0, 0, 0, 0, 0, 0], [0, 0, 0, 104, 0, 1, 0, 0, 0, 0], [0, 0, 0, 0, 114, 0, 0, 0, 0, 0], [0, 0, 0, 0, 0, 105, 0, 0, 0, 0], [0, 0, 0, 0, 0, 0, 105, 0, 0, 0], [0, 0, 0, 0, 0, 0, 0, 114, 0, 0], [0, 0, 0, 0, 0, 0, 0, 0, 105, 0], [0, 0, 0, 0, 0, 2, 0, 0, 0, 103]]}"
h-k3-mp-DC,heom,3,modified_plurality,RetentionPolicy.DIFFERENT_CLASS_RETENTION,3,10,9892,1100,0.0015398000032291,0.301655600000231,0.3031954000034602,0.99,0.9900749617161846,0.9900882641386074,0.9900450755718212,0.9900577600882944,0.99,0.9899920897107106,"{""labels"": [""0"", ""1"", ""2"", ""3"", ""4"", ""5"", ""6"", ""7"", ""8"", ""9""], ""matrix"": [[114, 0, 0, 0, 0, 0, 0, 0, 0, 0], [0, 112, 0, 2, 0, 0, 0, 0, 0, 0], [0, 0, 114, 0, 0, 0, 0, 1, 0, 0], [0, 1, 1, 103, 0, 0, 0, 0, 0, 0], [0, 0, 0, 0, 115, 0, 0, 0, 0, 0], [0, 0, 0, 1, 0, 103, 0, 0, 0, 1], [0, 0, 0, 0, 0, 0, 105, 0, 0, 0], [0, 2, 1, 0, 0, 0, 0, 111, 1, 0], [0, 0, 0, 0, 0, 0, 0, 0, 106, 0], [0, 0, 0, 0, 0, 0, 0, 0, 0, 106]]}"
h-k3-mp-DC,heom,3,modified_plurality,RetentionPolicy.DIFFERENT_CLASS_RETENTION,4,10,9894,1098,0.0016902999996091,0.2992378999988432,0.3009281999984523,0.9936247723132968,0.9938099745482848,0.9935169342552445,0.9936150229116408,0.993727852737522,0.9936247723132968,0.993627545730859,"{""labels"": [""0"", ""1"", ""2"", ""3"", ""4"", ""5"", ""6"", ""7"", ""8"", ""9""], ""matrix"": [[114, 0, 0, 0, 0, 0, 0, 0, 0, 0], [0, 113, 2, 0, 0, 0, 0, 0, 0, 0], [0, 0, 114, 0, 0, 0, 0, 0, 0, 0], [0, 0, 1, 104, 0, 0, 0, 0, 0, 0], [0, 0, 0, 0, 114, 0, 0, 0, 0, 0], [0, 0, 0, 2, 0, 104, 0, 0, 0, 0], [0, 0, 0, 0, 0, 0, 106, 0, 0, 0], [0, 0, 0, 0, 0, 0, 0, 114, 0, 0], [0, 0, 0, 0, 0, 0, 0, 0, 105, 0], [0, 0, 0, 0, 1, 0, 0, 1, 0, 103]]}"
h-k3-mp-DC,heom,3,modified_plurality,RetentionPolicy.DIFFERENT_CLASS_RETENTION,5,10,9894,1098,0.0015074000039021,0.2978727000008803,0.2993801000047824,0.9954462659380692,0.995431701969267,0.9953884711779448,0.995392882182636,0.995488232085377,0.9954462659380692,0.9954504827287894,"{""labels"": [""0"", ""1"", ""2"", ""3"", ""4"", ""5"", ""6"", ""7"", ""8"", ""9""], ""matrix"": [[114, 0, 0, 0, 0, 0, 0, 0, 0, 0], [0, 113, 0, 1, 0, 0, 0, 0, 0, 0], [0, 0, 114, 0, 0, 0, 0, 0, 0, 0], [0, 0, 0, 105, 0, 0, 0, 0, 0, 0], [0, 0, 0, 0, 113, 0, 0, 0, 0, 1], [0, 0, 0, 1, 0, 104, 0, 0, 0, 0], [0, 0, 0, 0, 0, 0, 108, 0, 0, 0], [0, 0, 0, 0, 0, 0, 0, 114, 0, 0], [0, 0, 0, 0, 0, 0, 0, 1, 104, 0], [0, 1, 0, 0, 0, 0, 0, 0, 0, 104]]}"
h-k3-mp-DC,heom,3,modified_plurality,RetentionPolicy.DIFFERENT_CLASS_RETENTION,6,10,9890,1102,0.0016124000030686,0.3067214999973657,0.3083339000004343,0.9954627949183305,0.9955454694324984,0.995430512947169,0.9954643823903458,0.9955103019262443,0.9954627949183305,0.9954624968362888,"{""labels"": [""0"", ""1"", ""2"", ""3"", ""4"", ""5"", ""6"", ""7"", ""8"", ""9""], ""matrix"": [[114, 0, 0, 0, 0, 0, 0, 0, 0, 0], [0, 113, 2, 0, 0, 0, 0, 0, 0, 0], [0, 0, 114, 0, 0, 0, 0, 0, 0, 0], [0, 0, 0, 108, 0, 0, 0, 0, 0, 0], [0, 0, 0, 0, 114, 0, 0, 0, 0, 0], [0, 0, 0, 1, 0, 105, 0, 0, 0, 0], [0, 0, 0, 0, 0, 1, 104, 0, 0, 0], [0, 0, 0, 0, 0, 0, 0, 114, 0, 0], [0, 0, 0, 0, 0, 0, 0, 0, 105, 0], [0, 0, 0, 0, 1, 0, 0, 0, 0, 106]]}"
h-k3-mp-DC,heom,3,modified_plurality,RetentionPolicy.DIFFERENT_CLASS_RETENTION,7,10,9892,1100,0.0016322000010404,0.3004665999978897,0.3020987999989302,0.9927272727272728,0.9930873963201547,0.9928410649264672,0.9929219655768612,0.9928204888980752,0.9927272727272728,0.992730360873515,"{""labels"": [""0"", ""1"", ""2"", ""3"", ""4"", ""5"", ""6"", ""7"", ""8"", ""9""], ""matrix"": [[112, 0, 0, 0, 2, 0, 0, 0, 0, 0], [0, 111, 3, 0, 0, 0, 0, 0, 0, 0], [0, 1, 113, 0, 0, 0, 0, 0, 0, 0], [0, 0, 0, 107, 0, 0, 0, 0, 0, 0], [0, 0, 0, 0, 114, 0, 0, 0, 0, 0], [0, 0, 0, 0, 0, 106, 0, 0, 0, 0], [0, 0, 0, 0, 0, 0, 105, 0, 0, 0], [0, 0, 0, 0, 0, 0, 0, 115, 0, 0], [0, 0, 0, 0, 0, 0, 0, 1, 105, 0], [0, 0, 0, 0, 0, 0, 0, 1, 0, 104]]}"
h-k3-mp-DC,heom,3,modified_plurality,RetentionPolicy.DIFFERENT_CLASS_RETENTION,8,10,9894,1098,0.0016512000001966,0.2943975000016507,0.2960487000018474,0.994535519125683,0.9946574354332268,0.9944540596774956,0.994531594534242,0.9945912869423624,0.994535519125683,0.9945390287660412,"{""labels"": [""0"", ""1"", ""2"", ""3"", ""4"", ""5"", ""6"", ""7"", ""8"", ""9""], ""matrix"": [[113, 0, 0, 0, 0, 0, 1, 0, 0, 0], [0, 113, 1, 0, 0, 0, 0, 0, 0, 0], [0, 0, 115, 0, 0, 0, 0, 0, 0, 0], [0, 0, 0, 104, 1, 0, 0, 0, 0, 0], [0, 0, 0, 0, 114, 0, 0, 0, 0, 0], [0, 0, 0, 0, 0, 105, 0, 1, 0, 0], [0, 0, 0, 0, 0, 0, 105, 0, 0, 0], [0, 0, 0, 0, 0, 0, 0, 114, 0, 0], [0, 0, 0, 0, 0, 0, 0, 1, 105, 0], [0, 0, 0, 0, 0, 1, 0, 0, 0, 104]]}"
h-k3-mp-DC,heom,3,modified_plurality,RetentionPolicy.DIFFERENT_CLASS_RETENTION,9,10,9890,1102,0.0017717000009724,0.2993000000060419,0.3010717000070144,0.9927404718693283,0.992802844837552,0.992790117212638,0.9927535741891148,0.9928126513241332,0.9927404718693283,0.9927325015165368,"{""labels"": [""0"", ""1"", ""2"", ""3"", ""4"", ""5"", ""6"", ""7"", ""8"", ""9""], ""matrix"": [[113, 0, 0, 0, 1, 0, 0, 0, 0, 1], [0, 111, 2, 1, 0, 0, 0, 0, 0, 0], [0, 0, 115, 0, 0, 0, 0, 0, 0, 0], [0, 0, 0, 104, 0, 0, 0, 0, 0, 1], [0, 0, 0, 0, 115, 0, 0, 0, 0, 0], [0, 0, 0, 0, 0, 105, 0, 0, 1, 0], [0, 0, 0, 0, 0, 0, 106, 0, 0, 0], [0, 0, 0, 0, 0, 0, 0, 114, 0, 0], [0, 0, 0, 0, 0, 0, 0, 0, 106, 0], [0, 0, 0, 0, 0, 0, 0, 1, 0, 105]]}"
h-k3-mp-DD,heom,3,modified_plurality,RetentionPolicy.DD_RETENTION,0,10,9894,1098,0.0015096999995876,0.306642900002771,0.3081526000023586,0.9954462659380692,0.995364010251216,0.9954140683949416,0.9953723115833676,0.9954794900343364,0.9954462659380692,0.9954463601187652,"{""labels"": [""0"", ""1"", ""2"", ""3"", ""4"", ""5"", ""6"", ""7"", ""8"", ""9""], ""matrix"": [[115, 0, 0, 0, 0, 0, 0, 0, 0, 0], [0, 114, 0, 0, 0, 0, 0, 0, 0, 0], [0, 0, 114, 0, 0, 0, 0, 0, 0, 0], [0, 0, 0, 105, 0, 0, 0, 0, 0, 0], [0, 0, 0, 0, 114, 1, 0, 0, 0, 0], [0, 0, 0, 0, 0, 105, 0, 0, 0, 0], [0, 0, 0, 0, 0, 0, 105, 0, 0, 0], [0, 0, 0, 0, 0, 0, 0, 113, 0, 1], [1, 0, 0, 0, 0, 1, 0, 0, 104, 0], [0, 0, 0, 0, 0, 0, 0, 0, 1, 104]]}"
h-k3-mp-DD,heom,3,modified_plurality,RetentionPolicy.DD_RETENTION,1,10,9893,1099,0.0019059999976889,0.3044169999993755,0.3063229999970644,0.991810737033667,0.991993406249861,0.9919701427481749,0.991933587236467,0.991906767000334,0.991810737033667,0.9918102954233238,"{""labels"": [""0"", ""1"", ""2"", ""3"", ""4"", ""5"", ""6"", ""7"", ""8"", ""9""], ""matrix"": [[114, 1, 0, 0, 0, 0, 0, 0, 0, 0], [0, 112, 2, 0, 0, 0, 0, 0, 0, 0], [0, 0, 114, 0, 0, 0, 0, 0, 0, 0], [0, 0, 0, 103, 0, 0, 0, 1, 0, 1], [0, 0, 0, 0, 114, 1, 0, 0, 0, 0], [0, 0, 0, 0, 0, 105, 0, 0, 0, 0], [0, 0, 0, 0, 0, 0, 106, 0, 0, 0], [0, 1, 1, 0, 0, 0, 0, 111, 0, 1], [0, 0, 0, 0, 0, 0, 0, 0, 105, 0], [0, 0, 0, 0, 0, 0, 0, 0, 0, 106]]}"
h-k3-mp-DD,heom,3,modified_plurality,RetentionPolicy.DD_RETENTION,2,10,9895,1097,0.0017158999980892,0.2991818000009516,0.3008976999990409,0.9954421148587056,0.9953911185432924,0.9953960989430096,0.9953637826179124,0.9955172412040948,0.9954421148587056,0.9954506424242489,"{""labels"": [""0"", ""1"", ""2"", ""3"", ""4"", ""5"", ""6"", ""7"", ""8"", ""9""], ""matrix"": [[113, 0, 0, 0, 0, 0, 0, 0, 0, 1], [0, 114, 0, 0, 1, 0, 0, 0, 0, 0], [0, 0, 115, 0, 0, 0, 0, 0, 0, 0], [0, 0, 0, 104, 0, 1, 0, 0, 0, 0], [0, 0, 0, 0, 114, 0, 0, 0, 0, 0], [0, 0, 0, 0, 0, 105, 0, 0, 0, 0], [0, 0, 0, 0, 0, 0, 105, 0, 0, 0], [0, 0, 0, 0, 0, 0, 0, 114, 0, 0], [0, 0, 0, 0, 0, 0, 0, 0, 105, 0], [0, 0, 0, 0, 0, 2, 0, 0, 0, 103]]}"
h-k3-mp-DD,heom,3,modified_plurality,RetentionPolicy.DD_RETENTION,3,10,9892,1100,0.0014792000001762,0.3061822000017855,0.3076614000019617,0.99,0.9900749617161846,0.9900882641386074,0.9900450755718212,0.9900577600882944,0.99,0.9899920897107106,"{""labels"": [""0"", ""1"", ""2"", ""3"", ""4"", ""5"", ""6"", ""7"", ""8"", ""9""], ""matrix"": [[114, 0, 0, 0, 0, 0, 0, 0, 0, 0], [0, 112, 0, 2, 0, 0, 0, 0, 0, 0], [0, 0, 114, 0, 0, 0, 0, 1, 0, 0], [0, 1, 1, 103, 0, 0, 0, 0, 0, 0], [0, 0, 0, 0, 115, 0, 0, 0, 0, 0], [0, 0, 0, 1, 0, 103, 0, 0, 0, 1], [0, 0, 0, 0, 0, 0, 105, 0, 0, 0], [0, 2, 1, 0, 0, 0, 0, 111, 1, 0], [0, 0, 0, 0, 0, 0, 0, 0, 106, 0], [0, 0, 0, 0, 0, 0, 0, 0, 0, 106]]}"
h-k3-mp-DD,heom,3,modified_plurality,RetentionPolicy.DD_RETENTION,4,10,9894,1098,0.0018347000004723,0.3027100999970571,0.3045447999975295,0.994535519125683,0.9946499391813528,0.9943864994726356,0.9944846707526998,0.9945999471652976,0.994535519125683,0.9945344707366918,"{""labels"": [""0"", ""1"", ""2"", ""3"", ""4"", ""5"", ""6"", ""7"", ""8"", ""9""], ""matrix"": [[114, 0, 0, 0, 0, 0, 0, 0, 0, 0], [0, 114, 1, 0, 0, 0, 0, 0, 0, 0], [0, 0, 114, 0, 0, 0, 0, 0, 0, 0], [0, 0, 1, 104, 0, 0, 0, 0, 0, 0], [0, 0, 0, 0, 114, 0, 0, 0, 0, 0], [0, 0, 0, 2, 0, 104, 0, 0, 0, 0], [0, 0, 0, 0, 0, 0, 106, 0, 0, 0], [0, 0, 0, 0, 0, 0, 0, 114, 0, 0], [0, 0, 0, 0, 0, 0, 0, 0, 105, 0], [0, 0, 0, 0, 1, 0, 0, 1, 0, 103]]}"
h-k3-mp-DD,heom,3,modified_plurality,RetentionPolicy.DD_RETENTION,5,10,9894,1098,0.0015309000009438,0.3086666999952285,0.3101975999961723,0.9954462659380692,0.995431701969267,0.9953884711779448,0.995392882182636,0.995488232085377,0.9954462659380692,0.9954504827287894,"{""labels"": [""0"", ""1"", ""2"", ""3"", ""4"", ""5"", ""6"", ""7"", ""8"", ""9""], ""matrix"": [[114, 0, 0, 0, 0, 0, 0, 0, 0, 0], [0, 113, 0, 1, 0, 0, 0, 0, 0, 0], [0, 0, 114, 0, 0, 0, 0, 0, 0, 0], [0, 0, 0, 105, 0, 0, 0, 0, 0, 0], [0, 0, 0, 0, 113, 0, 0, 0, 0, 1], [0, 0, 0, 1, 0, 104, 0, 0, 0, 0], [0, 0, 0, 0, 0, 0, 108, 0, 0, 0], [0, 0, 0, 0, 0, 0, 0, 114, 0, 0], [0, 0, 0, 0, 0, 0, 0, 1, 104, 0], [0, 1, 0, 0, 0, 0, 0, 0, 0, 104]]}"
h-k3-mp-DD,heom,3,modified_plurality,RetentionPolicy.DD_RETENTION,6,10,9890,1102,0.0014830000000074,0.3062762999979895,0.307759299997997,0.9945553539019965,0.9946908967188554,0.9944959335079168,0.994557585737322,0.9946262611879926,0.9945553539019965,0.9945545346780644,"{""labels"": [""0"", ""1"", ""2"", ""3"", ""4"", ""5"", ""6"", ""7"", ""8"", ""9""], ""matrix"": [[114, 0, 0, 0, 0, 0, 0, 0, 0, 0], [0, 113, 2, 0, 0, 0, 0, 0, 0, 0], [0, 0, 114, 0, 0, 0, 0, 0, 0, 0], [0, 0, 0, 108, 0, 0, 0, 0, 0, 0], [0, 0, 0, 0, 114, 0, 0, 0, 0, 0], [0, 0, 0, 1, 0, 105, 0, 0, 0, 0], [0, 0, 0, 0, 0, 1, 104, 0, 0, 0], [0, 0, 0, 0, 0, 0, 0, 114, 0, 0], [0, 0, 0, 0, 0, 0, 0, 0, 105, 0], [0, 0, 0, 0, 2, 0, 0, 0, 0, 105]]}"
h-k3-mp-DD,heom,3,modified_plurality,RetentionPolicy.DD_RETENTION,7,10,9892,1100,0.001515299998573,0.3078636999998707,0.3093789999984437,0.9927272727272728,0.9930873963201547,0.9928410649264672,0.9929219655768612,0.9928204888980752,0.9927272727272728,0.992730360873515,"{""labels"": [""0"", ""1"", ""2"", ""3"", ""4"", ""5"", ""6"", ""7"", ""8"", ""9""], ""matrix"": [[112, 0, 0, 0, 2, 0, 0, 0, 0, 0], [0, 111, 3, 0, 0, 0, 0, 0, 0, 0], [0, 1, 113, 0, 0, 0, 0, 0, 0, 0], [0, 0, 0, 107, 0, 0, 0, 0, 0, 0], [0, 0, 0, 0, 114, 0, 0, 0, 0, 0], [0, 0, 0, 0, 0, 106, 0, 0, 0, 0], [0, 0, 0, 0, 0, 0, 105, 0, 0, 0], [0, 0, 0, 0, 0, 0, 0, 115, 0, 0], [0, 0, 0, 0, 0, 0, 0, 1, 105, 0], [0, 0, 0, 0, 0, 0, 0, 1, 0, 104]]}"
h-k3-mp-DD,heom,3,modified_plurality,RetentionPolicy.DD_RETENTION,8,10,9894,1098,0.0016447000016341,0.3013620999990962,0.3030068000007304,0.994535519125683,0.9946574354332268,0.9944540596774956,0.994531594534242,0.9945912869423624,0.994535519125683,0.9945390287660412,"{""labels"": [""0"", ""1"", ""2"", ""3"", ""4"", ""5"", ""6"", ""7"", ""8"", ""9""], ""matrix"": [[113, 0, 0, 0, 0, 0, 1, 0, 0, 0], [0, 113, 1, 0, 0, 0, 0, 0, 0, 0], [0, 0, 115, 0, 0, 0, 0, 0, 0, 0], [0, 0, 0, 104, 1, 0, 0, 0, 0, 0], [0, 0, 0, 0, 114, 0, 0, 0, 0, 0], [0, 0, 0, 0, 0, 105, 0, 1, 0, 0], [0, 0, 0, 0, 0, 0, 105, 0, 0, 0], [0, 0, 0, 0, 0, 0, 0, 114, 0, 0], [0, 0, 0, 0, 0, 0, 0, 1, 105, 0], [0, 0, 0, 0, 0, 1, 0, 0, 0, 104]]}"
h-k3-mp-DD,heom,3,modified_plurality,RetentionPolicy.DD_RETENTION,9,10,9890,1102,0.0021705999970436,0.3096210000003339,0.3117915999973775,0.9927404718693283,0.992802844837552,0.992790117212638,0.9927535741891148,0.9928126513241332,0.9927404718693283,0.9927325015165368,"{""labels"": [""0"", ""1"", ""2"", ""3"", ""4"", ""5"", ""6"", ""7"", ""8"", ""9""], ""matrix"": [[113, 0, 0, 0, 1, 0, 0, 0, 0, 1], [0, 111, 2, 1, 0, 0, 0, 0, 0, 0], [0, 0, 115, 0, 0, 0, 0, 0, 0, 0], [0, 0, 0, 104, 0, 0, 0, 0, 0, 1], [0, 0, 0, 0, 115, 0, 0, 0, 0, 0], [0, 0, 0, 0, 0, 105, 0, 0, 1, 0], [0, 0, 0, 0, 0, 0, 106, 0, 0, 0], [0, 0, 0, 0, 0, 0, 0, 114, 0, 0], [0, 0, 0, 0, 0, 0, 0, 0, 106, 0], [0, 0, 0, 0, 0, 0, 0, 1, 0, 105]]}"
h-k5-b-AR,heom,5,borda,RetentionPolicy.ALWAYS_RETAIN,0,10,9894,1098,0.0015382000055979,0.3218427999963751,0.323381000001973,0.9963570127504554,0.9962897729033058,0.9962836336123329,0.996278455383201,0.996364782187974,0.9963570127504554,0.9963526616780508,"{""labels"": [""0"", ""1"", ""2"", ""3"", ""4"", ""5"", ""6"", ""7"", ""8"", ""9""], ""matrix"": [[115, 0, 0, 0, 0, 0, 0, 0, 0, 0], [0, 114, 0, 0, 0, 0, 0, 0, 0, 0], [0, 0, 114, 0, 0, 0, 0, 0, 0, 0], [0, 0, 0, 105, 0, 0, 0, 0, 0, 0], [0, 0, 0, 0, 115, 0, 0, 0, 0, 0], [0, 0, 0, 0, 0, 105, 0, 0, 0, 0], [0, 0, 0, 0, 0, 0, 105, 0, 0, 0], [0, 0, 0, 0, 0, 0, 0, 113, 0, 1], [1, 0, 0, 0, 0, 1, 0, 0, 104, 0], [0, 0, 0, 0, 0, 0, 0, 0, 1, 104]]}"
h-k5-b-AR,heom,5,borda,RetentionPolicy.ALWAYS_RETAIN,1,10,9893,1099,0.0017968000029213,0.3193276000019978,0.3211244000049191,0.991810737033667,0.9919715720514912,0.9919039395042158,0.9919004002978964,0.9918841182413332,0.991810737033667,0.991810369656238,"{""labels"": [""0"", ""1"", ""2"", ""3"", ""4"", ""5"", ""6"", ""7"", ""8"", ""9""], ""matrix"": [[114, 1, 0, 0, 0, 0, 0, 0, 0, 0], [0, 113, 1, 0, 0, 0, 0, 0, 0, 0], [0, 0, 114, 0, 0, 0, 0, 0, 0, 0], [0, 0, 0, 103, 0, 0, 0, 1, 0, 1], [0, 0, 0, 0, 114, 1, 0, 0, 0, 0], [0, 0, 0, 0, 0, 105, 0, 0, 0, 0], [0, 0, 0, 0, 0, 0, 105, 1, 0, 0], [0, 1, 1, 0, 0, 0, 0, 111, 0, 1], [0, 0, 0, 0, 0, 0, 0, 0, 105, 0], [0, 0, 0, 0, 0, 0, 0, 0, 0, 106]]}"
h-k5-b-AR,heom,5,borda,RetentionPolicy.ALWAYS_RETAIN,2,10,9895,1097,0.0015961000026436,0.3120774999988498,0.3136736000014934,0.9936189608021878,0.9935598370486508,0.9935665250081728,0.9935287877114956,0.9936851517864896,0.9936189608021878,0.993618663729355,"{""labels"": [""0"", ""1"", ""2"", ""3"", ""4"", ""5"", ""6"", ""7"", ""8"", ""9""], ""matrix"": [[113, 0, 0, 0, 0, 0, 0, 0, 0, 1], [0, 114, 0, 0, 1, 0, 0, 0, 0, 0], [0, 0, 115, 0, 0, 0, 0, 0, 0, 0], [0, 0, 0, 104, 0, 1, 0, 0, 0, 0], [0, 0, 0, 0, 114, 0, 0, 0, 0, 0], [0, 0, 0, 0, 0, 105, 0, 0, 0, 0], [0, 0, 0, 0, 0, 0, 105, 0, 0, 0], [0, 1, 0, 0, 0, 0, 0, 113, 0, 0], [0, 0, 0, 0, 0, 0, 0, 0, 105, 0], [0, 0, 0, 1, 0, 2, 0, 0, 0, 102]]}"
h-k5-b-AR,heom,5,borda,RetentionPolicy.ALWAYS_RETAIN,3,10,9892,1100,0.0014668000003439,0.3181522000013501,0.3196190000016941,0.9918181818181818,0.991885351350578,0.9918350223384548,0.9918316508804632,0.9918661060106108,0.9918181818181818,0.9918135699052402,"{""labels"": [""0"", ""1"", ""2"", ""3"", ""4"", ""5"", ""6"", ""7"", ""8"", ""9""], ""matrix"": [[114, 0, 0, 0, 0, 0, 0, 0, 0, 0], [0, 113, 0, 1, 0, 0, 0, 0, 0, 0], [0, 0, 114, 0, 0, 0, 0, 1, 0, 0], [0, 1, 1, 103, 0, 0, 0, 0, 0, 0], [0, 0, 0, 0, 115, 0, 0, 0, 0, 0], [0, 0, 0, 1, 0, 103, 0, 0, 0, 1], [0, 0, 0, 0, 0, 0, 105, 0, 0, 0], [0, 2, 0, 0, 0, 0, 0, 112, 1, 0], [0, 0, 0, 0, 0, 0, 0, 0, 106, 0], [0, 0, 0, 0, 0, 0, 0, 0, 0, 106]]}"
h-k5-b-AR,heom,5,borda,RetentionPolicy.ALWAYS_RETAIN,4,10,9894,1098,0.0014617999986512,0.3242215999998734,0.3256833999985247,0.994535519125683,0.9946499391813528,0.9943864994726356,0.9944846707526998,0.9945999471652976,0.994535519125683,0.9945344707366918,"{""labels"": [""0"", ""1"", ""2"", ""3"", ""4"", ""5"", ""6"", ""7"", ""8"", ""9""], ""matrix"": [[114, 0, 0, 0, 0, 0, 0, 0, 0, 0], [0, 114, 1, 0, 0, 0, 0, 0, 0, 0], [0, 0, 114, 0, 0, 0, 0, 0, 0, 0], [0, 0, 1, 104, 0, 0, 0, 0, 0, 0], [0, 0, 0, 0, 114, 0, 0, 0, 0, 0], [0, 0, 0, 2, 0, 104, 0, 0, 0, 0], [0, 0, 0, 0, 0, 0, 106, 0, 0, 0], [0, 0, 0, 0, 0, 0, 0, 114, 0, 0], [0, 0, 0, 0, 0, 0, 0, 0, 105, 0], [0, 0, 0, 0, 1, 0, 0, 1, 0, 103]]}"
h-k5-b-AR,heom,5,borda,RetentionPolicy.ALWAYS_RETAIN,5,10,9894,1098,0.0016136999984155,0.3195082000020193,0.3211219000004348,0.9963570127504554,0.9963012671866582,0.9963408521303256,0.9963080323048652,0.9963910593602642,0.9963570127504554,0.9963614198311428,"{""labels"": [""0"", ""1"", ""2"", ""3"", ""4"", ""5"", ""6"", ""7"", ""8"", ""9""], ""matrix"": [[114, 0, 0, 0, 0, 0, 0, 0, 0, 0], [0, 113, 0, 1, 0, 0, 0, 0, 0, 0], [0, 0, 114, 0, 0, 0, 0, 0, 0, 0], [0, 0, 0, 105, 0, 0, 0, 0, 0, 0], [0, 0, 0, 0, 113, 0, 0, 0, 0, 1], [0, 0, 0, 1, 0, 104, 0, 0, 0, 0], [0, 0, 0, 0, 0, 0, 108, 0, 0, 0], [0, 0, 0, 0, 0, 0, 0, 114, 0, 0], [0, 0, 0, 0, 0, 0, 0, 0, 105, 0], [0, 1, 0, 0, 0, 0, 0, 0, 0, 104]]}"
h-k5-b-AR,heom,5,borda,RetentionPolicy.ALWAYS_RETAIN,6,10,9890,1102,0.0014424999972106,0.3187097999980324,0.3201522999952431,0.9954627949183305,0.9955454694324984,0.995430512947169,0.9954643823903458,0.9955103019262443,0.9954627949183305,0.9954624968362888,"{""labels"": [""0"", ""1"", ""2"", ""3"", ""4"", ""5"", ""6"", ""7"", ""8"", ""9""], ""matrix"": [[114, 0, 0, 0, 0, 0, 0, 0, 0, 0], [0, 113, 2, 0, 0, 0, 0, 0, 0, 0], [0, 0, 114, 0, 0, 0, 0, 0, 0, 0], [0, 0, 0, 108, 0, 0, 0, 0, 0, 0], [0, 0, 0, 0, 114, 0, 0, 0, 0, 0], [0, 0, 0, 1, 0, 105, 0, 0, 0, 0], [0, 0, 0, 0, 0, 1, 104, 0, 0, 0], [0, 0, 0, 0, 0, 0, 0, 114, 0, 0], [0, 0, 0, 0, 0, 0, 0, 0, 105, 0], [0, 0, 0, 0, 1, 0, 0, 0, 0, 106]]}"
h-k5-b-AR,heom,5,borda,RetentionPolicy.ALWAYS_RETAIN,7,10,9892,1100,0.0015716999987489,0.3193678999959957,0.3209395999947446,0.9927272727272728,0.9930873963201547,0.9928410649264672,0.9929219655768612,0.9928204888980752,0.9927272727272728,0.992730360873515,"{""labels"": [""0"", ""1"", ""2"", ""3"", ""4"", ""5"", ""6"", ""7"", ""8"", ""9""], ""matrix"": [[112, 0, 0, 0, 2, 0, 0, 0, 0, 0], [0, 111, 3, 0, 0, 0, 0, 0, 0, 0], [0, 1, 113, 0, 0, 0, 0, 0, 0, 0], [0, 0, 0, 107, 0, 0, 0, 0, 0, 0], [0, 0, 0, 0, 114, 0, 0, 0, 0, 0], [0, 0, 0, 0, 0, 106, 0, 0, 0, 0], [0, 0, 0, 0, 0, 0, 105, 0, 0, 0], [0, 0, 0, 0, 0, 0, 0, 115, 0, 0], [0, 0, 0, 0, 0, 0, 0, 1, 105, 0], [0, 0, 0, 0, 0, 0, 0, 1, 0, 104]]}"
h-k5-b-AR,heom,5,borda,RetentionPolicy.ALWAYS_RETAIN,8,10,9894,1098,0.0016209000023081,0.320384999999078,0.3220059000013862,0.9954462659380692,0.99551200814687,0.9953974559039108,0.9954384121782148,0.9954785482297516,0.9954462659380692,0.995446002738888,"{""labels"": [""0"", ""1"", ""2"", ""3"", ""4"", ""5"", ""6"", ""7"", ""8"", ""9""], ""matrix"": [[113, 0, 0, 0, 0, 0, 1, 0, 0, 0], [0, 113, 1, 0, 0, 0, 0, 0, 0, 0], [0, 0, 115, 0, 0, 0, 0, 0, 0, 0], [0, 0, 0, 104, 1, 0, 0, 0, 0, 0], [0, 0, 0, 0, 114, 0, 0, 0, 0, 0], [0, 0, 0, 0, 0, 105, 0, 1, 0, 0], [0, 0, 0, 0, 0, 0, 105, 0, 0, 0], [0, 0, 0, 0, 0, 0, 0, 114, 0, 0], [0, 0, 0, 0, 0, 0, 0, 0, 106, 0], [0, 0, 0, 0, 0, 1, 0, 0, 0, 104]]}"
h-k5-b-AR,heom,5,borda,RetentionPolicy.ALWAYS_RETAIN,9,10,9890,1102,0.0014722999985679,0.3282643999991705,0.3297366999977384,0.9927404718693283,0.992802844837552,0.992790117212638,0.9927535741891148,0.9928126513241332,0.9927404718693283,0.9927325015165368,"{""labels"": [""0"", ""1"", ""2"", ""3"", ""4"", ""5"", ""6"", ""7"", ""8"", ""9""], ""matrix"": [[113, 0, 0, 0, 1, 0, 0, 0, 0, 1], [0, 111, 2, 1, 0, 0, 0, 0, 0, 0], [0, 0, 115, 0, 0, 0, 0, 0, 0, 0], [0, 0, 0, 104, 0, 0, 0, 0, 0, 1], [0, 0, 0, 0, 115, 0, 0, 0, 0, 0], [0, 0, 0, 0, 0, 105, 0, 0, 1, 0], [0, 0, 0, 0, 0, 0, 106, 0, 0, 0], [0, 0, 0, 0, 0, 0, 0, 114, 0, 0], [0, 0, 0, 0, 0, 0, 0, 0, 106, 0], [0, 0, 0, 0, 0, 0, 0, 1, 0, 105]]}"
h-k5-b-NR,heom,5,borda,RetentionPolicy.NEVER_RETAIN,0,10,9894,1098,0.0015430999992531,0.2827471999989939,0.284290299998247,0.9963570127504554,0.9962897729033058,0.9962836336123329,0.996278455383201,0.996364782187974,0.9963570127504554,0.9963526616780508,"{""labels"": [""0"", ""1"", ""2"", ""3"", ""4"", ""5"", ""6"", ""7"", ""8"", ""9""], ""matrix"": [[115, 0, 0, 0, 0, 0, 0, 0, 0, 0], [0, 114, 0, 0, 0, 0, 0, 0, 0, 0], [0, 0, 114, 0, 0, 0, 0, 0, 0, 0], [0, 0, 0, 105, 0, 0, 0, 0, 0, 0], [0, 0, 0, 0, 115, 0, 0, 0, 0, 0], [0, 0, 0, 0, 0, 105, 0, 0, 0, 0], [0, 0, 0, 0, 0, 0, 105, 0, 0, 0], [0, 0, 0, 0, 0, 0, 0, 113, 0, 1], [1, 0, 0, 0, 0, 1, 0, 0, 104, 0], [0, 0, 0, 0, 0, 0, 0, 0, 1, 104]]}"
h-k5-b-NR,heom,5,borda,RetentionPolicy.NEVER_RETAIN,1,10,9893,1099,0.00145249999332,0.2816567000045324,0.2831091999978525,0.9927206551410374,0.9928486264130588,0.9928473357306308,0.9928070656145668,0.9927938925563352,0.9927206551410374,0.9927163603469216,"{""labels"": [""0"", ""1"", ""2"", ""3"", ""4"", ""5"", ""6"", ""7"", ""8"", ""9""], ""matrix"": [[114, 1, 0, 0, 0, 0, 0, 0, 0, 0], [0, 113, 1, 0, 0, 0, 0, 0, 0, 0], [0, 0, 114, 0, 0, 0, 0, 0, 0, 0], [0, 0, 0, 103, 0, 0, 0, 1, 0, 1], [0, 0, 0, 0, 114, 1, 0, 0, 0, 0], [0, 0, 0, 0, 0, 105, 0, 0, 0, 0], [0, 0, 0, 0, 0, 0, 106, 0, 0, 0], [0, 1, 1, 0, 0, 0, 0, 111, 0, 1], [0, 0, 0, 0, 0, 0, 0, 0, 105, 0], [0, 0, 0, 0, 0, 0, 0, 0, 0, 106]]}"
h-k5-b-NR,heom,5,borda,RetentionPolicy.NEVER_RETAIN,2,10,9895,1097,0.0015820999979041,0.2859523000006447,0.2875343999985489,0.9936189608021878,0.9935598370486508,0.9935665250081728,0.9935287877114956,0.9936851517864896,0.9936189608021878,0.993618663729355,"{""labels"": [""0"", ""1"", ""2"", ""3"", ""4"", ""5"", ""6"", ""7"", ""8"", ""9""], ""matrix"": [[113, 0, 0, 0, 0, 0, 0, 0, 0, 1], [0, 114, 0, 0, 1, 0, 0, 0, 0, 0], [0, 0, 115, 0, 0, 0, 0, 0, 0, 0], [0, 0, 0, 104, 0, 1, 0, 0, 0, 0], [0, 0, 0, 0, 114, 0, 0, 0, 0, 0], [0, 0, 0, 0, 0, 105, 0, 0, 0, 0], [0, 0, 0, 0, 0, 0, 105, 0, 0, 0], [0, 1, 0, 0, 0, 0, 0, 113, 0, 0], [0, 0, 0, 0, 0, 0, 0, 0, 105, 0], [0, 0, 0, 1, 0, 2, 0, 0, 0, 102]]}"
h-k5-b-NR,heom,5,borda,RetentionPolicy.NEVER_RETAIN,3,10,9892,1100,0.0014836000045761,0.2774919999937992,0.2789755999983754,0.9927272727272728,0.9928199307898304,0.9927874032908358,0.9927842040105552,0.9927667007429812,0.9927272727272728,0.9927270931982196,"{""labels"": [""0"", ""1"", ""2"", ""3"", ""4"", ""5"", ""6"", ""7"", ""8"", ""9""], ""matrix"": [[114, 0, 0, 0, 0, 0, 0, 0, 0, 0], [0, 113, 0, 1, 0, 0, 0, 0, 0, 0], [0, 0, 114, 0, 0, 0, 0, 1, 0, 0], [0, 1, 1, 103, 0, 0, 0, 0, 0, 0], [0, 0, 0, 0, 115, 0, 0, 0, 0, 0], [0, 0, 0, 1, 0, 104, 0, 0, 0, 0], [0, 0, 0, 0, 0, 0, 105, 0, 0, 0], [0, 2, 0, 0, 0, 0, 0, 112, 1, 0], [0, 0, 0, 0, 0, 0, 0, 0, 106, 0], [0, 0, 0, 0, 0, 0, 0, 0, 0, 106]]}"
h-k5-b-NR,heom,5,borda,RetentionPolicy.NEVER_RETAIN,4,10,9894,1098,0.0014221999954315,0.2801727000041865,0.281594899999618,0.994535519125683,0.9946499391813528,0.9943864994726356,0.9944846707526998,0.9945999471652976,0.994535519125683,0.9945344707366918,"{""labels"": [""0"", ""1"", ""2"", ""3"", ""4"", ""5"", ""6"", ""7"", ""8"", ""9""], ""matrix"": [[114, 0, 0, 0, 0, 0, 0, 0, 0, 0], [0, 114, 1, 0, 0, 0, 0, 0, 0, 0], [0, 0, 114, 0, 0, 0, 0, 0, 0, 0], [0, 0, 1, 104, 0, 0, 0, 0, 0, 0], [0, 0, 0, 0, 114, 0, 0, 0, 0, 0], [0, 0, 0, 2, 0, 104, 0, 0, 0, 0], [0, 0, 0, 0, 0, 0, 106, 0, 0, 0], [0, 0, 0, 0, 0, 0, 0, 114, 0, 0], [0, 0, 0, 0, 0, 0, 0, 0, 105, 0], [0, 0, 0, 0, 1, 0, 0, 1, 0, 103]]}"
h-k5-b-NR,heom,5,borda,RetentionPolicy.NEVER_RETAIN,5,10,9894,1098,0.0015784999995958,0.2803634000010788,0.2819419000006746,0.9972677595628416,0.9972346576038128,0.997218045112782,0.9972180066417398,0.9972842710514008,0.9972677595628416,0.9972677213904286,"{""labels"": [""0"", ""1"", ""2"", ""3"", ""4"", ""5"", ""6"", ""7"", ""8"", ""9""], ""matrix"": [[114, 0, 0, 0, 0, 0, 0, 0, 0, 0], [0, 114, 0, 0, 0, 0, 0, 0, 0, 0], [0, 0, 114, 0, 0, 0, 0, 0, 0, 0], [0, 0, 0, 105, 0, 0, 0, 0, 0, 0], [0, 0, 0, 0, 113, 0, 0, 0, 0, 1], [0, 0, 0, 1, 0, 104, 0, 0, 0, 0], [0, 0, 0, 0, 0, 0, 108, 0, 0, 0], [0, 0, 0, 0, 0, 0, 0, 114, 0, 0], [0, 0, 0, 0, 0, 0, 0, 0, 105, 0], [0, 1, 0, 0, 0, 0, 0, 0, 0, 104]]}"
h-k5-b-NR,heom,5,borda,RetentionPolicy.NEVER_RETAIN,6,10,9890,1102,0.0015260000000125,0.2806579000025522,0.2821839000025647,0.9945553539019965,0.9946908967188554,0.9944959335079168,0.994557585737322,0.9946262611879926,0.9945553539019965,0.9945545346780644,"{""labels"": [""0"", ""1"", ""2"", ""3"", ""4"", ""5"", ""6"", ""7"", ""8"", ""9""], ""matrix"": [[114, 0, 0, 0, 0, 0, 0, 0, 0, 0], [0, 113, 2, 0, 0, 0, 0, 0, 0, 0], [0, 0, 114, 0, 0, 0, 0, 0, 0, 0], [0, 0, 0, 108, 0, 0, 0, 0, 0, 0], [0, 0, 0, 0, 114, 0, 0, 0, 0, 0], [0, 0, 0, 1, 0, 105, 0, 0, 0, 0], [0, 0, 0, 0, 0, 1, 104, 0, 0, 0], [0, 0, 0, 0, 0, 0, 0, 114, 0, 0], [0, 0, 0, 0, 0, 0, 0, 0, 105, 0], [0, 0, 0, 0, 2, 0, 0, 0, 0, 105]]}"
h-k5-b-NR,heom,5,borda,RetentionPolicy.NEVER_RETAIN,7,10,9892,1100,0.0014386999973794,0.2766687000039383,0.2781074000013177,0.9927272727272728,0.9930873963201547,0.9928410649264672,0.9929219655768612,0.9928204888980752,0.9927272727272728,0.992730360873515,"{""labels"": [""0"", ""1"", ""2"", ""3"", ""4"", ""5"", ""6"", ""7"", ""8"", ""9""], ""matrix"": [[112, 0, 0, 0, 2, 0, 0, 0, 0, 0], [0, 111, 3, 0, 0, 0, 0, 0, 0, 0], [0, 1, 113, 0, 0, 0, 0, 0, 0, 0], [0, 0, 0, 107, 0, 0, 0, 0, 0, 0], [0, 0, 0, 0, 114, 0, 0, 0, 0, 0], [0, 0, 0, 0, 0, 106, 0, 0, 0, 0], [0, 0, 0, 0, 0, 0, 105, 0, 0, 0], [0, 0, 0, 0, 0, 0, 0, 115, 0, 0], [0, 0, 0, 0, 0, 0, 0, 1, 105, 0], [0, 0, 0, 0, 0, 0, 0, 1, 0, 104]]}"
h-k5-b-NR,heom,5,borda,RetentionPolicy.NEVER_RETAIN,8,10,9894,1098,0.0014700999963679,0.2838061000002199,0.2852761999965878,0.9954462659380692,0.99551200814687,0.9953974559039108,0.9954384121782148,0.9954785482297516,0.9954462659380692,0.995446002738888,"{""labels"": [""0"", ""1"", ""2"", ""3"", ""4"", ""5"", ""6"", ""7"", ""8"", ""9""], ""matrix"": [[113, 0, 0, 0, 0, 0, 1, 0, 0, 0], [0, 113, 1, 0, 0, 0, 0, 0, 0, 0], [0, 0, 115, 0, 0, 0, 0, 0, 0, 0], [0, 0, 0, 104, 1, 0, 0, 0, 0, 0], [0, 0, 0, 0, 114, 0, 0, 0, 0, 0], [0, 0, 0, 0, 0, 105, 0, 1, 0, 0], [0, 0, 0, 0, 0, 0, 105, 0, 0, 0], [0, 0, 0, 0, 0, 0, 0, 114, 0, 0], [0, 0, 0, 0, 0, 0, 0, 0, 106, 0], [0, 0, 0, 0, 0, 1, 0, 0, 0, 104]]}"
h-k5-b-NR,heom,5,borda,RetentionPolicy.NEVER_RETAIN,9,10,9890,1102,0.0016153999968082,0.2798785000049975,0.2814939000018057,0.9927404718693283,0.992802844837552,0.992790117212638,0.9927535741891148,0.9928126513241332,0.9927404718693283,0.9927325015165368,"{""labels"": [""0"", ""1"", ""2"", ""3"", ""4"", ""5"", ""6"", ""7"", ""8"", ""9""], ""matrix"": [[113, 0, 0, 0, 1, 0, 0, 0, 0, 1], [0, 111, 2, 1, 0, 0, 0, 0, 0, 0], [0, 0, 115, 0, 0, 0, 0, 0, 0, 0], [0, 0, 0, 104, 0, 0, 0, 0, 0, 1], [0, 0, 0, 0, 115, 0, 0, 0, 0, 0], [0, 0, 0, 0, 0, 105, 0, 0, 1, 0], [0, 0, 0, 0, 0, 0, 106, 0, 0, 0], [0, 0, 0, 0, 0, 0, 0, 114, 0, 0], [0, 0, 0, 0, 0, 0, 0, 0, 106, 0], [0, 0, 0, 0, 0, 0, 0, 1, 0, 105]]}"
h-k5-b-DC,heom,5,borda,RetentionPolicy.DIFFERENT_CLASS_RETENTION,0,10,9894,1098,0.001465499997721,0.2768190999995568,0.2782845999972778,0.9963570127504554,0.9962897729033058,0.9962836336123329,0.996278455383201,0.996364782187974,0.9963570127504554,0.9963526616780508,"{""labels"": [""0"", ""1"", ""2"", ""3"", ""4"", ""5"", ""6"", ""7"", ""8"", ""9""], ""matrix"": [[115, 0, 0, 0, 0, 0, 0, 0, 0, 0], [0, 114, 0, 0, 0, 0, 0, 0, 0, 0], [0, 0, 114, 0, 0, 0, 0, 0, 0, 0], [0, 0, 0, 105, 0, 0, 0, 0, 0, 0], [0, 0, 0, 0, 115, 0, 0, 0, 0, 0], [0, 0, 0, 0, 0, 105, 0, 0, 0, 0], [0, 0, 0, 0, 0, 0, 105, 0, 0, 0], [0, 0, 0, 0, 0, 0, 0, 113, 0, 1], [1, 0, 0, 0, 0, 1, 0, 0, 104, 0], [0, 0, 0, 0, 0, 0, 0, 0, 1, 104]]}"
h-k5-b-DC,heom,5,borda,RetentionPolicy.DIFFERENT_CLASS_RETENTION,1,10,9893,1099,0.0015848000039113,0.2858128000007127,0.2873976000046241,0.9927206551410374,0.9928486264130588,0.9928473357306308,0.9928070656145668,0.9927938925563352,0.9927206551410374,0.9927163603469216,"{""labels"": [""0"", ""1"", ""2"", ""3"", ""4"", ""5"", ""6"", ""7"", ""8"", ""9""], ""matrix"": [[114, 1, 0, 0, 0, 0, 0, 0, 0, 0], [0, 113, 1, 0, 0, 0, 0, 0, 0, 0], [0, 0, 114, 0, 0, 0, 0, 0, 0, 0], [0, 0, 0, 103, 0, 0, 0, 1, 0, 1], [0, 0, 0, 0, 114, 1, 0, 0, 0, 0], [0, 0, 0, 0, 0, 105, 0, 0, 0, 0], [0, 0, 0, 0, 0, 0, 106, 0, 0, 0], [0, 1, 1, 0, 0, 0, 0, 111, 0, 1], [0, 0, 0, 0, 0, 0, 0, 0, 105, 0], [0, 0, 0, 0, 0, 0, 0, 0, 0, 106]]}"
h-k5-b-DC,heom,5,borda,RetentionPolicy.DIFFERENT_CLASS_RETENTION,2,10,9895,1097,0.0014681000029668,0.2830384999979287,0.2845066000008955,0.9936189608021878,0.9935598370486508,0.9935665250081728,0.9935287877114956,0.9936851517864896,0.9936189608021878,0.993618663729355,"{""labels"": [""0"", ""1"", ""2"", ""3"", ""4"", ""5"", ""6"", ""7"", ""8"", ""9""], ""matrix"": [[113, 0, 0, 0, 0, 0, 0, 0, 0, 1], [0, 114, 0, 0, 1, 0, 0, 0, 0, 0], [0, 0, 115, 0, 0, 0, 0, 0, 0, 0], [0, 0, 0, 104, 0, 1, 0, 0, 0, 0], [0, 0, 0, 0, 114, 0, 0, 0, 0, 0], [0, 0, 0, 0, 0, 105, 0, 0, 0, 0], [0, 0, 0, 0, 0, 0, 105, 0, 0, 0], [0, 1, 0, 0, 0, 0, 0, 113, 0, 0], [0, 0, 0, 0, 0, 0, 0, 0, 105, 0], [0, 0, 0, 1, 0, 2, 0, 0, 0, 102]]}"
h-k5-b-DC,heom,5,borda,RetentionPolicy.DIFFERENT_CLASS_RETENTION,3,10,9892,1100,0.0017138000039267,0.2809619999970891,0.2826758000010159,0.9927272727272728,0.9928199307898304,0.9927874032908358,0.9927842040105552,0.9927667007429812,0.9927272727272728,0.9927270931982196,"{""labels"": [""0"", ""1"", ""2"", ""3"", ""4"", ""5"", ""6"", ""7"", ""8"", ""9""], ""matrix"": [[114, 0, 0, 0, 0, 0, 0, 0, 0, 0], [0, 113, 0, 1, 0, 0, 0, 0, 0, 0], [0, 0, 114, 0, 0, 0, 0, 1, 0, 0], [0, 1, 1, 103, 0, 0, 0, 0, 0, 0], [0, 0, 0, 0, 115, 0, 0, 0, 0, 0], [0, 0, 0, 1, 0, 104, 0, 0, 0, 0], [0, 0, 0, 0, 0, 0, 105, 0, 0, 0], [0, 2, 0, 0, 0, 0, 0, 112, 1, 0], [0, 0, 0, 0, 0, 0, 0, 0, 106, 0], [0, 0, 0, 0, 0, 0, 0, 0, 0, 106]]}"
h-k5-b-DC,heom,5,borda,RetentionPolicy.DIFFERENT_CLASS_RETENTION,4,10,9894,1098,0.0017291999974986,0.2770755000019562,0.2788046999994549,0.994535519125683,0.9946499391813528,0.9943864994726356,0.9944846707526998,0.9945999471652976,0.994535519125683,0.9945344707366918,"{""labels"": [""0"", ""1"", ""2"", ""3"", ""4"", ""5"", ""6"", ""7"", ""8"", ""9""], ""matrix"": [[114, 0, 0, 0, 0, 0, 0, 0, 0, 0], [0, 114, 1, 0, 0, 0, 0, 0, 0, 0], [0, 0, 114, 0, 0, 0, 0, 0, 0, 0], [0, 0, 1, 104, 0, 0, 0, 0, 0, 0], [0, 0, 0, 0, 114, 0, 0, 0, 0, 0], [0, 0, 0, 2, 0, 104, 0, 0, 0, 0], [0, 0, 0, 0, 0, 0, 106, 0, 0, 0], [0, 0, 0, 0, 0, 0, 0, 114, 0, 0], [0, 0, 0, 0, 0, 0, 0, 0, 105, 0], [0, 0, 0, 0, 1, 0, 0, 1, 0, 103]]}"
h-k5-b-DC,heom,5,borda,RetentionPolicy.DIFFERENT_CLASS_RETENTION,5,10,9894,1098,0.0015645000021322,0.2883068999944953,0.2898713999966276,0.9963570127504554,0.9963012671866582,0.9963408521303256,0.9963080323048652,0.9963910593602642,0.9963570127504554,0.9963614198311428,"{""labels"": [""0"", ""1"", ""2"", ""3"", ""4"", ""5"", ""6"", ""7"", ""8"", ""9""], ""matrix"": [[114, 0, 0, 0, 0, 0, 0, 0, 0, 0], [0, 113, 0, 1, 0, 0, 0, 0, 0, 0], [0, 0, 114, 0, 0, 0, 0, 0, 0, 0], [0, 0, 0, 105, 0, 0, 0, 0, 0, 0], [0, 0, 0, 0, 113, 0, 0, 0, 0, 1], [0, 0, 0, 1, 0, 104, 0, 0, 0, 0], [0, 0, 0, 0, 0, 0, 108, 0, 0, 0], [0, 0, 0, 0, 0, 0, 0, 114, 0, 0], [0, 0, 0, 0, 0, 0, 0, 0, 105, 0], [0, 1, 0, 0, 0, 0, 0, 0, 0, 104]]}"
h-k5-b-DC,heom,5,borda,RetentionPolicy.DIFFERENT_CLASS_RETENTION,6,10,9890,1102,0.0016322000010404,0.2855934999970486,0.2872256999980891,0.9954627949183305,0.9955454694324984,0.995430512947169,0.9954643823903458,0.9955103019262443,0.9954627949183305,0.9954624968362888,"{""labels"": [""0"", ""1"", ""2"", ""3"", ""4"", ""5"", ""6"", ""7"", ""8"", ""9""], ""matrix"": [[114, 0, 0, 0, 0, 0, 0, 0, 0, 0], [0, 113, 2, 0, 0, 0, 0, 0, 0, 0], [0, 0, 114, 0, 0, 0, 0, 0, 0, 0], [0, 0, 0, 108, 0, 0, 0, 0, 0, 0], [0, 0, 0, 0, 114, 0, 0, 0, 0, 0], [0, 0, 0, 1, 0, 105, 0, 0, 0, 0], [0, 0, 0, 0, 0, 1, 104, 0, 0, 0], [0, 0, 0, 0, 0, 0, 0, 114, 0, 0], [0, 0, 0, 0, 0, 0, 0, 0, 105, 0], [0, 0, 0, 0, 1, 0, 0, 0, 0, 106]]}"
h-k5-b-DC,heom,5,borda,RetentionPolicy.DIFFERENT_CLASS_RETENTION,7,10,9892,1100,0.0016114999962155,0.2817587000026833,0.2833701999988989,0.9927272727272728,0.9930873963201547,0.9928410649264672,0.9929219655768612,0.9928204888980752,0.9927272727272728,0.992730360873515,"{""labels"": [""0"", ""1"", ""2"", ""3"", ""4"", ""5"", ""6"", ""7"", ""8"", ""9""], ""matrix"": [[112, 0, 0, 0, 2, 0, 0, 0, 0, 0], [0, 111, 3, 0, 0, 0, 0, 0, 0, 0], [0, 1, 113, 0, 0, 0, 0, 0, 0, 0], [0, 0, 0, 107, 0, 0, 0, 0, 0, 0], [0, 0, 0, 0, 114, 0, 0, 0, 0, 0], [0, 0, 0, 0, 0, 106, 0, 0, 0, 0], [0, 0, 0, 0, 0, 0, 105, 0, 0, 0], [0, 0, 0, 0, 0, 0, 0, 115, 0, 0], [0, 0, 0, 0, 0, 0, 0, 1, 105, 0], [0, 0, 0, 0, 0, 0, 0, 1, 0, 104]]}"
h-k5-b-DC,heom,5,borda,RetentionPolicy.DIFFERENT_CLASS_RETENTION,8,10,9894,1098,0.001500099999248,0.2830685000008088,0.2845686000000569,0.9954462659380692,0.99551200814687,0.9953974559039108,0.9954384121782148,0.9954785482297516,0.9954462659380692,0.995446002738888,"{""labels"": [""0"", ""1"", ""2"", ""3"", ""4"", ""5"", ""6"", ""7"", ""8"", ""9""], ""matrix"": [[113, 0, 0, 0, 0, 0, 1, 0, 0, 0], [0, 113, 1, 0, 0, 0, 0, 0, 0, 0], [0, 0, 115, 0, 0, 0, 0, 0, 0, 0], [0, 0, 0, 104, 1, 0, 0, 0, 0, 0], [0, 0, 0, 0, 114, 0, 0, 0, 0, 0], [0, 0, 0, 0, 0, 105, 0, 1, 0, 0], [0, 0, 0, 0, 0, 0, 105, 0, 0, 0], [0, 0, 0, 0, 0, 0, 0, 114, 0, 0], [0, 0, 0, 0, 0, 0, 0, 0, 106, 0], [0, 0, 0, 0, 0, 1, 0, 0, 0, 104]]}"
h-k5-b-DC,heom,5,borda,RetentionPolicy.DIFFERENT_CLASS_RETENTION,9,10,9890,1102,0.0014966000017011,0.2883769999971264,0.2898735999988275,0.9927404718693283,0.992802844837552,0.992790117212638,0.9927535741891148,0.9928126513241332,0.9927404718693283,0.9927325015165368,"{""labels"": [""0"", ""1"", ""2"", ""3"", ""4"", ""5"", ""6"", ""7"", ""8"", ""9""], ""matrix"": [[113, 0, 0, 0, 1, 0, 0, 0, 0, 1], [0, 111, 2, 1, 0, 0, 0, 0, 0, 0], [0, 0, 115, 0, 0, 0, 0, 0, 0, 0], [0, 0, 0, 104, 0, 0, 0, 0, 0, 1], [0, 0, 0, 0, 115, 0, 0, 0, 0, 0], [0, 0, 0, 0, 0, 105, 0, 0, 1, 0], [0, 0, 0, 0, 0, 0, 106, 0, 0, 0], [0, 0, 0, 0, 0, 0, 0, 114, 0, 0], [0, 0, 0, 0, 0, 0, 0, 0, 106, 0], [0, 0, 0, 0, 0, 0, 0, 1, 0, 105]]}"
h-k5-b-DD,heom,5,borda,RetentionPolicy.DD_RETENTION,0,10,9894,1098,0.0015769000019645,0.2856603999971412,0.2872372999991057,0.9963570127504554,0.9962897729033058,0.9962836336123329,0.996278455383201,0.996364782187974,0.9963570127504554,0.9963526616780508,"{""labels"": [""0"", ""1"", ""2"", ""3"", ""4"", ""5"", ""6"", ""7"", ""8"", ""9""], ""matrix"": [[115, 0, 0, 0, 0, 0, 0, 0, 0, 0], [0, 114, 0, 0, 0, 0, 0, 0, 0, 0], [0, 0, 114, 0, 0, 0, 0, 0, 0, 0], [0, 0, 0, 105, 0, 0, 0, 0, 0, 0], [0, 0, 0, 0, 115, 0, 0, 0, 0, 0], [0, 0, 0, 0, 0, 105, 0, 0, 0, 0], [0, 0, 0, 0, 0, 0, 105, 0, 0, 0], [0, 0, 0, 0, 0, 0, 0, 113, 0, 1], [1, 0, 0, 0, 0, 1, 0, 0, 104, 0], [0, 0, 0, 0, 0, 0, 0, 0, 1, 104]]}"
h-k5-b-DD,heom,5,borda,RetentionPolicy.DD_RETENTION,1,10,9893,1099,0.0022163000030559,0.2900988999972469,0.2923152000003028,0.9927206551410374,0.9928486264130588,0.9928473357306308,0.9928070656145668,0.9927938925563352,0.9927206551410374,0.9927163603469216,"{""labels"": [""0"", ""1"", ""2"", ""3"", ""4"", ""5"", ""6"", ""7"", ""8"", ""9""], ""matrix"": [[114, 1, 0, 0, 0, 0, 0, 0, 0, 0], [0, 113, 1, 0, 0, 0, 0, 0, 0, 0], [0, 0, 114, 0, 0, 0, 0, 0, 0, 0], [0, 0, 0, 103, 0, 0, 0, 1, 0, 1], [0, 0, 0, 0, 114, 1, 0, 0, 0, 0], [0, 0, 0, 0, 0, 105, 0, 0, 0, 0], [0, 0, 0, 0, 0, 0, 106, 0, 0, 0], [0, 1, 1, 0, 0, 0, 0, 111, 0, 1], [0, 0, 0, 0, 0, 0, 0, 0, 105, 0], [0, 0, 0, 0, 0, 0, 0, 0, 0, 106]]}"
h-k5-b-DD,heom,5,borda,RetentionPolicy.DD_RETENTION,2,10,9895,1097,0.0016700999985914,0.283839399999124,0.2855094999977154,0.9936189608021878,0.9935598370486508,0.9935665250081728,0.9935287877114956,0.9936851517864896,0.9936189608021878,0.993618663729355,"{""labels"": [""0"", ""1"", ""2"", ""3"", ""4"", ""5"", ""6"", ""7"", ""8"", ""9""], ""matrix"": [[113, 0, 0, 0, 0, 0, 0, 0, 0, 1], [0, 114, 0, 0, 1, 0, 0, 0, 0, 0], [0, 0, 115, 0, 0, 0, 0, 0, 0, 0], [0, 0, 0, 104, 0, 1, 0, 0, 0, 0], [0, 0, 0, 0, 114, 0, 0, 0, 0, 0], [0, 0, 0, 0, 0, 105, 0, 0, 0, 0], [0, 0, 0, 0, 0, 0, 105, 0, 0, 0], [0, 1, 0, 0, 0, 0, 0, 113, 0, 0], [0, 0, 0, 0, 0, 0, 0, 0, 105, 0], [0, 0, 0, 1, 0, 2, 0, 0, 0, 102]]}"
h-k5-b-DD,heom,5,borda,RetentionPolicy.DD_RETENTION,3,10,9892,1100,0.0015042000013636,0.2970897999985027,0.2985939999998663,0.9927272727272728,0.9928199307898304,0.9927874032908358,0.9927842040105552,0.9927667007429812,0.9927272727272728,0.9927270931982196,"{""labels"": [""0"", ""1"", ""2"", ""3"", ""4"", ""5"", ""6"", ""7"", ""8"", ""9""], ""matrix"": [[114, 0, 0, 0, 0, 0, 0, 0, 0, 0], [0, 113, 0, 1, 0, 0, 0, 0, 0, 0], [0, 0, 114, 0, 0, 0, 0, 1, 0, 0], [0, 1, 1, 103, 0, 0, 0, 0, 0, 0], [0, 0, 0, 0, 115, 0, 0, 0, 0, 0], [0, 0, 0, 1, 0, 104, 0, 0, 0, 0], [0, 0, 0, 0, 0, 0, 105, 0, 0, 0], [0, 2, 0, 0, 0, 0, 0, 112, 1, 0], [0, 0, 0, 0, 0, 0, 0, 0, 106, 0], [0, 0, 0, 0, 0, 0, 0, 0, 0, 106]]}"
h-k5-b-DD,heom,5,borda,RetentionPolicy.DD_RETENTION,4,10,9894,1098,0.0016106999973999,0.2909004000030109,0.2925111000004108,0.994535519125683,0.9946499391813528,0.9943864994726356,0.9944846707526998,0.9945999471652976,0.994535519125683,0.9945344707366918,"{""labels"": [""0"", ""1"", ""2"", ""3"", ""4"", ""5"", ""6"", ""7"", ""8"", ""9""], ""matrix"": [[114, 0, 0, 0, 0, 0, 0, 0, 0, 0], [0, 114, 1, 0, 0, 0, 0, 0, 0, 0], [0, 0, 114, 0, 0, 0, 0, 0, 0, 0], [0, 0, 1, 104, 0, 0, 0, 0, 0, 0], [0, 0, 0, 0, 114, 0, 0, 0, 0, 0], [0, 0, 0, 2, 0, 104, 0, 0, 0, 0], [0, 0, 0, 0, 0, 0, 106, 0, 0, 0], [0, 0, 0, 0, 0, 0, 0, 114, 0, 0], [0, 0, 0, 0, 0, 0, 0, 0, 105, 0], [0, 0, 0, 0, 1, 0, 0, 1, 0, 103]]}"
h-k5-b-DD,heom,5,borda,RetentionPolicy.DD_RETENTION,5,10,9894,1098,0.0016561000011279,0.2830985999971744,0.2847546999983024,0.9963570127504554,0.9963012671866582,0.9963408521303256,0.9963080323048652,0.9963910593602642,0.9963570127504554,0.9963614198311428,"{""labels"": [""0"", ""1"", ""2"", ""3"", ""4"", ""5"", ""6"", ""7"", ""8"", ""9""], ""matrix"": [[114, 0, 0, 0, 0, 0, 0, 0, 0, 0], [0, 113, 0, 1, 0, 0, 0, 0, 0, 0], [0, 0, 114, 0, 0, 0, 0, 0, 0, 0], [0, 0, 0, 105, 0, 0, 0, 0, 0, 0], [0, 0, 0, 0, 113, 0, 0, 0, 0, 1], [0, 0, 0, 1, 0, 104, 0, 0, 0, 0], [0, 0, 0, 0, 0, 0, 108, 0, 0, 0], [0, 0, 0, 0, 0, 0, 0, 114, 0, 0], [0, 0, 0, 0, 0, 0, 0, 0, 105, 0], [0, 1, 0, 0, 0, 0, 0, 0, 0, 104]]}"
h-k5-b-DD,heom,5,borda,RetentionPolicy.DD_RETENTION,6,10,9890,1102,0.0014707000009366,0.2905620000019553,0.2920327000028919,0.9945553539019965,0.9946908967188554,0.9944959335079168,0.994557585737322,0.9946262611879926,0.9945553539019965,0.9945545346780644,"{""labels"": [""0"", ""1"", ""2"", ""3"", ""4"", ""5"", ""6"", ""7"", ""8"", ""9""], ""matrix"": [[114, 0, 0, 0, 0, 0, 0, 0, 0, 0], [0, 113, 2, 0, 0, 0, 0, 0, 0, 0], [0, 0, 114, 0, 0, 0, 0, 0, 0, 0], [0, 0, 0, 108, 0, 0, 0, 0, 0, 0], [0, 0, 0, 0, 114, 0, 0, 0, 0, 0], [0, 0, 0, 1, 0, 105, 0, 0, 0, 0], [0, 0, 0, 0, 0, 1, 104, 0, 0, 0], [0, 0, 0, 0, 0, 0, 0, 114, 0, 0], [0, 0, 0, 0, 0, 0, 0, 0, 105, 0], [0, 0, 0, 0, 2, 0, 0, 0, 0, 105]]}"
h-k5-b-DD,heom,5,borda,RetentionPolicy.DD_RETENTION,7,10,9892,1100,0.0017730000035953,0.287569899999653,0.2893429000032483,0.9927272727272728,0.9930873963201547,0.9928410649264672,0.9929219655768612,0.9928204888980752,0.9927272727272728,0.992730360873515,"{""labels"": [""0"", ""1"", ""2"", ""3"", ""4"", ""5"", ""6"", ""7"", ""8"", ""9""], ""matrix"": [[112, 0, 0, 0, 2, 0, 0, 0, 0, 0], [0, 111, 3, 0, 0, 0, 0, 0, 0, 0], [0, 1, 113, 0, 0, 0, 0, 0, 0, 0], [0, 0, 0, 107, 0, 0, 0, 0, 0, 0], [0, 0, 0, 0, 114, 0, 0, 0, 0, 0], [0, 0, 0, 0, 0, 106, 0, 0, 0, 0], [0, 0, 0, 0, 0, 0, 105, 0, 0, 0], [0, 0, 0, 0, 0, 0, 0, 115, 0, 0], [0, 0, 0, 0, 0, 0, 0, 1, 105, 0], [0, 0, 0, 0, 0, 0, 0, 1, 0, 104]]}"
h-k5-b-DD,heom,5,borda,RetentionPolicy.DD_RETENTION,8,10,9894,1098,0.001608100006706,0.2841360999955213,0.2857442000022274,0.9954462659380692,0.99551200814687,0.9953974559039108,0.9954384121782148,0.9954785482297516,0.9954462659380692,0.995446002738888,"{""labels"": [""0"", ""1"", ""2"", ""3"", ""4"", ""5"", ""6"", ""7"", ""8"", ""9""], ""matrix"": [[113, 0, 0, 0, 0, 0, 1, 0, 0, 0], [0, 113, 1, 0, 0, 0, 0, 0, 0, 0], [0, 0, 115, 0, 0, 0, 0, 0, 0, 0], [0, 0, 0, 104, 1, 0, 0, 0, 0, 0], [0, 0, 0, 0, 114, 0, 0, 0, 0, 0], [0, 0, 0, 0, 0, 105, 0, 1, 0, 0], [0, 0, 0, 0, 0, 0, 105, 0, 0, 0], [0, 0, 0, 0, 0, 0, 0, 114, 0, 0], [0, 0, 0, 0, 0, 0, 0, 0, 106, 0], [0, 0, 0, 0, 0, 1, 0, 0, 0, 104]]}"
h-k5-b-DD,heom,5,borda,RetentionPolicy.DD_RETENTION,9,10,9890,1102,0.0015242999943438,0.2864872999998624,0.2880115999942063,0.9927404718693283,0.992802844837552,0.992790117212638,0.9927535741891148,0.9928126513241332,0.9927404718693283,0.9927325015165368,"{""labels"": [""0"", ""1"", ""2"", ""3"", ""4"", ""5"", ""6"", ""7"", ""8"", ""9""], ""matrix"": [[113, 0, 0, 0, 1, 0, 0, 0, 0, 1], [0, 111, 2, 1, 0, 0, 0, 0, 0, 0], [0, 0, 115, 0, 0, 0, 0, 0, 0, 0], [0, 0, 0, 104, 0, 0, 0, 0, 0, 1], [0, 0, 0, 0, 115, 0, 0, 0, 0, 0], [0, 0, 0, 0, 0, 105, 0, 0, 1, 0], [0, 0, 0, 0, 0, 0, 106, 0, 0, 0], [0, 0, 0, 0, 0, 0, 0, 114, 0, 0], [0, 0, 0, 0, 0, 0, 0, 0, 106, 0], [0, 0, 0, 0, 0, 0, 0, 1, 0, 105]]}"
h-k5-mp-AR,heom,5,modified_plurality,RetentionPolicy.ALWAYS_RETAIN,0,10,9894,1098,0.0016697000028216,0.3346715999941807,0.3363412999970023,0.994535519125683,0.9945922532725626,0.9945368754124854,0.9945322313009844,0.9946001482844464,0.994535519125683,0.994535300367696,"{""labels"": [""0"", ""1"", ""2"", ""3"", ""4"", ""5"", ""6"", ""7"", ""8"", ""9""], ""matrix"": [[115, 0, 0, 0, 0, 0, 0, 0, 0, 0], [0, 112, 2, 0, 0, 0, 0, 0, 0, 0], [0, 0, 114, 0, 0, 0, 0, 0, 0, 0], [0, 0, 0, 105, 0, 0, 0, 0, 0, 0], [0, 0, 0, 0, 114, 1, 0, 0, 0, 0], [0, 0, 0, 0, 0, 105, 0, 0, 0, 0], [0, 0, 0, 0, 0, 0, 105, 0, 0, 0], [0, 0, 0, 0, 0, 0, 0, 114, 0, 0], [1, 0, 0, 0, 0, 1, 0, 0, 104, 0], [0, 0, 0, 0, 0, 0, 0, 0, 1, 104]]}"
h-k5-mp-AR,heom,5,modified_plurality,RetentionPolicy.ALWAYS_RETAIN,1,10,9893,1099,0.0018007999969995,0.3357321000003139,0.3375328999973135,0.989080982711556,0.9893403116064764,0.9892061573128884,0.989253479600404,0.989167307599101,0.989080982711556,0.9891041493552042,"{""labels"": [""0"", ""1"", ""2"", ""3"", ""4"", ""5"", ""6"", ""7"", ""8"", ""9""], ""matrix"": [[114, 1, 0, 0, 0, 0, 0, 0, 0, 0], [0, 112, 2, 0, 0, 0, 0, 0, 0, 0], [0, 2, 112, 0, 0, 0, 0, 0, 0, 0], [0, 0, 0, 103, 0, 0, 0, 1, 0, 1], [0, 0, 0, 0, 114, 1, 0, 0, 0, 0], [0, 0, 0, 0, 0, 105, 0, 0, 0, 0], [0, 0, 0, 0, 0, 0, 105, 1, 0, 0], [0, 1, 1, 0, 0, 0, 0, 112, 0, 0], [0, 0, 0, 0, 0, 0, 0, 0, 105, 0], [0, 0, 0, 1, 0, 0, 0, 0, 0, 105]]}"
h-k5-mp-AR,heom,5,modified_plurality,RetentionPolicy.ALWAYS_RETAIN,2,10,9895,1097,0.0016203000050154,0.3313925999973435,0.3330129000023589,0.9927073837739288,0.9926602622907216,0.9926893320257164,0.9926275677774674,0.9928234927211465,0.9927073837739288,0.9927199153345448,"{""labels"": [""0"", ""1"", ""2"", ""3"", ""4"", ""5"", ""6"", ""7"", ""8"", ""9""], ""matrix"": [[113, 0, 0, 0, 0, 0, 0, 0, 0, 1], [0, 114, 0, 0, 1, 0, 0, 0, 0, 0], [0, 0, 115, 0, 0, 0, 0, 0, 0, 0], [0, 0, 0, 104, 0, 1, 0, 0, 0, 0], [0, 0, 0, 0, 113, 1, 0, 0, 0, 0], [0, 0, 0, 0, 0, 105, 0, 0, 0, 0], [0, 0, 0, 0, 0, 0, 105, 0, 0, 0], [0, 1, 0, 0, 0, 0, 0, 113, 0, 0], [0, 0, 0, 0, 0, 0, 0, 0, 105, 0], [0, 0, 0, 1, 0, 2, 0, 0, 0, 102]]}"
h-k5-mp-AR,heom,5,modified_plurality,RetentionPolicy.ALWAYS_RETAIN,3,10,9892,1100,0.0015961999961291,0.3348747000054572,0.3364709000015864,0.990909090909091,0.99099495728196,0.990950201590934,0.9909590351243984,0.9909433160738046,0.990909090909091,0.99091325488587,"{""labels"": [""0"", ""1"", ""2"", ""3"", ""4"", ""5"", ""6"", ""7"", ""8"", ""9""], ""matrix"": [[114, 0, 0, 0, 0, 0, 0, 0, 0, 0], [0, 111, 0, 2, 0, 0, 0, 1, 0, 0], [0, 0, 114, 0, 0, 0, 0, 1, 0, 0], [0, 1, 1, 103, 0, 0, 0, 0, 0, 0], [0, 0, 0, 0, 115, 0, 0, 0, 0, 0], [0, 0, 0, 1, 0, 103, 0, 0, 0, 1], [0, 0, 0, 0, 0, 0, 105, 0, 0, 0], [0, 2, 0, 0, 0, 0, 0, 113, 0, 0], [0, 0, 0, 0, 0, 0, 0, 0, 106, 0], [0, 0, 0, 0, 0, 0, 0, 0, 0, 106]]}"
h-k5-mp-AR,heom,5,modified_plurality,RetentionPolicy.ALWAYS_RETAIN,4,10,9894,1098,0.0017049000016413,0.3362388000023202,0.3379437000039615,0.994535519125683,0.9946499391813528,0.9944603304816594,0.9945226062960428,0.9945999471652976,0.994535519125683,0.9945349858710872,"{""labels"": [""0"", ""1"", ""2"", ""3"", ""4"", ""5"", ""6"", ""7"", ""8"", ""9""], ""matrix"": [[114, 0, 0, 0, 0, 0, 0, 0, 0, 0], [0, 113, 1, 1, 0, 0, 0, 0, 0, 0], [0, 0, 114, 0, 0, 0, 0, 0, 0, 0], [0, 0, 1, 104, 0, 0, 0, 0, 0, 0], [0, 0, 0, 0, 114, 0, 0, 0, 0, 0], [0, 0, 0, 1, 0, 105, 0, 0, 0, 0], [0, 0, 0, 0, 0, 0, 106, 0, 0, 0], [0, 0, 0, 0, 0, 0, 0, 114, 0, 0], [0, 0, 0, 0, 0, 0, 0, 0, 105, 0], [0, 0, 0, 0, 1, 0, 0, 1, 0, 103]]}"
h-k5-mp-AR,heom,5,modified_plurality,RetentionPolicy.ALWAYS_RETAIN,5,10,9894,1098,0.0017049000016413,0.3308016000009957,0.332506500002637,0.9954462659380692,0.9954393297343318,0.9954636591478696,0.9954346529848376,0.995496151622876,0.9954462659380692,0.995454632558983,"{""labels"": [""0"", ""1"", ""2"", ""3"", ""4"", ""5"", ""6"", ""7"", ""8"", ""9""], ""matrix"": [[114, 0, 0, 0, 0, 0, 0, 0, 0, 0], [0, 113, 0, 1, 0, 0, 0, 0, 0, 0], [0, 0, 114, 0, 0, 0, 0, 0, 0, 0], [0, 0, 0, 105, 0, 0, 0, 0, 0, 0], [0, 0, 0, 0, 113, 0, 0, 0, 0, 1], [0, 0, 0, 1, 0, 104, 0, 0, 0, 0], [0, 0, 0, 0, 0, 0, 108, 0, 0, 0], [0, 1, 0, 0, 0, 0, 0, 113, 0, 0], [0, 0, 0, 0, 0, 0, 0, 0, 105, 0], [0, 1, 0, 0, 0, 0, 0, 0, 0, 104]]}"
h-k5-mp-AR,heom,5,modified_plurality,RetentionPolicy.ALWAYS_RETAIN,6,10,9890,1102,0.0017682000034255,0.3322178999951575,0.3339860999985831,0.9927404718693283,0.9929055883721948,0.9927491753080692,0.9927794314436832,0.9928284331683358,0.9927404718693283,0.9927358924621112,"{""labels"": [""0"", ""1"", ""2"", ""3"", ""4"", ""5"", ""6"", ""7"", ""8"", ""9""], ""matrix"": [[114, 0, 0, 0, 0, 0, 0, 0, 0, 0], [0, 112, 2, 1, 0, 0, 0, 0, 0, 0], [0, 0, 114, 0, 0, 0, 0, 0, 0, 0], [0, 0, 0, 108, 0, 0, 0, 0, 0, 0], [0, 0, 0, 0, 113, 0, 0, 1, 0, 0], [0, 0, 0, 1, 0, 105, 0, 0, 0, 0], [0, 0, 0, 0, 0, 1, 104, 0, 0, 0], [0, 0, 0, 0, 0, 0, 0, 114, 0, 0], [0, 0, 0, 0, 0, 0, 0, 0, 105, 0], [0, 0, 0, 0, 2, 0, 0, 0, 0, 105]]}"
h-k5-mp-AR,heom,5,modified_plurality,RetentionPolicy.ALWAYS_RETAIN,7,10,9892,1100,0.0015583000058541,0.3392820999943069,0.340840400000161,0.9936363636363637,0.9939016602809708,0.993725885673988,0.993774737934211,0.9937231510507372,0.9936363636363637,0.9936397720585896,"{""labels"": [""0"", ""1"", ""2"", ""3"", ""4"", ""5"", ""6"", ""7"", ""8"", ""9""], ""matrix"": [[112, 0, 0, 0, 2, 0, 0, 0, 0, 0], [0, 112, 2, 0, 0, 0, 0, 0, 0, 0], [0, 0, 114, 0, 0, 0, 0, 0, 0, 0], [0, 0, 0, 107, 0, 0, 0, 0, 0, 0], [0, 0, 0, 0, 114, 0, 0, 0, 0, 0], [0, 0, 0, 0, 0, 106, 0, 0, 0, 0], [0, 0, 0, 0, 0, 0, 105, 0, 0, 0], [0, 0, 0, 1, 0, 0, 0, 114, 0, 0], [0, 0, 0, 0, 0, 0, 0, 1, 105, 0], [0, 0, 0, 0, 0, 0, 0, 1, 0, 104]]}"
h-k5-mp-AR,heom,5,modified_plurality,RetentionPolicy.ALWAYS_RETAIN,8,10,9894,1098,0.0016591000021435,0.3295292999973753,0.3311883999995189,0.9927140255009108,0.9928650898477775,0.9926996737125832,0.9927357417011006,0.9928084457022006,0.9927140255009108,0.9927133273589156,"{""labels"": [""0"", ""1"", ""2"", ""3"", ""4"", ""5"", ""6"", ""7"", ""8"", ""9""], ""matrix"": [[113, 0, 0, 0, 0, 0, 1, 0, 0, 0], [0, 111, 1, 1, 0, 0, 0, 1, 0, 0], [0, 0, 115, 0, 0, 0, 0, 0, 0, 0], [0, 0, 0, 104, 1, 0, 0, 0, 0, 0], [0, 0, 0, 0, 114, 0, 0, 0, 0, 0], [0, 0, 0, 0, 0, 105, 0, 1, 0, 0], [0, 0, 0, 0, 0, 0, 105, 0, 0, 0], [0, 0, 0, 0, 0, 0, 0, 114, 0, 0], [0, 0, 0, 0, 0, 0, 0, 1, 105, 0], [0, 0, 0, 0, 0, 1, 0, 0, 0, 104]]}"
h-k5-mp-AR,heom,5,modified_plurality,RetentionPolicy.ALWAYS_RETAIN,9,10,9890,1102,0.0017961999983526,0.3371108999999705,0.3389070999983232,0.9900181488203268,0.9900753721908035,0.9899675562984572,0.9899912125138104,0.9900704597005522,0.9900181488203268,0.9900130824147664,"{""labels"": [""0"", ""1"", ""2"", ""3"", ""4"", ""5"", ""6"", ""7"", ""8"", ""9""], ""matrix"": [[113, 0, 0, 0, 1, 0, 0, 0, 0, 1], [0, 112, 1, 1, 0, 0, 0, 0, 0, 0], [0, 0, 115, 0, 0, 0, 0, 0, 0, 0], [0, 0, 0, 104, 0, 0, 0, 0, 0, 1], [0, 0, 0, 0, 114, 1, 0, 0, 0, 0], [0, 0, 0, 0, 0, 105, 0, 0, 1, 0], [0, 0, 0, 0, 0, 0, 106, 0, 0, 0], [0, 0, 0, 0, 0, 0, 0, 114, 0, 0], [0, 0, 0, 0, 0, 0, 0, 1, 105, 0], [0, 1, 0, 0, 0, 0, 0, 2, 0, 103]]}"
h-k5-mp-NR,heom,5,modified_plurality,RetentionPolicy.NEVER_RETAIN,0,10,9894,1098,0.0016838999945321,0.2959901000067475,0.2976740000012796,0.994535519125683,0.9945922532725626,0.9945368754124854,0.9945322313009844,0.9946001482844464,0.994535519125683,0.994535300367696,"{""labels"": [""0"", ""1"", ""2"", ""3"", ""4"", ""5"", ""6"", ""7"", ""8"", ""9""], ""matrix"": [[115, 0, 0, 0, 0, 0, 0, 0, 0, 0], [0, 112, 2, 0, 0, 0, 0, 0, 0, 0], [0, 0, 114, 0, 0, 0, 0, 0, 0, 0], [0, 0, 0, 105, 0, 0, 0, 0, 0, 0], [0, 0, 0, 0, 114, 1, 0, 0, 0, 0], [0, 0, 0, 0, 0, 105, 0, 0, 0, 0], [0, 0, 0, 0, 0, 0, 105, 0, 0, 0], [0, 0, 0, 0, 0, 0, 0, 114, 0, 0], [1, 0, 0, 0, 0, 1, 0, 0, 104, 0], [0, 0, 0, 0, 0, 0, 0, 0, 1, 104]]}"
h-k5-mp-NR,heom,5,modified_plurality,RetentionPolicy.NEVER_RETAIN,1,10,9893,1099,0.0014359999986481,0.2984304999990854,0.2998664999977336,0.9899909008189264,0.9902097418191762,0.9901495535393036,0.9901602133115216,0.9900691733338396,0.9899909008189264,0.9900102109919025,"{""labels"": [""0"", ""1"", ""2"", ""3"", ""4"", ""5"", ""6"", ""7"", ""8"", ""9""], ""matrix"": [[114, 1, 0, 0, 0, 0, 0, 0, 0, 0], [0, 112, 2, 0, 0, 0, 0, 0, 0, 0], [0, 2, 112, 0, 0, 0, 0, 0, 0, 0], [0, 0, 0, 103, 0, 0, 0, 1, 0, 1], [0, 0, 0, 0, 114, 1, 0, 0, 0, 0], [0, 0, 0, 0, 0, 105, 0, 0, 0, 0], [0, 0, 0, 0, 0, 0, 106, 0, 0, 0], [0, 1, 1, 0, 0, 0, 0, 112, 0, 0], [0, 0, 0, 0, 0, 0, 0, 0, 105, 0], [0, 0, 0, 1, 0, 0, 0, 0, 0, 105]]}"
h-k5-mp-NR,heom,5,modified_plurality,RetentionPolicy.NEVER_RETAIN,2,10,9895,1097,0.0019720999989658,0.2998855000041658,0.3018576000031316,0.99179580674567,0.9917961712066236,0.9917369510733356,0.9917060496820364,0.9919185219739564,0.99179580674567,0.991798759811907,"{""labels"": [""0"", ""1"", ""2"", ""3"", ""4"", ""5"", ""6"", ""7"", ""8"", ""9""], ""matrix"": [[113, 0, 0, 0, 0, 0, 0, 0, 0, 1], [0, 114, 0, 0, 1, 0, 0, 0, 0, 0], [0, 0, 115, 0, 0, 0, 0, 0, 0, 0], [0, 0, 0, 104, 0, 1, 0, 0, 0, 0], [0, 0, 0, 0, 113, 1, 0, 0, 0, 0], [0, 0, 0, 0, 0, 105, 0, 0, 0, 0], [0, 0, 0, 0, 0, 0, 105, 0, 0, 0], [0, 1, 0, 0, 0, 0, 0, 113, 0, 0], [0, 0, 0, 0, 0, 0, 0, 0, 105, 0], [0, 1, 0, 1, 0, 2, 0, 0, 0, 101]]}"
h-k5-mp-NR,heom,5,modified_plurality,RetentionPolicy.NEVER_RETAIN,3,10,9892,1100,0.0015350999965448,0.2922079999989364,0.2937430999954813,0.990909090909091,0.9909771557688314,0.9909591863168998,0.990963742552342,0.990934819897084,0.990909090909091,0.9909177078845324,"{""labels"": [""0"", ""1"", ""2"", ""3"", ""4"", ""5"", ""6"", ""7"", ""8"", ""9""], ""matrix"": [[114, 0, 0, 0, 0, 0, 0, 0, 0, 0], [0, 111, 0, 2, 0, 0, 0, 1, 0, 0], [0, 0, 114, 0, 0, 0, 0, 1, 0, 0], [0, 1, 1, 103, 0, 0, 0, 0, 0, 0], [0, 0, 0, 0, 115, 0, 0, 0, 0, 0], [0, 0, 0, 1, 0, 104, 0, 0, 0, 0], [0, 0, 0, 0, 0, 0, 105, 0, 0, 0], [0, 2, 0, 0, 0, 0, 0, 113, 0, 0], [0, 0, 0, 0, 0, 0, 0, 0, 106, 0], [0, 0, 0, 0, 0, 1, 0, 0, 0, 105]]}"
h-k5-mp-NR,heom,5,modified_plurality,RetentionPolicy.NEVER_RETAIN,4,10,9894,1098,0.001660100002482,0.2990137999950093,0.3006738999974914,0.9927140255009108,0.9928589505568046,0.992713572281812,0.9927391029572306,0.9928091863876368,0.9927140255009108,0.9927134187223784,"{""labels"": [""0"", ""1"", ""2"", ""3"", ""4"", ""5"", ""6"", ""7"", ""8"", ""9""], ""matrix"": [[114, 0, 0, 0, 0, 0, 0, 0, 0, 0], [0, 112, 2, 1, 0, 0, 0, 0, 0, 0], [0, 0, 114, 0, 0, 0, 0, 0, 0, 0], [0, 0, 1, 104, 0, 0, 0, 0, 0, 0], [0, 0, 0, 0, 113, 1, 0, 0, 0, 0], [0, 0, 0, 1, 0, 105, 0, 0, 0, 0], [0, 0, 0, 0, 0, 0, 106, 0, 0, 0], [0, 0, 0, 0, 0, 0, 0, 114, 0, 0], [0, 0, 0, 0, 0, 0, 0, 0, 105, 0], [0, 0, 0, 0, 1, 0, 0, 1, 0, 103]]}"
h-k5-mp-NR,heom,5,modified_plurality,RetentionPolicy.NEVER_RETAIN,5,10,9894,1098,0.0017525000002933,0.2998011999952723,0.3015536999955657,0.9963570127504554,0.9963650923864212,0.9963408521303256,0.9963407967846712,0.9963814437765136,0.9963570127504554,0.996356957057953,"{""labels"": [""0"", ""1"", ""2"", ""3"", ""4"", ""5"", ""6"", ""7"", ""8"", ""9""], ""matrix"": [[114, 0, 0, 0, 0, 0, 0, 0, 0, 0], [0, 114, 0, 0, 0, 0, 0, 0, 0, 0], [0, 0, 114, 0, 0, 0, 0, 0, 0, 0], [0, 0, 0, 105, 0, 0, 0, 0, 0, 0], [0, 0, 0, 0, 113, 0, 0, 0, 0, 1], [0, 0, 0, 1, 0, 104, 0, 0, 0, 0], [0, 0, 0, 0, 0, 0, 108, 0, 0, 0], [0, 0, 1, 0, 0, 0, 0, 113, 0, 0], [0, 0, 0, 0, 0, 0, 0, 0, 105, 0], [0, 1, 0, 0, 0, 0, 0, 0, 0, 104]]}"
h-k5-mp-NR,heom,5,modified_plurality,RetentionPolicy.NEVER_RETAIN,6,10,9890,1102,0.0014465999993262,0.2940881999966223,0.2955347999959485,0.9927404718693283,0.9929055883721948,0.9927491753080692,0.9927794314436832,0.9928284331683358,0.9927404718693283,0.9927358924621112,"{""labels"": [""0"", ""1"", ""2"", ""3"", ""4"", ""5"", ""6"", ""7"", ""8"", ""9""], ""matrix"": [[114, 0, 0, 0, 0, 0, 0, 0, 0, 0], [0, 112, 2, 1, 0, 0, 0, 0, 0, 0], [0, 0, 114, 0, 0, 0, 0, 0, 0, 0], [0, 0, 0, 108, 0, 0, 0, 0, 0, 0], [0, 0, 0, 0, 113, 0, 0, 1, 0, 0], [0, 0, 0, 1, 0, 105, 0, 0, 0, 0], [0, 0, 0, 0, 0, 1, 104, 0, 0, 0], [0, 0, 0, 0, 0, 0, 0, 114, 0, 0], [0, 0, 0, 0, 0, 0, 0, 0, 105, 0], [0, 0, 0, 0, 2, 0, 0, 0, 0, 105]]}"
h-k5-mp-NR,heom,5,modified_plurality,RetentionPolicy.NEVER_RETAIN,7,10,9892,1100,0.0014835999973001,0.2957490000044345,0.2972326000017347,0.9927272727272728,0.99300171202501,0.992848692691532,0.9928976293326086,0.992790477403651,0.9927272727272728,0.9927307685987472,"{""labels"": [""0"", ""1"", ""2"", ""3"", ""4"", ""5"", ""6"", ""7"", ""8"", ""9""], ""matrix"": [[112, 0, 0, 0, 2, 0, 0, 0, 0, 0], [0, 112, 2, 0, 0, 0, 0, 0, 0, 0], [0, 1, 113, 0, 0, 0, 0, 0, 0, 0], [0, 0, 0, 107, 0, 0, 0, 0, 0, 0], [0, 0, 0, 0, 114, 0, 0, 0, 0, 0], [0, 0, 0, 0, 0, 106, 0, 0, 0, 0], [0, 0, 0, 0, 0, 0, 105, 0, 0, 0], [0, 0, 0, 1, 0, 0, 0, 114, 0, 0], [0, 0, 0, 0, 0, 0, 0, 1, 105, 0], [0, 0, 0, 0, 0, 0, 0, 1, 0, 104]]}"
h-k5-mp-NR,heom,5,modified_plurality,RetentionPolicy.NEVER_RETAIN,8,10,9894,1098,0.0015891000002739,0.2971677000023192,0.2987568000025931,0.9927140255009108,0.9928650898477775,0.9926996737125832,0.9927357417011006,0.9928084457022006,0.9927140255009108,0.9927133273589156,"{""labels"": [""0"", ""1"", ""2"", ""3"", ""4"", ""5"", ""6"", ""7"", ""8"", ""9""], ""matrix"": [[113, 0, 0, 0, 0, 0, 1, 0, 0, 0], [0, 111, 1, 1, 0, 0, 0, 1, 0, 0], [0, 0, 115, 0, 0, 0, 0, 0, 0, 0], [0, 0, 0, 104, 1, 0, 0, 0, 0, 0], [0, 0, 0, 0, 114, 0, 0, 0, 0, 0], [0, 0, 0, 0, 0, 105, 0, 1, 0, 0], [0, 0, 0, 0, 0, 0, 105, 0, 0, 0], [0, 0, 0, 0, 0, 0, 0, 114, 0, 0], [0, 0, 0, 0, 0, 0, 0, 1, 105, 0], [0, 0, 0, 0, 0, 1, 0, 0, 0, 104]]}"
h-k5-mp-NR,heom,5,modified_plurality,RetentionPolicy.NEVER_RETAIN,9,10,9890,1102,0.001644900003157,0.2963489999965532,0.2979938999997102,0.9900181488203268,0.9900753721908035,0.9899675562984572,0.9899912125138104,0.9900704597005522,0.9900181488203268,0.9900130824147664,"{""labels"": [""0"", ""1"", ""2"", ""3"", ""4"", ""5"", ""6"", ""7"", ""8"", ""9""], ""matrix"": [[113, 0, 0, 0, 1, 0, 0, 0, 0, 1], [0, 112, 1, 1, 0, 0, 0, 0, 0, 0], [0, 0, 115, 0, 0, 0, 0, 0, 0, 0], [0, 0, 0, 104, 0, 0, 0, 0, 0, 1], [0, 0, 0, 0, 114, 1, 0, 0, 0, 0], [0, 0, 0, 0, 0, 105, 0, 0, 1, 0], [0, 0, 0, 0, 0, 0, 106, 0, 0, 0], [0, 0, 0, 0, 0, 0, 0, 114, 0, 0], [0, 0, 0, 0, 0, 0, 0, 1, 105, 0], [0, 1, 0, 0, 0, 0, 0, 2, 0, 103]]}"
h-k5-mp-DC,heom,5,modified_plurality,RetentionPolicy.DIFFERENT_CLASS_RETENTION,0,10,9894,1098,0.0015462000010302,0.303340800004662,0.3048870000056922,0.994535519125683,0.9945922532725626,0.9945368754124854,0.9945322313009844,0.9946001482844464,0.994535519125683,0.994535300367696,"{""labels"": [""0"", ""1"", ""2"", ""3"", ""4"", ""5"", ""6"", ""7"", ""8"", ""9""], ""matrix"": [[115, 0, 0, 0, 0, 0, 0, 0, 0, 0], [0, 112, 2, 0, 0, 0, 0, 0, 0, 0], [0, 0, 114, 0, 0, 0, 0, 0, 0, 0], [0, 0, 0, 105, 0, 0, 0, 0, 0, 0], [0, 0, 0, 0, 114, 1, 0, 0, 0, 0], [0, 0, 0, 0, 0, 105, 0, 0, 0, 0], [0, 0, 0, 0, 0, 0, 105, 0, 0, 0], [0, 0, 0, 0, 0, 0, 0, 114, 0, 0], [1, 0, 0, 0, 0, 1, 0, 0, 104, 0], [0, 0, 0, 0, 0, 0, 0, 0, 1, 104]]}"
h-k5-mp-DC,heom,5,modified_plurality,RetentionPolicy.DIFFERENT_CLASS_RETENTION,1,10,9893,1099,0.0019494000007398,0.3008368000009795,0.3027862000017194,0.9899909008189264,0.9902097418191762,0.9901495535393036,0.9901602133115216,0.9900691733338396,0.9899909008189264,0.9900102109919025,"{""labels"": [""0"", ""1"", ""2"", ""3"", ""4"", ""5"", ""6"", ""7"", ""8"", ""9""], ""matrix"": [[114, 1, 0, 0, 0, 0, 0, 0, 0, 0], [0, 112, 2, 0, 0, 0, 0, 0, 0, 0], [0, 2, 112, 0, 0, 0, 0, 0, 0, 0], [0, 0, 0, 103, 0, 0, 0, 1, 0, 1], [0, 0, 0, 0, 114, 1, 0, 0, 0, 0], [0, 0, 0, 0, 0, 105, 0, 0, 0, 0], [0, 0, 0, 0, 0, 0, 106, 0, 0, 0], [0, 1, 1, 0, 0, 0, 0, 112, 0, 0], [0, 0, 0, 0, 0, 0, 0, 0, 105, 0], [0, 0, 0, 1, 0, 0, 0, 0, 0, 105]]}"
h-k5-mp-DC,heom,5,modified_plurality,RetentionPolicy.DIFFERENT_CLASS_RETENTION,2,10,9895,1097,0.0018367000011494,0.2973549000016646,0.2991916000028141,0.99179580674567,0.9917961712066236,0.9917369510733356,0.9917060496820364,0.9919185219739564,0.99179580674567,0.991798759811907,"{""labels"": [""0"", ""1"", ""2"", ""3"", ""4"", ""5"", ""6"", ""7"", ""8"", ""9""], ""matrix"": [[113, 0, 0, 0, 0, 0, 0, 0, 0, 1], [0, 114, 0, 0, 1, 0, 0, 0, 0, 0], [0, 0, 115, 0, 0, 0, 0, 0, 0, 0], [0, 0, 0, 104, 0, 1, 0, 0, 0, 0], [0, 0, 0, 0, 113, 1, 0, 0, 0, 0], [0, 0, 0, 0, 0, 105, 0, 0, 0, 0], [0, 0, 0, 0, 0, 0, 105, 0, 0, 0], [0, 1, 0, 0, 0, 0, 0, 113, 0, 0], [0, 0, 0, 0, 0, 0, 0, 0, 105, 0], [0, 1, 0, 1, 0, 2, 0, 0, 0, 101]]}"
h-k5-mp-DC,heom,5,modified_plurality,RetentionPolicy.DIFFERENT_CLASS_RETENTION,3,10,9892,1100,0.0016073000006144,0.3031372999976156,0.3047445999982301,0.990909090909091,0.9909771557688314,0.9909591863168998,0.990963742552342,0.990934819897084,0.990909090909091,0.9909177078845324,"{""labels"": [""0"", ""1"", ""2"", ""3"", ""4"", ""5"", ""6"", ""7"", ""8"", ""9""], ""matrix"": [[114, 0, 0, 0, 0, 0, 0, 0, 0, 0], [0, 111, 0, 2, 0, 0, 0, 1, 0, 0], [0, 0, 114, 0, 0, 0, 0, 1, 0, 0], [0, 1, 1, 103, 0, 0, 0, 0, 0, 0], [0, 0, 0, 0, 115, 0, 0, 0, 0, 0], [0, 0, 0, 1, 0, 104, 0, 0, 0, 0], [0, 0, 0, 0, 0, 0, 105, 0, 0, 0], [0, 2, 0, 0, 0, 0, 0, 113, 0, 0], [0, 0, 0, 0, 0, 0, 0, 0, 106, 0], [0, 0, 0, 0, 0, 1, 0, 0, 0, 105]]}"
h-k5-mp-DC,heom,5,modified_plurality,RetentionPolicy.DIFFERENT_CLASS_RETENTION,4,10,9894,1098,0.001524999999674,0.2954672999985632,0.2969922999982373,0.9927140255009108,0.9928589505568046,0.992713572281812,0.9927391029572306,0.9928091863876368,0.9927140255009108,0.9927134187223784,"{""labels"": [""0"", ""1"", ""2"", ""3"", ""4"", ""5"", ""6"", ""7"", ""8"", ""9""], ""matrix"": [[114, 0, 0, 0, 0, 0, 0, 0, 0, 0], [0, 112, 2, 1, 0, 0, 0, 0, 0, 0], [0, 0, 114, 0, 0, 0, 0, 0, 0, 0], [0, 0, 1, 104, 0, 0, 0, 0, 0, 0], [0, 0, 0, 0, 113, 1, 0, 0, 0, 0], [0, 0, 0, 1, 0, 105, 0, 0, 0, 0], [0, 0, 0, 0, 0, 0, 106, 0, 0, 0], [0, 0, 0, 0, 0, 0, 0, 114, 0, 0], [0, 0, 0, 0, 0, 0, 0, 0, 105, 0], [0, 0, 0, 0, 1, 0, 0, 1, 0, 103]]}"
h-k5-mp-DC,heom,5,modified_plurality,RetentionPolicy.DIFFERENT_CLASS_RETENTION,5,10,9894,1098,0.001523899998574,0.2996884999956819,0.301212399994256,0.9963570127504554,0.9963650923864212,0.9963408521303256,0.9963407967846712,0.9963814437765136,0.9963570127504554,0.996356957057953,"{""labels"": [""0"", ""1"", ""2"", ""3"", ""4"", ""5"", ""6"", ""7"", ""8"", ""9""], ""matrix"": [[114, 0, 0, 0, 0, 0, 0, 0, 0, 0], [0, 114, 0, 0, 0, 0, 0, 0, 0, 0], [0, 0, 114, 0, 0, 0, 0, 0, 0, 0], [0, 0, 0, 105, 0, 0, 0, 0, 0, 0], [0, 0, 0, 0, 113, 0, 0, 0, 0, 1], [0, 0, 0, 1, 0, 104, 0, 0, 0, 0], [0, 0, 0, 0, 0, 0, 108, 0, 0, 0], [0, 0, 1, 0, 0, 0, 0, 113, 0, 0], [0, 0, 0, 0, 0, 0, 0, 0, 105, 0], [0, 1, 0, 0, 0, 0, 0, 0, 0, 104]]}"
h-k5-mp-DC,heom,5,modified_plurality,RetentionPolicy.DIFFERENT_CLASS_RETENTION,6,10,9890,1102,0.0019205999997211,0.2981419999996433,0.3000625999993644,0.9936479128856625,0.9937675258245212,0.9936837547473216,0.9936861947876892,0.993720092601777,0.9936479128856625,0.9936438201627312,"{""labels"": [""0"", ""1"", ""2"", ""3"", ""4"", ""5"", ""6"", ""7"", ""8"", ""9""], ""matrix"": [[114, 0, 0, 0, 0, 0, 0, 0, 0, 0], [0, 112, 2, 1, 0, 0, 0, 0, 0, 0], [0, 0, 114, 0, 0, 0, 0, 0, 0, 0], [0, 0, 0, 108, 0, 0, 0, 0, 0, 0], [0, 0, 0, 0, 113, 0, 0, 1, 0, 0], [0, 0, 0, 1, 0, 105, 0, 0, 0, 0], [0, 0, 0, 0, 0, 1, 104, 0, 0, 0], [0, 0, 0, 0, 0, 0, 0, 114, 0, 0], [0, 0, 0, 0, 0, 0, 0, 0, 105, 0], [0, 0, 0, 0, 1, 0, 0, 0, 0, 106]]}"
h-k5-mp-DC,heom,5,modified_plurality,RetentionPolicy.DIFFERENT_CLASS_RETENTION,7,10,9892,1100,0.0016269999978248,0.2983776999972178,0.3000046999950427,0.9927272727272728,0.99300171202501,0.992848692691532,0.9928976293326086,0.992790477403651,0.9927272727272728,0.9927307685987472,"{""labels"": [""0"", ""1"", ""2"", ""3"", ""4"", ""5"", ""6"", ""7"", ""8"", ""9""], ""matrix"": [[112, 0, 0, 0, 2, 0, 0, 0, 0, 0], [0, 112, 2, 0, 0, 0, 0, 0, 0, 0], [0, 1, 113, 0, 0, 0, 0, 0, 0, 0], [0, 0, 0, 107, 0, 0, 0, 0, 0, 0], [0, 0, 0, 0, 114, 0, 0, 0, 0, 0], [0, 0, 0, 0, 0, 106, 0, 0, 0, 0], [0, 0, 0, 0, 0, 0, 105, 0, 0, 0], [0, 0, 0, 1, 0, 0, 0, 114, 0, 0], [0, 0, 0, 0, 0, 0, 0, 1, 105, 0], [0, 0, 0, 0, 0, 0, 0, 1, 0, 104]]}"
h-k5-mp-DC,heom,5,modified_plurality,RetentionPolicy.DIFFERENT_CLASS_RETENTION,8,10,9894,1098,0.0018118000007234,0.2956556000062846,0.2974674000070081,0.9927140255009108,0.9928650898477775,0.9926996737125832,0.9927357417011006,0.9928084457022006,0.9927140255009108,0.9927133273589156,"{""labels"": [""0"", ""1"", ""2"", ""3"", ""4"", ""5"", ""6"", ""7"", ""8"", ""9""], ""matrix"": [[113, 0, 0, 0, 0, 0, 1, 0, 0, 0], [0, 111, 1, 1, 0, 0, 0, 1, 0, 0], [0, 0, 115, 0, 0, 0, 0, 0, 0, 0], [0, 0, 0, 104, 1, 0, 0, 0, 0, 0], [0, 0, 0, 0, 114, 0, 0, 0, 0, 0], [0, 0, 0, 0, 0, 105, 0, 1, 0, 0], [0, 0, 0, 0, 0, 0, 105, 0, 0, 0], [0, 0, 0, 0, 0, 0, 0, 114, 0, 0], [0, 0, 0, 0, 0, 0, 0, 1, 105, 0], [0, 0, 0, 0, 0, 1, 0, 0, 0, 104]]}"
h-k5-mp-DC,heom,5,modified_plurality,RetentionPolicy.DIFFERENT_CLASS_RETENTION,9,10,9890,1102,0.0016953000013018,0.2985545999981696,0.3002498999994714,0.9900181488203268,0.9900753721908035,0.9899675562984572,0.9899912125138104,0.9900704597005522,0.9900181488203268,0.9900130824147664,"{""labels"": [""0"", ""1"", ""2"", ""3"", ""4"", ""5"", ""6"", ""7"", ""8"", ""9""], ""matrix"": [[113, 0, 0, 0, 1, 0, 0, 0, 0, 1], [0, 112, 1, 1, 0, 0, 0, 0, 0, 0], [0, 0, 115, 0, 0, 0, 0, 0, 0, 0], [0, 0, 0, 104, 0, 0, 0, 0, 0, 1], [0, 0, 0, 0, 114, 1, 0, 0, 0, 0], [0, 0, 0, 0, 0, 105, 0, 0, 1, 0], [0, 0, 0, 0, 0, 0, 106, 0, 0, 0], [0, 0, 0, 0, 0, 0, 0, 114, 0, 0], [0, 0, 0, 0, 0, 0, 0, 1, 105, 0], [0, 1, 0, 0, 0, 0, 0, 2, 0, 103]]}"
h-k5-mp-DD,heom,5,modified_plurality,RetentionPolicy.DD_RETENTION,0,10,9894,1098,0.0016825000056996,0.306563999998616,0.3082465000043157,0.994535519125683,0.9945922532725626,0.9945368754124854,0.9945322313009844,0.9946001482844464,0.994535519125683,0.994535300367696,"{""labels"": [""0"", ""1"", ""2"", ""3"", ""4"", ""5"", ""6"", ""7"", ""8"", ""9""], ""matrix"": [[115, 0, 0, 0, 0, 0, 0, 0, 0, 0], [0, 112, 2, 0, 0, 0, 0, 0, 0, 0], [0, 0, 114, 0, 0, 0, 0, 0, 0, 0], [0, 0, 0, 105, 0, 0, 0, 0, 0, 0], [0, 0, 0, 0, 114, 1, 0, 0, 0, 0], [0, 0, 0, 0, 0, 105, 0, 0, 0, 0], [0, 0, 0, 0, 0, 0, 105, 0, 0, 0], [0, 0, 0, 0, 0, 0, 0, 114, 0, 0], [1, 0, 0, 0, 0, 1, 0, 0, 104, 0], [0, 0, 0, 0, 0, 0, 0, 0, 1, 104]]}"
h-k5-mp-DD,heom,5,modified_plurality,RetentionPolicy.DD_RETENTION,1,10,9893,1099,0.001517300006526,0.3062170999983209,0.307734400004847,0.9899909008189264,0.9902097418191762,0.9901495535393036,0.9901602133115216,0.9900691733338396,0.9899909008189264,0.9900102109919025,"{""labels"": [""0"", ""1"", ""2"", ""3"", ""4"", ""5"", ""6"", ""7"", ""8"", ""9""], ""matrix"": [[114, 1, 0, 0, 0, 0, 0, 0, 0, 0], [0, 112, 2, 0, 0, 0, 0, 0, 0, 0], [0, 2, 112, 0, 0, 0, 0, 0, 0, 0], [0, 0, 0, 103, 0, 0, 0, 1, 0, 1], [0, 0, 0, 0, 114, 1, 0, 0, 0, 0], [0, 0, 0, 0, 0, 105, 0, 0, 0, 0], [0, 0, 0, 0, 0, 0, 106, 0, 0, 0], [0, 1, 1, 0, 0, 0, 0, 112, 0, 0], [0, 0, 0, 0, 0, 0, 0, 0, 105, 0], [0, 0, 0, 1, 0, 0, 0, 0, 0, 105]]}"
h-k5-mp-DD,heom,5,modified_plurality,RetentionPolicy.DD_RETENTION,2,10,9895,1097,0.0014730999973835,0.3042434000017238,0.3057164999991073,0.99179580674567,0.9917961712066236,0.9917369510733356,0.9917060496820364,0.9919185219739564,0.99179580674567,0.991798759811907,"{""labels"": [""0"", ""1"", ""2"", ""3"", ""4"", ""5"", ""6"", ""7"", ""8"", ""9""], ""matrix"": [[113, 0, 0, 0, 0, 0, 0, 0, 0, 1], [0, 114, 0, 0, 1, 0, 0, 0, 0, 0], [0, 0, 115, 0, 0, 0, 0, 0, 0, 0], [0, 0, 0, 104, 0, 1, 0, 0, 0, 0], [0, 0, 0, 0, 113, 1, 0, 0, 0, 0], [0, 0, 0, 0, 0, 105, 0, 0, 0, 0], [0, 0, 0, 0, 0, 0, 105, 0, 0, 0], [0, 1, 0, 0, 0, 0, 0, 113, 0, 0], [0, 0, 0, 0, 0, 0, 0, 0, 105, 0], [0, 1, 0, 1, 0, 2, 0, 0, 0, 101]]}"
h-k5-mp-DD,heom,5,modified_plurality,RetentionPolicy.DD_RETENTION,3,10,9892,1100,0.001660100002482,0.3044618999992963,0.3061220000017783,0.9918181818181818,0.9919295367212124,0.9919025825433148,0.9919115882544908,0.991843910806175,0.9918181818181818,0.9918267781788496,"{""labels"": [""0"", ""1"", ""2"", ""3"", ""4"", ""5"", ""6"", ""7"", ""8"", ""9""], ""matrix"": [[114, 0, 0, 0, 0, 0, 0, 0, 0, 0], [0, 111, 0, 2, 0, 0, 0, 1, 0, 0], [0, 0, 114, 0, 0, 0, 0, 1, 0, 0], [0, 1, 1, 103, 0, 0, 0, 0, 0, 0], [0, 0, 0, 0, 115, 0, 0, 0, 0, 0], [0, 0, 0, 1, 0, 104, 0, 0, 0, 0], [0, 0, 0, 0, 0, 0, 105, 0, 0, 0], [0, 2, 0, 0, 0, 0, 0, 113, 0, 0], [0, 0, 0, 0, 0, 0, 0, 0, 106, 0], [0, 0, 0, 0, 0, 0, 0, 0, 0, 106]]}"
h-k5-mp-DD,heom,5,modified_plurality,RetentionPolicy.DD_RETENTION,4,10,9894,1098,0.0016729999988456,0.3098989999998593,0.311571999998705,0.9927140255009108,0.9928589505568046,0.992713572281812,0.9927391029572306,0.9928091863876368,0.9927140255009108,0.9927134187223784,"{""labels"": [""0"", ""1"", ""2"", ""3"", ""4"", ""5"", ""6"", ""7"", ""8"", ""9""], ""matrix"": [[114, 0, 0, 0, 0, 0, 0, 0, 0, 0], [0, 112, 2, 1, 0, 0, 0, 0, 0, 0], [0, 0, 114, 0, 0, 0, 0, 0, 0, 0], [0, 0, 1, 104, 0, 0, 0, 0, 0, 0], [0, 0, 0, 0, 113, 1, 0, 0, 0, 0], [0, 0, 0, 1, 0, 105, 0, 0, 0, 0], [0, 0, 0, 0, 0, 0, 106, 0, 0, 0], [0, 0, 0, 0, 0, 0, 0, 114, 0, 0], [0, 0, 0, 0, 0, 0, 0, 0, 105, 0], [0, 0, 0, 0, 1, 0, 0, 1, 0, 103]]}"
h-k5-mp-DD,heom,5,modified_plurality,RetentionPolicy.DD_RETENTION,5,10,9894,1098,0.0015399999974761,0.3098668000020552,0.3114067999995313,0.9954462659380692,0.995431701969267,0.9954636591478696,0.9954308224477963,0.9954882320853772,0.9954462659380692,0.9954506554986672,"{""labels"": [""0"", ""1"", ""2"", ""3"", ""4"", ""5"", ""6"", ""7"", ""8"", ""9""], ""matrix"": [[114, 0, 0, 0, 0, 0, 0, 0, 0, 0], [0, 113, 0, 1, 0, 0, 0, 0, 0, 0], [0, 0, 114, 0, 0, 0, 0, 0, 0, 0], [0, 0, 0, 105, 0, 0, 0, 0, 0, 0], [0, 0, 0, 0, 113, 0, 0, 0, 0, 1], [0, 0, 0, 1, 0, 104, 0, 0, 0, 0], [0, 0, 0, 0, 0, 0, 108, 0, 0, 0], [0, 0, 1, 0, 0, 0, 0, 113, 0, 0], [0, 0, 0, 0, 0, 0, 0, 0, 105, 0], [0, 1, 0, 0, 0, 0, 0, 0, 0, 104]]}"
h-k5-mp-DD,heom,5,modified_plurality,RetentionPolicy.DD_RETENTION,6,10,9890,1102,0.0017360000056214,0.3028045999963069,0.3045406000019284,0.9927404718693283,0.9929055883721948,0.9927491753080692,0.9927794314436832,0.9928284331683358,0.9927404718693283,0.9927358924621112,"{""labels"": [""0"", ""1"", ""2"", ""3"", ""4"", ""5"", ""6"", ""7"", ""8"", ""9""], ""matrix"": [[114, 0, 0, 0, 0, 0, 0, 0, 0, 0], [0, 112, 2, 1, 0, 0, 0, 0, 0, 0], [0, 0, 114, 0, 0, 0, 0, 0, 0, 0], [0, 0, 0, 108, 0, 0, 0, 0, 0, 0], [0, 0, 0, 0, 113, 0, 0, 1, 0, 0], [0, 0, 0, 1, 0, 105, 0, 0, 0, 0], [0, 0, 0, 0, 0, 1, 104, 0, 0, 0], [0, 0, 0, 0, 0, 0, 0, 114, 0, 0], [0, 0, 0, 0, 0, 0, 0, 0, 105, 0], [0, 0, 0, 0, 2, 0, 0, 0, 0, 105]]}"
h-k5-mp-DD,heom,5,modified_plurality,RetentionPolicy.DD_RETENTION,7,10,9892,1100,0.0014851999949314,0.3047059000018635,0.3061910999967949,0.9927272727272728,0.99300171202501,0.992848692691532,0.9928976293326086,0.992790477403651,0.9927272727272728,0.9927307685987472,"{""labels"": [""0"", ""1"", ""2"", ""3"", ""4"", ""5"", ""6"", ""7"", ""8"", ""9""], ""matrix"": [[112, 0, 0, 0, 2, 0, 0, 0, 0, 0], [0, 112, 2, 0, 0, 0, 0, 0, 0, 0], [0, 1, 113, 0, 0, 0, 0, 0, 0, 0], [0, 0, 0, 107, 0, 0, 0, 0, 0, 0], [0, 0, 0, 0, 114, 0, 0, 0, 0, 0], [0, 0, 0, 0, 0, 106, 0, 0, 0, 0], [0, 0, 0, 0, 0, 0, 105, 0, 0, 0], [0, 0, 0, 1, 0, 0, 0, 114, 0, 0], [0, 0, 0, 0, 0, 0, 0, 1, 105, 0], [0, 0, 0, 0, 0, 0, 0, 1, 0, 104]]}"
h-k5-mp-DD,heom,5,modified_plurality,RetentionPolicy.DD_RETENTION,8,10,9894,1098,0.0017107000021496,0.309880200002226,0.3115909000043757,0.9927140255009108,0.9928650898477775,0.9926996737125832,0.9927357417011006,0.9928084457022006,0.9927140255009108,0.9927133273589156,"{""labels"": [""0"", ""1"", ""2"", ""3"", ""4"", ""5"", ""6"", ""7"", ""8"", ""9""], ""matrix"": [[113, 0, 0, 0, 0, 0, 1, 0, 0, 0], [0, 111, 1, 1, 0, 0, 0, 1, 0, 0], [0, 0, 115, 0, 0, 0, 0, 0, 0, 0], [0, 0, 0, 104, 1, 0, 0, 0, 0, 0], [0, 0, 0, 0, 114, 0, 0, 0, 0, 0], [0, 0, 0, 0, 0, 105, 0, 1, 0, 0], [0, 0, 0, 0, 0, 0, 105, 0, 0, 0], [0, 0, 0, 0, 0, 0, 0, 114, 0, 0], [0, 0, 0, 0, 0, 0, 0, 1, 105, 0], [0, 0, 0, 0, 0, 1, 0, 0, 0, 104]]}"
h-k5-mp-DD,heom,5,modified_plurality,RetentionPolicy.DD_RETENTION,9,10,9890,1102,0.0015244000023812,0.3056117000014637,0.307136100003845,0.9900181488203268,0.9900753721908035,0.9899675562984572,0.9899912125138104,0.9900704597005522,0.9900181488203268,0.9900130824147664,"{""labels"": [""0"", ""1"", ""2"", ""3"", ""4"", ""5"", ""6"", ""7"", ""8"", ""9""], ""matrix"": [[113, 0, 0, 0, 1, 0, 0, 0, 0, 1], [0, 112, 1, 1, 0, 0, 0, 0, 0, 0], [0, 0, 115, 0, 0, 0, 0, 0, 0, 0], [0, 0, 0, 104, 0, 0, 0, 0, 0, 1], [0, 0, 0, 0, 114, 1, 0, 0, 0, 0], [0, 0, 0, 0, 0, 105, 0, 0, 1, 0], [0, 0, 0, 0, 0, 0, 106, 0, 0, 0], [0, 0, 0, 0, 0, 0, 0, 114, 0, 0], [0, 0, 0, 0, 0, 0, 0, 1, 105, 0], [0, 1, 0, 0, 0, 0, 0, 2, 0, 103]]}"
h-k7-b-AR,heom,7,borda,RetentionPolicy.ALWAYS_RETAIN,0,10,9894,1098,0.0016756000040913,0.3217348999969545,0.3234105000010459,0.9963570127504554,0.9963725886382956,0.9962836336123329,0.9963156862133528,0.9963727017254732,0.9963570127504554,0.9963524713880836,"{""labels"": [""0"", ""1"", ""2"", ""3"", ""4"", ""5"", ""6"", ""7"", ""8"", ""9""], ""matrix"": [[115, 0, 0, 0, 0, 0, 0, 0, 0, 0], [0, 113, 1, 0, 0, 0, 0, 0, 0, 0], [0, 0, 114, 0, 0, 0, 0, 0, 0, 0], [0, 0, 0, 105, 0, 0, 0, 0, 0, 0], [0, 0, 0, 0, 115, 0, 0, 0, 0, 0], [0, 0, 0, 0, 0, 105, 0, 0, 0, 0], [0, 0, 0, 0, 0, 0, 105, 0, 0, 0], [0, 0, 0, 0, 0, 0, 0, 114, 0, 0], [1, 0, 0, 0, 0, 1, 0, 0, 104, 0], [0, 0, 0, 0, 0, 0, 0, 0, 1, 104]]}"
h-k7-b-AR,heom,7,borda,RetentionPolicy.ALWAYS_RETAIN,1,10,9893,1099,0.0015392000059364,0.3211671999961254,0.3227064000020618,0.991810737033667,0.992042301038086,0.9919039395042158,0.9919441881585762,0.9918907144667296,0.991810737033667,0.99182193516259,"{""labels"": [""0"", ""1"", ""2"", ""3"", ""4"", ""5"", ""6"", ""7"", ""8"", ""9""], ""matrix"": [[114, 1, 0, 0, 0, 0, 0, 0, 0, 0], [0, 113, 1, 0, 0, 0, 0, 0, 0, 0], [0, 1, 113, 0, 0, 0, 0, 0, 0, 0], [0, 0, 0, 103, 0, 0, 0, 1, 0, 1], [0, 0, 0, 0, 114, 1, 0, 0, 0, 0], [0, 0, 0, 0, 0, 105, 0, 0, 0, 0], [0, 0, 0, 0, 0, 0, 105, 1, 0, 0], [0, 1, 1, 0, 0, 0, 0, 112, 0, 0], [0, 0, 0, 0, 0, 0, 0, 0, 105, 0], [0, 0, 0, 0, 0, 0, 0, 0, 0, 106]]}"
h-k7-b-AR,heom,7,borda,RetentionPolicy.ALWAYS_RETAIN,2,10,9895,1097,0.001515299998573,0.3217007000057492,0.3232160000043222,0.9936189608021878,0.9935598370486508,0.9935665250081728,0.9935287877114956,0.9936851517864896,0.9936189608021878,0.993618663729355,"{""labels"": [""0"", ""1"", ""2"", ""3"", ""4"", ""5"", ""6"", ""7"", ""8"", ""9""], ""matrix"": [[113, 0, 0, 0, 0, 0, 0, 0, 0, 1], [0, 114, 0, 0, 1, 0, 0, 0, 0, 0], [0, 0, 115, 0, 0, 0, 0, 0, 0, 0], [0, 0, 0, 104, 0, 1, 0, 0, 0, 0], [0, 0, 0, 0, 114, 0, 0, 0, 0, 0], [0, 0, 0, 0, 0, 105, 0, 0, 0, 0], [0, 0, 0, 0, 0, 0, 105, 0, 0, 0], [0, 1, 0, 0, 0, 0, 0, 113, 0, 0], [0, 0, 0, 0, 0, 0, 0, 0, 105, 0], [0, 0, 0, 1, 0, 2, 0, 0, 0, 102]]}"
h-k7-b-AR,heom,7,borda,RetentionPolicy.ALWAYS_RETAIN,3,10,9892,1100,0.0019240000037825,0.3198827000014717,0.3218067000052542,0.990909090909091,0.9909374358204724,0.9909578293559986,0.9909224688600252,0.9909594375609592,0.990909090909091,0.9909093645120148,"{""labels"": [""0"", ""1"", ""2"", ""3"", ""4"", ""5"", ""6"", ""7"", ""8"", ""9""], ""matrix"": [[114, 0, 0, 0, 0, 0, 0, 0, 0, 0], [0, 112, 0, 2, 0, 0, 0, 0, 0, 0], [0, 0, 114, 0, 0, 0, 0, 1, 0, 0], [0, 1, 1, 103, 0, 0, 0, 0, 0, 0], [0, 0, 0, 0, 115, 0, 0, 0, 0, 0], [0, 0, 0, 1, 0, 103, 0, 0, 0, 1], [0, 0, 0, 0, 0, 0, 105, 0, 0, 0], [0, 2, 0, 0, 0, 0, 0, 112, 1, 0], [0, 0, 0, 0, 0, 0, 0, 0, 106, 0], [0, 0, 0, 0, 0, 0, 0, 0, 0, 106]]}"
h-k7-b-AR,heom,7,borda,RetentionPolicy.ALWAYS_RETAIN,4,10,9894,1098,0.0014900000023772,0.3145438999999896,0.3160339000023668,0.9954462659380692,0.995584350681802,0.9953298956990508,0.995432538051278,0.9954935100755634,0.9954462659380692,0.995445258657036,"{""labels"": [""0"", ""1"", ""2"", ""3"", ""4"", ""5"", ""6"", ""7"", ""8"", ""9""], ""matrix"": [[114, 0, 0, 0, 0, 0, 0, 0, 0, 0], [0, 114, 1, 0, 0, 0, 0, 0, 0, 0], [0, 0, 114, 0, 0, 0, 0, 0, 0, 0], [0, 0, 1, 104, 0, 0, 0, 0, 0, 0], [0, 0, 0, 0, 114, 0, 0, 0, 0, 0], [0, 0, 0, 1, 0, 105, 0, 0, 0, 0], [0, 0, 0, 0, 0, 0, 106, 0, 0, 0], [0, 0, 0, 0, 0, 0, 0, 114, 0, 0], [0, 0, 0, 0, 0, 0, 0, 0, 105, 0], [0, 0, 0, 0, 1, 0, 0, 1, 0, 103]]}"
h-k7-b-AR,heom,7,borda,RetentionPolicy.ALWAYS_RETAIN,5,10,9894,1098,0.0018342999974265,0.3164894000001368,0.3183236999975634,0.9954462659380692,0.9954393297343318,0.9954636591478696,0.9954346529848376,0.995496151622876,0.9954462659380692,0.995454632558983,"{""labels"": [""0"", ""1"", ""2"", ""3"", ""4"", ""5"", ""6"", ""7"", ""8"", ""9""], ""matrix"": [[114, 0, 0, 0, 0, 0, 0, 0, 0, 0], [0, 113, 0, 1, 0, 0, 0, 0, 0, 0], [0, 0, 114, 0, 0, 0, 0, 0, 0, 0], [0, 0, 0, 105, 0, 0, 0, 0, 0, 0], [0, 0, 0, 0, 113, 0, 0, 0, 0, 1], [0, 0, 0, 1, 0, 104, 0, 0, 0, 0], [0, 0, 0, 0, 0, 0, 108, 0, 0, 0], [0, 1, 0, 0, 0, 0, 0, 113, 0, 0], [0, 0, 0, 0, 0, 0, 0, 0, 105, 0], [0, 1, 0, 0, 0, 0, 0, 0, 0, 104]]}"
h-k7-b-AR,heom,7,borda,RetentionPolicy.ALWAYS_RETAIN,6,10,9890,1102,0.0015100000018719,0.3198812999980873,0.3213912999999593,0.9936479128856625,0.993806338997716,0.9936187405254608,0.9936804260638836,0.9937112014764692,0.9936479128856625,0.993647128119335,"{""labels"": [""0"", ""1"", ""2"", ""3"", ""4"", ""5"", ""6"", ""7"", ""8"", ""9""], ""matrix"": [[114, 0, 0, 0, 0, 0, 0, 0, 0, 0], [0, 113, 2, 0, 0, 0, 0, 0, 0, 0], [0, 0, 114, 0, 0, 0, 0, 0, 0, 0], [0, 0, 0, 108, 0, 0, 0, 0, 0, 0], [0, 0, 0, 0, 113, 0, 0, 1, 0, 0], [0, 0, 0, 1, 0, 105, 0, 0, 0, 0], [0, 0, 0, 0, 0, 1, 104, 0, 0, 0], [0, 0, 0, 0, 0, 0, 0, 114, 0, 0], [0, 0, 0, 0, 0, 0, 0, 0, 105, 0], [0, 0, 0, 0, 2, 0, 0, 0, 0, 105]]}"
h-k7-b-AR,heom,7,borda,RetentionPolicy.ALWAYS_RETAIN,7,10,9892,1100,0.0017405999969923,0.3168283000049996,0.318568900001992,0.9936363636363637,0.9939423741725688,0.9937182579089232,0.9937993779448624,0.9937065568542132,0.9936363636363637,0.9936396791458074,"{""labels"": [""0"", ""1"", ""2"", ""3"", ""4"", ""5"", ""6"", ""7"", ""8"", ""9""], ""matrix"": [[112, 0, 0, 0, 2, 0, 0, 0, 0, 0], [0, 112, 2, 0, 0, 0, 0, 0, 0, 0], [0, 1, 113, 0, 0, 0, 0, 0, 0, 0], [0, 0, 0, 107, 0, 0, 0, 0, 0, 0], [0, 0, 0, 0, 114, 0, 0, 0, 0, 0], [0, 0, 0, 0, 0, 106, 0, 0, 0, 0], [0, 0, 0, 0, 0, 0, 105, 0, 0, 0], [0, 0, 0, 0, 0, 0, 0, 115, 0, 0], [0, 0, 0, 0, 0, 0, 0, 1, 105, 0], [0, 0, 0, 0, 0, 0, 0, 1, 0, 104]]}"
h-k7-b-AR,heom,7,borda,RetentionPolicy.ALWAYS_RETAIN,8,10,9894,1098,0.0015952000030665,0.3224346999995759,0.3240299000026425,0.994535519125683,0.9946574354332268,0.9944540596774956,0.994531594534242,0.9945912869423624,0.994535519125683,0.9945390287660412,"{""labels"": [""0"", ""1"", ""2"", ""3"", ""4"", ""5"", ""6"", ""7"", ""8"", ""9""], ""matrix"": [[113, 0, 0, 0, 0, 0, 1, 0, 0, 0], [0, 113, 1, 0, 0, 0, 0, 0, 0, 0], [0, 0, 115, 0, 0, 0, 0, 0, 0, 0], [0, 0, 0, 104, 1, 0, 0, 0, 0, 0], [0, 0, 0, 0, 114, 0, 0, 0, 0, 0], [0, 0, 0, 0, 0, 105, 0, 1, 0, 0], [0, 0, 0, 0, 0, 0, 105, 0, 0, 0], [0, 0, 0, 0, 0, 0, 0, 114, 0, 0], [0, 0, 0, 0, 0, 0, 0, 1, 105, 0], [0, 0, 0, 0, 0, 1, 0, 0, 0, 104]]}"
h-k7-b-AR,heom,7,borda,RetentionPolicy.ALWAYS_RETAIN,9,10,9890,1102,0.0015611999988323,0.3215404000002309,0.3231015999990632,0.9927404718693283,0.9927779712934676,0.992723913968679,0.992719894559564,0.9927958892307835,0.9927404718693283,0.9927362803255448,"{""labels"": [""0"", ""1"", ""2"", ""3"", ""4"", ""5"", ""6"", ""7"", ""8"", ""9""], ""matrix"": [[113, 0, 0, 0, 1, 0, 0, 0, 0, 1], [0, 112, 1, 1, 0, 0, 0, 0, 0, 0], [0, 0, 115, 0, 0, 0, 0, 0, 0, 0], [0, 0, 0, 104, 0, 0, 0, 0, 0, 1], [0, 0, 0, 0, 115, 0, 0, 0, 0, 0], [0, 0, 0, 0, 0, 105, 0, 0, 1, 0], [0, 0, 0, 0, 0, 0, 106, 0, 0, 0], [0, 0, 0, 0, 0, 0, 0, 114, 0, 0], [0, 0, 0, 0, 0, 0, 0, 0, 106, 0], [0, 0, 0, 0, 0, 0, 0, 2, 0, 104]]}"
h-k7-b-NR,heom,7,borda,RetentionPolicy.NEVER_RETAIN,0,10,9894,1098,0.0017539000036776,0.2795164999988628,0.2812704000025405,0.9954462659380692,0.9954468259862056,0.9954140683949416,0.9954095424135196,0.9954874095718356,0.9954462659380692,0.995446169828798,"{""labels"": [""0"", ""1"", ""2"", ""3"", ""4"", ""5"", ""6"", ""7"", ""8"", ""9""], ""matrix"": [[115, 0, 0, 0, 0, 0, 0, 0, 0, 0], [0, 113, 1, 0, 0, 0, 0, 0, 0, 0], [0, 0, 114, 0, 0, 0, 0, 0, 0, 0], [0, 0, 0, 105, 0, 0, 0, 0, 0, 0], [0, 0, 0, 0, 114, 1, 0, 0, 0, 0], [0, 0, 0, 0, 0, 105, 0, 0, 0, 0], [0, 0, 0, 0, 0, 0, 105, 0, 0, 0], [0, 0, 0, 0, 0, 0, 0, 114, 0, 0], [1, 0, 0, 0, 0, 1, 0, 0, 104, 0], [0, 0, 0, 0, 0, 0, 0, 0, 1, 104]]}"
h-k7-b-NR,heom,7,borda,RetentionPolicy.NEVER_RETAIN,1,10,9893,1099,0.0014542999997502,0.281069299999217,0.2825235999989672,0.9927206551410374,0.992911731250786,0.9928473357306308,0.9928509218696938,0.9927925802014682,0.9927206551410374,0.992727996799288,"{""labels"": [""0"", ""1"", ""2"", ""3"", ""4"", ""5"", ""6"", ""7"", ""8"", ""9""], ""matrix"": [[114, 1, 0, 0, 0, 0, 0, 0, 0, 0], [0, 113, 1, 0, 0, 0, 0, 0, 0, 0], [0, 1, 113, 0, 0, 0, 0, 0, 0, 0], [0, 0, 0, 103, 0, 0, 0, 1, 0, 1], [0, 0, 0, 0, 114, 1, 0, 0, 0, 0], [0, 0, 0, 0, 0, 105, 0, 0, 0, 0], [0, 0, 0, 0, 0, 0, 106, 0, 0, 0], [0, 1, 1, 0, 0, 0, 0, 112, 0, 0], [0, 0, 0, 0, 0, 0, 0, 0, 105, 0], [0, 0, 0, 0, 0, 0, 0, 0, 0, 106]]}"
h-k7-b-NR,heom,7,borda,RetentionPolicy.NEVER_RETAIN,2,10,9895,1097,0.001441699998395,0.2862042999986443,0.2876459999970393,0.9936189608021878,0.9935598370486508,0.9935665250081728,0.9935287877114956,0.9936851517864896,0.9936189608021878,0.993618663729355,"{""labels"": [""0"", ""1"", ""2"", ""3"", ""4"", ""5"", ""6"", ""7"", ""8"", ""9""], ""matrix"": [[113, 0, 0, 0, 0, 0, 0, 0, 0, 1], [0, 114, 0, 0, 1, 0, 0, 0, 0, 0], [0, 0, 115, 0, 0, 0, 0, 0, 0, 0], [0, 0, 0, 104, 0, 1, 0, 0, 0, 0], [0, 0, 0, 0, 114, 0, 0, 0, 0, 0], [0, 0, 0, 0, 0, 105, 0, 0, 0, 0], [0, 0, 0, 0, 0, 0, 105, 0, 0, 0], [0, 1, 0, 0, 0, 0, 0, 113, 0, 0], [0, 0, 0, 0, 0, 0, 0, 0, 105, 0], [0, 0, 0, 1, 0, 2, 0, 0, 0, 102]]}"
h-k7-b-NR,heom,7,borda,RetentionPolicy.NEVER_RETAIN,3,10,9892,1100,0.0014461000027949,0.2781216999937896,0.2795677999965846,0.9918181818181818,0.9918720152597248,0.9919102103083796,0.991875021990117,0.9918600322933294,0.9918181818181818,0.9918228878049944,"{""labels"": [""0"", ""1"", ""2"", ""3"", ""4"", ""5"", ""6"", ""7"", ""8"", ""9""], ""matrix"": [[114, 0, 0, 0, 0, 0, 0, 0, 0, 0], [0, 112, 0, 2, 0, 0, 0, 0, 0, 0], [0, 0, 114, 0, 0, 0, 0, 1, 0, 0], [0, 1, 1, 103, 0, 0, 0, 0, 0, 0], [0, 0, 0, 0, 115, 0, 0, 0, 0, 0], [0, 0, 0, 1, 0, 104, 0, 0, 0, 0], [0, 0, 0, 0, 0, 0, 105, 0, 0, 0], [0, 2, 0, 0, 0, 0, 0, 112, 1, 0], [0, 0, 0, 0, 0, 0, 0, 0, 106, 0], [0, 0, 0, 0, 0, 0, 0, 0, 0, 106]]}"
h-k7-b-NR,heom,7,borda,RetentionPolicy.NEVER_RETAIN,4,10,9894,1098,0.001583400000527,0.2831302999984473,0.2847136999989743,0.994535519125683,0.994744386048734,0.9944603304816594,0.9945628902102192,0.9946214156477878,0.994535519125683,0.9945383336512034,"{""labels"": [""0"", ""1"", ""2"", ""3"", ""4"", ""5"", ""6"", ""7"", ""8"", ""9""], ""matrix"": [[114, 0, 0, 0, 0, 0, 0, 0, 0, 0], [0, 113, 2, 0, 0, 0, 0, 0, 0, 0], [0, 0, 114, 0, 0, 0, 0, 0, 0, 0], [0, 0, 1, 104, 0, 0, 0, 0, 0, 0], [0, 0, 0, 0, 114, 0, 0, 0, 0, 0], [0, 0, 0, 1, 0, 105, 0, 0, 0, 0], [0, 0, 0, 0, 0, 0, 106, 0, 0, 0], [0, 0, 0, 0, 0, 0, 0, 114, 0, 0], [0, 0, 0, 0, 0, 0, 0, 0, 105, 0], [0, 0, 0, 0, 1, 0, 0, 1, 0, 103]]}"
h-k7-b-NR,heom,7,borda,RetentionPolicy.NEVER_RETAIN,5,10,9894,1098,0.0014835999973001,0.2814517000006162,0.2829352999979164,0.9963570127504554,0.9963650923864212,0.9963408521303256,0.9963407967846712,0.9963814437765136,0.9963570127504554,0.996356957057953,"{""labels"": [""0"", ""1"", ""2"", ""3"", ""4"", ""5"", ""6"", ""7"", ""8"", ""9""], ""matrix"": [[114, 0, 0, 0, 0, 0, 0, 0, 0, 0], [0, 114, 0, 0, 0, 0, 0, 0, 0, 0], [0, 0, 114, 0, 0, 0, 0, 0, 0, 0], [0, 0, 0, 105, 0, 0, 0, 0, 0, 0], [0, 0, 0, 0, 113, 0, 0, 0, 0, 1], [0, 0, 0, 1, 0, 104, 0, 0, 0, 0], [0, 0, 0, 0, 0, 0, 108, 0, 0, 0], [0, 0, 1, 0, 0, 0, 0, 113, 0, 0], [0, 0, 0, 0, 0, 0, 0, 0, 105, 0], [0, 1, 0, 0, 0, 0, 0, 0, 0, 104]]}"
h-k7-b-NR,heom,7,borda,RetentionPolicy.NEVER_RETAIN,6,10,9890,1102,0.0016580000010435,0.2807106000036583,0.2823686000047019,0.9936479128856625,0.993806338997716,0.9936187405254608,0.9936804260638836,0.9937112014764692,0.9936479128856625,0.993647128119335,"{""labels"": [""0"", ""1"", ""2"", ""3"", ""4"", ""5"", ""6"", ""7"", ""8"", ""9""], ""matrix"": [[114, 0, 0, 0, 0, 0, 0, 0, 0, 0], [0, 113, 2, 0, 0, 0, 0, 0, 0, 0], [0, 0, 114, 0, 0, 0, 0, 0, 0, 0], [0, 0, 0, 108, 0, 0, 0, 0, 0, 0], [0, 0, 0, 0, 113, 0, 0, 1, 0, 0], [0, 0, 0, 1, 0, 105, 0, 0, 0, 0], [0, 0, 0, 0, 0, 1, 104, 0, 0, 0], [0, 0, 0, 0, 0, 0, 0, 114, 0, 0], [0, 0, 0, 0, 0, 0, 0, 0, 105, 0], [0, 0, 0, 0, 2, 0, 0, 0, 0, 105]]}"
h-k7-b-NR,heom,7,borda,RetentionPolicy.NEVER_RETAIN,7,10,9892,1100,0.0019059999976889,0.2806542000034824,0.2825602000011713,0.9936363636363637,0.9939423741725688,0.9937182579089232,0.9937993779448624,0.9937065568542132,0.9936363636363637,0.9936396791458074,"{""labels"": [""0"", ""1"", ""2"", ""3"", ""4"", ""5"", ""6"", ""7"", ""8"", ""9""], ""matrix"": [[112, 0, 0, 0, 2, 0, 0, 0, 0, 0], [0, 112, 2, 0, 0, 0, 0, 0, 0, 0], [0, 1, 113, 0, 0, 0, 0, 0, 0, 0], [0, 0, 0, 107, 0, 0, 0, 0, 0, 0], [0, 0, 0, 0, 114, 0, 0, 0, 0, 0], [0, 0, 0, 0, 0, 106, 0, 0, 0, 0], [0, 0, 0, 0, 0, 0, 105, 0, 0, 0], [0, 0, 0, 0, 0, 0, 0, 115, 0, 0], [0, 0, 0, 0, 0, 0, 0, 1, 105, 0], [0, 0, 0, 0, 0, 0, 0, 1, 0, 104]]}"
h-k7-b-NR,heom,7,borda,RetentionPolicy.NEVER_RETAIN,8,10,9894,1098,0.0015357000011135,0.2823426000031759,0.2838783000042895,0.994535519125683,0.9946574354332268,0.9944540596774956,0.994531594534242,0.9945912869423624,0.994535519125683,0.9945390287660412,"{""labels"": [""0"", ""1"", ""2"", ""3"", ""4"", ""5"", ""6"", ""7"", ""8"", ""9""], ""matrix"": [[113, 0, 0, 0, 0, 0, 1, 0, 0, 0], [0, 113, 1, 0, 0, 0, 0, 0, 0, 0], [0, 0, 115, 0, 0, 0, 0, 0, 0, 0], [0, 0, 0, 104, 1, 0, 0, 0, 0, 0], [0, 0, 0, 0, 114, 0, 0, 0, 0, 0], [0, 0, 0, 0, 0, 105, 0, 1, 0, 0], [0, 0, 0, 0, 0, 0, 105, 0, 0, 0], [0, 0, 0, 0, 0, 0, 0, 114, 0, 0], [0, 0, 0, 0, 0, 0, 0, 1, 105, 0], [0, 0, 0, 0, 0, 1, 0, 0, 0, 104]]}"
h-k7-b-NR,heom,7,borda,RetentionPolicy.NEVER_RETAIN,9,10,9890,1102,0.0014220000011846,0.2860196000037831,0.2874416000049677,0.9927404718693283,0.9927779712934676,0.992723913968679,0.992719894559564,0.9927958892307835,0.9927404718693283,0.9927362803255448,"{""labels"": [""0"", ""1"", ""2"", ""3"", ""4"", ""5"", ""6"", ""7"", ""8"", ""9""], ""matrix"": [[113, 0, 0, 0, 1, 0, 0, 0, 0, 1], [0, 112, 1, 1, 0, 0, 0, 0, 0, 0], [0, 0, 115, 0, 0, 0, 0, 0, 0, 0], [0, 0, 0, 104, 0, 0, 0, 0, 0, 1], [0, 0, 0, 0, 115, 0, 0, 0, 0, 0], [0, 0, 0, 0, 0, 105, 0, 0, 1, 0], [0, 0, 0, 0, 0, 0, 106, 0, 0, 0], [0, 0, 0, 0, 0, 0, 0, 114, 0, 0], [0, 0, 0, 0, 0, 0, 0, 0, 106, 0], [0, 0, 0, 0, 0, 0, 0, 2, 0, 104]]}"
h-k7-b-DC,heom,7,borda,RetentionPolicy.DIFFERENT_CLASS_RETENTION,0,10,9894,1098,0.0017158000046038,0.2861097999993944,0.2878256000039982,0.9954462659380692,0.9954468259862056,0.9954140683949416,0.9954095424135196,0.9954874095718356,0.9954462659380692,0.995446169828798,"{""labels"": [""0"", ""1"", ""2"", ""3"", ""4"", ""5"", ""6"", ""7"", ""8"", ""9""], ""matrix"": [[115, 0, 0, 0, 0, 0, 0, 0, 0, 0], [0, 113, 1, 0, 0, 0, 0, 0, 0, 0], [0, 0, 114, 0, 0, 0, 0, 0, 0, 0], [0, 0, 0, 105, 0, 0, 0, 0, 0, 0], [0, 0, 0, 0, 114, 1, 0, 0, 0, 0], [0, 0, 0, 0, 0, 105, 0, 0, 0, 0], [0, 0, 0, 0, 0, 0, 105, 0, 0, 0], [0, 0, 0, 0, 0, 0, 0, 114, 0, 0], [1, 0, 0, 0, 0, 1, 0, 0, 104, 0], [0, 0, 0, 0, 0, 0, 0, 0, 1, 104]]}"
h-k7-b-DC,heom,7,borda,RetentionPolicy.DIFFERENT_CLASS_RETENTION,1,10,9893,1099,0.0015514000042458,0.2851783000005525,0.2867297000047983,0.9927206551410374,0.992911731250786,0.9928473357306308,0.9928509218696938,0.9927925802014682,0.9927206551410374,0.992727996799288,"{""labels"": [""0"", ""1"", ""2"", ""3"", ""4"", ""5"", ""6"", ""7"", ""8"", ""9""], ""matrix"": [[114, 1, 0, 0, 0, 0, 0, 0, 0, 0], [0, 113, 1, 0, 0, 0, 0, 0, 0, 0], [0, 1, 113, 0, 0, 0, 0, 0, 0, 0], [0, 0, 0, 103, 0, 0, 0, 1, 0, 1], [0, 0, 0, 0, 114, 1, 0, 0, 0, 0], [0, 0, 0, 0, 0, 105, 0, 0, 0, 0], [0, 0, 0, 0, 0, 0, 106, 0, 0, 0], [0, 1, 1, 0, 0, 0, 0, 112, 0, 0], [0, 0, 0, 0, 0, 0, 0, 0, 105, 0], [0, 0, 0, 0, 0, 0, 0, 0, 0, 106]]}"
h-k7-b-DC,heom,7,borda,RetentionPolicy.DIFFERENT_CLASS_RETENTION,2,10,9895,1097,0.0016350999940186,0.282809600001201,0.2844446999952197,0.9936189608021878,0.9935598370486508,0.9935665250081728,0.9935287877114956,0.9936851517864896,0.9936189608021878,0.993618663729355,"{""labels"": [""0"", ""1"", ""2"", ""3"", ""4"", ""5"", ""6"", ""7"", ""8"", ""9""], ""matrix"": [[113, 0, 0, 0, 0, 0, 0, 0, 0, 1], [0, 114, 0, 0, 1, 0, 0, 0, 0, 0], [0, 0, 115, 0, 0, 0, 0, 0, 0, 0], [0, 0, 0, 104, 0, 1, 0, 0, 0, 0], [0, 0, 0, 0, 114, 0, 0, 0, 0, 0], [0, 0, 0, 0, 0, 105, 0, 0, 0, 0], [0, 0, 0, 0, 0, 0, 105, 0, 0, 0], [0, 1, 0, 0, 0, 0, 0, 113, 0, 0], [0, 0, 0, 0, 0, 0, 0, 0, 105, 0], [0, 0, 0, 1, 0, 2, 0, 0, 0, 102]]}"
h-k7-b-DC,heom,7,borda,RetentionPolicy.DIFFERENT_CLASS_RETENTION,3,10,9892,1100,0.0015217999971355,0.2846016000039526,0.2861234000010881,0.9918181818181818,0.9918720152597248,0.9919102103083796,0.991875021990117,0.9918600322933294,0.9918181818181818,0.9918228878049944,"{""labels"": [""0"", ""1"", ""2"", ""3"", ""4"", ""5"", ""6"", ""7"", ""8"", ""9""], ""matrix"": [[114, 0, 0, 0, 0, 0, 0, 0, 0, 0], [0, 112, 0, 2, 0, 0, 0, 0, 0, 0], [0, 0, 114, 0, 0, 0, 0, 1, 0, 0], [0, 1, 1, 103, 0, 0, 0, 0, 0, 0], [0, 0, 0, 0, 115, 0, 0, 0, 0, 0], [0, 0, 0, 1, 0, 104, 0, 0, 0, 0], [0, 0, 0, 0, 0, 0, 105, 0, 0, 0], [0, 2, 0, 0, 0, 0, 0, 112, 1, 0], [0, 0, 0, 0, 0, 0, 0, 0, 106, 0], [0, 0, 0, 0, 0, 0, 0, 0, 0, 106]]}"
h-k7-b-DC,heom,7,borda,RetentionPolicy.DIFFERENT_CLASS_RETENTION,4,10,9894,1098,0.0015064000035636,0.2854102999990573,0.2869167000026209,0.994535519125683,0.994744386048734,0.9944603304816594,0.9945628902102192,0.9946214156477878,0.994535519125683,0.9945383336512034,"{""labels"": [""0"", ""1"", ""2"", ""3"", ""4"", ""5"", ""6"", ""7"", ""8"", ""9""], ""matrix"": [[114, 0, 0, 0, 0, 0, 0, 0, 0, 0], [0, 113, 2, 0, 0, 0, 0, 0, 0, 0], [0, 0, 114, 0, 0, 0, 0, 0, 0, 0], [0, 0, 1, 104, 0, 0, 0, 0, 0, 0], [0, 0, 0, 0, 114, 0, 0, 0, 0, 0], [0, 0, 0, 1, 0, 105, 0, 0, 0, 0], [0, 0, 0, 0, 0, 0, 106, 0, 0, 0], [0, 0, 0, 0, 0, 0, 0, 114, 0, 0], [0, 0, 0, 0, 0, 0, 0, 0, 105, 0], [0, 0, 0, 0, 1, 0, 0, 1, 0, 103]]}"
h-k7-b-DC,heom,7,borda,RetentionPolicy.DIFFERENT_CLASS_RETENTION,5,10,9894,1098,0.0019000000029336,0.2848422999959439,0.2867422999988775,0.9963570127504554,0.9963650923864212,0.9963408521303256,0.9963407967846712,0.9963814437765136,0.9963570127504554,0.996356957057953,"{""labels"": [""0"", ""1"", ""2"", ""3"", ""4"", ""5"", ""6"", ""7"", ""8"", ""9""], ""matrix"": [[114, 0, 0, 0, 0, 0, 0, 0, 0, 0], [0, 114, 0, 0, 0, 0, 0, 0, 0, 0], [0, 0, 114, 0, 0, 0, 0, 0, 0, 0], [0, 0, 0, 105, 0, 0, 0, 0, 0, 0], [0, 0, 0, 0, 113, 0, 0, 0, 0, 1], [0, 0, 0, 1, 0, 104, 0, 0, 0, 0], [0, 0, 0, 0, 0, 0, 108, 0, 0, 0], [0, 0, 1, 0, 0, 0, 0, 113, 0, 0], [0, 0, 0, 0, 0, 0, 0, 0, 105, 0], [0, 1, 0, 0, 0, 0, 0, 0, 0, 104]]}"
h-k7-b-DC,heom,7,borda,RetentionPolicy.DIFFERENT_CLASS_RETENTION,6,10,9890,1102,0.0015130000028875,0.2825995999955921,0.2841125999984797,0.9945553539019965,0.9946682764500424,0.994553319964713,0.9945871894078896,0.9946028609099103,0.9945553539019965,0.994555055819955,"{""labels"": [""0"", ""1"", ""2"", ""3"", ""4"", ""5"", ""6"", ""7"", ""8"", ""9""], ""matrix"": [[114, 0, 0, 0, 0, 0, 0, 0, 0, 0], [0, 113, 2, 0, 0, 0, 0, 0, 0, 0], [0, 0, 114, 0, 0, 0, 0, 0, 0, 0], [0, 0, 0, 108, 0, 0, 0, 0, 0, 0], [0, 0, 0, 0, 113, 0, 0, 1, 0, 0], [0, 0, 0, 1, 0, 105, 0, 0, 0, 0], [0, 0, 0, 0, 0, 1, 104, 0, 0, 0], [0, 0, 0, 0, 0, 0, 0, 114, 0, 0], [0, 0, 0, 0, 0, 0, 0, 0, 105, 0], [0, 0, 0, 0, 1, 0, 0, 0, 0, 106]]}"
h-k7-b-DC,heom,7,borda,RetentionPolicy.DIFFERENT_CLASS_RETENTION,7,10,9892,1100,0.0015428999977302,0.2847573000035481,0.2863002000012784,0.9936363636363637,0.9939423741725688,0.9937182579089232,0.9937993779448624,0.9937065568542132,0.9936363636363637,0.9936396791458074,"{""labels"": [""0"", ""1"", ""2"", ""3"", ""4"", ""5"", ""6"", ""7"", ""8"", ""9""], ""matrix"": [[112, 0, 0, 0, 2, 0, 0, 0, 0, 0], [0, 112, 2, 0, 0, 0, 0, 0, 0, 0], [0, 1, 113, 0, 0, 0, 0, 0, 0, 0], [0, 0, 0, 107, 0, 0, 0, 0, 0, 0], [0, 0, 0, 0, 114, 0, 0, 0, 0, 0], [0, 0, 0, 0, 0, 106, 0, 0, 0, 0], [0, 0, 0, 0, 0, 0, 105, 0, 0, 0], [0, 0, 0, 0, 0, 0, 0, 115, 0, 0], [0, 0, 0, 0, 0, 0, 0, 1, 105, 0], [0, 0, 0, 0, 0, 0, 0, 1, 0, 104]]}"
h-k7-b-DC,heom,7,borda,RetentionPolicy.DIFFERENT_CLASS_RETENTION,8,10,9894,1098,0.0016527999978279,0.2841970000008587,0.2858497999986866,0.994535519125683,0.9946574354332268,0.9944540596774956,0.994531594534242,0.9945912869423624,0.994535519125683,0.9945390287660412,"{""labels"": [""0"", ""1"", ""2"", ""3"", ""4"", ""5"", ""6"", ""7"", ""8"", ""9""], ""matrix"": [[113, 0, 0, 0, 0, 0, 1, 0, 0, 0], [0, 113, 1, 0, 0, 0, 0, 0, 0, 0], [0, 0, 115, 0, 0, 0, 0, 0, 0, 0], [0, 0, 0, 104, 1, 0, 0, 0, 0, 0], [0, 0, 0, 0, 114, 0, 0, 0, 0, 0], [0, 0, 0, 0, 0, 105, 0, 1, 0, 0], [0, 0, 0, 0, 0, 0, 105, 0, 0, 0], [0, 0, 0, 0, 0, 0, 0, 114, 0, 0], [0, 0, 0, 0, 0, 0, 0, 1, 105, 0], [0, 0, 0, 0, 0, 1, 0, 0, 0, 104]]}"
h-k7-b-DC,heom,7,borda,RetentionPolicy.DIFFERENT_CLASS_RETENTION,9,10,9890,1102,0.001939100002346,0.282595399999991,0.2845345000023371,0.9927404718693283,0.9927779712934676,0.992723913968679,0.992719894559564,0.9927958892307835,0.9927404718693283,0.9927362803255448,"{""labels"": [""0"", ""1"", ""2"", ""3"", ""4"", ""5"", ""6"", ""7"", ""8"", ""9""], ""matrix"": [[113, 0, 0, 0, 1, 0, 0, 0, 0, 1], [0, 112, 1, 1, 0, 0, 0, 0, 0, 0], [0, 0, 115, 0, 0, 0, 0, 0, 0, 0], [0, 0, 0, 104, 0, 0, 0, 0, 0, 1], [0, 0, 0, 0, 115, 0, 0, 0, 0, 0], [0, 0, 0, 0, 0, 105, 0, 0, 1, 0], [0, 0, 0, 0, 0, 0, 106, 0, 0, 0], [0, 0, 0, 0, 0, 0, 0, 114, 0, 0], [0, 0, 0, 0, 0, 0, 0, 0, 106, 0], [0, 0, 0, 0, 0, 0, 0, 2, 0, 104]]}"
h-k7-b-DD,heom,7,borda,RetentionPolicy.DD_RETENTION,0,10,9894,1098,0.0014664999980595,0.2904766999999992,0.2919431999980588,0.9954462659380692,0.9954468259862056,0.9954140683949416,0.9954095424135196,0.9954874095718356,0.9954462659380692,0.995446169828798,"{""labels"": [""0"", ""1"", ""2"", ""3"", ""4"", ""5"", ""6"", ""7"", ""8"", ""9""], ""matrix"": [[115, 0, 0, 0, 0, 0, 0, 0, 0, 0], [0, 113, 1, 0, 0, 0, 0, 0, 0, 0], [0, 0, 114, 0, 0, 0, 0, 0, 0, 0], [0, 0, 0, 105, 0, 0, 0, 0, 0, 0], [0, 0, 0, 0, 114, 1, 0, 0, 0, 0], [0, 0, 0, 0, 0, 105, 0, 0, 0, 0], [0, 0, 0, 0, 0, 0, 105, 0, 0, 0], [0, 0, 0, 0, 0, 0, 0, 114, 0, 0], [1, 0, 0, 0, 0, 1, 0, 0, 104, 0], [0, 0, 0, 0, 0, 0, 0, 0, 1, 104]]}"
h-k7-b-DD,heom,7,borda,RetentionPolicy.DD_RETENTION,1,10,9893,1099,0.0014990999989095,0.2936855000007199,0.2951845999996294,0.9927206551410374,0.992911731250786,0.9928473357306308,0.9928509218696938,0.9927925802014682,0.9927206551410374,0.992727996799288,"{""labels"": [""0"", ""1"", ""2"", ""3"", ""4"", ""5"", ""6"", ""7"", ""8"", ""9""], ""matrix"": [[114, 1, 0, 0, 0, 0, 0, 0, 0, 0], [0, 113, 1, 0, 0, 0, 0, 0, 0, 0], [0, 1, 113, 0, 0, 0, 0, 0, 0, 0], [0, 0, 0, 103, 0, 0, 0, 1, 0, 1], [0, 0, 0, 0, 114, 1, 0, 0, 0, 0], [0, 0, 0, 0, 0, 105, 0, 0, 0, 0], [0, 0, 0, 0, 0, 0, 106, 0, 0, 0], [0, 1, 1, 0, 0, 0, 0, 112, 0, 0], [0, 0, 0, 0, 0, 0, 0, 0, 105, 0], [0, 0, 0, 0, 0, 0, 0, 0, 0, 106]]}"
h-k7-b-DD,heom,7,borda,RetentionPolicy.DD_RETENTION,2,10,9895,1097,0.001807299995562,0.2917381000006571,0.2935453999962192,0.9936189608021878,0.9935598370486508,0.9935665250081728,0.9935287877114956,0.9936851517864896,0.9936189608021878,0.993618663729355,"{""labels"": [""0"", ""1"", ""2"", ""3"", ""4"", ""5"", ""6"", ""7"", ""8"", ""9""], ""matrix"": [[113, 0, 0, 0, 0, 0, 0, 0, 0, 1], [0, 114, 0, 0, 1, 0, 0, 0, 0, 0], [0, 0, 115, 0, 0, 0, 0, 0, 0, 0], [0, 0, 0, 104, 0, 1, 0, 0, 0, 0], [0, 0, 0, 0, 114, 0, 0, 0, 0, 0], [0, 0, 0, 0, 0, 105, 0, 0, 0, 0], [0, 0, 0, 0, 0, 0, 105, 0, 0, 0], [0, 1, 0, 0, 0, 0, 0, 113, 0, 0], [0, 0, 0, 0, 0, 0, 0, 0, 105, 0], [0, 0, 0, 1, 0, 2, 0, 0, 0, 102]]}"
h-k7-b-DD,heom,7,borda,RetentionPolicy.DD_RETENTION,3,10,9892,1100,0.0018759000013233,0.2852576999939629,0.2871335999952862,0.9918181818181818,0.9918720152597248,0.9919102103083796,0.991875021990117,0.9918600322933294,0.9918181818181818,0.9918228878049944,"{""labels"": [""0"", ""1"", ""2"", ""3"", ""4"", ""5"", ""6"", ""7"", ""8"", ""9""], ""matrix"": [[114, 0, 0, 0, 0, 0, 0, 0, 0, 0], [0, 112, 0, 2, 0, 0, 0, 0, 0, 0], [0, 0, 114, 0, 0, 0, 0, 1, 0, 0], [0, 1, 1, 103, 0, 0, 0, 0, 0, 0], [0, 0, 0, 0, 115, 0, 0, 0, 0, 0], [0, 0, 0, 1, 0, 104, 0, 0, 0, 0], [0, 0, 0, 0, 0, 0, 105, 0, 0, 0], [0, 2, 0, 0, 0, 0, 0, 112, 1, 0], [0, 0, 0, 0, 0, 0, 0, 0, 106, 0], [0, 0, 0, 0, 0, 0, 0, 0, 0, 106]]}"
h-k7-b-DD,heom,7,borda,RetentionPolicy.DD_RETENTION,4,10,9894,1098,0.0017583000008016,0.2936485999962315,0.2954068999970332,0.9954462659380692,0.995584350681802,0.9953298956990508,0.995432538051278,0.9954935100755634,0.9954462659380692,0.995445258657036,"{""labels"": [""0"", ""1"", ""2"", ""3"", ""4"", ""5"", ""6"", ""7"", ""8"", ""9""], ""matrix"": [[114, 0, 0, 0, 0, 0, 0, 0, 0, 0], [0, 114, 1, 0, 0, 0, 0, 0, 0, 0], [0, 0, 114, 0, 0, 0, 0, 0, 0, 0], [0, 0, 1, 104, 0, 0, 0, 0, 0, 0], [0, 0, 0, 0, 114, 0, 0, 0, 0, 0], [0, 0, 0, 1, 0, 105, 0, 0, 0, 0], [0, 0, 0, 0, 0, 0, 106, 0, 0, 0], [0, 0, 0, 0, 0, 0, 0, 114, 0, 0], [0, 0, 0, 0, 0, 0, 0, 0, 105, 0], [0, 0, 0, 0, 1, 0, 0, 1, 0, 103]]}"
h-k7-b-DD,heom,7,borda,RetentionPolicy.DD_RETENTION,5,10,9894,1098,0.0015712000022176,0.2882710999983828,0.2898423000006005,0.9963570127504554,0.9963650923864212,0.9963408521303256,0.9963407967846712,0.9963814437765136,0.9963570127504554,0.996356957057953,"{""labels"": [""0"", ""1"", ""2"", ""3"", ""4"", ""5"", ""6"", ""7"", ""8"", ""9""], ""matrix"": [[114, 0, 0, 0, 0, 0, 0, 0, 0, 0], [0, 114, 0, 0, 0, 0, 0, 0, 0, 0], [0, 0, 114, 0, 0, 0, 0, 0, 0, 0], [0, 0, 0, 105, 0, 0, 0, 0, 0, 0], [0, 0, 0, 0, 113, 0, 0, 0, 0, 1], [0, 0, 0, 1, 0, 104, 0, 0, 0, 0], [0, 0, 0, 0, 0, 0, 108, 0, 0, 0], [0, 0, 1, 0, 0, 0, 0, 113, 0, 0], [0, 0, 0, 0, 0, 0, 0, 0, 105, 0], [0, 1, 0, 0, 0, 0, 0, 0, 0, 104]]}"
h-k7-b-DD,heom,7,borda,RetentionPolicy.DD_RETENTION,6,10,9890,1102,0.0018188999965786,0.2887933000019984,0.2906121999985771,0.9945553539019965,0.9946682764500424,0.994553319964713,0.9945871894078896,0.9946028609099103,0.9945553539019965,0.994555055819955,"{""labels"": [""0"", ""1"", ""2"", ""3"", ""4"", ""5"", ""6"", ""7"", ""8"", ""9""], ""matrix"": [[114, 0, 0, 0, 0, 0, 0, 0, 0, 0], [0, 113, 2, 0, 0, 0, 0, 0, 0, 0], [0, 0, 114, 0, 0, 0, 0, 0, 0, 0], [0, 0, 0, 108, 0, 0, 0, 0, 0, 0], [0, 0, 0, 0, 113, 0, 0, 1, 0, 0], [0, 0, 0, 1, 0, 105, 0, 0, 0, 0], [0, 0, 0, 0, 0, 1, 104, 0, 0, 0], [0, 0, 0, 0, 0, 0, 0, 114, 0, 0], [0, 0, 0, 0, 0, 0, 0, 0, 105, 0], [0, 0, 0, 0, 1, 0, 0, 0, 0, 106]]}"
h-k7-b-DD,heom,7,borda,RetentionPolicy.DD_RETENTION,7,10,9892,1100,0.0014993000004324,0.2850382000033278,0.2865375000037602,0.9936363636363637,0.9939423741725688,0.9937182579089232,0.9937993779448624,0.9937065568542132,0.9936363636363637,0.9936396791458074,"{""labels"": [""0"", ""1"", ""2"", ""3"", ""4"", ""5"", ""6"", ""7"", ""8"", ""9""], ""matrix"": [[112, 0, 0, 0, 2, 0, 0, 0, 0, 0], [0, 112, 2, 0, 0, 0, 0, 0, 0, 0], [0, 1, 113, 0, 0, 0, 0, 0, 0, 0], [0, 0, 0, 107, 0, 0, 0, 0, 0, 0], [0, 0, 0, 0, 114, 0, 0, 0, 0, 0], [0, 0, 0, 0, 0, 106, 0, 0, 0, 0], [0, 0, 0, 0, 0, 0, 105, 0, 0, 0], [0, 0, 0, 0, 0, 0, 0, 115, 0, 0], [0, 0, 0, 0, 0, 0, 0, 1, 105, 0], [0, 0, 0, 0, 0, 0, 0, 1, 0, 104]]}"
h-k7-b-DD,heom,7,borda,RetentionPolicy.DD_RETENTION,8,10,9894,1098,0.0014884999982314,0.2867751000012504,0.2882635999994818,0.994535519125683,0.9946574354332268,0.9944540596774956,0.994531594534242,0.9945912869423624,0.994535519125683,0.9945390287660412,"{""labels"": [""0"", ""1"", ""2"", ""3"", ""4"", ""5"", ""6"", ""7"", ""8"", ""9""], ""matrix"": [[113, 0, 0, 0, 0, 0, 1, 0, 0, 0], [0, 113, 1, 0, 0, 0, 0, 0, 0, 0], [0, 0, 115, 0, 0, 0, 0, 0, 0, 0], [0, 0, 0, 104, 1, 0, 0, 0, 0, 0], [0, 0, 0, 0, 114, 0, 0, 0, 0, 0], [0, 0, 0, 0, 0, 105, 0, 1, 0, 0], [0, 0, 0, 0, 0, 0, 105, 0, 0, 0], [0, 0, 0, 0, 0, 0, 0, 114, 0, 0], [0, 0, 0, 0, 0, 0, 0, 1, 105, 0], [0, 0, 0, 0, 0, 1, 0, 0, 0, 104]]}"
h-k7-b-DD,heom,7,borda,RetentionPolicy.DD_RETENTION,9,10,9890,1102,0.0015598000027239,0.2882278999968548,0.2897876999995787,0.9927404718693283,0.9927779712934676,0.992723913968679,0.992719894559564,0.9927958892307835,0.9927404718693283,0.9927362803255448,"{""labels"": [""0"", ""1"", ""2"", ""3"", ""4"", ""5"", ""6"", ""7"", ""8"", ""9""], ""matrix"": [[113, 0, 0, 0, 1, 0, 0, 0, 0, 1], [0, 112, 1, 1, 0, 0, 0, 0, 0, 0], [0, 0, 115, 0, 0, 0, 0, 0, 0, 0], [0, 0, 0, 104, 0, 0, 0, 0, 0, 1], [0, 0, 0, 0, 115, 0, 0, 0, 0, 0], [0, 0, 0, 0, 0, 105, 0, 0, 1, 0], [0, 0, 0, 0, 0, 0, 106, 0, 0, 0], [0, 0, 0, 0, 0, 0, 0, 114, 0, 0], [0, 0, 0, 0, 0, 0, 0, 0, 106, 0], [0, 0, 0, 0, 0, 0, 0, 2, 0, 104]]}"
h-k7-mp-AR,heom,7,modified_plurality,RetentionPolicy.ALWAYS_RETAIN,0,10,9894,1098,0.0016715999954612,0.3388170000034733,0.3404885999989346,0.9936247723132968,0.993713530546014,0.99359347918607,0.9936125891213824,0.9936884804269484,0.9936247723132968,0.9936156690305422,"{""labels"": [""0"", ""1"", ""2"", ""3"", ""4"", ""5"", ""6"", ""7"", ""8"", ""9""], ""matrix"": [[115, 0, 0, 0, 0, 0, 0, 0, 0, 0], [0, 112, 2, 0, 0, 0, 0, 0, 0, 0], [0, 0, 114, 0, 0, 0, 0, 0, 0, 0], [0, 0, 0, 105, 0, 0, 0, 0, 0, 0], [0, 0, 0, 0, 114, 1, 0, 0, 0, 0], [0, 0, 0, 0, 0, 105, 0, 0, 0, 0], [0, 0, 0, 0, 0, 0, 105, 0, 0, 0], [0, 0, 0, 0, 0, 0, 0, 114, 0, 0], [1, 0, 0, 0, 0, 1, 0, 1, 103, 0], [0, 0, 0, 0, 0, 0, 0, 0, 1, 104]]}"
h-k7-mp-AR,heom,7,modified_plurality,RetentionPolicy.ALWAYS_RETAIN,1,10,9893,1099,0.0016274000008706,0.3307222000003094,0.3323496000011801,0.9899909008189264,0.9902023805719936,0.9900833502953448,0.9901230448177952,0.9900615374632408,0.9899909008189264,0.9900061551312062,"{""labels"": [""0"", ""1"", ""2"", ""3"", ""4"", ""5"", ""6"", ""7"", ""8"", ""9""], ""matrix"": [[114, 1, 0, 0, 0, 0, 0, 0, 0, 0], [0, 112, 2, 0, 0, 0, 0, 0, 0, 0], [0, 1, 113, 0, 0, 0, 0, 0, 0, 0], [0, 0, 0, 103, 0, 0, 0, 1, 0, 1], [0, 0, 0, 0, 114, 1, 0, 0, 0, 0], [0, 0, 0, 0, 0, 105, 0, 0, 0, 0], [0, 0, 0, 0, 0, 0, 105, 1, 0, 0], [0, 1, 1, 0, 0, 0, 0, 112, 0, 0], [0, 0, 0, 0, 0, 0, 0, 0, 105, 0], [0, 0, 0, 1, 0, 0, 0, 0, 0, 105]]}"
h-k7-mp-AR,heom,7,modified_plurality,RetentionPolicy.ALWAYS_RETAIN,2,10,9895,1097,0.0014659000007668,0.3367459000000963,0.3382118000008631,0.9908842297174112,0.9909133725776836,0.9908673858559442,0.9908390556462195,0.9910002007975643,0.9908842297174112,0.9908925904325376,"{""labels"": [""0"", ""1"", ""2"", ""3"", ""4"", ""5"", ""6"", ""7"", ""8"", ""9""], ""matrix"": [[113, 0, 0, 0, 0, 0, 0, 0, 0, 1], [0, 113, 1, 0, 1, 0, 0, 0, 0, 0], [0, 0, 115, 0, 0, 0, 0, 0, 0, 0], [0, 0, 0, 104, 0, 1, 0, 0, 0, 0], [0, 0, 0, 0, 113, 1, 0, 0, 0, 0], [0, 0, 0, 0, 0, 105, 0, 0, 0, 0], [0, 0, 0, 0, 0, 0, 105, 0, 0, 0], [0, 1, 0, 0, 0, 0, 0, 113, 0, 0], [0, 0, 0, 0, 0, 0, 0, 1, 104, 0], [0, 0, 0, 1, 0, 2, 0, 0, 0, 102]]}"
h-k7-mp-AR,heom,7,modified_plurality,RetentionPolicy.ALWAYS_RETAIN,3,10,9892,1100,0.0015450999999302,0.3344509999951697,0.3359960999950999,0.99,0.9901300793070624,0.9900157900904848,0.9900644371733336,0.99004923995978,0.99,0.9900163013777834,"{""labels"": [""0"", ""1"", ""2"", ""3"", ""4"", ""5"", ""6"", ""7"", ""8"", ""9""], ""matrix"": [[114, 0, 0, 0, 0, 0, 0, 0, 0, 0], [0, 111, 0, 2, 0, 0, 0, 1, 0, 0], [0, 0, 114, 0, 0, 0, 0, 1, 0, 0], [0, 1, 1, 103, 0, 0, 0, 0, 0, 0], [0, 0, 0, 0, 115, 0, 0, 0, 0, 0], [0, 0, 0, 1, 0, 104, 0, 0, 0, 0], [0, 0, 0, 0, 0, 0, 105, 0, 0, 0], [0, 2, 0, 0, 0, 0, 0, 113, 0, 0], [0, 0, 0, 0, 0, 0, 0, 1, 105, 0], [0, 0, 0, 0, 0, 1, 0, 0, 0, 105]]}"
h-k7-mp-AR,heom,7,modified_plurality,RetentionPolicy.ALWAYS_RETAIN,4,10,9894,1098,0.0017518999957246,0.3355076000007102,0.3372594999964349,0.9918032786885246,0.9919330199659122,0.991770176055397,0.9917957067308156,0.9919236518086776,0.9918032786885246,0.9918069068053016,"{""labels"": [""0"", ""1"", ""2"", ""3"", ""4"", ""5"", ""6"", ""7"", ""8"", ""9""], ""matrix"": [[114, 0, 0, 0, 0, 0, 0, 0, 0, 0], [0, 112, 2, 1, 0, 0, 0, 0, 0, 0], [0, 0, 114, 0, 0, 0, 0, 0, 0, 0], [0, 0, 1, 104, 0, 0, 0, 0, 0, 0], [0, 0, 0, 0, 113, 1, 0, 0, 0, 0], [0, 0, 0, 2, 0, 104, 0, 0, 0, 0], [0, 0, 0, 0, 0, 0, 106, 0, 0, 0], [0, 0, 0, 0, 0, 0, 0, 114, 0, 0], [0, 0, 0, 0, 0, 0, 0, 0, 105, 0], [0, 0, 0, 0, 1, 0, 0, 1, 0, 103]]}"
h-k7-mp-AR,heom,7,modified_plurality,RetentionPolicy.ALWAYS_RETAIN,5,10,9894,1098,0.0015109999949345,0.3400231000050553,0.3415340999999898,0.9927140255009108,0.9927998530125156,0.9927568922305764,0.9927573883251638,0.992755711310608,0.9927140255009108,0.9927141776308672,"{""labels"": [""0"", ""1"", ""2"", ""3"", ""4"", ""5"", ""6"", ""7"", ""8"", ""9""], ""matrix"": [[114, 0, 0, 0, 0, 0, 0, 0, 0, 0], [0, 112, 0, 1, 1, 0, 0, 0, 0, 0], [0, 0, 114, 0, 0, 0, 0, 0, 0, 0], [0, 0, 0, 105, 0, 0, 0, 0, 0, 0], [0, 0, 0, 0, 112, 0, 0, 1, 0, 1], [0, 0, 0, 1, 0, 104, 0, 0, 0, 0], [0, 0, 0, 0, 0, 0, 108, 0, 0, 0], [0, 0, 1, 0, 0, 0, 0, 113, 0, 0], [0, 0, 0, 0, 0, 0, 0, 1, 104, 0], [0, 1, 0, 0, 0, 0, 0, 0, 0, 104]]}"
h-k7-mp-AR,heom,7,modified_plurality,RetentionPolicy.ALWAYS_RETAIN,6,10,9890,1102,0.0015237000043271,0.3388379999960307,0.3403617000003578,0.9927404718693283,0.9929055883721948,0.9927491753080692,0.9927794314436832,0.9928284331683358,0.9927404718693283,0.9927358924621112,"{""labels"": [""0"", ""1"", ""2"", ""3"", ""4"", ""5"", ""6"", ""7"", ""8"", ""9""], ""matrix"": [[114, 0, 0, 0, 0, 0, 0, 0, 0, 0], [0, 112, 2, 1, 0, 0, 0, 0, 0, 0], [0, 0, 114, 0, 0, 0, 0, 0, 0, 0], [0, 0, 0, 108, 0, 0, 0, 0, 0, 0], [0, 0, 0, 0, 113, 0, 0, 1, 0, 0], [0, 0, 0, 1, 0, 105, 0, 0, 0, 0], [0, 0, 0, 0, 0, 1, 104, 0, 0, 0], [0, 0, 0, 0, 0, 0, 0, 114, 0, 0], [0, 0, 0, 0, 0, 0, 0, 0, 105, 0], [0, 0, 0, 0, 2, 0, 0, 0, 0, 105]]}"
h-k7-mp-AR,heom,7,modified_plurality,RetentionPolicy.ALWAYS_RETAIN,7,10,9892,1100,0.0016652000049361,0.3320751999999629,0.3337404000048991,0.9945454545454544,0.9948423224285292,0.9945954508913794,0.9946764865464648,0.9946392305012994,0.9945454545454544,0.9945486826056498,"{""labels"": [""0"", ""1"", ""2"", ""3"", ""4"", ""5"", ""6"", ""7"", ""8"", ""9""], ""matrix"": [[112, 0, 0, 0, 2, 0, 0, 0, 0, 0], [0, 112, 2, 0, 0, 0, 0, 0, 0, 0], [0, 0, 114, 0, 0, 0, 0, 0, 0, 0], [0, 0, 0, 107, 0, 0, 0, 0, 0, 0], [0, 0, 0, 0, 114, 0, 0, 0, 0, 0], [0, 0, 0, 0, 0, 106, 0, 0, 0, 0], [0, 0, 0, 0, 0, 0, 105, 0, 0, 0], [0, 0, 0, 0, 0, 0, 0, 115, 0, 0], [0, 0, 0, 0, 0, 0, 0, 1, 105, 0], [0, 0, 0, 0, 0, 0, 0, 1, 0, 104]]}"
h-k7-mp-AR,heom,7,modified_plurality,RetentionPolicy.ALWAYS_RETAIN,8,10,9894,1098,0.0015369999964605,0.3392602000021725,0.340797199998633,0.9927140255009108,0.9928366782855524,0.9926996737125832,0.9927236787895636,0.9927783049700424,0.9927140255009108,0.9927011334175933,"{""labels"": [""0"", ""1"", ""2"", ""3"", ""4"", ""5"", ""6"", ""7"", ""8"", ""9""], ""matrix"": [[113, 0, 0, 0, 0, 0, 1, 0, 0, 0], [0, 111, 1, 1, 0, 0, 0, 1, 0, 0], [0, 0, 115, 0, 0, 0, 0, 0, 0, 0], [0, 0, 0, 104, 1, 0, 0, 0, 0, 0], [0, 0, 0, 0, 114, 0, 0, 0, 0, 0], [0, 0, 0, 0, 0, 106, 0, 0, 0, 0], [0, 0, 0, 0, 0, 0, 105, 0, 0, 0], [0, 0, 0, 0, 0, 0, 0, 114, 0, 0], [1, 0, 0, 0, 0, 0, 0, 1, 104, 0], [0, 0, 0, 0, 0, 1, 0, 0, 0, 104]]}"
h-k7-mp-AR,heom,7,modified_plurality,RetentionPolicy.ALWAYS_RETAIN,9,10,9890,1102,0.0017433000029996,0.3358258000007481,0.3375691000037477,0.9900181488203268,0.9900753721908035,0.9899675562984572,0.9899912125138104,0.9900704597005522,0.9900181488203268,0.9900130824147664,"{""labels"": [""0"", ""1"", ""2"", ""3"", ""4"", ""5"", ""6"", ""7"", ""8"", ""9""], ""matrix"": [[113, 0, 0, 0, 1, 0, 0, 0, 0, 1], [0, 112, 1, 1, 0, 0, 0, 0, 0, 0], [0, 0, 115, 0, 0, 0, 0, 0, 0, 0], [0, 0, 0, 104, 0, 0, 0, 0, 0, 1], [0, 0, 0, 0, 114, 1, 0, 0, 0, 0], [0, 0, 0, 0, 0, 105, 0, 0, 1, 0], [0, 0, 0, 0, 0, 0, 106, 0, 0, 0], [0, 0, 0, 0, 0, 0, 0, 114, 0, 0], [0, 0, 0, 0, 0, 0, 0, 1, 105, 0], [0, 1, 0, 0, 0, 0, 0, 2, 0, 103]]}"
h-k7-mp-NR,heom,7,modified_plurality,RetentionPolicy.NEVER_RETAIN,0,10,9894,1098,0.0015572000047541,0.2926751999984844,0.2942324000032386,0.9936247723132968,0.993713530546014,0.99359347918607,0.9936125891213824,0.9936884804269484,0.9936247723132968,0.9936156690305422,"{""labels"": [""0"", ""1"", ""2"", ""3"", ""4"", ""5"", ""6"", ""7"", ""8"", ""9""], ""matrix"": [[115, 0, 0, 0, 0, 0, 0, 0, 0, 0], [0, 112, 2, 0, 0, 0, 0, 0, 0, 0], [0, 0, 114, 0, 0, 0, 0, 0, 0, 0], [0, 0, 0, 105, 0, 0, 0, 0, 0, 0], [0, 0, 0, 0, 114, 1, 0, 0, 0, 0], [0, 0, 0, 0, 0, 105, 0, 0, 0, 0], [0, 0, 0, 0, 0, 0, 105, 0, 0, 0], [0, 0, 0, 0, 0, 0, 0, 114, 0, 0], [1, 0, 0, 0, 0, 1, 0, 1, 103, 0], [0, 0, 0, 0, 0, 0, 0, 0, 1, 104]]}"
h-k7-mp-NR,heom,7,modified_plurality,RetentionPolicy.NEVER_RETAIN,1,10,9893,1099,0.0014679000014439,0.2991592999969725,0.3006271999984164,0.9909008189262968,0.9910718107846934,0.9910267465217596,0.9910297785289128,0.9909634031979794,0.9909008189262968,0.990912216767904,"{""labels"": [""0"", ""1"", ""2"", ""3"", ""4"", ""5"", ""6"", ""7"", ""8"", ""9""], ""matrix"": [[114, 1, 0, 0, 0, 0, 0, 0, 0, 0], [0, 112, 2, 0, 0, 0, 0, 0, 0, 0], [0, 1, 113, 0, 0, 0, 0, 0, 0, 0], [0, 0, 0, 103, 0, 0, 0, 1, 0, 1], [0, 0, 0, 0, 114, 1, 0, 0, 0, 0], [0, 0, 0, 0, 0, 105, 0, 0, 0, 0], [0, 0, 0, 0, 0, 0, 106, 0, 0, 0], [0, 1, 1, 0, 0, 0, 0, 112, 0, 0], [0, 0, 0, 0, 0, 0, 0, 0, 105, 0], [0, 0, 0, 1, 0, 0, 0, 0, 0, 105]]}"
h-k7-mp-NR,heom,7,modified_plurality,RetentionPolicy.NEVER_RETAIN,2,10,9895,1097,0.0015553999983239,0.2997513000009348,0.3013066999992588,0.99179580674567,0.9918687892928212,0.99189495477825,0.991814955733736,0.9919860132588568,0.99179580674567,0.9918260448722498,"{""labels"": [""0"", ""1"", ""2"", ""3"", ""4"", ""5"", ""6"", ""7"", ""8"", ""9""], ""matrix"": [[113, 0, 0, 0, 0, 0, 0, 0, 0, 1], [0, 113, 1, 0, 1, 0, 0, 0, 0, 0], [0, 0, 115, 0, 0, 0, 0, 0, 0, 0], [0, 0, 0, 104, 0, 1, 0, 0, 0, 0], [0, 0, 0, 0, 112, 2, 0, 0, 0, 0], [0, 0, 0, 0, 0, 105, 0, 0, 0, 0], [0, 0, 0, 0, 0, 0, 105, 0, 0, 0], [0, 1, 0, 0, 0, 0, 0, 113, 0, 0], [0, 0, 0, 0, 0, 0, 0, 0, 105, 0], [0, 0, 0, 0, 0, 2, 0, 0, 0, 103]]}"
h-k7-mp-NR,heom,7,modified_plurality,RetentionPolicy.NEVER_RETAIN,3,10,9892,1100,0.0016391000026487,0.3012243999983184,0.3028635000009672,0.9890909090909092,0.9891956678066132,0.9890723938640698,0.9891165698747552,0.9891573017093512,0.9890909090909092,0.989107169435476,"{""labels"": [""0"", ""1"", ""2"", ""3"", ""4"", ""5"", ""6"", ""7"", ""8"", ""9""], ""matrix"": [[114, 0, 0, 0, 0, 0, 0, 0, 0, 0], [0, 111, 0, 2, 0, 0, 0, 1, 0, 0], [0, 0, 114, 0, 0, 0, 0, 1, 0, 0], [0, 1, 1, 103, 0, 0, 0, 0, 0, 0], [0, 0, 0, 0, 115, 0, 0, 0, 0, 0], [0, 0, 0, 1, 0, 104, 0, 0, 0, 0], [0, 0, 0, 0, 0, 0, 105, 0, 0, 0], [0, 2, 0, 0, 0, 0, 0, 113, 0, 0], [0, 0, 0, 0, 0, 0, 0, 1, 105, 0], [0, 0, 0, 0, 0, 2, 0, 0, 0, 104]]}"
h-k7-mp-NR,heom,7,modified_plurality,RetentionPolicy.NEVER_RETAIN,4,10,9894,1098,0.0014981999993324,0.2968242999995709,0.2983224999989033,0.9918032786885246,0.9919330199659122,0.991770176055397,0.9917957067308156,0.9919236518086776,0.9918032786885246,0.9918069068053016,"{""labels"": [""0"", ""1"", ""2"", ""3"", ""4"", ""5"", ""6"", ""7"", ""8"", ""9""], ""matrix"": [[114, 0, 0, 0, 0, 0, 0, 0, 0, 0], [0, 112, 2, 1, 0, 0, 0, 0, 0, 0], [0, 0, 114, 0, 0, 0, 0, 0, 0, 0], [0, 0, 1, 104, 0, 0, 0, 0, 0, 0], [0, 0, 0, 0, 113, 1, 0, 0, 0, 0], [0, 0, 0, 2, 0, 104, 0, 0, 0, 0], [0, 0, 0, 0, 0, 0, 106, 0, 0, 0], [0, 0, 0, 0, 0, 0, 0, 114, 0, 0], [0, 0, 0, 0, 0, 0, 0, 0, 105, 0], [0, 0, 0, 0, 1, 0, 0, 1, 0, 103]]}"
h-k7-mp-NR,heom,7,modified_plurality,RetentionPolicy.NEVER_RETAIN,5,10,9894,1098,0.0015253000019583,0.2964461000010487,0.2979714000030071,0.9927140255009108,0.9927998530125156,0.9927568922305764,0.9927573883251638,0.992755711310608,0.9927140255009108,0.9927141776308672,"{""labels"": [""0"", ""1"", ""2"", ""3"", ""4"", ""5"", ""6"", ""7"", ""8"", ""9""], ""matrix"": [[114, 0, 0, 0, 0, 0, 0, 0, 0, 0], [0, 112, 0, 1, 1, 0, 0, 0, 0, 0], [0, 0, 114, 0, 0, 0, 0, 0, 0, 0], [0, 0, 0, 105, 0, 0, 0, 0, 0, 0], [0, 0, 0, 0, 112, 0, 0, 1, 0, 1], [0, 0, 0, 1, 0, 104, 0, 0, 0, 0], [0, 0, 0, 0, 0, 0, 108, 0, 0, 0], [0, 0, 1, 0, 0, 0, 0, 113, 0, 0], [0, 0, 0, 0, 0, 0, 0, 1, 104, 0], [0, 1, 0, 0, 0, 0, 0, 0, 0, 104]]}"
h-k7-mp-NR,heom,7,modified_plurality,RetentionPolicy.NEVER_RETAIN,6,10,9890,1102,0.0014627999989897,0.2987406000029295,0.3002034000019193,0.9927404718693283,0.9929055883721948,0.9927491753080692,0.9927794314436832,0.9928284331683358,0.9927404718693283,0.9927358924621112,"{""labels"": [""0"", ""1"", ""2"", ""3"", ""4"", ""5"", ""6"", ""7"", ""8"", ""9""], ""matrix"": [[114, 0, 0, 0, 0, 0, 0, 0, 0, 0], [0, 112, 2, 1, 0, 0, 0, 0, 0, 0], [0, 0, 114, 0, 0, 0, 0, 0, 0, 0], [0, 0, 0, 108, 0, 0, 0, 0, 0, 0], [0, 0, 0, 0, 113, 0, 0, 1, 0, 0], [0, 0, 0, 1, 0, 105, 0, 0, 0, 0], [0, 0, 0, 0, 0, 1, 104, 0, 0, 0], [0, 0, 0, 0, 0, 0, 0, 114, 0, 0], [0, 0, 0, 0, 0, 0, 0, 0, 105, 0], [0, 0, 0, 0, 2, 0, 0, 0, 0, 105]]}"
h-k7-mp-NR,heom,7,modified_plurality,RetentionPolicy.NEVER_RETAIN,7,10,9892,1100,0.0015975999995134,0.2976338000007672,0.2992314000002807,0.9945454545454544,0.9948423224285292,0.9945954508913794,0.9946764865464648,0.9946392305012994,0.9945454545454544,0.9945486826056498,"{""labels"": [""0"", ""1"", ""2"", ""3"", ""4"", ""5"", ""6"", ""7"", ""8"", ""9""], ""matrix"": [[112, 0, 0, 0, 2, 0, 0, 0, 0, 0], [0, 112, 2, 0, 0, 0, 0, 0, 0, 0], [0, 0, 114, 0, 0, 0, 0, 0, 0, 0], [0, 0, 0, 107, 0, 0, 0, 0, 0, 0], [0, 0, 0, 0, 114, 0, 0, 0, 0, 0], [0, 0, 0, 0, 0, 106, 0, 0, 0, 0], [0, 0, 0, 0, 0, 0, 105, 0, 0, 0], [0, 0, 0, 0, 0, 0, 0, 115, 0, 0], [0, 0, 0, 0, 0, 0, 0, 1, 105, 0], [0, 0, 0, 0, 0, 0, 0, 1, 0, 104]]}"
h-k7-mp-NR,heom,7,modified_plurality,RetentionPolicy.NEVER_RETAIN,8,10,9894,1098,0.0014771999994991,0.2977950999993481,0.2992722999988473,0.9936247723132968,0.9937138712680084,0.9936430699389984,0.9936387904407504,0.9936890517824284,0.9936247723132968,0.9936163897910956,"{""labels"": [""0"", ""1"", ""2"", ""3"", ""4"", ""5"", ""6"", ""7"", ""8"", ""9""], ""matrix"": [[113, 0, 0, 0, 0, 0, 1, 0, 0, 0], [0, 111, 1, 1, 0, 0, 0, 1, 0, 0], [0, 0, 115, 0, 0, 0, 0, 0, 0, 0], [0, 0, 0, 104, 1, 0, 0, 0, 0, 0], [0, 0, 0, 0, 114, 0, 0, 0, 0, 0], [0, 0, 0, 0, 0, 106, 0, 0, 0, 0], [0, 0, 0, 0, 0, 0, 105, 0, 0, 0], [0, 0, 0, 0, 0, 0, 0, 114, 0, 0], [0, 0, 0, 0, 0, 0, 0, 1, 105, 0], [0, 0, 0, 0, 0, 1, 0, 0, 0, 104]]}"
h-k7-mp-NR,heom,7,modified_plurality,RetentionPolicy.NEVER_RETAIN,9,10,9890,1102,0.0017279999956372,0.2956109000006108,0.2973388999962481,0.9891107078039928,0.9892207994771602,0.989097991081066,0.9891213829608496,0.9891710420353794,0.9891107078039928,0.9891014713923364,"{""labels"": [""0"", ""1"", ""2"", ""3"", ""4"", ""5"", ""6"", ""7"", ""8"", ""9""], ""matrix"": [[112, 0, 0, 0, 2, 0, 0, 0, 0, 1], [0, 112, 1, 1, 0, 0, 0, 0, 0, 0], [0, 0, 115, 0, 0, 0, 0, 0, 0, 0], [0, 0, 0, 104, 0, 0, 0, 0, 0, 1], [0, 0, 0, 0, 114, 1, 0, 0, 0, 0], [0, 0, 0, 0, 0, 105, 0, 0, 1, 0], [0, 0, 0, 0, 0, 0, 106, 0, 0, 0], [0, 0, 0, 0, 0, 0, 0, 114, 0, 0], [0, 0, 0, 0, 0, 0, 0, 1, 105, 0], [0, 1, 0, 0, 1, 0, 0, 1, 0, 103]]}"
h-k7-mp-DC,heom,7,modified_plurality,RetentionPolicy.DIFFERENT_CLASS_RETENTION,0,10,9894,1098,0.0018068999997922,0.3010347000017646,0.3028416000015568,0.9936247723132968,0.993713530546014,0.99359347918607,0.9936125891213824,0.9936884804269484,0.9936247723132968,0.9936156690305422,"{""labels"": [""0"", ""1"", ""2"", ""3"", ""4"", ""5"", ""6"", ""7"", ""8"", ""9""], ""matrix"": [[115, 0, 0, 0, 0, 0, 0, 0, 0, 0], [0, 112, 2, 0, 0, 0, 0, 0, 0, 0], [0, 0, 114, 0, 0, 0, 0, 0, 0, 0], [0, 0, 0, 105, 0, 0, 0, 0, 0, 0], [0, 0, 0, 0, 114, 1, 0, 0, 0, 0], [0, 0, 0, 0, 0, 105, 0, 0, 0, 0], [0, 0, 0, 0, 0, 0, 105, 0, 0, 0], [0, 0, 0, 0, 0, 0, 0, 114, 0, 0], [1, 0, 0, 0, 0, 1, 0, 1, 103, 0], [0, 0, 0, 0, 0, 0, 0, 0, 1, 104]]}"
h-k7-mp-DC,heom,7,modified_plurality,RetentionPolicy.DIFFERENT_CLASS_RETENTION,1,10,9893,1099,0.0016763000021455,0.3032795999970403,0.3049558999991859,0.9909008189262968,0.9910718107846934,0.9910267465217596,0.9910297785289128,0.9909634031979794,0.9909008189262968,0.990912216767904,"{""labels"": [""0"", ""1"", ""2"", ""3"", ""4"", ""5"", ""6"", ""7"", ""8"", ""9""], ""matrix"": [[114, 1, 0, 0, 0, 0, 0, 0, 0, 0], [0, 112, 2, 0, 0, 0, 0, 0, 0, 0], [0, 1, 113, 0, 0, 0, 0, 0, 0, 0], [0, 0, 0, 103, 0, 0, 0, 1, 0, 1], [0, 0, 0, 0, 114, 1, 0, 0, 0, 0], [0, 0, 0, 0, 0, 105, 0, 0, 0, 0], [0, 0, 0, 0, 0, 0, 106, 0, 0, 0], [0, 1, 1, 0, 0, 0, 0, 112, 0, 0], [0, 0, 0, 0, 0, 0, 0, 0, 105, 0], [0, 0, 0, 1, 0, 0, 0, 0, 0, 105]]}"
h-k7-mp-DC,heom,7,modified_plurality,RetentionPolicy.DIFFERENT_CLASS_RETENTION,2,10,9895,1097,0.0017249000011361,0.3006315999955404,0.3023564999966766,0.9927073837739288,0.9927522818373898,0.992772147760706,0.992715771171208,0.9928322902151694,0.9927073837739288,0.992724724518742,"{""labels"": [""0"", ""1"", ""2"", ""3"", ""4"", ""5"", ""6"", ""7"", ""8"", ""9""], ""matrix"": [[113, 0, 0, 0, 0, 0, 0, 0, 0, 1], [0, 113, 1, 0, 1, 0, 0, 0, 0, 0], [0, 0, 115, 0, 0, 0, 0, 0, 0, 0], [0, 0, 0, 104, 0, 1, 0, 0, 0, 0], [0, 0, 0, 0, 113, 1, 0, 0, 0, 0], [0, 0, 0, 0, 0, 105, 0, 0, 0, 0], [0, 0, 0, 0, 0, 0, 105, 0, 0, 0], [0, 1, 0, 0, 0, 0, 0, 113, 0, 0], [0, 0, 0, 0, 0, 0, 0, 0, 105, 0], [0, 0, 0, 0, 0, 2, 0, 0, 0, 103]]}"
h-k7-mp-DC,heom,7,modified_plurality,RetentionPolicy.DIFFERENT_CLASS_RETENTION,3,10,9892,1100,0.0015119000017875,0.2986922999989474,0.300204200000735,0.9890909090909092,0.9891956678066132,0.9890723938640698,0.9891165698747552,0.9891573017093512,0.9890909090909092,0.989107169435476,"{""labels"": [""0"", ""1"", ""2"", ""3"", ""4"", ""5"", ""6"", ""7"", ""8"", ""9""], ""matrix"": [[114, 0, 0, 0, 0, 0, 0, 0, 0, 0], [0, 111, 0, 2, 0, 0, 0, 1, 0, 0], [0, 0, 114, 0, 0, 0, 0, 1, 0, 0], [0, 1, 1, 103, 0, 0, 0, 0, 0, 0], [0, 0, 0, 0, 115, 0, 0, 0, 0, 0], [0, 0, 0, 1, 0, 104, 0, 0, 0, 0], [0, 0, 0, 0, 0, 0, 105, 0, 0, 0], [0, 2, 0, 0, 0, 0, 0, 113, 0, 0], [0, 0, 0, 0, 0, 0, 0, 1, 105, 0], [0, 0, 0, 0, 0, 2, 0, 0, 0, 104]]}"
h-k7-mp-DC,heom,7,modified_plurality,RetentionPolicy.DIFFERENT_CLASS_RETENTION,4,10,9894,1098,0.0016161000021384,0.2977307999972254,0.2993468999993638,0.9918032786885246,0.9919330199659122,0.991770176055397,0.9917957067308156,0.9919236518086776,0.9918032786885246,0.9918069068053016,"{""labels"": [""0"", ""1"", ""2"", ""3"", ""4"", ""5"", ""6"", ""7"", ""8"", ""9""], ""matrix"": [[114, 0, 0, 0, 0, 0, 0, 0, 0, 0], [0, 112, 2, 1, 0, 0, 0, 0, 0, 0], [0, 0, 114, 0, 0, 0, 0, 0, 0, 0], [0, 0, 1, 104, 0, 0, 0, 0, 0, 0], [0, 0, 0, 0, 113, 1, 0, 0, 0, 0], [0, 0, 0, 2, 0, 104, 0, 0, 0, 0], [0, 0, 0, 0, 0, 0, 106, 0, 0, 0], [0, 0, 0, 0, 0, 0, 0, 114, 0, 0], [0, 0, 0, 0, 0, 0, 0, 0, 105, 0], [0, 0, 0, 0, 1, 0, 0, 1, 0, 103]]}"
h-k7-mp-DC,heom,7,modified_plurality,RetentionPolicy.DIFFERENT_CLASS_RETENTION,5,10,9894,1098,0.0018057999986922,0.3020582000026479,0.3038640000013402,0.9927140255009108,0.9927998530125156,0.9927568922305764,0.9927573883251638,0.992755711310608,0.9927140255009108,0.9927141776308672,"{""labels"": [""0"", ""1"", ""2"", ""3"", ""4"", ""5"", ""6"", ""7"", ""8"", ""9""], ""matrix"": [[114, 0, 0, 0, 0, 0, 0, 0, 0, 0], [0, 112, 0, 1, 1, 0, 0, 0, 0, 0], [0, 0, 114, 0, 0, 0, 0, 0, 0, 0], [0, 0, 0, 105, 0, 0, 0, 0, 0, 0], [0, 0, 0, 0, 112, 0, 0, 1, 0, 1], [0, 0, 0, 1, 0, 104, 0, 0, 0, 0], [0, 0, 0, 0, 0, 0, 108, 0, 0, 0], [0, 0, 1, 0, 0, 0, 0, 113, 0, 0], [0, 0, 0, 0, 0, 0, 0, 1, 104, 0], [0, 1, 0, 0, 0, 0, 0, 0, 0, 104]]}"
h-k7-mp-DC,heom,7,modified_plurality,RetentionPolicy.DIFFERENT_CLASS_RETENTION,6,10,9890,1102,0.0017642999955569,0.3030478000000585,0.3048120999956154,0.9927404718693283,0.9929055883721948,0.9927491753080692,0.9927794314436832,0.9928284331683358,0.9927404718693283,0.9927358924621112,"{""labels"": [""0"", ""1"", ""2"", ""3"", ""4"", ""5"", ""6"", ""7"", ""8"", ""9""], ""matrix"": [[114, 0, 0, 0, 0, 0, 0, 0, 0, 0], [0, 112, 2, 1, 0, 0, 0, 0, 0, 0], [0, 0, 114, 0, 0, 0, 0, 0, 0, 0], [0, 0, 0, 108, 0, 0, 0, 0, 0, 0], [0, 0, 0, 0, 113, 0, 0, 1, 0, 0], [0, 0, 0, 1, 0, 105, 0, 0, 0, 0], [0, 0, 0, 0, 0, 1, 104, 0, 0, 0], [0, 0, 0, 0, 0, 0, 0, 114, 0, 0], [0, 0, 0, 0, 0, 0, 0, 0, 105, 0], [0, 0, 0, 0, 2, 0, 0, 0, 0, 105]]}"
h-k7-mp-DC,heom,7,modified_plurality,RetentionPolicy.DIFFERENT_CLASS_RETENTION,7,10,9892,1100,0.0016651999976602,0.3030943999983719,0.3047595999960322,0.9945454545454544,0.9948423224285292,0.9945954508913794,0.9946764865464648,0.9946392305012994,0.9945454545454544,0.9945486826056498,"{""labels"": [""0"", ""1"", ""2"", ""3"", ""4"", ""5"", ""6"", ""7"", ""8"", ""9""], ""matrix"": [[112, 0, 0, 0, 2, 0, 0, 0, 0, 0], [0, 112, 2, 0, 0, 0, 0, 0, 0, 0], [0, 0, 114, 0, 0, 0, 0, 0, 0, 0], [0, 0, 0, 107, 0, 0, 0, 0, 0, 0], [0, 0, 0, 0, 114, 0, 0, 0, 0, 0], [0, 0, 0, 0, 0, 106, 0, 0, 0, 0], [0, 0, 0, 0, 0, 0, 105, 0, 0, 0], [0, 0, 0, 0, 0, 0, 0, 115, 0, 0], [0, 0, 0, 0, 0, 0, 0, 1, 105, 0], [0, 0, 0, 0, 0, 0, 0, 1, 0, 104]]}"
h-k7-mp-DC,heom,7,modified_plurality,RetentionPolicy.DIFFERENT_CLASS_RETENTION,8,10,9894,1098,0.0015041000006021,0.3024900000018533,0.3039941000024555,0.9936247723132968,0.9937138712680084,0.9936430699389984,0.9936387904407504,0.9936890517824284,0.9936247723132968,0.9936163897910956,"{""labels"": [""0"", ""1"", ""2"", ""3"", ""4"", ""5"", ""6"", ""7"", ""8"", ""9""], ""matrix"": [[113, 0, 0, 0, 0, 0, 1, 0, 0, 0], [0, 111, 1, 1, 0, 0, 0, 1, 0, 0], [0, 0, 115, 0, 0, 0, 0, 0, 0, 0], [0, 0, 0, 104, 1, 0, 0, 0, 0, 0], [0, 0, 0, 0, 114, 0, 0, 0, 0, 0], [0, 0, 0, 0, 0, 106, 0, 0, 0, 0], [0, 0, 0, 0, 0, 0, 105, 0, 0, 0], [0, 0, 0, 0, 0, 0, 0, 114, 0, 0], [0, 0, 0, 0, 0, 0, 0, 1, 105, 0], [0, 0, 0, 0, 0, 1, 0, 0, 0, 104]]}"
h-k7-mp-DC,heom,7,modified_plurality,RetentionPolicy.DIFFERENT_CLASS_RETENTION,9,10,9890,1102,0.001600600000529,0.2991991000017151,0.3007997000022442,0.9900181488203268,0.9900607641102284,0.9899675562984572,0.9899912125138104,0.9900475931497428,0.9900181488203268,0.990009188257949,"{""labels"": [""0"", ""1"", ""2"", ""3"", ""4"", ""5"", ""6"", ""7"", ""8"", ""9""], ""matrix"": [[113, 0, 0, 0, 1, 0, 0, 0, 0, 1], [0, 112, 1, 1, 0, 0, 0, 0, 0, 0], [0, 0, 115, 0, 0, 0, 0, 0, 0, 0], [0, 0, 0, 104, 0, 0, 0, 0, 0, 1], [0, 0, 0, 0, 114, 1, 0, 0, 0, 0], [0, 0, 0, 0, 0, 105, 0, 0, 1, 0], [0, 0, 0, 0, 0, 0, 106, 0, 0, 0], [0, 0, 0, 0, 0, 0, 0, 114, 0, 0], [0, 0, 0, 0, 0, 0, 0, 1, 105, 0], [0, 1, 0, 0, 1, 0, 0, 1, 0, 103]]}"
h-k7-mp-DD,heom,7,modified_plurality,RetentionPolicy.DD_RETENTION,0,10,9894,1098,0.001895900000818,0.308334500005003,0.3102304000058211,0.9936247723132968,0.993713530546014,0.99359347918607,0.9936125891213824,0.9936884804269484,0.9936247723132968,0.9936156690305422,"{""labels"": [""0"", ""1"", ""2"", ""3"", ""4"", ""5"", ""6"", ""7"", ""8"", ""9""], ""matrix"": [[115, 0, 0, 0, 0, 0, 0, 0, 0, 0], [0, 112, 2, 0, 0, 0, 0, 0, 0, 0], [0, 0, 114, 0, 0, 0, 0, 0, 0, 0], [0, 0, 0, 105, 0, 0, 0, 0, 0, 0], [0, 0, 0, 0, 114, 1, 0, 0, 0, 0], [0, 0, 0, 0, 0, 105, 0, 0, 0, 0], [0, 0, 0, 0, 0, 0, 105, 0, 0, 0], [0, 0, 0, 0, 0, 0, 0, 114, 0, 0], [1, 0, 0, 0, 0, 1, 0, 1, 103, 0], [0, 0, 0, 0, 0, 0, 0, 0, 1, 104]]}"
h-k7-mp-DD,heom,7,modified_plurality,RetentionPolicy.DD_RETENTION,1,10,9893,1099,0.0016670999975758,0.3107852000030107,0.3124523000005865,0.9909008189262968,0.9910718107846934,0.9910267465217596,0.9910297785289128,0.9909634031979794,0.9909008189262968,0.990912216767904,"{""labels"": [""0"", ""1"", ""2"", ""3"", ""4"", ""5"", ""6"", ""7"", ""8"", ""9""], ""matrix"": [[114, 1, 0, 0, 0, 0, 0, 0, 0, 0], [0, 112, 2, 0, 0, 0, 0, 0, 0, 0], [0, 1, 113, 0, 0, 0, 0, 0, 0, 0], [0, 0, 0, 103, 0, 0, 0, 1, 0, 1], [0, 0, 0, 0, 114, 1, 0, 0, 0, 0], [0, 0, 0, 0, 0, 105, 0, 0, 0, 0], [0, 0, 0, 0, 0, 0, 106, 0, 0, 0], [0, 1, 1, 0, 0, 0, 0, 112, 0, 0], [0, 0, 0, 0, 0, 0, 0, 0, 105, 0], [0, 0, 0, 1, 0, 0, 0, 0, 0, 105]]}"
h-k7-mp-DD,heom,7,modified_plurality,RetentionPolicy.DD_RETENTION,2,10,9895,1097,0.0018172999989474,0.3063006000011228,0.3081179000000702,0.9927073837739288,0.9927522818373898,0.992772147760706,0.992715771171208,0.9928322902151694,0.9927073837739288,0.992724724518742,"{""labels"": [""0"", ""1"", ""2"", ""3"", ""4"", ""5"", ""6"", ""7"", ""8"", ""9""], ""matrix"": [[113, 0, 0, 0, 0, 0, 0, 0, 0, 1], [0, 113, 1, 0, 1, 0, 0, 0, 0, 0], [0, 0, 115, 0, 0, 0, 0, 0, 0, 0], [0, 0, 0, 104, 0, 1, 0, 0, 0, 0], [0, 0, 0, 0, 113, 1, 0, 0, 0, 0], [0, 0, 0, 0, 0, 105, 0, 0, 0, 0], [0, 0, 0, 0, 0, 0, 105, 0, 0, 0], [0, 1, 0, 0, 0, 0, 0, 113, 0, 0], [0, 0, 0, 0, 0, 0, 0, 0, 105, 0], [0, 0, 0, 0, 0, 2, 0, 0, 0, 103]]}"
h-k7-mp-DD,heom,7,modified_plurality,RetentionPolicy.DD_RETENTION,3,10,9892,1100,0.0015863000007811,0.3031762000027811,0.3047625000035623,0.9890909090909092,0.9891956678066132,0.9890723938640698,0.9891165698747552,0.9891573017093512,0.9890909090909092,0.989107169435476,"{""labels"": [""0"", ""1"", ""2"", ""3"", ""4"", ""5"", ""6"", ""7"", ""8"", ""9""], ""matrix"": [[114, 0, 0, 0, 0, 0, 0, 0, 0, 0], [0, 111, 0, 2, 0, 0, 0, 1, 0, 0], [0, 0, 114, 0, 0, 0, 0, 1, 0, 0], [0, 1, 1, 103, 0, 0, 0, 0, 0, 0], [0, 0, 0, 0, 115, 0, 0, 0, 0, 0], [0, 0, 0, 1, 0, 104, 0, 0, 0, 0], [0, 0, 0, 0, 0, 0, 105, 0, 0, 0], [0, 2, 0, 0, 0, 0, 0, 113, 0, 0], [0, 0, 0, 0, 0, 0, 0, 1, 105, 0], [0, 0, 0, 0, 0, 2, 0, 0, 0, 104]]}"
h-k7-mp-DD,heom,7,modified_plurality,RetentionPolicy.DD_RETENTION,4,10,9894,1098,0.0015359000026364,0.3091414000009536,0.31067730000359,0.9918032786885246,0.9919330199659122,0.991770176055397,0.9917957067308156,0.9919236518086776,0.9918032786885246,0.9918069068053016,"{""labels"": [""0"", ""1"", ""2"", ""3"", ""4"", ""5"", ""6"", ""7"", ""8"", ""9""], ""matrix"": [[114, 0, 0, 0, 0, 0, 0, 0, 0, 0], [0, 112, 2, 1, 0, 0, 0, 0, 0, 0], [0, 0, 114, 0, 0, 0, 0, 0, 0, 0], [0, 0, 1, 104, 0, 0, 0, 0, 0, 0], [0, 0, 0, 0, 113, 1, 0, 0, 0, 0], [0, 0, 0, 2, 0, 104, 0, 0, 0, 0], [0, 0, 0, 0, 0, 0, 106, 0, 0, 0], [0, 0, 0, 0, 0, 0, 0, 114, 0, 0], [0, 0, 0, 0, 0, 0, 0, 0, 105, 0], [0, 0, 0, 0, 1, 0, 0, 1, 0, 103]]}"
h-k7-mp-DD,heom,7,modified_plurality,RetentionPolicy.DD_RETENTION,5,10,9894,1098,0.0016918999972403,0.30760459999874,0.3092964999959804,0.9927140255009108,0.9927998530125156,0.9927568922305764,0.9927573883251638,0.992755711310608,0.9927140255009108,0.9927141776308672,"{""labels"": [""0"", ""1"", ""2"", ""3"", ""4"", ""5"", ""6"", ""7"", ""8"", ""9""], ""matrix"": [[114, 0, 0, 0, 0, 0, 0, 0, 0, 0], [0, 112, 0, 1, 1, 0, 0, 0, 0, 0], [0, 0, 114, 0, 0, 0, 0, 0, 0, 0], [0, 0, 0, 105, 0, 0, 0, 0, 0, 0], [0, 0, 0, 0, 112, 0, 0, 1, 0, 1], [0, 0, 0, 1, 0, 104, 0, 0, 0, 0], [0, 0, 0, 0, 0, 0, 108, 0, 0, 0], [0, 0, 1, 0, 0, 0, 0, 113, 0, 0], [0, 0, 0, 0, 0, 0, 0, 1, 104, 0], [0, 1, 0, 0, 0, 0, 0, 0, 0, 104]]}"
h-k7-mp-DD,heom,7,modified_plurality,RetentionPolicy.DD_RETENTION,6,10,9890,1102,0.0016987999988486,0.3085396000024047,0.3102384000012534,0.9927404718693283,0.9929055883721948,0.9927491753080692,0.9927794314436832,0.9928284331683358,0.9927404718693283,0.9927358924621112,"{""labels"": [""0"", ""1"", ""2"", ""3"", ""4"", ""5"", ""6"", ""7"", ""8"", ""9""], ""matrix"": [[114, 0, 0, 0, 0, 0, 0, 0, 0, 0], [0, 112, 2, 1, 0, 0, 0, 0, 0, 0], [0, 0, 114, 0, 0, 0, 0, 0, 0, 0], [0, 0, 0, 108, 0, 0, 0, 0, 0, 0], [0, 0, 0, 0, 113, 0, 0, 1, 0, 0], [0, 0, 0, 1, 0, 105, 0, 0, 0, 0], [0, 0, 0, 0, 0, 1, 104, 0, 0, 0], [0, 0, 0, 0, 0, 0, 0, 114, 0, 0], [0, 0, 0, 0, 0, 0, 0, 0, 105, 0], [0, 0, 0, 0, 2, 0, 0, 0, 0, 105]]}"
h-k7-mp-DD,heom,7,modified_plurality,RetentionPolicy.DD_RETENTION,7,10,9892,1100,0.0015129999956116,0.3079685999982757,0.3094815999938873,0.9945454545454544,0.9948423224285292,0.9945954508913794,0.9946764865464648,0.9946392305012994,0.9945454545454544,0.9945486826056498,"{""labels"": [""0"", ""1"", ""2"", ""3"", ""4"", ""5"", ""6"", ""7"", ""8"", ""9""], ""matrix"": [[112, 0, 0, 0, 2, 0, 0, 0, 0, 0], [0, 112, 2, 0, 0, 0, 0, 0, 0, 0], [0, 0, 114, 0, 0, 0, 0, 0, 0, 0], [0, 0, 0, 107, 0, 0, 0, 0, 0, 0], [0, 0, 0, 0, 114, 0, 0, 0, 0, 0], [0, 0, 0, 0, 0, 106, 0, 0, 0, 0], [0, 0, 0, 0, 0, 0, 105, 0, 0, 0], [0, 0, 0, 0, 0, 0, 0, 115, 0, 0], [0, 0, 0, 0, 0, 0, 0, 1, 105, 0], [0, 0, 0, 0, 0, 0, 0, 1, 0, 104]]}"
h-k7-mp-DD,heom,7,modified_plurality,RetentionPolicy.DD_RETENTION,8,10,9894,1098,0.0016452999989269,0.3045576000004075,0.3062028999993345,0.9936247723132968,0.9937138712680084,0.9936430699389984,0.9936387904407504,0.9936890517824284,0.9936247723132968,0.9936163897910956,"{""labels"": [""0"", ""1"", ""2"", ""3"", ""4"", ""5"", ""6"", ""7"", ""8"", ""9""], ""matrix"": [[113, 0, 0, 0, 0, 0, 1, 0, 0, 0], [0, 111, 1, 1, 0, 0, 0, 1, 0, 0], [0, 0, 115, 0, 0, 0, 0, 0, 0, 0], [0, 0, 0, 104, 1, 0, 0, 0, 0, 0], [0, 0, 0, 0, 114, 0, 0, 0, 0, 0], [0, 0, 0, 0, 0, 106, 0, 0, 0, 0], [0, 0, 0, 0, 0, 0, 105, 0, 0, 0], [0, 0, 0, 0, 0, 0, 0, 114, 0, 0], [0, 0, 0, 0, 0, 0, 0, 1, 105, 0], [0, 0, 0, 0, 0, 1, 0, 0, 0, 104]]}"
h-k7-mp-DD,heom,7,modified_plurality,RetentionPolicy.DD_RETENTION,9,10,9890,1102,0.0015504000039072,0.3067663999972865,0.3083168000011937,0.9900181488203268,0.9900607641102284,0.9899675562984572,0.9899912125138104,0.9900475931497428,0.9900181488203268,0.990009188257949,"{""labels"": [""0"", ""1"", ""2"", ""3"", ""4"", ""5"", ""6"", ""7"", ""8"", ""9""], ""matrix"": [[113, 0, 0, 0, 1, 0, 0, 0, 0, 1], [0, 112, 1, 1, 0, 0, 0, 0, 0, 0], [0, 0, 115, 0, 0, 0, 0, 0, 0, 0], [0, 0, 0, 104, 0, 0, 0, 0, 0, 1], [0, 0, 0, 0, 114, 1, 0, 0, 0, 0], [0, 0, 0, 0, 0, 105, 0, 0, 1, 0], [0, 0, 0, 0, 0, 0, 106, 0, 0, 0], [0, 0, 0, 0, 0, 0, 0, 114, 0, 0], [0, 0, 0, 0, 0, 0, 0, 1, 105, 0], [0, 1, 0, 0, 1, 0, 0, 1, 0, 103]]}"