dataset,metric,k,vote,retention,fold_id,num_folds,n_train,n_test,fit_time_s,predict_time_s,total_time_s,accuracy,precision_macro,recall_macro,f1_macro,precision_weighted,recall_weighted,f1_weighted,confusion_matrix_json
pen-based,cosine,3,borda,RetentionPolicy.ALWAYS_RETAIN,0,10,9894,1098,0.0017225000046892092,0.23204699999769218,0.2337695000023814,0.9908925318761385,0.9909011926202265,0.990886712268777,0.9908686757547912,0.9909246947584884,0.9908925318761385,0.9908837064918878,"{""labels"": [""0"", ""1"", ""2"", ""3"", ""4"", ""5"", ""6"", ""7"", ""8"", ""9""], ""matrix"": [[115, 0, 0, 0, 0, 0, 0, 0, 0, 0], [0, 113, 1, 0, 0, 0, 0, 0, 0, 0], [0, 2, 112, 0, 0, 0, 0, 0, 0, 0], [0, 0, 0, 105, 0, 0, 0, 0, 0, 0], [0, 0, 0, 0, 114, 0, 0, 0, 0, 1], [0, 0, 0, 0, 0, 105, 0, 0, 0, 0], [0, 0, 0, 0, 0, 0, 105, 0, 0, 0], [0, 0, 0, 0, 0, 0, 0, 113, 0, 1], [1, 0, 0, 0, 0, 1, 0, 1, 103, 0], [0, 0, 0, 0, 0, 1, 0, 0, 1, 103]]}"
pen-based,cosine,3,borda,RetentionPolicy.ALWAYS_RETAIN,1,10,9893,1099,0.0022900999974808656,0.23254109999834327,0.23483119999582414,0.9936305732484076,0.993703199126702,0.9937245287130871,0.9936804280599818,0.9936724341772446,0.9936305732484076,0.9936183661229235,"{""labels"": [""0"", ""1"", ""2"", ""3"", ""4"", ""5"", ""6"", ""7"", ""8"", ""9""], ""matrix"": [[114, 0, 0, 0, 1, 0, 0, 0, 0, 0], [0, 114, 0, 0, 0, 0, 0, 0, 0, 0], [0, 0, 114, 0, 0, 0, 0, 0, 0, 0], [0, 0, 0, 103, 0, 0, 0, 1, 0, 1], [0, 0, 0, 0, 114, 1, 0, 0, 0, 0], [0, 0, 0, 0, 0, 105, 0, 0, 0, 0], [0, 0, 0, 0, 0, 0, 106, 0, 0, 0], [0, 1, 1, 0, 0, 0, 0, 111, 0, 1], [0, 0, 0, 0, 0, 0, 0, 0, 105, 0], [0, 0, 0, 0, 0, 0, 0, 0, 0, 106]]}"
pen-based,cosine,3,borda,RetentionPolicy.ALWAYS_RETAIN,2,10,9895,1097,0.0014539000039803796,0.23076209999999264,0.23221600000397302,0.9972652689152234,0.9972436423297785,0.9973008608477716,0.9972597727221242,0.9972903952385618,0.9972652689152234,0.997265400500295,"{""labels"": [""0"", ""1"", ""2"", ""3"", ""4"", ""5"", ""6"", ""7"", ""8"", ""9""], ""matrix"": [[114, 0, 0, 0, 0, 0, 0, 0, 0, 0], [0, 114, 0, 0, 1, 0, 0, 0, 0, 0], [0, 0, 115, 0, 0, 0, 0, 0, 0, 0], [0, 0, 0, 104, 0, 1, 0, 0, 0, 0], [0, 0, 0, 0, 114, 0, 0, 0, 0, 0], [0, 0, 0, 0, 0, 105, 0, 0, 0, 0], [0, 0, 0, 0, 0, 0, 105, 0, 0, 0], [0, 0, 0, 0, 0, 0, 0, 113, 1, 0], [0, 0, 0, 0, 0, 0, 0, 0, 105, 0], [0, 0, 0, 0, 0, 0, 0, 0, 0, 105]]}"
pen-based,cosine,3,borda,RetentionPolicy.ALWAYS_RETAIN,3,10,9892,1100,0.001573699999426026,0.22920629999862285,0.23077999999804888,0.9927272727272727,0.9928199307898303,0.9927874032908358,0.9927842040105552,0.9927667007429812,0.9927272727272727,0.9927270931982196,"{""labels"": [""0"", ""1"", ""2"", ""3"", ""4"", ""5"", ""6"", ""7"", ""8"", ""9""], ""matrix"": [[114, 0, 0, 0, 0, 0, 0, 0, 0, 0], [0, 113, 0, 1, 0, 0, 0, 0, 0, 0], [0, 0, 114, 0, 0, 0, 0, 1, 0, 0], [0, 1, 1, 103, 0, 0, 0, 0, 0, 0], [0, 0, 0, 0, 115, 0, 0, 0, 0, 0], [0, 0, 0, 1, 0, 104, 0, 0, 0, 0], [0, 0, 0, 0, 0, 0, 105, 0, 0, 0], [0, 2, 0, 0, 0, 0, 0, 112, 1, 0], [0, 0, 0, 0, 0, 0, 0, 0, 106, 0], [0, 0, 0, 0, 0, 0, 0, 0, 0, 106]]}"
pen-based,cosine,3,borda,RetentionPolicy.ALWAYS_RETAIN,4,10,9894,1098,0.0014463000043178909,0.2294423999992432,0.2308887000035611,0.9963570127504554,0.9964539158991933,0.9962822766514318,0.9963522888360024,0.9963963373504504,0.9963570127504554,0.9963605953000271,"{""labels"": [""0"", ""1"", ""2"", ""3"", ""4"", ""5"", ""6"", ""7"", ""8"", ""9""], ""matrix"": [[114, 0, 0, 0, 0, 0, 0, 0, 0, 0], [0, 114, 1, 0, 0, 0, 0, 0, 0, 0], [0, 0, 114, 0, 0, 0, 0, 0, 0, 0], [0, 0, 1, 104, 0, 0, 0, 0, 0, 0], [0, 0, 0, 0, 114, 0, 0, 0, 0, 0], [0, 0, 0, 1, 0, 105, 0, 0, 0, 0], [0, 0, 0, 0, 0, 0, 106, 0, 0, 0], [0, 0, 0, 0, 0, 0, 0, 114, 0, 0], [0, 0, 0, 0, 0, 0, 0, 0, 105, 0], [0, 0, 0, 0, 1, 0, 0, 0, 0, 104]]}"
pen-based,cosine,3,borda,RetentionPolicy.ALWAYS_RETAIN,5,10,9894,1098,0.0016391999961342663,0.22787740000057966,0.22951659999671392,0.9927140255009107,0.9927208311298124,0.9926817042606515,0.9926662239075166,0.9927982765439526,0.9927140255009107,0.9927224230744482,"{""labels"": [""0"", ""1"", ""2"", ""3"", ""4"", ""5"", ""6"", ""7"", ""8"", ""9""], ""matrix"": [[114, 0, 0, 0, 0, 0, 0, 0, 0, 0], [0, 113, 0, 1, 0, 0, 0, 0, 0, 0], [0, 0, 113, 1, 0, 0, 0, 0, 0, 0], [0, 0, 0, 105, 0, 0, 0, 0, 0, 0], [0, 0, 0, 0, 113, 0, 0, 0, 0, 1], [0, 0, 0, 1, 0, 103, 1, 0, 0, 0], [0, 0, 0, 0, 0, 0, 108, 0, 0, 0], [0, 0, 1, 0, 0, 0, 0, 113, 0, 0], [0, 0, 0, 0, 0, 0, 0, 1, 104, 0], [0, 1, 0, 0, 0, 0, 0, 0, 0, 104]]}"
pen-based,cosine,3,borda,RetentionPolicy.ALWAYS_RETAIN,6,10,9890,1102,0.001502999999502208,0.22910250000131782,0.23060550000082003,0.9954627949183303,0.9955750700168217,0.99549552716903,0.9954970181791907,0.9955409232203719,0.9954627949183303,0.9954624033882961,"{""labels"": [""0"", ""1"", ""2"", ""3"", ""4"", ""5"", ""6"", ""7"", ""8"", ""9""], ""matrix"": [[114, 0, 0, 0, 0, 0, 0, 0, 0, 0], [0, 112, 3, 0, 0, 0, 0, 0, 0, 0], [0, 0, 114, 0, 0, 0, 0, 0, 0, 0], [0, 0, 0, 108, 0, 0, 0, 0, 0, 0], [0, 0, 0, 0, 114, 0, 0, 0, 0, 0], [0, 0, 0, 1, 0, 105, 0, 0, 0, 0], [0, 0, 0, 0, 0, 1, 104, 0, 0, 0], [0, 0, 0, 0, 0, 0, 0, 114, 0, 0], [0, 0, 0, 0, 0, 0, 0, 0, 105, 0], [0, 0, 0, 0, 0, 0, 0, 0, 0, 107]]}"
pen-based,cosine,3,borda,RetentionPolicy.ALWAYS_RETAIN,7,10,9892,1100,0.0015032000010251068,0.22921579999820096,0.23071899999922607,0.9918181818181818,0.9921389816386068,0.9918886839740862,0.991973931174871,0.9918965089688477,0.9918181818181818,0.9918169746751947,"{""labels"": [""0"", ""1"", ""2"", ""3"", ""4"", ""5"", ""6"", ""7"", ""8"", ""9""], ""matrix"": [[113, 0, 0, 0, 1, 0, 0, 0, 0, 0], [0, 111, 3, 0, 0, 0, 0, 0, 0, 0], [0, 1, 112, 1, 0, 0, 0, 0, 0, 0], [0, 0, 0, 107, 0, 0, 0, 0, 0, 0], [0, 0, 0, 0, 114, 0, 0, 0, 0, 0], [0, 0, 0, 0, 0, 106, 0, 0, 0, 0], [0, 0, 0, 0, 0, 0, 105, 0, 0, 0], [0, 0, 0, 0, 0, 0, 0, 115, 0, 0], [0, 0, 0, 0, 0, 0, 0, 1, 105, 0], [0, 0, 0, 0, 1, 0, 0, 1, 0, 103]]}"
pen-based,cosine,3,borda,RetentionPolicy.ALWAYS_RETAIN,8,10,9894,1098,0.0014515000002575107,0.22784119999414543,0.22929269999440294,0.9936247723132969,0.9936851117082226,0.9936506977040633,0.9936550877178053,0.9936497954543082,0.9936247723132969,0.9936246932240742,"{""labels"": [""0"", ""1"", ""2"", ""3"", ""4"", ""5"", ""6"", ""7"", ""8"", ""9""], ""matrix"": [[113, 0, 0, 0, 0, 0, 1, 0, 0, 0], [0, 112, 1, 0, 0, 0, 0, 1, 0, 0], [0, 1, 114, 0, 0, 0, 0, 0, 0, 0], [0, 1, 0, 104, 0, 0, 0, 0, 0, 0], [0, 0, 0, 0, 114, 0, 0, 0, 0, 0], [0, 0, 0, 0, 0, 105, 0, 0, 1, 0], [0, 0, 0, 0, 0, 0, 105, 0, 0, 0], [0, 0, 0, 0, 0, 0, 0, 114, 0, 0], [0, 0, 0, 0, 0, 0, 0, 0, 106, 0], [0, 0, 0, 0, 0, 1, 0, 0, 0, 104]]}"
pen-based,cosine,3,borda,RetentionPolicy.ALWAYS_RETAIN,9,10,9890,1102,0.0018967999931192026,0.22725920000084443,0.22915599999396363,0.9945553539019963,0.9945759402335259,0.9945368754124854,0.9945366865404116,0.9945873709853693,0.9945553539019963,0.9945512315756814,"{""labels"": [""0"", ""1"", ""2"", ""3"", ""4"", ""5"", ""6"", ""7"", ""8"", ""9""], ""matrix"": [[114, 0, 0, 0, 1, 0, 0, 0, 0, 0], [0, 112, 1, 1, 0, 0, 0, 0, 0, 0], [0, 0, 115, 0, 0, 0, 0, 0, 0, 0], [0, 0, 0, 104, 0, 0, 0, 0, 0, 1], [0, 0, 0, 0, 115, 0, 0, 0, 0, 0], [0, 0, 0, 0, 0, 105, 0, 0, 1, 0], [0, 0, 0, 0, 0, 0, 106, 0, 0, 0], [0, 0, 0, 0, 0, 0, 0, 114, 0, 0], [0, 0, 0, 0, 0, 0, 0, 0, 106, 0], [0, 0, 0, 0, 0, 0, 0, 1, 0, 105]]}"
pen-based,cosine,3,borda,RetentionPolicy.NEVER_RETAIN,0,10,9894,1098,0.001688800002739299,0.20214080000005197,0.20382960000279127,0.9908925318761385,0.9909011926202265,0.990886712268777,0.9908686757547912,0.9909246947584884,0.9908925318761385,0.9908837064918878,"{""labels"": [""0"", ""1"", ""2"", ""3"", ""4"", ""5"", ""6"", ""7"", ""8"", ""9""], ""matrix"": [[115, 0, 0, 0, 0, 0, 0, 0, 0, 0], [0, 113, 1, 0, 0, 0, 0, 0, 0, 0], [0, 2, 112, 0, 0, 0, 0, 0, 0, 0], [0, 0, 0, 105, 0, 0, 0, 0, 0, 0], [0, 0, 0, 0, 114, 0, 0, 0, 0, 1], [0, 0, 0, 0, 0, 105, 0, 0, 0, 0], [0, 0, 0, 0, 0, 0, 105, 0, 0, 0], [0, 0, 0, 0, 0, 0, 0, 113, 0, 1], [1, 0, 0, 0, 0, 1, 0, 1, 103, 0], [0, 0, 0, 0, 0, 1, 0, 0, 1, 103]]}"
pen-based,cosine,3,borda,RetentionPolicy.NEVER_RETAIN,1,10,9893,1099,0.0015526999995927326,0.2036459000009927,0.20519860000058543,0.9936305732484076,0.993703199126702,0.9937245287130871,0.9936804280599818,0.9936724341772446,0.9936305732484076,0.9936183661229235,"{""labels"": [""0"", ""1"", ""2"", ""3"", ""4"", ""5"", ""6"", ""7"", ""8"", ""9""], ""matrix"": [[114, 0, 0, 0, 1, 0, 0, 0, 0, 0], [0, 114, 0, 0, 0, 0, 0, 0, 0, 0], [0, 0, 114, 0, 0, 0, 0, 0, 0, 0], [0, 0, 0, 103, 0, 0, 0, 1, 0, 1], [0, 0, 0, 0, 114, 1, 0, 0, 0, 0], [0, 0, 0, 0, 0, 105, 0, 0, 0, 0], [0, 0, 0, 0, 0, 0, 106, 0, 0, 0], [0, 1, 1, 0, 0, 0, 0, 111, 0, 1], [0, 0, 0, 0, 0, 0, 0, 0, 105, 0], [0, 0, 0, 0, 0, 0, 0, 0, 0, 106]]}"
pen-based,cosine,3,borda,RetentionPolicy.NEVER_RETAIN,2,10,9895,1097,0.0014950000040698797,0.20004009999684058,0.20153510000091046,0.9963536918869644,0.9963178796776889,0.9963484798953907,0.9963118412454767,0.9964042960729336,0.9963536918869644,0.9963580823138958,"{""labels"": [""0"", ""1"", ""2"", ""3"", ""4"", ""5"", ""6"", ""7"", ""8"", ""9""], ""matrix"": [[114, 0, 0, 0, 0, 0, 0, 0, 0, 0], [0, 114, 0, 0, 1, 0, 0, 0, 0, 0], [0, 0, 115, 0, 0, 0, 0, 0, 0, 0], [0, 0, 0, 104, 0, 1, 0, 0, 0, 0], [0, 0, 0, 0, 114, 0, 0, 0, 0, 0], [0, 0, 0, 0, 0, 105, 0, 0, 0, 0], [0, 0, 0, 0, 0, 0, 105, 0, 0, 0], [0, 0, 0, 0, 0, 0, 0, 113, 1, 0], [0, 0, 0, 0, 0, 0, 0, 0, 105, 0], [0, 0, 0, 0, 0, 1, 0, 0, 0, 104]]}"
pen-based,cosine,3,borda,RetentionPolicy.NEVER_RETAIN,3,10,9892,1100,0.0017221000016434118,0.19449280000117142,0.19621490000281483,0.9927272727272727,0.9928199307898303,0.9927874032908358,0.9927842040105552,0.9927667007429812,0.9927272727272727,0.9927270931982196,"{""labels"": [""0"", ""1"", ""2"", ""3"", ""4"", ""5"", ""6"", ""7"", ""8"", ""9""], ""matrix"": [[114, 0, 0, 0, 0, 0, 0, 0, 0, 0], [0, 113, 0, 1, 0, 0, 0, 0, 0, 0], [0, 0, 114, 0, 0, 0, 0, 1, 0, 0], [0, 1, 1, 103, 0, 0, 0, 0, 0, 0], [0, 0, 0, 0, 115, 0, 0, 0, 0, 0], [0, 0, 0, 1, 0, 104, 0, 0, 0, 0], [0, 0, 0, 0, 0, 0, 105, 0, 0, 0], [0, 2, 0, 0, 0, 0, 0, 112, 1, 0], [0, 0, 0, 0, 0, 0, 0, 0, 106, 0], [0, 0, 0, 0, 0, 0, 0, 0, 0, 106]]}"
pen-based,cosine,3,borda,RetentionPolicy.NEVER_RETAIN,4,10,9894,1098,0.00150529999518767,0.1996424000026309,0.20114769999781856,0.9963570127504554,0.9964539158991933,0.9962822766514318,0.9963522888360024,0.9963963373504504,0.9963570127504554,0.9963605953000271,"{""labels"": [""0"", ""1"", ""2"", ""3"", ""4"", ""5"", ""6"", ""7"", ""8"", ""9""], ""matrix"": [[114, 0, 0, 0, 0, 0, 0, 0, 0, 0], [0, 114, 1, 0, 0, 0, 0, 0, 0, 0], [0, 0, 114, 0, 0, 0, 0, 0, 0, 0], [0, 0, 1, 104, 0, 0, 0, 0, 0, 0], [0, 0, 0, 0, 114, 0, 0, 0, 0, 0], [0, 0, 0, 1, 0, 105, 0, 0, 0, 0], [0, 0, 0, 0, 0, 0, 106, 0, 0, 0], [0, 0, 0, 0, 0, 0, 0, 114, 0, 0], [0, 0, 0, 0, 0, 0, 0, 0, 105, 0], [0, 0, 0, 0, 1, 0, 0, 0, 0, 104]]}"
pen-based,cosine,3,borda,RetentionPolicy.NEVER_RETAIN,5,10,9894,1098,0.0017912999974214472,0.19689410000137286,0.1986853999987943,0.9918032786885246,0.9918329331375066,0.9917293233082706,0.9917550314732455,0.9918785431535788,0.9918032786885246,0.9918155846248174,"{""labels"": [""0"", ""1"", ""2"", ""3"", ""4"", ""5"", ""6"", ""7"", ""8"", ""9""], ""matrix"": [[114, 0, 0, 0, 0, 0, 0, 0, 0, 0], [0, 113, 0, 1, 0, 0, 0, 0, 0, 0], [0, 0, 113, 1, 0, 0, 0, 0, 0, 0], [0, 1, 0, 104, 0, 0, 0, 0, 0, 0], [0, 0, 0, 0, 113, 0, 0, 0, 0, 1], [0, 0, 0, 1, 0, 103, 1, 0, 0, 0], [0, 0, 0, 0, 0, 0, 108, 0, 0, 0], [0, 0, 1, 0, 0, 0, 0, 113, 0, 0], [0, 0, 0, 0, 0, 0, 0, 1, 104, 0], [0, 1, 0, 0, 0, 0, 0, 0, 0, 104]]}"
pen-based,cosine,3,borda,RetentionPolicy.NEVER_RETAIN,6,10,9890,1102,0.0015056999982334673,0.1980805999992299,0.19958629999746336,0.9954627949183303,0.9955750700168217,0.99549552716903,0.9954970181791907,0.9955409232203719,0.9954627949183303,0.9954624033882961,"{""labels"": [""0"", ""1"", ""2"", ""3"", ""4"", ""5"", ""6"", ""7"", ""8"", ""9""], ""matrix"": [[114, 0, 0, 0, 0, 0, 0, 0, 0, 0], [0, 112, 3, 0, 0, 0, 0, 0, 0, 0], [0, 0, 114, 0, 0, 0, 0, 0, 0, 0], [0, 0, 0, 108, 0, 0, 0, 0, 0, 0], [0, 0, 0, 0, 114, 0, 0, 0, 0, 0], [0, 0, 0, 1, 0, 105, 0, 0, 0, 0], [0, 0, 0, 0, 0, 1, 104, 0, 0, 0], [0, 0, 0, 0, 0, 0, 0, 114, 0, 0], [0, 0, 0, 0, 0, 0, 0, 0, 105, 0], [0, 0, 0, 0, 0, 0, 0, 0, 0, 107]]}"
pen-based,cosine,3,borda,RetentionPolicy.NEVER_RETAIN,7,10,9892,1100,0.0017324000000371598,0.19419980000384385,0.195932200003881,0.99,0.9903671972509491,0.9901342980091739,0.9901913854950223,0.9901181374690549,0.99,0.989998933402697,"{""labels"": [""0"", ""1"", ""2"", ""3"", ""4"", ""5"", ""6"", ""7"", ""8"", ""9""], ""matrix"": [[112, 0, 0, 0, 2, 0, 0, 0, 0, 0], [0, 111, 3, 0, 0, 0, 0, 0, 0, 0], [0, 1, 111, 2, 0, 0, 0, 0, 0, 0], [0, 0, 0, 107, 0, 0, 0, 0, 0, 0], [0, 0, 0, 0, 114, 0, 0, 0, 0, 0], [0, 0, 0, 0, 0, 106, 0, 0, 0, 0], [0, 0, 0, 0, 0, 0, 105, 0, 0, 0], [0, 0, 0, 0, 0, 0, 0, 115, 0, 0], [0, 0, 0, 0, 0, 0, 0, 1, 105, 0], [0, 0, 0, 0, 1, 0, 0, 1, 0, 103]]}"
pen-based,cosine,3,borda,RetentionPolicy.NEVER_RETAIN,8,10,9894,1098,0.0016400999957113527,0.19722100000217324,0.1988610999978846,0.9936247723132969,0.9936851117082226,0.9936506977040633,0.9936550877178053,0.9936497954543082,0.9936247723132969,0.9936246932240742,"{""labels"": [""0"", ""1"", ""2"", ""3"", ""4"", ""5"", ""6"", ""7"", ""8"", ""9""], ""matrix"": [[113, 0, 0, 0, 0, 0, 1, 0, 0, 0], [0, 112, 1, 0, 0, 0, 0, 1, 0, 0], [0, 1, 114, 0, 0, 0, 0, 0, 0, 0], [0, 1, 0, 104, 0, 0, 0, 0, 0, 0], [0, 0, 0, 0, 114, 0, 0, 0, 0, 0], [0, 0, 0, 0, 0, 105, 0, 0, 1, 0], [0, 0, 0, 0, 0, 0, 105, 0, 0, 0], [0, 0, 0, 0, 0, 0, 0, 114, 0, 0], [0, 0, 0, 0, 0, 0, 0, 0, 106, 0], [0, 0, 0, 0, 0, 1, 0, 0, 0, 104]]}"
pen-based,cosine,3,borda,RetentionPolicy.NEVER_RETAIN,9,10,9890,1102,0.0015057999989949167,0.20197129999723984,0.20347709999623476,0.9945553539019963,0.9945759402335259,0.9945368754124854,0.9945366865404116,0.9945873709853693,0.9945553539019963,0.9945512315756814,"{""labels"": [""0"", ""1"", ""2"", ""3"", ""4"", ""5"", ""6"", ""7"", ""8"", ""9""], ""matrix"": [[114, 0, 0, 0, 1, 0, 0, 0, 0, 0], [0, 112, 1, 1, 0, 0, 0, 0, 0, 0], [0, 0, 115, 0, 0, 0, 0, 0, 0, 0], [0, 0, 0, 104, 0, 0, 0, 0, 0, 1], [0, 0, 0, 0, 115, 0, 0, 0, 0, 0], [0, 0, 0, 0, 0, 105, 0, 0, 1, 0], [0, 0, 0, 0, 0, 0, 106, 0, 0, 0], [0, 0, 0, 0, 0, 0, 0, 114, 0, 0], [0, 0, 0, 0, 0, 0, 0, 0, 106, 0], [0, 0, 0, 0, 0, 0, 0, 1, 0, 105]]}"
pen-based,cosine,3,borda,RetentionPolicy.DIFFERENT_CLASS_RETENTION,0,10,9894,1098,0.0014531999986502342,0.19589370000176132,0.19734690000041155,0.9908925318761385,0.9909011926202265,0.990886712268777,0.9908686757547912,0.9909246947584884,0.9908925318761385,0.9908837064918878,"{""labels"": [""0"", ""1"", ""2"", ""3"", ""4"", ""5"", ""6"", ""7"", ""8"", ""9""], ""matrix"": [[115, 0, 0, 0, 0, 0, 0, 0, 0, 0], [0, 113, 1, 0, 0, 0, 0, 0, 0, 0], [0, 2, 112, 0, 0, 0, 0, 0, 0, 0], [0, 0, 0, 105, 0, 0, 0, 0, 0, 0], [0, 0, 0, 0, 114, 0, 0, 0, 0, 1], [0, 0, 0, 0, 0, 105, 0, 0, 0, 0], [0, 0, 0, 0, 0, 0, 105, 0, 0, 0], [0, 0, 0, 0, 0, 0, 0, 113, 0, 1], [1, 0, 0, 0, 0, 1, 0, 1, 103, 0], [0, 0, 0, 0, 0, 1, 0, 0, 1, 103]]}"
pen-based,cosine,3,borda,RetentionPolicy.DIFFERENT_CLASS_RETENTION,1,10,9893,1099,0.0016222999984165654,0.19677310000406578,0.19839540000248235,0.9936305732484076,0.993703199126702,0.9937245287130871,0.9936804280599818,0.9936724341772446,0.9936305732484076,0.9936183661229235,"{""labels"": [""0"", ""1"", ""2"", ""3"", ""4"", ""5"", ""6"", ""7"", ""8"", ""9""], ""matrix"": [[114, 0, 0, 0, 1, 0, 0, 0, 0, 0], [0, 114, 0, 0, 0, 0, 0, 0, 0, 0], [0, 0, 114, 0, 0, 0, 0, 0, 0, 0], [0, 0, 0, 103, 0, 0, 0, 1, 0, 1], [0, 0, 0, 0, 114, 1, 0, 0, 0, 0], [0, 0, 0, 0, 0, 105, 0, 0, 0, 0], [0, 0, 0, 0, 0, 0, 106, 0, 0, 0], [0, 1, 1, 0, 0, 0, 0, 111, 0, 1], [0, 0, 0, 0, 0, 0, 0, 0, 105, 0], [0, 0, 0, 0, 0, 0, 0, 0, 0, 106]]}"
pen-based,cosine,3,borda,RetentionPolicy.DIFFERENT_CLASS_RETENTION,2,10,9895,1097,0.001505899999756366,0.19433399999979883,0.1958398999995552,0.9963536918869644,0.9963178796776889,0.9963484798953907,0.9963118412454767,0.9964042960729336,0.9963536918869644,0.9963580823138958,"{""labels"": [""0"", ""1"", ""2"", ""3"", ""4"", ""5"", ""6"", ""7"", ""8"", ""9""], ""matrix"": [[114, 0, 0, 0, 0, 0, 0, 0, 0, 0], [0, 114, 0, 0, 1, 0, 0, 0, 0, 0], [0, 0, 115, 0, 0, 0, 0, 0, 0, 0], [0, 0, 0, 104, 0, 1, 0, 0, 0, 0], [0, 0, 0, 0, 114, 0, 0, 0, 0, 0], [0, 0, 0, 0, 0, 105, 0, 0, 0, 0], [0, 0, 0, 0, 0, 0, 105, 0, 0, 0], [0, 0, 0, 0, 0, 0, 0, 113, 1, 0], [0, 0, 0, 0, 0, 0, 0, 0, 105, 0], [0, 0, 0, 0, 0, 1, 0, 0, 0, 104]]}"
pen-based,cosine,3,borda,RetentionPolicy.DIFFERENT_CLASS_RETENTION,3,10,9892,1100,0.0015195000014500692,0.20127720000164118,0.20279670000309125,0.9927272727272727,0.9928199307898303,0.9927874032908358,0.9927842040105552,0.9927667007429812,0.9927272727272727,0.9927270931982196,"{""labels"": [""0"", ""1"", ""2"", ""3"", ""4"", ""5"", ""6"", ""7"", ""8"", ""9""], ""matrix"": [[114, 0, 0, 0, 0, 0, 0, 0, 0, 0], [0, 113, 0, 1, 0, 0, 0, 0, 0, 0], [0, 0, 114, 0, 0, 0, 0, 1, 0, 0], [0, 1, 1, 103, 0, 0, 0, 0, 0, 0], [0, 0, 0, 0, 115, 0, 0, 0, 0, 0], [0, 0, 0, 1, 0, 104, 0, 0, 0, 0], [0, 0, 0, 0, 0, 0, 105, 0, 0, 0], [0, 2, 0, 0, 0, 0, 0, 112, 1, 0], [0, 0, 0, 0, 0, 0, 0, 0, 106, 0], [0, 0, 0, 0, 0, 0, 0, 0, 0, 106]]}"
pen-based,cosine,3,borda,RetentionPolicy.DIFFERENT_CLASS_RETENTION,4,10,9894,1098,0.0014862000025459565,0.20091359999787528,0.20239980000042124,0.9963570127504554,0.9964539158991933,0.9962822766514318,0.9963522888360024,0.9963963373504504,0.9963570127504554,0.9963605953000271,"{""labels"": [""0"", ""1"", ""2"", ""3"", ""4"", ""5"", ""6"", ""7"", ""8"", ""9""], ""matrix"": [[114, 0, 0, 0, 0, 0, 0, 0, 0, 0], [0, 114, 1, 0, 0, 0, 0, 0, 0, 0], [0, 0, 114, 0, 0, 0, 0, 0, 0, 0], [0, 0, 1, 104, 0, 0, 0, 0, 0, 0], [0, 0, 0, 0, 114, 0, 0, 0, 0, 0], [0, 0, 0, 1, 0, 105, 0, 0, 0, 0], [0, 0, 0, 0, 0, 0, 106, 0, 0, 0], [0, 0, 0, 0, 0, 0, 0, 114, 0, 0], [0, 0, 0, 0, 0, 0, 0, 0, 105, 0], [0, 0, 0, 0, 1, 0, 0, 0, 0, 104]]}"
pen-based,cosine,3,borda,RetentionPolicy.DIFFERENT_CLASS_RETENTION,5,10,9894,1098,0.0015028999987407587,0.200415500003146,0.20191840000188677,0.9918032786885246,0.9918329331375066,0.9917293233082706,0.9917550314732455,0.9918785431535788,0.9918032786885246,0.9918155846248174,"{""labels"": [""0"", ""1"", ""2"", ""3"", ""4"", ""5"", ""6"", ""7"", ""8"", ""9""], ""matrix"": [[114, 0, 0, 0, 0, 0, 0, 0, 0, 0], [0, 113, 0, 1, 0, 0, 0, 0, 0, 0], [0, 0, 113, 1, 0, 0, 0, 0, 0, 0], [0, 1, 0, 104, 0, 0, 0, 0, 0, 0], [0, 0, 0, 0, 113, 0, 0, 0, 0, 1], [0, 0, 0, 1, 0, 103, 1, 0, 0, 0], [0, 0, 0, 0, 0, 0, 108, 0, 0, 0], [0, 0, 1, 0, 0, 0, 0, 113, 0, 0], [0, 0, 0, 0, 0, 0, 0, 1, 104, 0], [0, 1, 0, 0, 0, 0, 0, 0, 0, 104]]}"
pen-based,cosine,3,borda,RetentionPolicy.DIFFERENT_CLASS_RETENTION,6,10,9890,1102,0.0016214999996009283,0.2015296000026865,0.20315110000228742,0.9954627949183303,0.9955750700168217,0.99549552716903,0.9954970181791907,0.9955409232203719,0.9954627949183303,0.9954624033882961,"{""labels"": [""0"", ""1"", ""2"", ""3"", ""4"", ""5"", ""6"", ""7"", ""8"", ""9""], ""matrix"": [[114, 0, 0, 0, 0, 0, 0, 0, 0, 0], [0, 112, 3, 0, 0, 0, 0, 0, 0, 0], [0, 0, 114, 0, 0, 0, 0, 0, 0, 0], [0, 0, 0, 108, 0, 0, 0, 0, 0, 0], [0, 0, 0, 0, 114, 0, 0, 0, 0, 0], [0, 0, 0, 1, 0, 105, 0, 0, 0, 0], [0, 0, 0, 0, 0, 1, 104, 0, 0, 0], [0, 0, 0, 0, 0, 0, 0, 114, 0, 0], [0, 0, 0, 0, 0, 0, 0, 0, 105, 0], [0, 0, 0, 0, 0, 0, 0, 0, 0, 107]]}"
pen-based,cosine,3,borda,RetentionPolicy.DIFFERENT_CLASS_RETENTION,7,10,9892,1100,0.0015541999964625575,0.20265040000231238,0.20420459999877494,0.990909090909091,0.9912071618840171,0.9910114909916301,0.9910649486941836,0.9909886462705981,0.990909090909091,0.990904262536373,"{""labels"": [""0"", ""1"", ""2"", ""3"", ""4"", ""5"", ""6"", ""7"", ""8"", ""9""], ""matrix"": [[113, 0, 0, 0, 1, 0, 0, 0, 0, 0], [0, 111, 3, 0, 0, 0, 0, 0, 0, 0], [0, 1, 111, 2, 0, 0, 0, 0, 0, 0], [0, 0, 0, 107, 0, 0, 0, 0, 0, 0], [0, 0, 0, 0, 114, 0, 0, 0, 0, 0], [0, 0, 0, 0, 0, 106, 0, 0, 0, 0], [0, 0, 0, 0, 0, 0, 105, 0, 0, 0], [0, 0, 0, 0, 0, 0, 0, 115, 0, 0], [0, 0, 0, 0, 0, 0, 0, 1, 105, 0], [0, 0, 0, 0, 1, 0, 0, 1, 0, 103]]}"
pen-based,cosine,3,borda,RetentionPolicy.DIFFERENT_CLASS_RETENTION,8,10,9894,1098,0.0017960999975912273,0.20198630000231788,0.2037823999999091,0.9936247723132969,0.9936851117082226,0.9936506977040633,0.9936550877178053,0.9936497954543082,0.9936247723132969,0.9936246932240742,"{""labels"": [""0"", ""1"", ""2"", ""3"", ""4"", ""5"", ""6"", ""7"", ""8"", ""9""], ""matrix"": [[113, 0, 0, 0, 0, 0, 1, 0, 0, 0], [0, 112, 1, 0, 0, 0, 0, 1, 0, 0], [0, 1, 114, 0, 0, 0, 0, 0, 0, 0], [0, 1, 0, 104, 0, 0, 0, 0, 0, 0], [0, 0, 0, 0, 114, 0, 0, 0, 0, 0], [0, 0, 0, 0, 0, 105, 0, 0, 1, 0], [0, 0, 0, 0, 0, 0, 105, 0, 0, 0], [0, 0, 0, 0, 0, 0, 0, 114, 0, 0], [0, 0, 0, 0, 0, 0, 0, 0, 106, 0], [0, 0, 0, 0, 0, 1, 0, 0, 0, 104]]}"
pen-based,cosine,3,borda,RetentionPolicy.DIFFERENT_CLASS_RETENTION,9,10,9890,1102,0.0014653999969596043,0.19138610000663903,0.19285150000359863,0.9945553539019963,0.9945759402335259,0.9945368754124854,0.9945366865404116,0.9945873709853693,0.9945553539019963,0.9945512315756814,"{""labels"": [""0"", ""1"", ""2"", ""3"", ""4"", ""5"", ""6"", ""7"", ""8"", ""9""], ""matrix"": [[114, 0, 0, 0, 1, 0, 0, 0, 0, 0], [0, 112, 1, 1, 0, 0, 0, 0, 0, 0], [0, 0, 115, 0, 0, 0, 0, 0, 0, 0], [0, 0, 0, 104, 0, 0, 0, 0, 0, 1], [0, 0, 0, 0, 115, 0, 0, 0, 0, 0], [0, 0, 0, 0, 0, 105, 0, 0, 1, 0], [0, 0, 0, 0, 0, 0, 106, 0, 0, 0], [0, 0, 0, 0, 0, 0, 0, 114, 0, 0], [0, 0, 0, 0, 0, 0, 0, 0, 106, 0], [0, 0, 0, 0, 0, 0, 0, 1, 0, 105]]}"
pen-based,cosine,3,borda,RetentionPolicy.DD_RETENTION,0,10,9894,1098,0.0014436000055866316,0.20626829999673646,0.2077119000023231,0.9908925318761385,0.9909011926202265,0.990886712268777,0.9908686757547912,0.9909246947584884,0.9908925318761385,0.9908837064918878,"{""labels"": [""0"", ""1"", ""2"", ""3"", ""4"", ""5"", ""6"", ""7"", ""8"", ""9""], ""matrix"": [[115, 0, 0, 0, 0, 0, 0, 0, 0, 0], [0, 113, 1, 0, 0, 0, 0, 0, 0, 0], [0, 2, 112, 0, 0, 0, 0, 0, 0, 0], [0, 0, 0, 105, 0, 0, 0, 0, 0, 0], [0, 0, 0, 0, 114, 0, 0, 0, 0, 1], [0, 0, 0, 0, 0, 105, 0, 0, 0, 0], [0, 0, 0, 0, 0, 0, 105, 0, 0, 0], [0, 0, 0, 0, 0, 0, 0, 113, 0, 1], [1, 0, 0, 0, 0, 1, 0, 1, 103, 0], [0, 0, 0, 0, 0, 1, 0, 0, 1, 103]]}"
pen-based,cosine,3,borda,RetentionPolicy.DD_RETENTION,1,10,9893,1099,0.0020094999999855645,0.2054975999999442,0.20750709999992978,0.9936305732484076,0.993703199126702,0.9937245287130871,0.9936804280599818,0.9936724341772446,0.9936305732484076,0.9936183661229235,"{""labels"": [""0"", ""1"", ""2"", ""3"", ""4"", ""5"", ""6"", ""7"", ""8"", ""9""], ""matrix"": [[114, 0, 0, 0, 1, 0, 0, 0, 0, 0], [0, 114, 0, 0, 0, 0, 0, 0, 0, 0], [0, 0, 114, 0, 0, 0, 0, 0, 0, 0], [0, 0, 0, 103, 0, 0, 0, 1, 0, 1], [0, 0, 0, 0, 114, 1, 0, 0, 0, 0], [0, 0, 0, 0, 0, 105, 0, 0, 0, 0], [0, 0, 0, 0, 0, 0, 106, 0, 0, 0], [0, 1, 1, 0, 0, 0, 0, 111, 0, 1], [0, 0, 0, 0, 0, 0, 0, 0, 105, 0], [0, 0, 0, 0, 0, 0, 0, 0, 0, 106]]}"
pen-based,cosine,3,borda,RetentionPolicy.DD_RETENTION,2,10,9895,1097,0.001705700000457,0.20509189999575028,0.20679759999620728,0.9972652689152234,0.9972436423297785,0.9973008608477716,0.9972597727221242,0.9972903952385618,0.9972652689152234,0.997265400500295,"{""labels"": [""0"", ""1"", ""2"", ""3"", ""4"", ""5"", ""6"", ""7"", ""8"", ""9""], ""matrix"": [[114, 0, 0, 0, 0, 0, 0, 0, 0, 0], [0, 114, 0, 0, 1, 0, 0, 0, 0, 0], [0, 0, 115, 0, 0, 0, 0, 0, 0, 0], [0, 0, 0, 104, 0, 1, 0, 0, 0, 0], [0, 0, 0, 0, 114, 0, 0, 0, 0, 0], [0, 0, 0, 0, 0, 105, 0, 0, 0, 0], [0, 0, 0, 0, 0, 0, 105, 0, 0, 0], [0, 0, 0, 0, 0, 0, 0, 113, 1, 0], [0, 0, 0, 0, 0, 0, 0, 0, 105, 0], [0, 0, 0, 0, 0, 0, 0, 0, 0, 105]]}"
pen-based,cosine,3,borda,RetentionPolicy.DD_RETENTION,3,10,9892,1100,0.0017520000037620775,0.2108379999990575,0.21259000000281958,0.9927272727272727,0.9928199307898303,0.9927874032908358,0.9927842040105552,0.9927667007429812,0.9927272727272727,0.9927270931982196,"{""labels"": [""0"", ""1"", ""2"", ""3"", ""4"", ""5"", ""6"", ""7"", ""8"", ""9""], ""matrix"": [[114, 0, 0, 0, 0, 0, 0, 0, 0, 0], [0, 113, 0, 1, 0, 0, 0, 0, 0, 0], [0, 0, 114, 0, 0, 0, 0, 1, 0, 0], [0, 1, 1, 103, 0, 0, 0, 0, 0, 0], [0, 0, 0, 0, 115, 0, 0, 0, 0, 0], [0, 0, 0, 1, 0, 104, 0, 0, 0, 0], [0, 0, 0, 0, 0, 0, 105, 0, 0, 0], [0, 2, 0, 0, 0, 0, 0, 112, 1, 0], [0, 0, 0, 0, 0, 0, 0, 0, 106, 0], [0, 0, 0, 0, 0, 0, 0, 0, 0, 106]]}"
pen-based,cosine,3,borda,RetentionPolicy.DD_RETENTION,4,10,9894,1098,0.0015657000039936975,0.20588819999829866,0.20745390000229236,0.9963570127504554,0.9964539158991933,0.9962822766514318,0.9963522888360024,0.9963963373504504,0.9963570127504554,0.9963605953000271,"{""labels"": [""0"", ""1"", ""2"", ""3"", ""4"", ""5"", ""6"", ""7"", ""8"", ""9""], ""matrix"": [[114, 0, 0, 0, 0, 0, 0, 0, 0, 0], [0, 114, 1, 0, 0, 0, 0, 0, 0, 0], [0, 0, 114, 0, 0, 0, 0, 0, 0, 0], [0, 0, 1, 104, 0, 0, 0, 0, 0, 0], [0, 0, 0, 0, 114, 0, 0, 0, 0, 0], [0, 0, 0, 1, 0, 105, 0, 0, 0, 0], [0, 0, 0, 0, 0, 0, 106, 0, 0, 0], [0, 0, 0, 0, 0, 0, 0, 114, 0, 0], [0, 0, 0, 0, 0, 0, 0, 0, 105, 0], [0, 0, 0, 0, 1, 0, 0, 0, 0, 104]]}"
pen-based,cosine,3,borda,RetentionPolicy.DD_RETENTION,5,10,9894,1098,0.0016622000039205886,0.21480249999876833,0.21646470000268891,0.9918032786885246,0.9918329331375066,0.9917293233082706,0.9917550314732455,0.9918785431535788,0.9918032786885246,0.9918155846248174,"{""labels"": [""0"", ""1"", ""2"", ""3"", ""4"", ""5"", ""6"", ""7"", ""8"", ""9""], ""matrix"": [[114, 0, 0, 0, 0, 0, 0, 0, 0, 0], [0, 113, 0, 1, 0, 0, 0, 0, 0, 0], [0, 0, 113, 1, 0, 0, 0, 0, 0, 0], [0, 1, 0, 104, 0, 0, 0, 0, 0, 0], [0, 0, 0, 0, 113, 0, 0, 0, 0, 1], [0, 0, 0, 1, 0, 103, 1, 0, 0, 0], [0, 0, 0, 0, 0, 0, 108, 0, 0, 0], [0, 0, 1, 0, 0, 0, 0, 113, 0, 0], [0, 0, 0, 0, 0, 0, 0, 1, 104, 0], [0, 1, 0, 0, 0, 0, 0, 0, 0, 104]]}"
pen-based,cosine,3,borda,RetentionPolicy.DD_RETENTION,6,10,9890,1102,0.0017192000013892539,0.21264479999808827,0.21436399999947753,0.9954627949183303,0.9955750700168217,0.99549552716903,0.9954970181791907,0.9955409232203719,0.9954627949183303,0.9954624033882961,"{""labels"": [""0"", ""1"", ""2"", ""3"", ""4"", ""5"", ""6"", ""7"", ""8"", ""9""], ""matrix"": [[114, 0, 0, 0, 0, 0, 0, 0, 0, 0], [0, 112, 3, 0, 0, 0, 0, 0, 0, 0], [0, 0, 114, 0, 0, 0, 0, 0, 0, 0], [0, 0, 0, 108, 0, 0, 0, 0, 0, 0], [0, 0, 0, 0, 114, 0, 0, 0, 0, 0], [0, 0, 0, 1, 0, 105, 0, 0, 0, 0], [0, 0, 0, 0, 0, 1, 104, 0, 0, 0], [0, 0, 0, 0, 0, 0, 0, 114, 0, 0], [0, 0, 0, 0, 0, 0, 0, 0, 105, 0], [0, 0, 0, 0, 0, 0, 0, 0, 0, 107]]}"
pen-based,cosine,3,borda,RetentionPolicy.DD_RETENTION,7,10,9892,1100,0.0018909999998868443,0.2069770999951288,0.20886809999501565,0.99,0.9903671972509491,0.9901342980091739,0.9901913854950223,0.9901181374690549,0.99,0.989998933402697,"{""labels"": [""0"", ""1"", ""2"", ""3"", ""4"", ""5"", ""6"", ""7"", ""8"", ""9""], ""matrix"": [[112, 0, 0, 0, 2, 0, 0, 0, 0, 0], [0, 111, 3, 0, 0, 0, 0, 0, 0, 0], [0, 1, 111, 2, 0, 0, 0, 0, 0, 0], [0, 0, 0, 107, 0, 0, 0, 0, 0, 0], [0, 0, 0, 0, 114, 0, 0, 0, 0, 0], [0, 0, 0, 0, 0, 106, 0, 0, 0, 0], [0, 0, 0, 0, 0, 0, 105, 0, 0, 0], [0, 0, 0, 0, 0, 0, 0, 115, 0, 0], [0, 0, 0, 0, 0, 0, 0, 1, 105, 0], [0, 0, 0, 0, 1, 0, 0, 1, 0, 103]]}"
pen-based,cosine,3,borda,RetentionPolicy.DD_RETENTION,8,10,9894,1098,0.0014701999971293844,0.20551450000493787,0.20698470000206726,0.9936247723132969,0.9936851117082226,0.9936506977040633,0.9936550877178053,0.9936497954543082,0.9936247723132969,0.9936246932240742,"{""labels"": [""0"", ""1"", ""2"", ""3"", ""4"", ""5"", ""6"", ""7"", ""8"", ""9""], ""matrix"": [[113, 0, 0, 0, 0, 0, 1, 0, 0, 0], [0, 112, 1, 0, 0, 0, 0, 1, 0, 0], [0, 1, 114, 0, 0, 0, 0, 0, 0, 0], [0, 1, 0, 104, 0, 0, 0, 0, 0, 0], [0, 0, 0, 0, 114, 0, 0, 0, 0, 0], [0, 0, 0, 0, 0, 105, 0, 0, 1, 0], [0, 0, 0, 0, 0, 0, 105, 0, 0, 0], [0, 0, 0, 0, 0, 0, 0, 114, 0, 0], [0, 0, 0, 0, 0, 0, 0, 0, 106, 0], [0, 0, 0, 0, 0, 1, 0, 0, 0, 104]]}"
pen-based,cosine,3,borda,RetentionPolicy.DD_RETENTION,9,10,9890,1102,0.001508800000010524,0.20169139999779873,0.20320019999780925,0.9945553539019963,0.9945759402335259,0.9945368754124854,0.9945366865404116,0.9945873709853693,0.9945553539019963,0.9945512315756814,"{""labels"": [""0"", ""1"", ""2"", ""3"", ""4"", ""5"", ""6"", ""7"", ""8"", ""9""], ""matrix"": [[114, 0, 0, 0, 1, 0, 0, 0, 0, 0], [0, 112, 1, 1, 0, 0, 0, 0, 0, 0], [0, 0, 115, 0, 0, 0, 0, 0, 0, 0], [0, 0, 0, 104, 0, 0, 0, 0, 0, 1], [0, 0, 0, 0, 115, 0, 0, 0, 0, 0], [0, 0, 0, 0, 0, 105, 0, 0, 1, 0], [0, 0, 0, 0, 0, 0, 106, 0, 0, 0], [0, 0, 0, 0, 0, 0, 0, 114, 0, 0], [0, 0, 0, 0, 0, 0, 0, 0, 106, 0], [0, 0, 0, 0, 0, 0, 0, 1, 0, 105]]}"
pen-based,cosine,3,modified_plurality,RetentionPolicy.ALWAYS_RETAIN,0,10,9894,1098,0.0015657999974791892,0.24814930000138702,0.2497150999988662,0.994535519125683,0.9944857961854654,0.9945292476474205,0.9944918269033183,0.9945598818798663,0.994535519125683,0.9945315713805379,"{""labels"": [""0"", ""1"", ""2"", ""3"", ""4"", ""5"", ""6"", ""7"", ""8"", ""9""], ""matrix"": [[115, 0, 0, 0, 0, 0, 0, 0, 0, 0], [0, 113, 1, 0, 0, 0, 0, 0, 0, 0], [0, 0, 114, 0, 0, 0, 0, 0, 0, 0], [0, 0, 0, 105, 0, 0, 0, 0, 0, 0], [0, 0, 0, 0, 115, 0, 0, 0, 0, 0], [0, 0, 0, 0, 0, 105, 0, 0, 0, 0], [0, 0, 0, 0, 0, 0, 105, 0, 0, 0], [0, 0, 0, 0, 0, 0, 0, 112, 1, 1], [1, 0, 0, 0, 0, 1, 0, 0, 104, 0], [0, 0, 0, 0, 0, 0, 0, 0, 1, 104]]}"
pen-based,cosine,3,modified_plurality,RetentionPolicy.ALWAYS_RETAIN,1,10,9893,1099,0.001498999998148065,0.24789659999805735,0.24939559999620542,0.991810737033667,0.9919865574475415,0.9919701427481747,0.9919375003971757,0.9918996626921955,0.991810737033667,0.9918143545709196,"{""labels"": [""0"", ""1"", ""2"", ""3"", ""4"", ""5"", ""6"", ""7"", ""8"", ""9""], ""matrix"": [[114, 1, 0, 0, 0, 0, 0, 0, 0, 0], [0, 113, 1, 0, 0, 0, 0, 0, 0, 0], [0, 1, 113, 0, 0, 0, 0, 0, 0, 0], [0, 0, 0, 103, 0, 0, 0, 1, 0, 1], [0, 0, 0, 0, 114, 1, 0, 0, 0, 0], [0, 0, 0, 0, 0, 105, 0, 0, 0, 0], [0, 0, 0, 0, 0, 0, 106, 0, 0, 0], [0, 1, 1, 0, 0, 0, 0, 111, 0, 1], [0, 0, 0, 0, 0, 0, 0, 0, 105, 0], [0, 0, 0, 0, 0, 0, 0, 0, 0, 106]]}"
pen-based,cosine,3,modified_plurality,RetentionPolicy.ALWAYS_RETAIN,2,10,9895,1097,0.0017716000002110377,0.24396620000334224,0.24573780000355328,0.9954421148587056,0.9953911185432924,0.9953960989430097,0.9953637826179124,0.9955172412040947,0.9954421148587056,0.9954506424242489,"{""labels"": [""0"", ""1"", ""2"", ""3"", ""4"", ""5"", ""6"", ""7"", ""8"", ""9""], ""matrix"": [[113, 0, 0, 0, 0, 0, 0, 0, 0, 1], [0, 114, 0, 0, 1, 0, 0, 0, 0, 0], [0, 0, 115, 0, 0, 0, 0, 0, 0, 0], [0, 0, 0, 104, 0, 1, 0, 0, 0, 0], [0, 0, 0, 0, 114, 0, 0, 0, 0, 0], [0, 0, 0, 0, 0, 105, 0, 0, 0, 0], [0, 0, 0, 0, 0, 0, 105, 0, 0, 0], [0, 0, 0, 0, 0, 0, 0, 114, 0, 0], [0, 0, 0, 0, 0, 0, 0, 0, 105, 0], [0, 0, 0, 0, 0, 2, 0, 0, 0, 103]]}"
pen-based,cosine,3,modified_plurality,RetentionPolicy.ALWAYS_RETAIN,3,10,9892,1100,0.001644199997826945,0.23885819999850355,0.2405023999963305,0.99,0.9900199003814913,0.9900054484036177,0.9899695201553824,0.990067479074989,0.99,0.9899915927907953,"{""labels"": [""0"", ""1"", ""2"", ""3"", ""4"", ""5"", ""6"", ""7"", ""8"", ""9""], ""matrix"": [[114, 0, 0, 0, 0, 0, 0, 0, 0, 0], [0, 112, 0, 2, 0, 0, 0, 0, 0, 0], [0, 0, 114, 0, 0, 0, 0, 1, 0, 0], [0, 1, 1, 103, 0, 0, 0, 0, 0, 0], [0, 0, 0, 0, 115, 0, 0, 0, 0, 0], [0, 0, 0, 1, 0, 102, 0, 0, 0, 2], [0, 0, 0, 0, 0, 0, 105, 0, 0, 0], [0, 1, 1, 0, 0, 0, 0, 112, 1, 0], [0, 0, 0, 0, 0, 0, 0, 0, 106, 0], [0, 0, 0, 0, 0, 0, 0, 0, 0, 106]]}"
pen-based,cosine,3,modified_plurality,RetentionPolicy.ALWAYS_RETAIN,4,10,9894,1098,0.0019801000016741455,0.23761699999886332,0.23959710000053747,0.994535519125683,0.9946499391813527,0.9943864994726356,0.9944846707526998,0.9945999471652976,0.994535519125683,0.9945344707366918,"{""labels"": [""0"", ""1"", ""2"", ""3"", ""4"", ""5"", ""6"", ""7"", ""8"", ""9""], ""matrix"": [[114, 0, 0, 0, 0, 0, 0, 0, 0, 0], [0, 114, 1, 0, 0, 0, 0, 0, 0, 0], [0, 0, 114, 0, 0, 0, 0, 0, 0, 0], [0, 0, 1, 104, 0, 0, 0, 0, 0, 0], [0, 0, 0, 0, 114, 0, 0, 0, 0, 0], [0, 0, 0, 2, 0, 104, 0, 0, 0, 0], [0, 0, 0, 0, 0, 0, 106, 0, 0, 0], [0, 0, 0, 0, 0, 0, 0, 114, 0, 0], [0, 0, 0, 0, 0, 0, 0, 0, 105, 0], [0, 0, 0, 0, 1, 0, 0, 1, 0, 103]]}"
pen-based,cosine,3,modified_plurality,RetentionPolicy.ALWAYS_RETAIN,5,10,9894,1098,0.0014851000014459714,0.23513629999797558,0.23662139999942156,0.994535519125683,0.9945545089868109,0.9945112781954887,0.99451568920018,0.9945774852729911,0.994535519125683,0.9945397359164032,"{""labels"": [""0"", ""1"", ""2"", ""3"", ""4"", ""5"", ""6"", ""7"", ""8"", ""9""], ""matrix"": [[114, 0, 0, 0, 0, 0, 0, 0, 0, 0], [0, 113, 0, 1, 0, 0, 0, 0, 0, 0], [0, 0, 114, 0, 0, 0, 0, 0, 0, 0], [0, 0, 0, 105, 0, 0, 0, 0, 0, 0], [0, 0, 0, 0, 113, 0, 0, 0, 0, 1], [0, 0, 0, 1, 0, 104, 0, 0, 0, 0], [0, 0, 0, 0, 0, 0, 108, 0, 0, 0], [0, 0, 1, 0, 0, 0, 0, 113, 0, 0], [0, 0, 0, 0, 0, 0, 0, 1, 104, 0], [0, 1, 0, 0, 0, 0, 0, 0, 0, 104]]}"
pen-based,cosine,3,modified_plurality,RetentionPolicy.ALWAYS_RETAIN,6,10,9890,1102,0.0018966999996337108,0.23884520000137854,0.24074190000101225,0.9963702359346642,0.9964150346498899,0.9963650923864213,0.9963705471811284,0.996409852151132,0.9963702359346642,0.996370086683591,"{""labels"": [""0"", ""1"", ""2"", ""3"", ""4"", ""5"", ""6"", ""7"", ""8"", ""9""], ""matrix"": [[114, 0, 0, 0, 0, 0, 0, 0, 0, 0], [0, 113, 2, 0, 0, 0, 0, 0, 0, 0], [0, 0, 114, 0, 0, 0, 0, 0, 0, 0], [0, 0, 0, 108, 0, 0, 0, 0, 0, 0], [0, 0, 0, 0, 114, 0, 0, 0, 0, 0], [0, 0, 0, 1, 0, 105, 0, 0, 0, 0], [0, 0, 0, 0, 0, 1, 104, 0, 0, 0], [0, 0, 0, 0, 0, 0, 0, 114, 0, 0], [0, 0, 0, 0, 0, 0, 0, 0, 105, 0], [0, 0, 0, 0, 0, 0, 0, 0, 0, 107]]}"
pen-based,cosine,3,modified_plurality,RetentionPolicy.ALWAYS_RETAIN,7,10,9892,1100,0.0014660000015283003,0.23965409999800613,0.24112009999953443,0.9936363636363637,0.9938223334603242,0.9937844611528821,0.9937880896231779,0.993667776128026,0.9936363636363637,0.993636188592553,"{""labels"": [""0"", ""1"", ""2"", ""3"", ""4"", ""5"", ""6"", ""7"", ""8"", ""9""], ""matrix"": [[112, 0, 0, 0, 2, 0, 0, 0, 0, 0], [0, 112, 2, 0, 0, 0, 0, 0, 0, 0], [0, 1, 113, 0, 0, 0, 0, 0, 0, 0], [0, 0, 0, 107, 0, 0, 0, 0, 0, 0], [0, 0, 0, 0, 113, 0, 0, 0, 0, 1], [0, 0, 0, 0, 0, 106, 0, 0, 0, 0], [0, 0, 0, 0, 0, 0, 105, 0, 0, 0], [0, 0, 0, 0, 0, 0, 0, 115, 0, 0], [0, 0, 0, 0, 0, 0, 0, 0, 106, 0], [0, 0, 0, 0, 0, 0, 0, 1, 0, 104]]}"
pen-based,cosine,3,modified_plurality,RetentionPolicy.ALWAYS_RETAIN,8,10,9894,1098,0.0017738000024110079,0.24079340000025695,0.24256720000266796,0.9954462659380692,0.9955208249340327,0.9953974559039107,0.995438391187266,0.9954870598822037,0.9954462659380692,0.9954459824744019,"{""labels"": [""0"", ""1"", ""2"", ""3"", ""4"", ""5"", ""6"", ""7"", ""8"", ""9""], ""matrix"": [[113, 0, 0, 0, 0, 0, 1, 0, 0, 0], [0, 113, 1, 0, 0, 0, 0, 0, 0, 0], [0, 0, 115, 0, 0, 0, 0, 0, 0, 0], [0, 0, 0, 104, 1, 0, 0, 0, 0, 0], [0, 0, 0, 0, 114, 0, 0, 0, 0, 0], [0, 0, 0, 0, 0, 106, 0, 0, 0, 0], [0, 0, 0, 0, 0, 0, 105, 0, 0, 0], [0, 0, 0, 0, 0, 0, 0, 114, 0, 0], [0, 0, 0, 0, 0, 0, 0, 1, 105, 0], [0, 0, 0, 0, 0, 1, 0, 0, 0, 104]]}"
pen-based,cosine,3,modified_plurality,RetentionPolicy.ALWAYS_RETAIN,9,10,9890,1102,0.0015060000005178154,0.24671260000468465,0.24821860000520246,0.9936479128856625,0.9936501775814364,0.9936673101950941,0.9936311203028525,0.9936968914833594,0.9936479128856625,0.9936442022923874,"{""labels"": [""0"", ""1"", ""2"", ""3"", ""4"", ""5"", ""6"", ""7"", ""8"", ""9""], ""matrix"": [[113, 0, 0, 0, 1, 0, 0, 0, 0, 1], [0, 112, 1, 1, 0, 0, 0, 0, 0, 0], [0, 0, 115, 0, 0, 0, 0, 0, 0, 0], [0, 0, 0, 104, 0, 0, 0, 0, 0, 1], [0, 0, 0, 0, 115, 0, 0, 0, 0, 0], [0, 0, 0, 0, 0, 105, 0, 0, 1, 0], [0, 0, 0, 0, 0, 0, 106, 0, 0, 0], [0, 0, 0, 0, 0, 0, 0, 114, 0, 0], [0, 0, 0, 0, 0, 0, 0, 0, 106, 0], [0, 0, 0, 0, 0, 0, 0, 1, 0, 105]]}"
pen-based,cosine,3,modified_plurality,RetentionPolicy.NEVER_RETAIN,0,10,9894,1098,0.0015219999986584298,0.2171879000015906,0.21870990000024904,0.9936247723132969,0.9935600335333756,0.9936596824300292,0.9935856831034849,0.9936745897262287,0.9936247723132969,0.9936252698212521,"{""labels"": [""0"", ""1"", ""2"", ""3"", ""4"", ""5"", ""6"", ""7"", ""8"", ""9""], ""matrix"": [[115, 0, 0, 0, 0, 0, 0, 0, 0, 0], [0, 113, 1, 0, 0, 0, 0, 0, 0, 0], [0, 0, 114, 0, 0, 0, 0, 0, 0, 0], [0, 0, 0, 105, 0, 0, 0, 0, 0, 0], [0, 0, 0, 0, 114, 1, 0, 0, 0, 0], [0, 0, 0, 0, 0, 105, 0, 0, 0, 0], [0, 0, 0, 0, 0, 0, 105, 0, 0, 0], [0, 0, 0, 0, 0, 0, 0, 112, 1, 1], [1, 0, 0, 0, 0, 1, 0, 0, 104, 0], [0, 0, 0, 0, 0, 0, 0, 0, 1, 104]]}"
pen-based,cosine,3,modified_plurality,RetentionPolicy.NEVER_RETAIN,1,10,9893,1099,0.0016572999957134016,0.21569979999912903,0.21735709999484243,0.9909008189262967,0.9911169922301502,0.9910929497657186,0.9910641379517608,0.9909976569161936,0.9909008189262967,0.9909084099050662,"{""labels"": [""0"", ""1"", ""2"", ""3"", ""4"", ""5"", ""6"", ""7"", ""8"", ""9""], ""matrix"": [[114, 1, 0, 0, 0, 0, 0, 0, 0, 0], [0, 112, 2, 0, 0, 0, 0, 0, 0, 0], [0, 1, 113, 0, 0, 0, 0, 0, 0, 0], [0, 0, 0, 103, 0, 0, 0, 1, 0, 1], [0, 0, 0, 0, 114, 1, 0, 0, 0, 0], [0, 0, 0, 0, 0, 105, 0, 0, 0, 0], [0, 0, 0, 0, 0, 0, 106, 0, 0, 0], [0, 1, 1, 0, 0, 0, 0, 111, 0, 1], [0, 0, 0, 0, 0, 0, 0, 0, 105, 0], [0, 0, 0, 0, 0, 0, 0, 0, 0, 106]]}"
pen-based,cosine,3,modified_plurality,RetentionPolicy.NEVER_RETAIN,2,10,9895,1097,0.001479400001699105,0.218396299998858,0.21987570000055712,0.9945305378304466,0.994512218001032,0.9944437179906288,0.9944432283987161,0.9945967288147485,0.9945305378304466,0.9945300678302431,"{""labels"": [""0"", ""1"", ""2"", ""3"", ""4"", ""5"", ""6"", ""7"", ""8"", ""9""], ""matrix"": [[113, 0, 0, 0, 0, 0, 0, 0, 0, 1], [0, 114, 0, 0, 1, 0, 0, 0, 0, 0], [0, 0, 115, 0, 0, 0, 0, 0, 0, 0], [0, 0, 0, 104, 0, 1, 0, 0, 0, 0], [0, 0, 0, 0, 114, 0, 0, 0, 0, 0], [0, 0, 0, 0, 0, 105, 0, 0, 0, 0], [0, 0, 0, 0, 0, 0, 105, 0, 0, 0], [0, 0, 0, 0, 0, 0, 0, 114, 0, 0], [0, 0, 0, 0, 0, 0, 0, 0, 105, 0], [0, 1, 0, 0, 0, 2, 0, 0, 0, 102]]}"
pen-based,cosine,3,modified_plurality,RetentionPolicy.NEVER_RETAIN,3,10,9892,1100,0.0020101999980397522,0.2131701000034809,0.21518030000152066,0.99,0.9900199003814913,0.9900054484036177,0.9899695201553824,0.990067479074989,0.99,0.9899915927907953,"{""labels"": [""0"", ""1"", ""2"", ""3"", ""4"", ""5"", ""6"", ""7"", ""8"", ""9""], ""matrix"": [[114, 0, 0, 0, 0, 0, 0, 0, 0, 0], [0, 112, 0, 2, 0, 0, 0, 0, 0, 0], [0, 0, 114, 0, 0, 0, 0, 1, 0, 0], [0, 1, 1, 103, 0, 0, 0, 0, 0, 0], [0, 0, 0, 0, 115, 0, 0, 0, 0, 0], [0, 0, 0, 1, 0, 102, 0, 0, 0, 2], [0, 0, 0, 0, 0, 0, 105, 0, 0, 0], [0, 1, 1, 0, 0, 0, 0, 112, 1, 0], [0, 0, 0, 0, 0, 0, 0, 0, 106, 0], [0, 0, 0, 0, 0, 0, 0, 0, 0, 106]]}"
pen-based,cosine,3,modified_plurality,RetentionPolicy.NEVER_RETAIN,4,10,9894,1098,0.0014833000022917986,0.2066488999989815,0.2081322000012733,0.9936247723132969,0.9938099745482847,0.9935169342552443,0.9936150229116409,0.9937278527375221,0.9936247723132969,0.993627545730859,"{""labels"": [""0"", ""1"", ""2"", ""3"", ""4"", ""5"", ""6"", ""7"", ""8"", ""9""], ""matrix"": [[114, 0, 0, 0, 0, 0, 0, 0, 0, 0], [0, 113, 2, 0, 0, 0, 0, 0, 0, 0], [0, 0, 114, 0, 0, 0, 0, 0, 0, 0], [0, 0, 1, 104, 0, 0, 0, 0, 0, 0], [0, 0, 0, 0, 114, 0, 0, 0, 0, 0], [0, 0, 0, 2, 0, 104, 0, 0, 0, 0], [0, 0, 0, 0, 0, 0, 106, 0, 0, 0], [0, 0, 0, 0, 0, 0, 0, 114, 0, 0], [0, 0, 0, 0, 0, 0, 0, 0, 105, 0], [0, 0, 0, 0, 1, 0, 0, 1, 0, 103]]}"
pen-based,cosine,3,modified_plurality,RetentionPolicy.NEVER_RETAIN,5,10,9894,1098,0.0015662000005249865,0.20801180000125896,0.20957800000178395,0.9954462659380692,0.9954878994039651,0.9953884711779448,0.9954256635370546,0.9954706969641275,0.9954462659380692,0.995446037475689,"{""labels"": [""0"", ""1"", ""2"", ""3"", ""4"", ""5"", ""6"", ""7"", ""8"", ""9""], ""matrix"": [[114, 0, 0, 0, 0, 0, 0, 0, 0, 0], [0, 114, 0, 0, 0, 0, 0, 0, 0, 0], [0, 0, 114, 0, 0, 0, 0, 0, 0, 0], [0, 0, 0, 105, 0, 0, 0, 0, 0, 0], [0, 0, 0, 0, 113, 0, 0, 0, 0, 1], [0, 0, 0, 1, 0, 104, 0, 0, 0, 0], [0, 0, 0, 0, 0, 0, 108, 0, 0, 0], [0, 0, 1, 0, 0, 0, 0, 113, 0, 0], [0, 0, 0, 0, 0, 0, 0, 1, 104, 0], [0, 1, 0, 0, 0, 0, 0, 0, 0, 104]]}"
pen-based,cosine,3,modified_plurality,RetentionPolicy.NEVER_RETAIN,6,10,9890,1102,0.0015815000006114133,0.21657340000092518,0.2181549000015366,0.9963702359346642,0.9964150346498899,0.9963650923864213,0.9963705471811284,0.996409852151132,0.9963702359346642,0.996370086683591,"{""labels"": [""0"", ""1"", ""2"", ""3"", ""4"", ""5"", ""6"", ""7"", ""8"", ""9""], ""matrix"": [[114, 0, 0, 0, 0, 0, 0, 0, 0, 0], [0, 113, 2, 0, 0, 0, 0, 0, 0, 0], [0, 0, 114, 0, 0, 0, 0, 0, 0, 0], [0, 0, 0, 108, 0, 0, 0, 0, 0, 0], [0, 0, 0, 0, 114, 0, 0, 0, 0, 0], [0, 0, 0, 1, 0, 105, 0, 0, 0, 0], [0, 0, 0, 0, 0, 1, 104, 0, 0, 0], [0, 0, 0, 0, 0, 0, 0, 114, 0, 0], [0, 0, 0, 0, 0, 0, 0, 0, 105, 0], [0, 0, 0, 0, 0, 0, 0, 0, 0, 107]]}"
pen-based,cosine,3,modified_plurality,RetentionPolicy.NEVER_RETAIN,7,10,9892,1100,0.001581700002134312,0.2271989000000758,0.22878060000221012,0.9936363636363637,0.9938223334603242,0.9937844611528821,0.9937880896231779,0.993667776128026,0.9936363636363637,0.993636188592553,"{""labels"": [""0"", ""1"", ""2"", ""3"", ""4"", ""5"", ""6"", ""7"", ""8"", ""9""], ""matrix"": [[112, 0, 0, 0, 2, 0, 0, 0, 0, 0], [0, 112, 2, 0, 0, 0, 0, 0, 0, 0], [0, 1, 113, 0, 0, 0, 0, 0, 0, 0], [0, 0, 0, 107, 0, 0, 0, 0, 0, 0], [0, 0, 0, 0, 113, 0, 0, 0, 0, 1], [0, 0, 0, 0, 0, 106, 0, 0, 0, 0], [0, 0, 0, 0, 0, 0, 105, 0, 0, 0], [0, 0, 0, 0, 0, 0, 0, 115, 0, 0], [0, 0, 0, 0, 0, 0, 0, 0, 106, 0], [0, 0, 0, 0, 0, 0, 0, 1, 0, 104]]}"
pen-based,cosine,3,modified_plurality,RetentionPolicy.NEVER_RETAIN,8,10,9894,1098,0.0014789999986533076,0.21158879999711644,0.21306779999576975,0.9954462659380692,0.9955208249340327,0.9953974559039107,0.995438391187266,0.9954870598822037,0.9954462659380692,0.9954459824744019,"{""labels"": [""0"", ""1"", ""2"", ""3"", ""4"", ""5"", ""6"", ""7"", ""8"", ""9""], ""matrix"": [[113, 0, 0, 0, 0, 0, 1, 0, 0, 0], [0, 113, 1, 0, 0, 0, 0, 0, 0, 0], [0, 0, 115, 0, 0, 0, 0, 0, 0, 0], [0, 0, 0, 104, 1, 0, 0, 0, 0, 0], [0, 0, 0, 0, 114, 0, 0, 0, 0, 0], [0, 0, 0, 0, 0, 106, 0, 0, 0, 0], [0, 0, 0, 0, 0, 0, 105, 0, 0, 0], [0, 0, 0, 0, 0, 0, 0, 114, 0, 0], [0, 0, 0, 0, 0, 0, 0, 1, 105, 0], [0, 0, 0, 0, 0, 1, 0, 0, 0, 104]]}"
pen-based,cosine,3,modified_plurality,RetentionPolicy.NEVER_RETAIN,9,10,9890,1102,0.0017223999966518022,0.20786100000259466,0.20958339999924647,0.9936479128856625,0.9936501775814364,0.9936673101950941,0.9936311203028525,0.9936968914833594,0.9936479128856625,0.9936442022923874,"{""labels"": [""0"", ""1"", ""2"", ""3"", ""4"", ""5"", ""6"", ""7"", ""8"", ""9""], ""matrix"": [[113, 0, 0, 0, 1, 0, 0, 0, 0, 1], [0, 112, 1, 1, 0, 0, 0, 0, 0, 0], [0, 0, 115, 0, 0, 0, 0, 0, 0, 0], [0, 0, 0, 104, 0, 0, 0, 0, 0, 1], [0, 0, 0, 0, 115, 0, 0, 0, 0, 0], [0, 0, 0, 0, 0, 105, 0, 0, 1, 0], [0, 0, 0, 0, 0, 0, 106, 0, 0, 0], [0, 0, 0, 0, 0, 0, 0, 114, 0, 0], [0, 0, 0, 0, 0, 0, 0, 0, 106, 0], [0, 0, 0, 0, 0, 0, 0, 1, 0, 105]]}"
pen-based,cosine,3,modified_plurality,RetentionPolicy.DIFFERENT_CLASS_RETENTION,0,10,9894,1098,0.0014661000022897497,0.21904750000248896,0.2205136000047787,0.9936247723132969,0.9935600335333756,0.9936596824300292,0.9935856831034849,0.9936745897262287,0.9936247723132969,0.9936252698212521,"{""labels"": [""0"", ""1"", ""2"", ""3"", ""4"", ""5"", ""6"", ""7"", ""8"", ""9""], ""matrix"": [[115, 0, 0, 0, 0, 0, 0, 0, 0, 0], [0, 113, 1, 0, 0, 0, 0, 0, 0, 0], [0, 0, 114, 0, 0, 0, 0, 0, 0, 0], [0, 0, 0, 105, 0, 0, 0, 0, 0, 0], [0, 0, 0, 0, 114, 1, 0, 0, 0, 0], [0, 0, 0, 0, 0, 105, 0, 0, 0, 0], [0, 0, 0, 0, 0, 0, 105, 0, 0, 0], [0, 0, 0, 0, 0, 0, 0, 112, 1, 1], [1, 0, 0, 0, 0, 1, 0, 0, 104, 0], [0, 0, 0, 0, 0, 0, 0, 0, 1, 104]]}"
pen-based,cosine,3,modified_plurality,RetentionPolicy.DIFFERENT_CLASS_RETENTION,1,10,9893,1099,0.0018353000050410628,0.2178764999989653,0.21971180000400636,0.9909008189262967,0.9911169922301502,0.9910929497657186,0.9910641379517608,0.9909976569161936,0.9909008189262967,0.9909084099050662,"{""labels"": [""0"", ""1"", ""2"", ""3"", ""4"", ""5"", ""6"", ""7"", ""8"", ""9""], ""matrix"": [[114, 1, 0, 0, 0, 0, 0, 0, 0, 0], [0, 112, 2, 0, 0, 0, 0, 0, 0, 0], [0, 1, 113, 0, 0, 0, 0, 0, 0, 0], [0, 0, 0, 103, 0, 0, 0, 1, 0, 1], [0, 0, 0, 0, 114, 1, 0, 0, 0, 0], [0, 0, 0, 0, 0, 105, 0, 0, 0, 0], [0, 0, 0, 0, 0, 0, 106, 0, 0, 0], [0, 1, 1, 0, 0, 0, 0, 111, 0, 1], [0, 0, 0, 0, 0, 0, 0, 0, 105, 0], [0, 0, 0, 0, 0, 0, 0, 0, 0, 106]]}"
pen-based,cosine,3,modified_plurality,RetentionPolicy.DIFFERENT_CLASS_RETENTION,2,10,9895,1097,0.0017938000019057654,0.21675929999764776,0.21855309999955352,0.9945305378304466,0.994512218001032,0.9944437179906288,0.9944432283987161,0.9945967288147485,0.9945305378304466,0.9945300678302431,"{""labels"": [""0"", ""1"", ""2"", ""3"", ""4"", ""5"", ""6"", ""7"", ""8"", ""9""], ""matrix"": [[113, 0, 0, 0, 0, 0, 0, 0, 0, 1], [0, 114, 0, 0, 1, 0, 0, 0, 0, 0], [0, 0, 115, 0, 0, 0, 0, 0, 0, 0], [0, 0, 0, 104, 0, 1, 0, 0, 0, 0], [0, 0, 0, 0, 114, 0, 0, 0, 0, 0], [0, 0, 0, 0, 0, 105, 0, 0, 0, 0], [0, 0, 0, 0, 0, 0, 105, 0, 0, 0], [0, 0, 0, 0, 0, 0, 0, 114, 0, 0], [0, 0, 0, 0, 0, 0, 0, 0, 105, 0], [0, 1, 0, 0, 0, 2, 0, 0, 0, 102]]}"
pen-based,cosine,3,modified_plurality,RetentionPolicy.DIFFERENT_CLASS_RETENTION,3,10,9892,1100,0.0015224000017042272,0.2092460999992909,0.21076850000099512,0.99,0.9900199003814913,0.9900054484036177,0.9899695201553824,0.990067479074989,0.99,0.9899915927907953,"{""labels"": [""0"", ""1"", ""2"", ""3"", ""4"", ""5"", ""6"", ""7"", ""8"", ""9""], ""matrix"": [[114, 0, 0, 0, 0, 0, 0, 0, 0, 0], [0, 112, 0, 2, 0, 0, 0, 0, 0, 0], [0, 0, 114, 0, 0, 0, 0, 1, 0, 0], [0, 1, 1, 103, 0, 0, 0, 0, 0, 0], [0, 0, 0, 0, 115, 0, 0, 0, 0, 0], [0, 0, 0, 1, 0, 102, 0, 0, 0, 2], [0, 0, 0, 0, 0, 0, 105, 0, 0, 0], [0, 1, 1, 0, 0, 0, 0, 112, 1, 0], [0, 0, 0, 0, 0, 0, 0, 0, 106, 0], [0, 0, 0, 0, 0, 0, 0, 0, 0, 106]]}"
pen-based,cosine,3,modified_plurality,RetentionPolicy.DIFFERENT_CLASS_RETENTION,4,10,9894,1098,0.0014690999960293993,0.21396300000196788,0.21543209999799728,0.9936247723132969,0.9938099745482847,0.9935169342552443,0.9936150229116409,0.9937278527375221,0.9936247723132969,0.993627545730859,"{""labels"": [""0"", ""1"", ""2"", ""3"", ""4"", ""5"", ""6"", ""7"", ""8"", ""9""], ""matrix"": [[114, 0, 0, 0, 0, 0, 0, 0, 0, 0], [0, 113, 2, 0, 0, 0, 0, 0, 0, 0], [0, 0, 114, 0, 0, 0, 0, 0, 0, 0], [0, 0, 1, 104, 0, 0, 0, 0, 0, 0], [0, 0, 0, 0, 114, 0, 0, 0, 0, 0], [0, 0, 0, 2, 0, 104, 0, 0, 0, 0], [0, 0, 0, 0, 0, 0, 106, 0, 0, 0], [0, 0, 0, 0, 0, 0, 0, 114, 0, 0], [0, 0, 0, 0, 0, 0, 0, 0, 105, 0], [0, 0, 0, 0, 1, 0, 0, 1, 0, 103]]}"
pen-based,cosine,3,modified_plurality,RetentionPolicy.DIFFERENT_CLASS_RETENTION,5,10,9894,1098,0.0017393000016454607,0.2192441000006511,0.22098340000229655,0.9954462659380692,0.9954878994039651,0.9953884711779448,0.9954256635370546,0.9954706969641275,0.9954462659380692,0.995446037475689,"{""labels"": [""0"", ""1"", ""2"", ""3"", ""4"", ""5"", ""6"", ""7"", ""8"", ""9""], ""matrix"": [[114, 0, 0, 0, 0, 0, 0, 0, 0, 0], [0, 114, 0, 0, 0, 0, 0, 0, 0, 0], [0, 0, 114, 0, 0, 0, 0, 0, 0, 0], [0, 0, 0, 105, 0, 0, 0, 0, 0, 0], [0, 0, 0, 0, 113, 0, 0, 0, 0, 1], [0, 0, 0, 1, 0, 104, 0, 0, 0, 0], [0, 0, 0, 0, 0, 0, 108, 0, 0, 0], [0, 0, 1, 0, 0, 0, 0, 113, 0, 0], [0, 0, 0, 0, 0, 0, 0, 1, 104, 0], [0, 1, 0, 0, 0, 0, 0, 0, 0, 104]]}"
pen-based,cosine,3,modified_plurality,RetentionPolicy.DIFFERENT_CLASS_RETENTION,6,10,9890,1102,0.0017502999980933964,0.22194390000368003,0.22369420000177342,0.9963702359346642,0.9964150346498899,0.9963650923864213,0.9963705471811284,0.996409852151132,0.9963702359346642,0.996370086683591,"{""labels"": [""0"", ""1"", ""2"", ""3"", ""4"", ""5"", ""6"", ""7"", ""8"", ""9""], ""matrix"": [[114, 0, 0, 0, 0, 0, 0, 0, 0, 0], [0, 113, 2, 0, 0, 0, 0, 0, 0, 0], [0, 0, 114, 0, 0, 0, 0, 0, 0, 0], [0, 0, 0, 108, 0, 0, 0, 0, 0, 0], [0, 0, 0, 0, 114, 0, 0, 0, 0, 0], [0, 0, 0, 1, 0, 105, 0, 0, 0, 0], [0, 0, 0, 0, 0, 1, 104, 0, 0, 0], [0, 0, 0, 0, 0, 0, 0, 114, 0, 0], [0, 0, 0, 0, 0, 0, 0, 0, 105, 0], [0, 0, 0, 0, 0, 0, 0, 0, 0, 107]]}"
pen-based,cosine,3,modified_plurality,RetentionPolicy.DIFFERENT_CLASS_RETENTION,7,10,9892,1100,0.00175939999462571,0.21816190000390634,0.21992129999853205,0.9936363636363637,0.9938223334603242,0.9937844611528821,0.9937880896231779,0.993667776128026,0.9936363636363637,0.993636188592553,"{""labels"": [""0"", ""1"", ""2"", ""3"", ""4"", ""5"", ""6"", ""7"", ""8"", ""9""], ""matrix"": [[112, 0, 0, 0, 2, 0, 0, 0, 0, 0], [0, 112, 2, 0, 0, 0, 0, 0, 0, 0], [0, 1, 113, 0, 0, 0, 0, 0, 0, 0], [0, 0, 0, 107, 0, 0, 0, 0, 0, 0], [0, 0, 0, 0, 113, 0, 0, 0, 0, 1], [0, 0, 0, 0, 0, 106, 0, 0, 0, 0], [0, 0, 0, 0, 0, 0, 105, 0, 0, 0], [0, 0, 0, 0, 0, 0, 0, 115, 0, 0], [0, 0, 0, 0, 0, 0, 0, 0, 106, 0], [0, 0, 0, 0, 0, 0, 0, 1, 0, 104]]}"
pen-based,cosine,3,modified_plurality,RetentionPolicy.DIFFERENT_CLASS_RETENTION,8,10,9894,1098,0.0016794999974081293,0.21633180000208085,0.21801129999948898,0.9954462659380692,0.9955208249340327,0.9953974559039107,0.995438391187266,0.9954870598822037,0.9954462659380692,0.9954459824744019,"{""labels"": [""0"", ""1"", ""2"", ""3"", ""4"", ""5"", ""6"", ""7"", ""8"", ""9""], ""matrix"": [[113, 0, 0, 0, 0, 0, 1, 0, 0, 0], [0, 113, 1, 0, 0, 0, 0, 0, 0, 0], [0, 0, 115, 0, 0, 0, 0, 0, 0, 0], [0, 0, 0, 104, 1, 0, 0, 0, 0, 0], [0, 0, 0, 0, 114, 0, 0, 0, 0, 0], [0, 0, 0, 0, 0, 106, 0, 0, 0, 0], [0, 0, 0, 0, 0, 0, 105, 0, 0, 0], [0, 0, 0, 0, 0, 0, 0, 114, 0, 0], [0, 0, 0, 0, 0, 0, 0, 1, 105, 0], [0, 0, 0, 0, 0, 1, 0, 0, 0, 104]]}"
pen-based,cosine,3,modified_plurality,RetentionPolicy.DIFFERENT_CLASS_RETENTION,9,10,9890,1102,0.001564699996379204,0.2148743000070681,0.2164390000034473,0.9936479128856625,0.9936501775814364,0.9936673101950941,0.9936311203028525,0.9936968914833594,0.9936479128856625,0.9936442022923874,"{""labels"": [""0"", ""1"", ""2"", ""3"", ""4"", ""5"", ""6"", ""7"", ""8"", ""9""], ""matrix"": [[113, 0, 0, 0, 1, 0, 0, 0, 0, 1], [0, 112, 1, 1, 0, 0, 0, 0, 0, 0], [0, 0, 115, 0, 0, 0, 0, 0, 0, 0], [0, 0, 0, 104, 0, 0, 0, 0, 0, 1], [0, 0, 0, 0, 115, 0, 0, 0, 0, 0], [0, 0, 0, 0, 0, 105, 0, 0, 1, 0], [0, 0, 0, 0, 0, 0, 106, 0, 0, 0], [0, 0, 0, 0, 0, 0, 0, 114, 0, 0], [0, 0, 0, 0, 0, 0, 0, 0, 106, 0], [0, 0, 0, 0, 0, 0, 0, 1, 0, 105]]}"
pen-based,cosine,3,modified_plurality,RetentionPolicy.DD_RETENTION,0,10,9894,1098,0.0018617000023368746,0.221691999999166,0.22355370000150288,0.9936247723132969,0.9935600335333756,0.9936596824300292,0.9935856831034849,0.9936745897262287,0.9936247723132969,0.9936252698212521,"{""labels"": [""0"", ""1"", ""2"", ""3"", ""4"", ""5"", ""6"", ""7"", ""8"", ""9""], ""matrix"": [[115, 0, 0, 0, 0, 0, 0, 0, 0, 0], [0, 113, 1, 0, 0, 0, 0, 0, 0, 0], [0, 0, 114, 0, 0, 0, 0, 0, 0, 0], [0, 0, 0, 105, 0, 0, 0, 0, 0, 0], [0, 0, 0, 0, 114, 1, 0, 0, 0, 0], [0, 0, 0, 0, 0, 105, 0, 0, 0, 0], [0, 0, 0, 0, 0, 0, 105, 0, 0, 0], [0, 0, 0, 0, 0, 0, 0, 112, 1, 1], [1, 0, 0, 0, 0, 1, 0, 0, 104, 0], [0, 0, 0, 0, 0, 0, 0, 0, 1, 104]]}"
pen-based,cosine,3,modified_plurality,RetentionPolicy.DD_RETENTION,1,10,9893,1099,0.0016572999957134016,0.22461020000628196,0.22626750000199536,0.9909008189262967,0.9911169922301502,0.9910929497657186,0.9910641379517608,0.9909976569161936,0.9909008189262967,0.9909084099050662,"{""labels"": [""0"", ""1"", ""2"", ""3"", ""4"", ""5"", ""6"", ""7"", ""8"", ""9""], ""matrix"": [[114, 1, 0, 0, 0, 0, 0, 0, 0, 0], [0, 112, 2, 0, 0, 0, 0, 0, 0, 0], [0, 1, 113, 0, 0, 0, 0, 0, 0, 0], [0, 0, 0, 103, 0, 0, 0, 1, 0, 1], [0, 0, 0, 0, 114, 1, 0, 0, 0, 0], [0, 0, 0, 0, 0, 105, 0, 0, 0, 0], [0, 0, 0, 0, 0, 0, 106, 0, 0, 0], [0, 1, 1, 0, 0, 0, 0, 111, 0, 1], [0, 0, 0, 0, 0, 0, 0, 0, 105, 0], [0, 0, 0, 0, 0, 0, 0, 0, 0, 106]]}"
pen-based,cosine,3,modified_plurality,RetentionPolicy.DD_RETENTION,2,10,9895,1097,0.0014837999988230877,0.21783780000259867,0.21932160000142176,0.9945305378304466,0.994512218001032,0.9944437179906288,0.9944432283987161,0.9945967288147485,0.9945305378304466,0.9945300678302431,"{""labels"": [""0"", ""1"", ""2"", ""3"", ""4"", ""5"", ""6"", ""7"", ""8"", ""9""], ""matrix"": [[113, 0, 0, 0, 0, 0, 0, 0, 0, 1], [0, 114, 0, 0, 1, 0, 0, 0, 0, 0], [0, 0, 115, 0, 0, 0, 0, 0, 0, 0], [0, 0, 0, 104, 0, 1, 0, 0, 0, 0], [0, 0, 0, 0, 114, 0, 0, 0, 0, 0], [0, 0, 0, 0, 0, 105, 0, 0, 0, 0], [0, 0, 0, 0, 0, 0, 105, 0, 0, 0], [0, 0, 0, 0, 0, 0, 0, 114, 0, 0], [0, 0, 0, 0, 0, 0, 0, 0, 105, 0], [0, 1, 0, 0, 0, 2, 0, 0, 0, 102]]}"
pen-based,cosine,3,modified_plurality,RetentionPolicy.DD_RETENTION,3,10,9892,1100,0.0016732000003685243,0.21787709999625804,0.21955029999662656,0.99,0.9900199003814913,0.9900054484036177,0.9899695201553824,0.990067479074989,0.99,0.9899915927907953,"{""labels"": [""0"", ""1"", ""2"", ""3"", ""4"", ""5"", ""6"", ""7"", ""8"", ""9""], ""matrix"": [[114, 0, 0, 0, 0, 0, 0, 0, 0, 0], [0, 112, 0, 2, 0, 0, 0, 0, 0, 0], [0, 0, 114, 0, 0, 0, 0, 1, 0, 0], [0, 1, 1, 103, 0, 0, 0, 0, 0, 0], [0, 0, 0, 0, 115, 0, 0, 0, 0, 0], [0, 0, 0, 1, 0, 102, 0, 0, 0, 2], [0, 0, 0, 0, 0, 0, 105, 0, 0, 0], [0, 1, 1, 0, 0, 0, 0, 112, 1, 0], [0, 0, 0, 0, 0, 0, 0, 0, 106, 0], [0, 0, 0, 0, 0, 0, 0, 0, 0, 106]]}"
pen-based,cosine,3,modified_plurality,RetentionPolicy.DD_RETENTION,4,10,9894,1098,0.0016137999991769902,0.2180309999966994,0.21964479999587638,0.9936247723132969,0.9938099745482847,0.9935169342552443,0.9936150229116409,0.9937278527375221,0.9936247723132969,0.993627545730859,"{""labels"": [""0"", ""1"", ""2"", ""3"", ""4"", ""5"", ""6"", ""7"", ""8"", ""9""], ""matrix"": [[114, 0, 0, 0, 0, 0, 0, 0, 0, 0], [0, 113, 2, 0, 0, 0, 0, 0, 0, 0], [0, 0, 114, 0, 0, 0, 0, 0, 0, 0], [0, 0, 1, 104, 0, 0, 0, 0, 0, 0], [0, 0, 0, 0, 114, 0, 0, 0, 0, 0], [0, 0, 0, 2, 0, 104, 0, 0, 0, 0], [0, 0, 0, 0, 0, 0, 106, 0, 0, 0], [0, 0, 0, 0, 0, 0, 0, 114, 0, 0], [0, 0, 0, 0, 0, 0, 0, 0, 105, 0], [0, 0, 0, 0, 1, 0, 0, 1, 0, 103]]}"
pen-based,cosine,3,modified_plurality,RetentionPolicy.DD_RETENTION,5,10,9894,1098,0.001512800001364667,0.2162456000005477,0.21775840000191238,0.994535519125683,0.9945545089868109,0.9945112781954887,0.99451568920018,0.9945774852729911,0.994535519125683,0.9945397359164032,"{""labels"": [""0"", ""1"", ""2"", ""3"", ""4"", ""5"", ""6"", ""7"", ""8"", ""9""], ""matrix"": [[114, 0, 0, 0, 0, 0, 0, 0, 0, 0], [0, 113, 0, 1, 0, 0, 0, 0, 0, 0], [0, 0, 114, 0, 0, 0, 0, 0, 0, 0], [0, 0, 0, 105, 0, 0, 0, 0, 0, 0], [0, 0, 0, 0, 113, 0, 0, 0, 0, 1], [0, 0, 0, 1, 0, 104, 0, 0, 0, 0], [0, 0, 0, 0, 0, 0, 108, 0, 0, 0], [0, 0, 1, 0, 0, 0, 0, 113, 0, 0], [0, 0, 0, 0, 0, 0, 0, 1, 104, 0], [0, 1, 0, 0, 0, 0, 0, 0, 0, 104]]}"
pen-based,cosine,3,modified_plurality,RetentionPolicy.DD_RETENTION,6,10,9890,1102,0.0016328999990946613,0.2209084999994957,0.22254139999859035,0.9963702359346642,0.9964150346498899,0.9963650923864213,0.9963705471811284,0.996409852151132,0.9963702359346642,0.996370086683591,"{""labels"": [""0"", ""1"", ""2"", ""3"", ""4"", ""5"", ""6"", ""7"", ""8"", ""9""], ""matrix"": [[114, 0, 0, 0, 0, 0, 0, 0, 0, 0], [0, 113, 2, 0, 0, 0, 0, 0, 0, 0], [0, 0, 114, 0, 0, 0, 0, 0, 0, 0], [0, 0, 0, 108, 0, 0, 0, 0, 0, 0], [0, 0, 0, 0, 114, 0, 0, 0, 0, 0], [0, 0, 0, 1, 0, 105, 0, 0, 0, 0], [0, 0, 0, 0, 0, 1, 104, 0, 0, 0], [0, 0, 0, 0, 0, 0, 0, 114, 0, 0], [0, 0, 0, 0, 0, 0, 0, 0, 105, 0], [0, 0, 0, 0, 0, 0, 0, 0, 0, 107]]}"
pen-based,cosine,3,modified_plurality,RetentionPolicy.DD_RETENTION,7,10,9892,1100,0.0017005000045173801,0.21711439999489812,0.2188148999994155,0.9936363636363637,0.9938223334603242,0.9937844611528821,0.9937880896231779,0.993667776128026,0.9936363636363637,0.993636188592553,"{""labels"": [""0"", ""1"", ""2"", ""3"", ""4"", ""5"", ""6"", ""7"", ""8"", ""9""], ""matrix"": [[112, 0, 0, 0, 2, 0, 0, 0, 0, 0], [0, 112, 2, 0, 0, 0, 0, 0, 0, 0], [0, 1, 113, 0, 0, 0, 0, 0, 0, 0], [0, 0, 0, 107, 0, 0, 0, 0, 0, 0], [0, 0, 0, 0, 113, 0, 0, 0, 0, 1], [0, 0, 0, 0, 0, 106, 0, 0, 0, 0], [0, 0, 0, 0, 0, 0, 105, 0, 0, 0], [0, 0, 0, 0, 0, 0, 0, 115, 0, 0], [0, 0, 0, 0, 0, 0, 0, 0, 106, 0], [0, 0, 0, 0, 0, 0, 0, 1, 0, 104]]}"
pen-based,cosine,3,modified_plurality,RetentionPolicy.DD_RETENTION,8,10,9894,1098,0.0014844000033917837,0.22346509999624686,0.22494949999963865,0.9954462659380692,0.9955208249340327,0.9953974559039107,0.995438391187266,0.9954870598822037,0.9954462659380692,0.9954459824744019,"{""labels"": [""0"", ""1"", ""2"", ""3"", ""4"", ""5"", ""6"", ""7"", ""8"", ""9""], ""matrix"": [[113, 0, 0, 0, 0, 0, 1, 0, 0, 0], [0, 113, 1, 0, 0, 0, 0, 0, 0, 0], [0, 0, 115, 0, 0, 0, 0, 0, 0, 0], [0, 0, 0, 104, 1, 0, 0, 0, 0, 0], [0, 0, 0, 0, 114, 0, 0, 0, 0, 0], [0, 0, 0, 0, 0, 106, 0, 0, 0, 0], [0, 0, 0, 0, 0, 0, 105, 0, 0, 0], [0, 0, 0, 0, 0, 0, 0, 114, 0, 0], [0, 0, 0, 0, 0, 0, 0, 1, 105, 0], [0, 0, 0, 0, 0, 1, 0, 0, 0, 104]]}"
pen-based,cosine,3,modified_plurality,RetentionPolicy.DD_RETENTION,9,10,9890,1102,0.0015545999995083548,0.2179348999998183,0.21948949999932665,0.9936479128856625,0.9936501775814364,0.9936673101950941,0.9936311203028525,0.9936968914833594,0.9936479128856625,0.9936442022923874,"{""labels"": [""0"", ""1"", ""2"", ""3"", ""4"", ""5"", ""6"", ""7"", ""8"", ""9""], ""matrix"": [[113, 0, 0, 0, 1, 0, 0, 0, 0, 1], [0, 112, 1, 1, 0, 0, 0, 0, 0, 0], [0, 0, 115, 0, 0, 0, 0, 0, 0, 0], [0, 0, 0, 104, 0, 0, 0, 0, 0, 1], [0, 0, 0, 0, 115, 0, 0, 0, 0, 0], [0, 0, 0, 0, 0, 105, 0, 0, 1, 0], [0, 0, 0, 0, 0, 0, 106, 0, 0, 0], [0, 0, 0, 0, 0, 0, 0, 114, 0, 0], [0, 0, 0, 0, 0, 0, 0, 0, 106, 0], [0, 0, 0, 0, 0, 0, 0, 1, 0, 105]]}"
pen-based,cosine,5,borda,RetentionPolicy.ALWAYS_RETAIN,0,10,9894,1098,0.0014786999963689595,0.23264650000055553,0.2341251999969245,0.9954462659380692,0.9954202076859145,0.9954064406298766,0.9954012455261323,0.995461954913087,0.9954462659380692,0.9954418973455751,"{""labels"": [""0"", ""1"", ""2"", ""3"", ""4"", ""5"", ""6"", ""7"", ""8"", ""9""], ""matrix"": [[115, 0, 0, 0, 0, 0, 0, 0, 0, 0], [0, 114, 0, 0, 0, 0, 0, 0, 0, 0], [0, 1, 113, 0, 0, 0, 0, 0, 0, 0], [0, 0, 0, 105, 0, 0, 0, 0, 0, 0], [0, 0, 0, 0, 115, 0, 0, 0, 0, 0], [0, 0, 0, 0, 0, 105, 0, 0, 0, 0], [0, 0, 0, 0, 0, 0, 105, 0, 0, 0], [0, 0, 0, 0, 0, 0, 0, 113, 0, 1], [1, 0, 0, 0, 0, 1, 0, 0, 104, 0], [0, 0, 0, 0, 0, 0, 0, 0, 1, 104]]}"
pen-based,cosine,5,borda,RetentionPolicy.ALWAYS_RETAIN,1,10,9893,1099,0.0018678999986150302,0.23501700000633718,0.23688490000495221,0.9927206551410374,0.9928486264130587,0.9928473357306309,0.9928070656145669,0.9927938925563353,0.9927206551410374,0.9927163603469216,"{""labels"": [""0"", ""1"", ""2"", ""3"", ""4"", ""5"", ""6"", ""7"", ""8"", ""9""], ""matrix"": [[114, 1, 0, 0, 0, 0, 0, 0, 0, 0], [0, 113, 1, 0, 0, 0, 0, 0, 0, 0], [0, 0, 114, 0, 0, 0, 0, 0, 0, 0], [0, 0, 0, 103, 0, 0, 0, 1, 0, 1], [0, 0, 0, 0, 114, 1, 0, 0, 0, 0], [0, 0, 0, 0, 0, 105, 0, 0, 0, 0], [0, 0, 0, 0, 0, 0, 106, 0, 0, 0], [0, 1, 1, 0, 0, 0, 0, 111, 0, 1], [0, 0, 0, 0, 0, 0, 0, 0, 105, 0], [0, 0, 0, 0, 0, 0, 0, 0, 0, 106]]}"
pen-based,cosine,5,borda,RetentionPolicy.ALWAYS_RETAIN,2,10,9895,1097,0.0014818999989074655,0.23360649999813177,0.23508839999703923,0.9954421148587056,0.9953911185432924,0.9953960989430097,0.9953637826179124,0.9955172412040947,0.9954421148587056,0.9954506424242489,"{""labels"": [""0"", ""1"", ""2"", ""3"", ""4"", ""5"", ""6"", ""7"", ""8"", ""9""], ""matrix"": [[113, 0, 0, 0, 0, 0, 0, 0, 0, 1], [0, 114, 0, 0, 1, 0, 0, 0, 0, 0], [0, 0, 115, 0, 0, 0, 0, 0, 0, 0], [0, 0, 0, 104, 0, 1, 0, 0, 0, 0], [0, 0, 0, 0, 114, 0, 0, 0, 0, 0], [0, 0, 0, 0, 0, 105, 0, 0, 0, 0], [0, 0, 0, 0, 0, 0, 105, 0, 0, 0], [0, 0, 0, 0, 0, 0, 0, 114, 0, 0], [0, 0, 0, 0, 0, 0, 0, 0, 105, 0], [0, 0, 0, 0, 0, 2, 0, 0, 0, 103]]}"
pen-based,cosine,5,borda,RetentionPolicy.ALWAYS_RETAIN,3,10,9892,1100,0.0015888999987510033,0.23368959999788785,0.23527849999663886,0.9918181818181818,0.9918778550987039,0.9918350223384549,0.9918316015658133,0.9918505683249081,0.9918181818181818,0.9918096175602277,"{""labels"": [""0"", ""1"", ""2"", ""3"", ""4"", ""5"", ""6"", ""7"", ""8"", ""9""], ""matrix"": [[114, 0, 0, 0, 0, 0, 0, 0, 0, 0], [0, 113, 0, 1, 0, 0, 0, 0, 0, 0], [0, 0, 114, 0, 0, 0, 0, 1, 0, 0], [0, 1, 1, 103, 0, 0, 0, 0, 0, 0], [0, 0, 0, 0, 115, 0, 0, 0, 0, 0], [0, 0, 0, 1, 0, 103, 0, 0, 0, 1], [0, 0, 0, 0, 0, 0, 105, 0, 0, 0], [0, 1, 1, 0, 0, 0, 0, 112, 1, 0], [0, 0, 0, 0, 0, 0, 0, 0, 106, 0], [0, 0, 0, 0, 0, 0, 0, 0, 0, 106]]}"
pen-based,cosine,5,borda,RetentionPolicy.ALWAYS_RETAIN,4,10,9894,1098,0.0017402000012225471,0.2309199000010267,0.23266010000224924,0.9954462659380692,0.9955843506818021,0.9953298956990508,0.995432538051278,0.9954935100755634,0.9954462659380692,0.9954452586570361,"{""labels"": [""0"", ""1"", ""2"", ""3"", ""4"", ""5"", ""6"", ""7"", ""8"", ""9""], ""matrix"": [[114, 0, 0, 0, 0, 0, 0, 0, 0, 0], [0, 114, 1, 0, 0, 0, 0, 0, 0, 0], [0, 0, 114, 0, 0, 0, 0, 0, 0, 0], [0, 0, 1, 104, 0, 0, 0, 0, 0, 0], [0, 0, 0, 0, 114, 0, 0, 0, 0, 0], [0, 0, 0, 1, 0, 105, 0, 0, 0, 0], [0, 0, 0, 0, 0, 0, 106, 0, 0, 0], [0, 0, 0, 0, 0, 0, 0, 114, 0, 0], [0, 0, 0, 0, 0, 0, 0, 0, 105, 0], [0, 0, 0, 0, 1, 0, 0, 1, 0, 103]]}"
pen-based,cosine,5,borda,RetentionPolicy.ALWAYS_RETAIN,5,10,9894,1098,0.0017679999946267344,0.231009000002814,0.23277699999744073,0.9954462659380692,0.995431701969267,0.9954636591478696,0.9954308224477965,0.9954882320853772,0.9954462659380692,0.9954506554986672,"{""labels"": [""0"", ""1"", ""2"", ""3"", ""4"", ""5"", ""6"", ""7"", ""8"", ""9""], ""matrix"": [[114, 0, 0, 0, 0, 0, 0, 0, 0, 0], [0, 113, 0, 1, 0, 0, 0, 0, 0, 0], [0, 0, 114, 0, 0, 0, 0, 0, 0, 0], [0, 0, 0, 105, 0, 0, 0, 0, 0, 0], [0, 0, 0, 0, 113, 0, 0, 0, 0, 1], [0, 0, 0, 1, 0, 104, 0, 0, 0, 0], [0, 0, 0, 0, 0, 0, 108, 0, 0, 0], [0, 0, 1, 0, 0, 0, 0, 113, 0, 0], [0, 0, 0, 0, 0, 0, 0, 0, 105, 0], [0, 1, 0, 0, 0, 0, 0, 0, 0, 104]]}"
pen-based,cosine,5,borda,RetentionPolicy.ALWAYS_RETAIN,6,10,9890,1102,0.0016383999973186292,0.22451559999899473,0.22615399999631336,0.9963702359346642,0.9964150346498899,0.9963650923864213,0.9963705471811284,0.996409852151132,0.9963702359346642,0.996370086683591,"{""labels"": [""0"", ""1"", ""2"", ""3"", ""4"", ""5"", ""6"", ""7"", ""8"", ""9""], ""matrix"": [[114, 0, 0, 0, 0, 0, 0, 0, 0, 0], [0, 113, 2, 0, 0, 0, 0, 0, 0, 0], [0, 0, 114, 0, 0, 0, 0, 0, 0, 0], [0, 0, 0, 108, 0, 0, 0, 0, 0, 0], [0, 0, 0, 0, 114, 0, 0, 0, 0, 0], [0, 0, 0, 1, 0, 105, 0, 0, 0, 0], [0, 0, 0, 0, 0, 1, 104, 0, 0, 0], [0, 0, 0, 0, 0, 0, 0, 114, 0, 0], [0, 0, 0, 0, 0, 0, 0, 0, 105, 0], [0, 0, 0, 0, 0, 0, 0, 0, 0, 107]]}"
pen-based,cosine,5,borda,RetentionPolicy.ALWAYS_RETAIN,7,10,9892,1100,0.0015831999990041368,0.22627810000267345,0.2278613000016776,0.9927272727272727,0.9930873963201549,0.9928410649264672,0.9929219655768611,0.9928204888980752,0.9927272727272727,0.992730360873515,"{""labels"": [""0"", ""1"", ""2"", ""3"", ""4"", ""5"", ""6"", ""7"", ""8"", ""9""], ""matrix"": [[112, 0, 0, 0, 2, 0, 0, 0, 0, 0], [0, 111, 3, 0, 0, 0, 0, 0, 0, 0], [0, 1, 113, 0, 0, 0, 0, 0, 0, 0], [0, 0, 0, 107, 0, 0, 0, 0, 0, 0], [0, 0, 0, 0, 114, 0, 0, 0, 0, 0], [0, 0, 0, 0, 0, 106, 0, 0, 0, 0], [0, 0, 0, 0, 0, 0, 105, 0, 0, 0], [0, 0, 0, 0, 0, 0, 0, 115, 0, 0], [0, 0, 0, 0, 0, 0, 0, 1, 105, 0], [0, 0, 0, 0, 0, 0, 0, 1, 0, 104]]}"
pen-based,cosine,5,borda,RetentionPolicy.ALWAYS_RETAIN,8,10,9894,1098,0.0015109999949345365,0.22102150000137044,0.22253249999630498,0.9963570127504554,0.9963903901514239,0.9963408521303257,0.9963490060592625,0.9963898871570909,0.9963570127504554,0.9963568989244316,"{""labels"": [""0"", ""1"", ""2"", ""3"", ""4"", ""5"", ""6"", ""7"", ""8"", ""9""], ""matrix"": [[113, 0, 0, 0, 0, 0, 1, 0, 0, 0], [0, 113, 1, 0, 0, 0, 0, 0, 0, 0], [0, 0, 115, 0, 0, 0, 0, 0, 0, 0], [0, 0, 0, 104, 1, 0, 0, 0, 0, 0], [0, 0, 0, 0, 114, 0, 0, 0, 0, 0], [0, 0, 0, 0, 0, 106, 0, 0, 0, 0], [0, 0, 0, 0, 0, 0, 105, 0, 0, 0], [0, 0, 0, 0, 0, 0, 0, 114, 0, 0], [0, 0, 0, 0, 0, 0, 0, 0, 106, 0], [0, 0, 0, 0, 0, 1, 0, 0, 0, 104]]}"
pen-based,cosine,5,borda,RetentionPolicy.ALWAYS_RETAIN,9,10,9890,1102,0.0015108000006875955,0.22495509999862406,0.22646589999931166,0.9927404718693285,0.9928028448375519,0.9927901172126379,0.9927535741891148,0.9928126513241332,0.9927404718693285,0.9927325015165368,"{""labels"": [""0"", ""1"", ""2"", ""3"", ""4"", ""5"", ""6"", ""7"", ""8"", ""9""], ""matrix"": [[113, 0, 0, 0, 1, 0, 0, 0, 0, 1], [0, 111, 2, 1, 0, 0, 0, 0, 0, 0], [0, 0, 115, 0, 0, 0, 0, 0, 0, 0], [0, 0, 0, 104, 0, 0, 0, 0, 0, 1], [0, 0, 0, 0, 115, 0, 0, 0, 0, 0], [0, 0, 0, 0, 0, 105, 0, 0, 1, 0], [0, 0, 0, 0, 0, 0, 106, 0, 0, 0], [0, 0, 0, 0, 0, 0, 0, 114, 0, 0], [0, 0, 0, 0, 0, 0, 0, 0, 106, 0], [0, 0, 0, 0, 0, 0, 0, 1, 0, 105]]}"
pen-based,cosine,5,borda,RetentionPolicy.NEVER_RETAIN,0,10,9894,1098,0.001544799997645896,0.2018707000024733,0.2034155000001192,0.994535519125683,0.9944944450338248,0.9945368754124854,0.9944951017262988,0.9945766627594493,0.994535519125683,0.9945355957862893,"{""labels"": [""0"", ""1"", ""2"", ""3"", ""4"", ""5"", ""6"", ""7"", ""8"", ""9""], ""matrix"": [[115, 0, 0, 0, 0, 0, 0, 0, 0, 0], [0, 114, 0, 0, 0, 0, 0, 0, 0, 0], [0, 1, 113, 0, 0, 0, 0, 0, 0, 0], [0, 0, 0, 105, 0, 0, 0, 0, 0, 0], [0, 0, 0, 0, 114, 1, 0, 0, 0, 0], [0, 0, 0, 0, 0, 105, 0, 0, 0, 0], [0, 0, 0, 0, 0, 0, 105, 0, 0, 0], [0, 0, 0, 0, 0, 0, 0, 113, 0, 1], [1, 0, 0, 0, 0, 1, 0, 0, 104, 0], [0, 0, 0, 0, 0, 0, 0, 0, 1, 104]]}"
pen-based,cosine,5,borda,RetentionPolicy.NEVER_RETAIN,1,10,9893,1099,0.001570799999171868,0.20205300000088755,0.20362380000005942,0.9927206551410374,0.9928486264130587,0.9928473357306309,0.9928070656145669,0.9927938925563353,0.9927206551410374,0.9927163603469216,"{""labels"": [""0"", ""1"", ""2"", ""3"", ""4"", ""5"", ""6"", ""7"", ""8"", ""9""], ""matrix"": [[114, 1, 0, 0, 0, 0, 0, 0, 0, 0], [0, 113, 1, 0, 0, 0, 0, 0, 0, 0], [0, 0, 114, 0, 0, 0, 0, 0, 0, 0], [0, 0, 0, 103, 0, 0, 0, 1, 0, 1], [0, 0, 0, 0, 114, 1, 0, 0, 0, 0], [0, 0, 0, 0, 0, 105, 0, 0, 0, 0], [0, 0, 0, 0, 0, 0, 106, 0, 0, 0], [0, 1, 1, 0, 0, 0, 0, 111, 0, 1], [0, 0, 0, 0, 0, 0, 0, 0, 105, 0], [0, 0, 0, 0, 0, 0, 0, 0, 0, 106]]}"
pen-based,cosine,5,borda,RetentionPolicy.NEVER_RETAIN,2,10,9895,1097,0.0014882999967085198,0.1986170000018319,0.20010529999854043,0.9945305378304466,0.994512218001032,0.9944437179906288,0.9944432283987161,0.9945967288147485,0.9945305378304466,0.9945300678302431,"{""labels"": [""0"", ""1"", ""2"", ""3"", ""4"", ""5"", ""6"", ""7"", ""8"", ""9""], ""matrix"": [[113, 0, 0, 0, 0, 0, 0, 0, 0, 1], [0, 114, 0, 0, 1, 0, 0, 0, 0, 0], [0, 0, 115, 0, 0, 0, 0, 0, 0, 0], [0, 0, 0, 104, 0, 1, 0, 0, 0, 0], [0, 0, 0, 0, 114, 0, 0, 0, 0, 0], [0, 0, 0, 0, 0, 105, 0, 0, 0, 0], [0, 0, 0, 0, 0, 0, 105, 0, 0, 0], [0, 0, 0, 0, 0, 0, 0, 114, 0, 0], [0, 0, 0, 0, 0, 0, 0, 0, 105, 0], [0, 1, 0, 0, 0, 2, 0, 0, 0, 102]]}"
pen-based,cosine,5,borda,RetentionPolicy.NEVER_RETAIN,3,10,9892,1100,0.0014732000054209493,0.1931710999997449,0.19464430000516586,0.9918181818181818,0.9918778550987039,0.9918350223384549,0.9918316015658133,0.9918505683249081,0.9918181818181818,0.9918096175602277,"{""labels"": [""0"", ""1"", ""2"", ""3"", ""4"", ""5"", ""6"", ""7"", ""8"", ""9""], ""matrix"": [[114, 0, 0, 0, 0, 0, 0, 0, 0, 0], [0, 113, 0, 1, 0, 0, 0, 0, 0, 0], [0, 0, 114, 0, 0, 0, 0, 1, 0, 0], [0, 1, 1, 103, 0, 0, 0, 0, 0, 0], [0, 0, 0, 0, 115, 0, 0, 0, 0, 0], [0, 0, 0, 1, 0, 103, 0, 0, 0, 1], [0, 0, 0, 0, 0, 0, 105, 0, 0, 0], [0, 1, 1, 0, 0, 0, 0, 112, 1, 0], [0, 0, 0, 0, 0, 0, 0, 0, 106, 0], [0, 0, 0, 0, 0, 0, 0, 0, 0, 106]]}"
pen-based,cosine,5,borda,RetentionPolicy.NEVER_RETAIN,4,10,9894,1098,0.0014648000069428235,0.1949352999945404,0.19640010000148322,0.9954462659380692,0.9955843506818021,0.9953298956990508,0.995432538051278,0.9954935100755634,0.9954462659380692,0.9954452586570361,"{""labels"": [""0"", ""1"", ""2"", ""3"", ""4"", ""5"", ""6"", ""7"", ""8"", ""9""], ""matrix"": [[114, 0, 0, 0, 0, 0, 0, 0, 0, 0], [0, 114, 1, 0, 0, 0, 0, 0, 0, 0], [0, 0, 114, 0, 0, 0, 0, 0, 0, 0], [0, 0, 1, 104, 0, 0, 0, 0, 0, 0], [0, 0, 0, 0, 114, 0, 0, 0, 0, 0], [0, 0, 0, 1, 0, 105, 0, 0, 0, 0], [0, 0, 0, 0, 0, 0, 106, 0, 0, 0], [0, 0, 0, 0, 0, 0, 0, 114, 0, 0], [0, 0, 0, 0, 0, 0, 0, 0, 105, 0], [0, 0, 0, 0, 1, 0, 0, 1, 0, 103]]}"
pen-based,cosine,5,borda,RetentionPolicy.NEVER_RETAIN,5,10,9894,1098,0.001549100001284387,0.19467040000017732,0.1962195000014617,0.9954462659380692,0.9955015349468124,0.9953884711779448,0.9954294654868955,0.9954855905380643,0.9954462659380692,0.9954499830851058,"{""labels"": [""0"", ""1"", ""2"", ""3"", ""4"", ""5"", ""6"", ""7"", ""8"", ""9""], ""matrix"": [[114, 0, 0, 0, 0, 0, 0, 0, 0, 0], [0, 114, 0, 0, 0, 0, 0, 0, 0, 0], [0, 0, 114, 0, 0, 0, 0, 0, 0, 0], [0, 1, 0, 104, 0, 0, 0, 0, 0, 0], [0, 0, 0, 0, 113, 0, 0, 0, 0, 1], [0, 0, 0, 1, 0, 104, 0, 0, 0, 0], [0, 0, 0, 0, 0, 0, 108, 0, 0, 0], [0, 0, 1, 0, 0, 0, 0, 113, 0, 0], [0, 0, 0, 0, 0, 0, 0, 0, 105, 0], [0, 1, 0, 0, 0, 0, 0, 0, 0, 104]]}"
pen-based,cosine,5,borda,RetentionPolicy.NEVER_RETAIN,6,10,9890,1102,0.001784599997336045,0.1925894000014523,0.19437399999878835,0.9954627949183303,0.9955750700168217,0.99549552716903,0.9954970181791907,0.9955409232203719,0.9954627949183303,0.9954624033882961,"{""labels"": [""0"", ""1"", ""2"", ""3"", ""4"", ""5"", ""6"", ""7"", ""8"", ""9""], ""matrix"": [[114, 0, 0, 0, 0, 0, 0, 0, 0, 0], [0, 112, 3, 0, 0, 0, 0, 0, 0, 0], [0, 0, 114, 0, 0, 0, 0, 0, 0, 0], [0, 0, 0, 108, 0, 0, 0, 0, 0, 0], [0, 0, 0, 0, 114, 0, 0, 0, 0, 0], [0, 0, 0, 1, 0, 105, 0, 0, 0, 0], [0, 0, 0, 0, 0, 1, 104, 0, 0, 0], [0, 0, 0, 0, 0, 0, 0, 114, 0, 0], [0, 0, 0, 0, 0, 0, 0, 0, 105, 0], [0, 0, 0, 0, 0, 0, 0, 0, 0, 107]]}"
pen-based,cosine,5,borda,RetentionPolicy.NEVER_RETAIN,7,10,9892,1100,0.0015313000039895996,0.19673849999526283,0.19826979999925243,0.9927272727272727,0.9930873963201549,0.9928410649264672,0.9929219655768611,0.9928204888980752,0.9927272727272727,0.992730360873515,"{""labels"": [""0"", ""1"", ""2"", ""3"", ""4"", ""5"", ""6"", ""7"", ""8"", ""9""], ""matrix"": [[112, 0, 0, 0, 2, 0, 0, 0, 0, 0], [0, 111, 3, 0, 0, 0, 0, 0, 0, 0], [0, 1, 113, 0, 0, 0, 0, 0, 0, 0], [0, 0, 0, 107, 0, 0, 0, 0, 0, 0], [0, 0, 0, 0, 114, 0, 0, 0, 0, 0], [0, 0, 0, 0, 0, 106, 0, 0, 0, 0], [0, 0, 0, 0, 0, 0, 105, 0, 0, 0], [0, 0, 0, 0, 0, 0, 0, 115, 0, 0], [0, 0, 0, 0, 0, 0, 0, 1, 105, 0], [0, 0, 0, 0, 0, 0, 0, 1, 0, 104]]}"
pen-based,cosine,5,borda,RetentionPolicy.NEVER_RETAIN,8,10,9894,1098,0.0014218999931472354,0.19305450000683777,0.194476399999985,0.9963570127504554,0.9963903901514239,0.9963408521303257,0.9963490060592625,0.9963898871570909,0.9963570127504554,0.9963568989244316,"{""labels"": [""0"", ""1"", ""2"", ""3"", ""4"", ""5"", ""6"", ""7"", ""8"", ""9""], ""matrix"": [[113, 0, 0, 0, 0, 0, 1, 0, 0, 0], [0, 113, 1, 0, 0, 0, 0, 0, 0, 0], [0, 0, 115, 0, 0, 0, 0, 0, 0, 0], [0, 0, 0, 104, 1, 0, 0, 0, 0, 0], [0, 0, 0, 0, 114, 0, 0, 0, 0, 0], [0, 0, 0, 0, 0, 106, 0, 0, 0, 0], [0, 0, 0, 0, 0, 0, 105, 0, 0, 0], [0, 0, 0, 0, 0, 0, 0, 114, 0, 0], [0, 0, 0, 0, 0, 0, 0, 0, 106, 0], [0, 0, 0, 0, 0, 1, 0, 0, 0, 104]]}"
pen-based,cosine,5,borda,RetentionPolicy.NEVER_RETAIN,9,10,9890,1102,0.001432199998816941,0.19776920000003884,0.19920139999885578,0.9927404718693285,0.9928028448375519,0.9927901172126379,0.9927535741891148,0.9928126513241332,0.9927404718693285,0.9927325015165368,"{""labels"": [""0"", ""1"", ""2"", ""3"", ""4"", ""5"", ""6"", ""7"", ""8"", ""9""], ""matrix"": [[113, 0, 0, 0, 1, 0, 0, 0, 0, 1], [0, 111, 2, 1, 0, 0, 0, 0, 0, 0], [0, 0, 115, 0, 0, 0, 0, 0, 0, 0], [0, 0, 0, 104, 0, 0, 0, 0, 0, 1], [0, 0, 0, 0, 115, 0, 0, 0, 0, 0], [0, 0, 0, 0, 0, 105, 0, 0, 1, 0], [0, 0, 0, 0, 0, 0, 106, 0, 0, 0], [0, 0, 0, 0, 0, 0, 0, 114, 0, 0], [0, 0, 0, 0, 0, 0, 0, 0, 106, 0], [0, 0, 0, 0, 0, 0, 0, 1, 0, 105]]}"
pen-based,cosine,5,borda,RetentionPolicy.DIFFERENT_CLASS_RETENTION,0,10,9894,1098,0.0014603000017814338,0.20365779999701772,0.20511809999879915,0.994535519125683,0.9944944450338248,0.9945368754124854,0.9944951017262988,0.9945766627594493,0.994535519125683,0.9945355957862893,"{""labels"": [""0"", ""1"", ""2"", ""3"", ""4"", ""5"", ""6"", ""7"", ""8"", ""9""], ""matrix"": [[115, 0, 0, 0, 0, 0, 0, 0, 0, 0], [0, 114, 0, 0, 0, 0, 0, 0, 0, 0], [0, 1, 113, 0, 0, 0, 0, 0, 0, 0], [0, 0, 0, 105, 0, 0, 0, 0, 0, 0], [0, 0, 0, 0, 114, 1, 0, 0, 0, 0], [0, 0, 0, 0, 0, 105, 0, 0, 0, 0], [0, 0, 0, 0, 0, 0, 105, 0, 0, 0], [0, 0, 0, 0, 0, 0, 0, 113, 0, 1], [1, 0, 0, 0, 0, 1, 0, 0, 104, 0], [0, 0, 0, 0, 0, 0, 0, 0, 1, 104]]}"
pen-based,cosine,5,borda,RetentionPolicy.DIFFERENT_CLASS_RETENTION,1,10,9893,1099,0.0015619000041624531,0.2071901000017533,0.20875200000591576,0.9927206551410374,0.9928486264130587,0.9928473357306309,0.9928070656145669,0.9927938925563353,0.9927206551410374,0.9927163603469216,"{""labels"": [""0"", ""1"", ""2"", ""3"", ""4"", ""5"", ""6"", ""7"", ""8"", ""9""], ""matrix"": [[114, 1, 0, 0, 0, 0, 0, 0, 0, 0], [0, 113, 1, 0, 0, 0, 0, 0, 0, 0], [0, 0, 114, 0, 0, 0, 0, 0, 0, 0], [0, 0, 0, 103, 0, 0, 0, 1, 0, 1], [0, 0, 0, 0, 114, 1, 0, 0, 0, 0], [0, 0, 0, 0, 0, 105, 0, 0, 0, 0], [0, 0, 0, 0, 0, 0, 106, 0, 0, 0], [0, 1, 1, 0, 0, 0, 0, 111, 0, 1], [0, 0, 0, 0, 0, 0, 0, 0, 105, 0], [0, 0, 0, 0, 0, 0, 0, 0, 0, 106]]}"
pen-based,cosine,5,borda,RetentionPolicy.DIFFERENT_CLASS_RETENTION,2,10,9895,1097,0.0015974999987520278,0.20636680000461638,0.2079643000033684,0.9945305378304466,0.994512218001032,0.9944437179906288,0.9944432283987161,0.9945967288147485,0.9945305378304466,0.9945300678302431,"{""labels"": [""0"", ""1"", ""2"", ""3"", ""4"", ""5"", ""6"", ""7"", ""8"", ""9""], ""matrix"": [[113, 0, 0, 0, 0, 0, 0, 0, 0, 1], [0, 114, 0, 0, 1, 0, 0, 0, 0, 0], [0, 0, 115, 0, 0, 0, 0, 0, 0, 0], [0, 0, 0, 104, 0, 1, 0, 0, 0, 0], [0, 0, 0, 0, 114, 0, 0, 0, 0, 0], [0, 0, 0, 0, 0, 105, 0, 0, 0, 0], [0, 0, 0, 0, 0, 0, 105, 0, 0, 0], [0, 0, 0, 0, 0, 0, 0, 114, 0, 0], [0, 0, 0, 0, 0, 0, 0, 0, 105, 0], [0, 1, 0, 0, 0, 2, 0, 0, 0, 102]]}"
pen-based,cosine,5,borda,RetentionPolicy.DIFFERENT_CLASS_RETENTION,3,10,9892,1100,0.0015476000044145621,0.204805800000031,0.20635340000444558,0.9918181818181818,0.9918778550987039,0.9918350223384549,0.9918316015658133,0.9918505683249081,0.9918181818181818,0.9918096175602277,"{""labels"": [""0"", ""1"", ""2"", ""3"", ""4"", ""5"", ""6"", ""7"", ""8"", ""9""], ""matrix"": [[114, 0, 0, 0, 0, 0, 0, 0, 0, 0], [0, 113, 0, 1, 0, 0, 0, 0, 0, 0], [0, 0, 114, 0, 0, 0, 0, 1, 0, 0], [0, 1, 1, 103, 0, 0, 0, 0, 0, 0], [0, 0, 0, 0, 115, 0, 0, 0, 0, 0], [0, 0, 0, 1, 0, 103, 0, 0, 0, 1], [0, 0, 0, 0, 0, 0, 105, 0, 0, 0], [0, 1, 1, 0, 0, 0, 0, 112, 1, 0], [0, 0, 0, 0, 0, 0, 0, 0, 106, 0], [0, 0, 0, 0, 0, 0, 0, 0, 0, 106]]}"
pen-based,cosine,5,borda,RetentionPolicy.DIFFERENT_CLASS_RETENTION,4,10,9894,1098,0.0015187000026344322,0.20270180000079563,0.20422050000343006,0.9954462659380692,0.9955843506818021,0.9953298956990508,0.995432538051278,0.9954935100755634,0.9954462659380692,0.9954452586570361,"{""labels"": [""0"", ""1"", ""2"", ""3"", ""4"", ""5"", ""6"", ""7"", ""8"", ""9""], ""matrix"": [[114, 0, 0, 0, 0, 0, 0, 0, 0, 0], [0, 114, 1, 0, 0, 0, 0, 0, 0, 0], [0, 0, 114, 0, 0, 0, 0, 0, 0, 0], [0, 0, 1, 104, 0, 0, 0, 0, 0, 0], [0, 0, 0, 0, 114, 0, 0, 0, 0, 0], [0, 0, 0, 1, 0, 105, 0, 0, 0, 0], [0, 0, 0, 0, 0, 0, 106, 0, 0, 0], [0, 0, 0, 0, 0, 0, 0, 114, 0, 0], [0, 0, 0, 0, 0, 0, 0, 0, 105, 0], [0, 0, 0, 0, 1, 0, 0, 1, 0, 103]]}"
pen-based,cosine,5,borda,RetentionPolicy.DIFFERENT_CLASS_RETENTION,5,10,9894,1098,0.001763200001732912,0.19993119999708142,0.20169439999881433,0.9954462659380692,0.9955015349468124,0.9953884711779448,0.9954294654868955,0.9954855905380643,0.9954462659380692,0.9954499830851058,"{""labels"": [""0"", ""1"", ""2"", ""3"", ""4"", ""5"", ""6"", ""7"", ""8"", ""9""], ""matrix"": [[114, 0, 0, 0, 0, 0, 0, 0, 0, 0], [0, 114, 0, 0, 0, 0, 0, 0, 0, 0], [0, 0, 114, 0, 0, 0, 0, 0, 0, 0], [0, 1, 0, 104, 0, 0, 0, 0, 0, 0], [0, 0, 0, 0, 113, 0, 0, 0, 0, 1], [0, 0, 0, 1, 0, 104, 0, 0, 0, 0], [0, 0, 0, 0, 0, 0, 108, 0, 0, 0], [0, 0, 1, 0, 0, 0, 0, 113, 0, 0], [0, 0, 0, 0, 0, 0, 0, 0, 105, 0], [0, 1, 0, 0, 0, 0, 0, 0, 0, 104]]}"
pen-based,cosine,5,borda,RetentionPolicy.DIFFERENT_CLASS_RETENTION,6,10,9890,1102,0.0015332999973907135,0.19618540000374196,0.19771870000113267,0.9954627949183303,0.9955750700168217,0.99549552716903,0.9954970181791907,0.9955409232203719,0.9954627949183303,0.9954624033882961,"{""labels"": [""0"", ""1"", ""2"", ""3"", ""4"", ""5"", ""6"", ""7"", ""8"", ""9""], ""matrix"": [[114, 0, 0, 0, 0, 0, 0, 0, 0, 0], [0, 112, 3, 0, 0, 0, 0, 0, 0, 0], [0, 0, 114, 0, 0, 0, 0, 0, 0, 0], [0, 0, 0, 108, 0, 0, 0, 0, 0, 0], [0, 0, 0, 0, 114, 0, 0, 0, 0, 0], [0, 0, 0, 1, 0, 105, 0, 0, 0, 0], [0, 0, 0, 0, 0, 1, 104, 0, 0, 0], [0, 0, 0, 0, 0, 0, 0, 114, 0, 0], [0, 0, 0, 0, 0, 0, 0, 0, 105, 0], [0, 0, 0, 0, 0, 0, 0, 0, 0, 107]]}"
pen-based,cosine,5,borda,RetentionPolicy.DIFFERENT_CLASS_RETENTION,7,10,9892,1100,0.0016440999970654957,0.19423910000477917,0.19588320000184467,0.9927272727272727,0.9930873963201549,0.9928410649264672,0.9929219655768611,0.9928204888980752,0.9927272727272727,0.992730360873515,"{""labels"": [""0"", ""1"", ""2"", ""3"", ""4"", ""5"", ""6"", ""7"", ""8"", ""9""], ""matrix"": [[112, 0, 0, 0, 2, 0, 0, 0, 0, 0], [0, 111, 3, 0, 0, 0, 0, 0, 0, 0], [0, 1, 113, 0, 0, 0, 0, 0, 0, 0], [0, 0, 0, 107, 0, 0, 0, 0, 0, 0], [0, 0, 0, 0, 114, 0, 0, 0, 0, 0], [0, 0, 0, 0, 0, 106, 0, 0, 0, 0], [0, 0, 0, 0, 0, 0, 105, 0, 0, 0], [0, 0, 0, 0, 0, 0, 0, 115, 0, 0], [0, 0, 0, 0, 0, 0, 0, 1, 105, 0], [0, 0, 0, 0, 0, 0, 0, 1, 0, 104]]}"
pen-based,cosine,5,borda,RetentionPolicy.DIFFERENT_CLASS_RETENTION,8,10,9894,1098,0.0014255000060074963,0.19409420000010869,0.19551970000611618,0.9963570127504554,0.9963903901514239,0.9963408521303257,0.9963490060592625,0.9963898871570909,0.9963570127504554,0.9963568989244316,"{""labels"": [""0"", ""1"", ""2"", ""3"", ""4"", ""5"", ""6"", ""7"", ""8"", ""9""], ""matrix"": [[113, 0, 0, 0, 0, 0, 1, 0, 0, 0], [0, 113, 1, 0, 0, 0, 0, 0, 0, 0], [0, 0, 115, 0, 0, 0, 0, 0, 0, 0], [0, 0, 0, 104, 1, 0, 0, 0, 0, 0], [0, 0, 0, 0, 114, 0, 0, 0, 0, 0], [0, 0, 0, 0, 0, 106, 0, 0, 0, 0], [0, 0, 0, 0, 0, 0, 105, 0, 0, 0], [0, 0, 0, 0, 0, 0, 0, 114, 0, 0], [0, 0, 0, 0, 0, 0, 0, 0, 106, 0], [0, 0, 0, 0, 0, 1, 0, 0, 0, 104]]}"
pen-based,cosine,5,borda,RetentionPolicy.DIFFERENT_CLASS_RETENTION,9,10,9890,1102,0.0014713999989908189,0.19612200000119628,0.1975934000001871,0.9927404718693285,0.9928028448375519,0.9927901172126379,0.9927535741891148,0.9928126513241332,0.9927404718693285,0.9927325015165368,"{""labels"": [""0"", ""1"", ""2"", ""3"", ""4"", ""5"", ""6"", ""7"", ""8"", ""9""], ""matrix"": [[113, 0, 0, 0, 1, 0, 0, 0, 0, 1], [0, 111, 2, 1, 0, 0, 0, 0, 0, 0], [0, 0, 115, 0, 0, 0, 0, 0, 0, 0], [0, 0, 0, 104, 0, 0, 0, 0, 0, 1], [0, 0, 0, 0, 115, 0, 0, 0, 0, 0], [0, 0, 0, 0, 0, 105, 0, 0, 1, 0], [0, 0, 0, 0, 0, 0, 106, 0, 0, 0], [0, 0, 0, 0, 0, 0, 0, 114, 0, 0], [0, 0, 0, 0, 0, 0, 0, 0, 106, 0], [0, 0, 0, 0, 0, 0, 0, 1, 0, 105]]}"
pen-based,cosine,5,borda,RetentionPolicy.DD_RETENTION,0,10,9894,1098,0.0015996000001905486,0.20825630000035744,0.209855900000548,0.994535519125683,0.9944944450338248,0.9945368754124854,0.9944951017262988,0.9945766627594493,0.994535519125683,0.9945355957862893,"{""labels"": [""0"", ""1"", ""2"", ""3"", ""4"", ""5"", ""6"", ""7"", ""8"", ""9""], ""matrix"": [[115, 0, 0, 0, 0, 0, 0, 0, 0, 0], [0, 114, 0, 0, 0, 0, 0, 0, 0, 0], [0, 1, 113, 0, 0, 0, 0, 0, 0, 0], [0, 0, 0, 105, 0, 0, 0, 0, 0, 0], [0, 0, 0, 0, 114, 1, 0, 0, 0, 0], [0, 0, 0, 0, 0, 105, 0, 0, 0, 0], [0, 0, 0, 0, 0, 0, 105, 0, 0, 0], [0, 0, 0, 0, 0, 0, 0, 113, 0, 1], [1, 0, 0, 0, 0, 1, 0, 0, 104, 0], [0, 0, 0, 0, 0, 0, 0, 0, 1, 104]]}"
pen-based,cosine,5,borda,RetentionPolicy.DD_RETENTION,1,10,9893,1099,0.0015270000003511086,0.21054159999766853,0.21206859999801964,0.9927206551410374,0.9928486264130587,0.9928473357306309,0.9928070656145669,0.9927938925563353,0.9927206551410374,0.9927163603469216,"{""labels"": [""0"", ""1"", ""2"", ""3"", ""4"", ""5"", ""6"", ""7"", ""8"", ""9""], ""matrix"": [[114, 1, 0, 0, 0, 0, 0, 0, 0, 0], [0, 113, 1, 0, 0, 0, 0, 0, 0, 0], [0, 0, 114, 0, 0, 0, 0, 0, 0, 0], [0, 0, 0, 103, 0, 0, 0, 1, 0, 1], [0, 0, 0, 0, 114, 1, 0, 0, 0, 0], [0, 0, 0, 0, 0, 105, 0, 0, 0, 0], [0, 0, 0, 0, 0, 0, 106, 0, 0, 0], [0, 1, 1, 0, 0, 0, 0, 111, 0, 1], [0, 0, 0, 0, 0, 0, 0, 0, 105, 0], [0, 0, 0, 0, 0, 0, 0, 0, 0, 106]]}"
pen-based,cosine,5,borda,RetentionPolicy.DD_RETENTION,2,10,9895,1097,0.0015545999995083548,0.2062934999994468,0.20784809999895515,0.9945305378304466,0.994512218001032,0.9944437179906288,0.9944432283987161,0.9945967288147485,0.9945305378304466,0.9945300678302431,"{""labels"": [""0"", ""1"", ""2"", ""3"", ""4"", ""5"", ""6"", ""7"", ""8"", ""9""], ""matrix"": [[113, 0, 0, 0, 0, 0, 0, 0, 0, 1], [0, 114, 0, 0, 1, 0, 0, 0, 0, 0], [0, 0, 115, 0, 0, 0, 0, 0, 0, 0], [0, 0, 0, 104, 0, 1, 0, 0, 0, 0], [0, 0, 0, 0, 114, 0, 0, 0, 0, 0], [0, 0, 0, 0, 0, 105, 0, 0, 0, 0], [0, 0, 0, 0, 0, 0, 105, 0, 0, 0], [0, 0, 0, 0, 0, 0, 0, 114, 0, 0], [0, 0, 0, 0, 0, 0, 0, 0, 105, 0], [0, 1, 0, 0, 0, 2, 0, 0, 0, 102]]}"
pen-based,cosine,5,borda,RetentionPolicy.DD_RETENTION,3,10,9892,1100,0.0020084999996470287,0.2075360999951954,0.20954459999484243,0.9918181818181818,0.9918778550987039,0.9918350223384549,0.9918316015658133,0.9918505683249081,0.9918181818181818,0.9918096175602277,"{""labels"": [""0"", ""1"", ""2"", ""3"", ""4"", ""5"", ""6"", ""7"", ""8"", ""9""], ""matrix"": [[114, 0, 0, 0, 0, 0, 0, 0, 0, 0], [0, 113, 0, 1, 0, 0, 0, 0, 0, 0], [0, 0, 114, 0, 0, 0, 0, 1, 0, 0], [0, 1, 1, 103, 0, 0, 0, 0, 0, 0], [0, 0, 0, 0, 115, 0, 0, 0, 0, 0], [0, 0, 0, 1, 0, 103, 0, 0, 0, 1], [0, 0, 0, 0, 0, 0, 105, 0, 0, 0], [0, 1, 1, 0, 0, 0, 0, 112, 1, 0], [0, 0, 0, 0, 0, 0, 0, 0, 106, 0], [0, 0, 0, 0, 0, 0, 0, 0, 0, 106]]}"
pen-based,cosine,5,borda,RetentionPolicy.DD_RETENTION,4,10,9894,1098,0.0015863000007811934,0.20238249999965774,0.20396880000043893,0.9954462659380692,0.9955843506818021,0.9953298956990508,0.995432538051278,0.9954935100755634,0.9954462659380692,0.9954452586570361,"{""labels"": [""0"", ""1"", ""2"", ""3"", ""4"", ""5"", ""6"", ""7"", ""8"", ""9""], ""matrix"": [[114, 0, 0, 0, 0, 0, 0, 0, 0, 0], [0, 114, 1, 0, 0, 0, 0, 0, 0, 0], [0, 0, 114, 0, 0, 0, 0, 0, 0, 0], [0, 0, 1, 104, 0, 0, 0, 0, 0, 0], [0, 0, 0, 0, 114, 0, 0, 0, 0, 0], [0, 0, 0, 1, 0, 105, 0, 0, 0, 0], [0, 0, 0, 0, 0, 0, 106, 0, 0, 0], [0, 0, 0, 0, 0, 0, 0, 114, 0, 0], [0, 0, 0, 0, 0, 0, 0, 0, 105, 0], [0, 0, 0, 0, 1, 0, 0, 1, 0, 103]]}"
pen-based,cosine,5,borda,RetentionPolicy.DD_RETENTION,5,10,9894,1098,0.0015156000008573756,0.2004400000005262,0.20195560000138357,0.9954462659380692,0.9955015349468124,0.9953884711779448,0.9954294654868955,0.9954855905380643,0.9954462659380692,0.9954499830851058,"{""labels"": [""0"", ""1"", ""2"", ""3"", ""4"", ""5"", ""6"", ""7"", ""8"", ""9""], ""matrix"": [[114, 0, 0, 0, 0, 0, 0, 0, 0, 0], [0, 114, 0, 0, 0, 0, 0, 0, 0, 0], [0, 0, 114, 0, 0, 0, 0, 0, 0, 0], [0, 1, 0, 104, 0, 0, 0, 0, 0, 0], [0, 0, 0, 0, 113, 0, 0, 0, 0, 1], [0, 0, 0, 1, 0, 104, 0, 0, 0, 0], [0, 0, 0, 0, 0, 0, 108, 0, 0, 0], [0, 0, 1, 0, 0, 0, 0, 113, 0, 0], [0, 0, 0, 0, 0, 0, 0, 0, 105, 0], [0, 1, 0, 0, 0, 0, 0, 0, 0, 104]]}"
pen-based,cosine,5,borda,RetentionPolicy.DD_RETENTION,6,10,9890,1102,0.0015008000045781955,0.20321749999857275,0.20471830000315094,0.9954627949183303,0.9955750700168217,0.99549552716903,0.9954970181791907,0.9955409232203719,0.9954627949183303,0.9954624033882961,"{""labels"": [""0"", ""1"", ""2"", ""3"", ""4"", ""5"", ""6"", ""7"", ""8"", ""9""], ""matrix"": [[114, 0, 0, 0, 0, 0, 0, 0, 0, 0], [0, 112, 3, 0, 0, 0, 0, 0, 0, 0], [0, 0, 114, 0, 0, 0, 0, 0, 0, 0], [0, 0, 0, 108, 0, 0, 0, 0, 0, 0], [0, 0, 0, 0, 114, 0, 0, 0, 0, 0], [0, 0, 0, 1, 0, 105, 0, 0, 0, 0], [0, 0, 0, 0, 0, 1, 104, 0, 0, 0], [0, 0, 0, 0, 0, 0, 0, 114, 0, 0], [0, 0, 0, 0, 0, 0, 0, 0, 105, 0], [0, 0, 0, 0, 0, 0, 0, 0, 0, 107]]}"
pen-based,cosine,5,borda,RetentionPolicy.DD_RETENTION,7,10,9892,1100,0.0015619000041624531,0.21159970000007888,0.21316160000424134,0.9927272727272727,0.9930873963201549,0.9928410649264672,0.9929219655768611,0.9928204888980752,0.9927272727272727,0.992730360873515,"{""labels"": [""0"", ""1"", ""2"", ""3"", ""4"", ""5"", ""6"", ""7"", ""8"", ""9""], ""matrix"": [[112, 0, 0, 0, 2, 0, 0, 0, 0, 0], [0, 111, 3, 0, 0, 0, 0, 0, 0, 0], [0, 1, 113, 0, 0, 0, 0, 0, 0, 0], [0, 0, 0, 107, 0, 0, 0, 0, 0, 0], [0, 0, 0, 0, 114, 0, 0, 0, 0, 0], [0, 0, 0, 0, 0, 106, 0, 0, 0, 0], [0, 0, 0, 0, 0, 0, 105, 0, 0, 0], [0, 0, 0, 0, 0, 0, 0, 115, 0, 0], [0, 0, 0, 0, 0, 0, 0, 1, 105, 0], [0, 0, 0, 0, 0, 0, 0, 1, 0, 104]]}"
pen-based,cosine,5,borda,RetentionPolicy.DD_RETENTION,8,10,9894,1098,0.0017215000043506734,0.21121860000130255,0.21294010000565322,0.9963570127504554,0.9963903901514239,0.9963408521303257,0.9963490060592625,0.9963898871570909,0.9963570127504554,0.9963568989244316,"{""labels"": [""0"", ""1"", ""2"", ""3"", ""4"", ""5"", ""6"", ""7"", ""8"", ""9""], ""matrix"": [[113, 0, 0, 0, 0, 0, 1, 0, 0, 0], [0, 113, 1, 0, 0, 0, 0, 0, 0, 0], [0, 0, 115, 0, 0, 0, 0, 0, 0, 0], [0, 0, 0, 104, 1, 0, 0, 0, 0, 0], [0, 0, 0, 0, 114, 0, 0, 0, 0, 0], [0, 0, 0, 0, 0, 106, 0, 0, 0, 0], [0, 0, 0, 0, 0, 0, 105, 0, 0, 0], [0, 0, 0, 0, 0, 0, 0, 114, 0, 0], [0, 0, 0, 0, 0, 0, 0, 0, 106, 0], [0, 0, 0, 0, 0, 1, 0, 0, 0, 104]]}"
pen-based,cosine,5,borda,RetentionPolicy.DD_RETENTION,9,10,9890,1102,0.0015781000038259663,0.20766049999656389,0.20923860000038985,0.9927404718693285,0.9928028448375519,0.9927901172126379,0.9927535741891148,0.9928126513241332,0.9927404718693285,0.9927325015165368,"{""labels"": [""0"", ""1"", ""2"", ""3"", ""4"", ""5"", ""6"", ""7"", ""8"", ""9""], ""matrix"": [[113, 0, 0, 0, 1, 0, 0, 0, 0, 1], [0, 111, 2, 1, 0, 0, 0, 0, 0, 0], [0, 0, 115, 0, 0, 0, 0, 0, 0, 0], [0, 0, 0, 104, 0, 0, 0, 0, 0, 1], [0, 0, 0, 0, 115, 0, 0, 0, 0, 0], [0, 0, 0, 0, 0, 105, 0, 0, 1, 0], [0, 0, 0, 0, 0, 0, 106, 0, 0, 0], [0, 0, 0, 0, 0, 0, 0, 114, 0, 0], [0, 0, 0, 0, 0, 0, 0, 0, 106, 0], [0, 0, 0, 0, 0, 0, 0, 1, 0, 105]]}"
pen-based,cosine,5,modified_plurality,RetentionPolicy.ALWAYS_RETAIN,0,10,9894,1098,0.0017129999978351407,0.25163460000476334,0.2533476000025985,0.9954462659380692,0.9954468259862057,0.9954140683949415,0.9954095424135195,0.9954874095718355,0.9954462659380692,0.9954461698287979,"{""labels"": [""0"", ""1"", ""2"", ""3"", ""4"", ""5"", ""6"", ""7"", ""8"", ""9""], ""matrix"": [[115, 0, 0, 0, 0, 0, 0, 0, 0, 0], [0, 113, 1, 0, 0, 0, 0, 0, 0, 0], [0, 0, 114, 0, 0, 0, 0, 0, 0, 0], [0, 0, 0, 105, 0, 0, 0, 0, 0, 0], [0, 0, 0, 0, 114, 1, 0, 0, 0, 0], [0, 0, 0, 0, 0, 105, 0, 0, 0, 0], [0, 0, 0, 0, 0, 0, 105, 0, 0, 0], [0, 0, 0, 0, 0, 0, 0, 114, 0, 0], [1, 0, 0, 0, 0, 1, 0, 0, 104, 0], [0, 0, 0, 0, 0, 0, 0, 0, 1, 104]]}"
pen-based,cosine,5,modified_plurality,RetentionPolicy.ALWAYS_RETAIN,1,10,9893,1099,0.0015252999946824275,0.2483621999999741,0.24988749999465654,0.9909008189262967,0.9911800970678775,0.9910929497657186,0.9911079942068877,0.9909963445613263,0.9909008189262967,0.9909200463574326,"{""labels"": [""0"", ""1"", ""2"", ""3"", ""4"", ""5"", ""6"", ""7"", ""8"", ""9""], ""matrix"": [[114, 1, 0, 0, 0, 0, 0, 0, 0, 0], [0, 112, 2, 0, 0, 0, 0, 0, 0, 0], [0, 2, 112, 0, 0, 0, 0, 0, 0, 0], [0, 0, 0, 103, 0, 0, 0, 1, 0, 1], [0, 0, 0, 0, 114, 1, 0, 0, 0, 0], [0, 0, 0, 0, 0, 105, 0, 0, 0, 0], [0, 0, 0, 0, 0, 0, 106, 0, 0, 0], [0, 1, 1, 0, 0, 0, 0, 112, 0, 0], [0, 0, 0, 0, 0, 0, 0, 0, 105, 0], [0, 0, 0, 0, 0, 0, 0, 0, 0, 106]]}"
pen-based,cosine,5,modified_plurality,RetentionPolicy.ALWAYS_RETAIN,2,10,9895,1097,0.0015260000000125729,0.24032569999690168,0.24185169999691425,0.9936189608021878,0.9936219785679719,0.9936417129780974,0.9935891500548392,0.9937440051104925,0.9936189608021878,0.9936402994651194,"{""labels"": [""0"", ""1"", ""2"", ""3"", ""4"", ""5"", ""6"", ""7"", ""8"", ""9""], ""matrix"": [[113, 0, 0, 0, 0, 0, 0, 0, 0, 1], [0, 114, 0, 0, 1, 0, 0, 0, 0, 0], [0, 0, 115, 0, 0, 0, 0, 0, 0, 0], [0, 0, 0, 104, 0, 1, 0, 0, 0, 0], [0, 0, 0, 0, 113, 1, 0, 0, 0, 0], [0, 0, 0, 0, 0, 105, 0, 0, 0, 0], [0, 0, 0, 0, 0, 0, 105, 0, 0, 0], [0, 1, 0, 0, 0, 0, 0, 113, 0, 0], [0, 0, 0, 0, 0, 0, 0, 0, 105, 0], [0, 0, 0, 0, 0, 2, 0, 0, 0, 103]]}"
pen-based,cosine,5,modified_plurality,RetentionPolicy.ALWAYS_RETAIN,3,10,9892,1100,0.001708900002995506,0.24921829999948386,0.25092720000247937,0.99,0.9900522170418785,0.9900806363735427,0.9900450755718211,0.9900263562547224,0.99,0.9899922645930586,"{""labels"": [""0"", ""1"", ""2"", ""3"", ""4"", ""5"", ""6"", ""7"", ""8"", ""9""], ""matrix"": [[114, 0, 0, 0, 0, 0, 0, 0, 0, 0], [0, 111, 0, 2, 0, 0, 0, 1, 0, 0], [0, 0, 114, 0, 0, 0, 0, 1, 0, 0], [0, 1, 1, 103, 0, 0, 0, 0, 0, 0], [0, 0, 0, 0, 115, 0, 0, 0, 0, 0], [0, 0, 0, 1, 0, 103, 0, 0, 0, 1], [0, 0, 0, 0, 0, 0, 105, 0, 0, 0], [0, 1, 1, 0, 0, 0, 0, 112, 1, 0], [0, 0, 0, 0, 0, 0, 0, 0, 106, 0], [0, 0, 0, 0, 0, 0, 0, 0, 0, 106]]}"
pen-based,cosine,5,modified_plurality,RetentionPolicy.ALWAYS_RETAIN,4,10,9894,1098,0.001539600001706276,0.238461399996595,0.24000099999830127,0.9954462659380692,0.9955195043987441,0.9954127114340403,0.9954423570807671,0.9955027744401849,0.9954462659380692,0.9954503225140785,"{""labels"": [""0"", ""1"", ""2"", ""3"", ""4"", ""5"", ""6"", ""7"", ""8"", ""9""], ""matrix"": [[114, 0, 0, 0, 0, 0, 0, 0, 0, 0], [0, 113, 1, 1, 0, 0, 0, 0, 0, 0], [0, 0, 114, 0, 0, 0, 0, 0, 0, 0], [0, 0, 1, 104, 0, 0, 0, 0, 0, 0], [0, 0, 0, 0, 114, 0, 0, 0, 0, 0], [0, 0, 0, 1, 0, 105, 0, 0, 0, 0], [0, 0, 0, 0, 0, 0, 106, 0, 0, 0], [0, 0, 0, 0, 0, 0, 0, 114, 0, 0], [0, 0, 0, 0, 0, 0, 0, 0, 105, 0], [0, 0, 0, 0, 0, 0, 0, 1, 0, 104]]}"
pen-based,cosine,5,modified_plurality,RetentionPolicy.ALWAYS_RETAIN,5,10,9894,1098,0.001523400002042763,0.24061929999879794,0.2421427000008407,0.994535519125683,0.9945621367518755,0.9945112781954887,0.9945195197372213,0.9945854048104897,0.994535519125683,0.9945437129767192,"{""labels"": [""0"", ""1"", ""2"", ""3"", ""4"", ""5"", ""6"", ""7"", ""8"", ""9""], ""matrix"": [[114, 0, 0, 0, 0, 0, 0, 0, 0, 0], [0, 113, 0, 1, 0, 0, 0, 0, 0, 0], [0, 0, 114, 0, 0, 0, 0, 0, 0, 0], [0, 0, 0, 105, 0, 0, 0, 0, 0, 0], [0, 0, 0, 0, 113, 0, 0, 0, 0, 1], [0, 0, 0, 1, 0, 104, 0, 0, 0, 0], [0, 0, 0, 0, 0, 0, 108, 0, 0, 0], [0, 1, 0, 0, 0, 0, 0, 113, 0, 0], [0, 0, 0, 0, 0, 0, 0, 1, 104, 0], [0, 1, 0, 0, 0, 0, 0, 0, 0, 104]]}"
pen-based,cosine,5,modified_plurality,RetentionPolicy.ALWAYS_RETAIN,6,10,9890,1102,0.001704599999357015,0.2575781999985338,0.25928279999789083,0.9945553539019963,0.9946447188069772,0.9946183341865739,0.9945923427038592,0.9946275336181108,0.9945553539019963,0.9945513925535375,"{""labels"": [""0"", ""1"", ""2"", ""3"", ""4"", ""5"", ""6"", ""7"", ""8"", ""9""], ""matrix"": [[114, 0, 0, 0, 0, 0, 0, 0, 0, 0], [0, 112, 2, 1, 0, 0, 0, 0, 0, 0], [0, 0, 114, 0, 0, 0, 0, 0, 0, 0], [0, 0, 0, 108, 0, 0, 0, 0, 0, 0], [0, 0, 0, 0, 113, 0, 0, 1, 0, 0], [0, 0, 0, 1, 0, 105, 0, 0, 0, 0], [0, 0, 0, 0, 0, 1, 104, 0, 0, 0], [0, 0, 0, 0, 0, 0, 0, 114, 0, 0], [0, 0, 0, 0, 0, 0, 0, 0, 105, 0], [0, 0, 0, 0, 0, 0, 0, 0, 0, 107]]}"
pen-based,cosine,5,modified_plurality,RetentionPolicy.ALWAYS_RETAIN,7,10,9892,1100,0.0017293999990215525,0.24695380000048317,0.24868319999950472,0.9927272727272727,0.9930017120250101,0.9928486926915319,0.9928976293326086,0.992790477403651,0.9927272727272727,0.9927307685987471,"{""labels"": [""0"", ""1"", ""2"", ""3"", ""4"", ""5"", ""6"", ""7"", ""8"", ""9""], ""matrix"": [[112, 0, 0, 0, 2, 0, 0, 0, 0, 0], [0, 112, 2, 0, 0, 0, 0, 0, 0, 0], [0, 1, 113, 0, 0, 0, 0, 0, 0, 0], [0, 0, 0, 107, 0, 0, 0, 0, 0, 0], [0, 0, 0, 0, 114, 0, 0, 0, 0, 0], [0, 0, 0, 0, 0, 106, 0, 0, 0, 0], [0, 0, 0, 0, 0, 0, 105, 0, 0, 0], [0, 0, 0, 1, 0, 0, 0, 114, 0, 0], [0, 0, 0, 0, 0, 0, 0, 1, 105, 0], [0, 0, 0, 0, 0, 0, 0, 1, 0, 104]]}"
pen-based,cosine,5,modified_plurality,RetentionPolicy.ALWAYS_RETAIN,8,10,9894,1098,0.0014841999945929274,0.2459355000028154,0.24741969999740832,0.9954462659380692,0.995503023420904,0.9954726438738355,0.9954680044841521,0.9954785482297516,0.9954462659380692,0.9954421485552802,"{""labels"": [""0"", ""1"", ""2"", ""3"", ""4"", ""5"", ""6"", ""7"", ""8"", ""9""], ""matrix"": [[113, 0, 0, 0, 0, 0, 1, 0, 0, 0], [0, 112, 1, 1, 0, 0, 0, 0, 0, 0], [0, 0, 115, 0, 0, 0, 0, 0, 0, 0], [0, 0, 0, 104, 1, 0, 0, 0, 0, 0], [0, 0, 0, 0, 114, 0, 0, 0, 0, 0], [0, 0, 0, 0, 0, 106, 0, 0, 0, 0], [0, 0, 0, 0, 0, 0, 105, 0, 0, 0], [0, 0, 0, 0, 0, 0, 0, 114, 0, 0], [0, 0, 0, 0, 0, 0, 0, 1, 105, 0], [0, 0, 0, 0, 0, 0, 0, 0, 0, 105]]}"
pen-based,cosine,5,modified_plurality,RetentionPolicy.ALWAYS_RETAIN,9,10,9890,1102,0.0018474999960744753,0.2465505000000121,0.24839799999608658,0.9909255898366606,0.9909333062758033,0.9909109525248725,0.9909032243887358,0.9909566732220996,0.9909255898366606,0.9909214884709605,"{""labels"": [""0"", ""1"", ""2"", ""3"", ""4"", ""5"", ""6"", ""7"", ""8"", ""9""], ""matrix"": [[113, 0, 0, 0, 1, 0, 0, 0, 0, 1], [0, 112, 1, 1, 0, 0, 0, 0, 0, 0], [0, 0, 115, 0, 0, 0, 0, 0, 0, 0], [0, 0, 0, 104, 0, 0, 0, 0, 0, 1], [0, 0, 0, 0, 114, 1, 0, 0, 0, 0], [0, 0, 0, 0, 0, 105, 0, 0, 1, 0], [0, 0, 0, 0, 0, 0, 106, 0, 0, 0], [0, 0, 0, 0, 0, 0, 0, 114, 0, 0], [0, 0, 0, 0, 0, 0, 0, 1, 105, 0], [0, 1, 0, 0, 0, 0, 0, 1, 0, 104]]}"
pen-based,cosine,5,modified_plurality,RetentionPolicy.NEVER_RETAIN,0,10,9894,1098,0.0016179999947780743,0.21047550000366755,0.21209349999844562,0.9954462659380692,0.9954468259862057,0.9954140683949415,0.9954095424135195,0.9954874095718355,0.9954462659380692,0.9954461698287979,"{""labels"": [""0"", ""1"", ""2"", ""3"", ""4"", ""5"", ""6"", ""7"", ""8"", ""9""], ""matrix"": [[115, 0, 0, 0, 0, 0, 0, 0, 0, 0], [0, 113, 1, 0, 0, 0, 0, 0, 0, 0], [0, 0, 114, 0, 0, 0, 0, 0, 0, 0], [0, 0, 0, 105, 0, 0, 0, 0, 0, 0], [0, 0, 0, 0, 114, 1, 0, 0, 0, 0], [0, 0, 0, 0, 0, 105, 0, 0, 0, 0], [0, 0, 0, 0, 0, 0, 105, 0, 0, 0], [0, 0, 0, 0, 0, 0, 0, 114, 0, 0], [1, 0, 0, 0, 0, 1, 0, 0, 104, 0], [0, 0, 0, 0, 0, 0, 0, 0, 1, 104]]}"
pen-based,cosine,5,modified_plurality,RetentionPolicy.NEVER_RETAIN,1,10,9893,1099,0.0016457999954582192,0.2137838999988162,0.21542969999427442,0.9899909008189263,0.990310531850486,0.9902157567832625,0.9902346317614729,0.9900943387853246,0.9899909008189263,0.9900141016915791,"{""labels"": [""0"", ""1"", ""2"", ""3"", ""4"", ""5"", ""6"", ""7"", ""8"", ""9""], ""matrix"": [[114, 1, 0, 0, 0, 0, 0, 0, 0, 0], [0, 111, 3, 0, 0, 0, 0, 0, 0, 0], [0, 2, 112, 0, 0, 0, 0, 0, 0, 0], [0, 0, 0, 103, 0, 0, 0, 1, 0, 1], [0, 0, 0, 0, 114, 1, 0, 0, 0, 0], [0, 0, 0, 0, 0, 105, 0, 0, 0, 0], [0, 0, 0, 0, 0, 0, 106, 0, 0, 0], [0, 1, 1, 0, 0, 0, 0, 112, 0, 0], [0, 0, 0, 0, 0, 0, 0, 0, 105, 0], [0, 0, 0, 0, 0, 0, 0, 0, 0, 106]]}"
pen-based,cosine,5,modified_plurality,RetentionPolicy.NEVER_RETAIN,2,10,9895,1097,0.0015332000039052218,0.20665069999813568,0.2081839000020409,0.9927073837739289,0.9927580705294595,0.9926893320257164,0.9926723437490168,0.9928392095664611,0.9927073837739289,0.9927236538596094,"{""labels"": [""0"", ""1"", ""2"", ""3"", ""4"", ""5"", ""6"", ""7"", ""8"", ""9""], ""matrix"": [[113, 0, 0, 0, 0, 0, 0, 0, 0, 1], [0, 114, 0, 0, 1, 0, 0, 0, 0, 0], [0, 0, 115, 0, 0, 0, 0, 0, 0, 0], [0, 0, 0, 104, 0, 1, 0, 0, 0, 0], [0, 0, 0, 0, 113, 1, 0, 0, 0, 0], [0, 0, 0, 0, 0, 105, 0, 0, 0, 0], [0, 0, 0, 0, 0, 0, 105, 0, 0, 0], [0, 1, 0, 0, 0, 0, 0, 113, 0, 0], [0, 0, 0, 0, 0, 0, 0, 0, 105, 0], [0, 1, 0, 0, 0, 2, 0, 0, 0, 102]]}"
pen-based,cosine,5,modified_plurality,RetentionPolicy.NEVER_RETAIN,3,10,9892,1100,0.0015970999957062304,0.20602270000381395,0.20761979999952018,0.99,0.9900522170418785,0.9900806363735427,0.9900450755718211,0.9900263562547224,0.99,0.9899922645930586,"{""labels"": [""0"", ""1"", ""2"", ""3"", ""4"", ""5"", ""6"", ""7"", ""8"", ""9""], ""matrix"": [[114, 0, 0, 0, 0, 0, 0, 0, 0, 0], [0, 111, 0, 2, 0, 0, 0, 1, 0, 0], [0, 0, 114, 0, 0, 0, 0, 1, 0, 0], [0, 1, 1, 103, 0, 0, 0, 0, 0, 0], [0, 0, 0, 0, 115, 0, 0, 0, 0, 0], [0, 0, 0, 1, 0, 103, 0, 0, 0, 1], [0, 0, 0, 0, 0, 0, 105, 0, 0, 0], [0, 1, 1, 0, 0, 0, 0, 112, 1, 0], [0, 0, 0, 0, 0, 0, 0, 0, 106, 0], [0, 0, 0, 0, 0, 0, 0, 0, 0, 106]]}"
pen-based,cosine,5,modified_plurality,RetentionPolicy.NEVER_RETAIN,4,10,9894,1098,0.0015012000003480352,0.21444269999483367,0.2159438999951817,0.9936247723132969,0.9937361435392609,0.9936659532341929,0.9936588368673425,0.993719933200023,0.9936247723132969,0.9936287378452802,"{""labels"": [""0"", ""1"", ""2"", ""3"", ""4"", ""5"", ""6"", ""7"", ""8"", ""9""], ""matrix"": [[114, 0, 0, 0, 0, 0, 0, 0, 0, 0], [0, 112, 2, 1, 0, 0, 0, 0, 0, 0], [0, 0, 114, 0, 0, 0, 0, 0, 0, 0], [0, 0, 1, 104, 0, 0, 0, 0, 0, 0], [0, 0, 0, 0, 113, 1, 0, 0, 0, 0], [0, 0, 0, 1, 0, 105, 0, 0, 0, 0], [0, 0, 0, 0, 0, 0, 106, 0, 0, 0], [0, 0, 0, 0, 0, 0, 0, 114, 0, 0], [0, 0, 0, 0, 0, 0, 0, 0, 105, 0], [0, 0, 0, 0, 0, 0, 0, 1, 0, 104]]}"
pen-based,cosine,5,modified_plurality,RetentionPolicy.NEVER_RETAIN,5,10,9894,1098,0.0016604999982519075,0.2101953000019421,0.211855800000194,0.9954462659380692,0.9954878994039651,0.9953884711779448,0.9954256635370546,0.9954706969641275,0.9954462659380692,0.995446037475689,"{""labels"": [""0"", ""1"", ""2"", ""3"", ""4"", ""5"", ""6"", ""7"", ""8"", ""9""], ""matrix"": [[114, 0, 0, 0, 0, 0, 0, 0, 0, 0], [0, 114, 0, 0, 0, 0, 0, 0, 0, 0], [0, 0, 114, 0, 0, 0, 0, 0, 0, 0], [0, 0, 0, 105, 0, 0, 0, 0, 0, 0], [0, 0, 0, 0, 113, 0, 0, 0, 0, 1], [0, 0, 0, 1, 0, 104, 0, 0, 0, 0], [0, 0, 0, 0, 0, 0, 108, 0, 0, 0], [0, 0, 1, 0, 0, 0, 0, 113, 0, 0], [0, 0, 0, 0, 0, 0, 0, 1, 104, 0], [0, 1, 0, 0, 0, 0, 0, 0, 0, 104]]}"
pen-based,cosine,5,modified_plurality,RetentionPolicy.NEVER_RETAIN,6,10,9890,1102,0.0014890999955241568,0.20738949999940814,0.2088785999949323,0.9945553539019963,0.9946447188069772,0.9946183341865739,0.9945923427038592,0.9946275336181108,0.9945553539019963,0.9945513925535375,"{""labels"": [""0"", ""1"", ""2"", ""3"", ""4"", ""5"", ""6"", ""7"", ""8"", ""9""], ""matrix"": [[114, 0, 0, 0, 0, 0, 0, 0, 0, 0], [0, 112, 2, 1, 0, 0, 0, 0, 0, 0], [0, 0, 114, 0, 0, 0, 0, 0, 0, 0], [0, 0, 0, 108, 0, 0, 0, 0, 0, 0], [0, 0, 0, 0, 113, 0, 0, 1, 0, 0], [0, 0, 0, 1, 0, 105, 0, 0, 0, 0], [0, 0, 0, 0, 0, 1, 104, 0, 0, 0], [0, 0, 0, 0, 0, 0, 0, 114, 0, 0], [0, 0, 0, 0, 0, 0, 0, 0, 105, 0], [0, 0, 0, 0, 0, 0, 0, 0, 0, 107]]}"
pen-based,cosine,5,modified_plurality,RetentionPolicy.NEVER_RETAIN,7,10,9892,1100,0.0016407000002800487,0.21379199999500997,0.21543269999529002,0.9927272727272727,0.9930017120250101,0.9928486926915319,0.9928976293326086,0.992790477403651,0.9927272727272727,0.9927307685987471,"{""labels"": [""0"", ""1"", ""2"", ""3"", ""4"", ""5"", ""6"", ""7"", ""8"", ""9""], ""matrix"": [[112, 0, 0, 0, 2, 0, 0, 0, 0, 0], [0, 112, 2, 0, 0, 0, 0, 0, 0, 0], [0, 1, 113, 0, 0, 0, 0, 0, 0, 0], [0, 0, 0, 107, 0, 0, 0, 0, 0, 0], [0, 0, 0, 0, 114, 0, 0, 0, 0, 0], [0, 0, 0, 0, 0, 106, 0, 0, 0, 0], [0, 0, 0, 0, 0, 0, 105, 0, 0, 0], [0, 0, 0, 1, 0, 0, 0, 114, 0, 0], [0, 0, 0, 0, 0, 0, 0, 1, 105, 0], [0, 0, 0, 0, 0, 0, 0, 1, 0, 104]]}"
pen-based,cosine,5,modified_plurality,RetentionPolicy.NEVER_RETAIN,8,10,9894,1098,0.0018075999978464097,0.2133828000005451,0.2151903999983915,0.9954462659380692,0.995503023420904,0.9954726438738355,0.9954680044841521,0.9954785482297516,0.9954462659380692,0.9954421485552802,"{""labels"": [""0"", ""1"", ""2"", ""3"", ""4"", ""5"", ""6"", ""7"", ""8"", ""9""], ""matrix"": [[113, 0, 0, 0, 0, 0, 1, 0, 0, 0], [0, 112, 1, 1, 0, 0, 0, 0, 0, 0], [0, 0, 115, 0, 0, 0, 0, 0, 0, 0], [0, 0, 0, 104, 1, 0, 0, 0, 0, 0], [0, 0, 0, 0, 114, 0, 0, 0, 0, 0], [0, 0, 0, 0, 0, 106, 0, 0, 0, 0], [0, 0, 0, 0, 0, 0, 105, 0, 0, 0], [0, 0, 0, 0, 0, 0, 0, 114, 0, 0], [0, 0, 0, 0, 0, 0, 0, 1, 105, 0], [0, 0, 0, 0, 0, 0, 0, 0, 0, 105]]}"
pen-based,cosine,5,modified_plurality,RetentionPolicy.NEVER_RETAIN,9,10,9890,1102,0.0014892000035615638,0.21088330000202404,0.2123725000055856,0.9909255898366606,0.9909333062758033,0.9909109525248725,0.9909032243887358,0.9909566732220996,0.9909255898366606,0.9909214884709605,"{""labels"": [""0"", ""1"", ""2"", ""3"", ""4"", ""5"", ""6"", ""7"", ""8"", ""9""], ""matrix"": [[113, 0, 0, 0, 1, 0, 0, 0, 0, 1], [0, 112, 1, 1, 0, 0, 0, 0, 0, 0], [0, 0, 115, 0, 0, 0, 0, 0, 0, 0], [0, 0, 0, 104, 0, 0, 0, 0, 0, 1], [0, 0, 0, 0, 114, 1, 0, 0, 0, 0], [0, 0, 0, 0, 0, 105, 0, 0, 1, 0], [0, 0, 0, 0, 0, 0, 106, 0, 0, 0], [0, 0, 0, 0, 0, 0, 0, 114, 0, 0], [0, 0, 0, 0, 0, 0, 0, 1, 105, 0], [0, 1, 0, 0, 0, 0, 0, 1, 0, 104]]}"
pen-based,cosine,5,modified_plurality,RetentionPolicy.DIFFERENT_CLASS_RETENTION,0,10,9894,1098,0.0015589999966323376,0.21526850000373088,0.21682750000036322,0.9954462659380692,0.9954468259862057,0.9954140683949415,0.9954095424135195,0.9954874095718355,0.9954462659380692,0.9954461698287979,"{""labels"": [""0"", ""1"", ""2"", ""3"", ""4"", ""5"", ""6"", ""7"", ""8"", ""9""], ""matrix"": [[115, 0, 0, 0, 0, 0, 0, 0, 0, 0], [0, 113, 1, 0, 0, 0, 0, 0, 0, 0], [0, 0, 114, 0, 0, 0, 0, 0, 0, 0], [0, 0, 0, 105, 0, 0, 0, 0, 0, 0], [0, 0, 0, 0, 114, 1, 0, 0, 0, 0], [0, 0, 0, 0, 0, 105, 0, 0, 0, 0], [0, 0, 0, 0, 0, 0, 105, 0, 0, 0], [0, 0, 0, 0, 0, 0, 0, 114, 0, 0], [1, 0, 0, 0, 0, 1, 0, 0, 104, 0], [0, 0, 0, 0, 0, 0, 0, 0, 1, 104]]}"
pen-based,cosine,5,modified_plurality,RetentionPolicy.DIFFERENT_CLASS_RETENTION,1,10,9893,1099,0.001709099997242447,0.21244319999823347,0.21415229999547591,0.9899909008189263,0.990310531850486,0.9902157567832625,0.9902346317614729,0.9900943387853246,0.9899909008189263,0.9900141016915791,"{""labels"": [""0"", ""1"", ""2"", ""3"", ""4"", ""5"", ""6"", ""7"", ""8"", ""9""], ""matrix"": [[114, 1, 0, 0, 0, 0, 0, 0, 0, 0], [0, 111, 3, 0, 0, 0, 0, 0, 0, 0], [0, 2, 112, 0, 0, 0, 0, 0, 0, 0], [0, 0, 0, 103, 0, 0, 0, 1, 0, 1], [0, 0, 0, 0, 114, 1, 0, 0, 0, 0], [0, 0, 0, 0, 0, 105, 0, 0, 0, 0], [0, 0, 0, 0, 0, 0, 106, 0, 0, 0], [0, 1, 1, 0, 0, 0, 0, 112, 0, 0], [0, 0, 0, 0, 0, 0, 0, 0, 105, 0], [0, 0, 0, 0, 0, 0, 0, 0, 0, 106]]}"
pen-based,cosine,5,modified_plurality,RetentionPolicy.DIFFERENT_CLASS_RETENTION,2,10,9895,1097,0.0014393999954336323,0.21555480000097305,0.21699419999640668,0.9927073837739289,0.9927580705294595,0.9926893320257164,0.9926723437490168,0.9928392095664611,0.9927073837739289,0.9927236538596094,"{""labels"": [""0"", ""1"", ""2"", ""3"", ""4"", ""5"", ""6"", ""7"", ""8"", ""9""], ""matrix"": [[113, 0, 0, 0, 0, 0, 0, 0, 0, 1], [0, 114, 0, 0, 1, 0, 0, 0, 0, 0], [0, 0, 115, 0, 0, 0, 0, 0, 0, 0], [0, 0, 0, 104, 0, 1, 0, 0, 0, 0], [0, 0, 0, 0, 113, 1, 0, 0, 0, 0], [0, 0, 0, 0, 0, 105, 0, 0, 0, 0], [0, 0, 0, 0, 0, 0, 105, 0, 0, 0], [0, 1, 0, 0, 0, 0, 0, 113, 0, 0], [0, 0, 0, 0, 0, 0, 0, 0, 105, 0], [0, 1, 0, 0, 0, 2, 0, 0, 0, 102]]}"
pen-based,cosine,5,modified_plurality,RetentionPolicy.DIFFERENT_CLASS_RETENTION,3,10,9892,1100,0.0018818000025930814,0.21643029999540886,0.21831209999800194,0.99,0.9900522170418785,0.9900806363735427,0.9900450755718211,0.9900263562547224,0.99,0.9899922645930586,"{""labels"": [""0"", ""1"", ""2"", ""3"", ""4"", ""5"", ""6"", ""7"", ""8"", ""9""], ""matrix"": [[114, 0, 0, 0, 0, 0, 0, 0, 0, 0], [0, 111, 0, 2, 0, 0, 0, 1, 0, 0], [0, 0, 114, 0, 0, 0, 0, 1, 0, 0], [0, 1, 1, 103, 0, 0, 0, 0, 0, 0], [0, 0, 0, 0, 115, 0, 0, 0, 0, 0], [0, 0, 0, 1, 0, 103, 0, 0, 0, 1], [0, 0, 0, 0, 0, 0, 105, 0, 0, 0], [0, 1, 1, 0, 0, 0, 0, 112, 1, 0], [0, 0, 0, 0, 0, 0, 0, 0, 106, 0], [0, 0, 0, 0, 0, 0, 0, 0, 0, 106]]}"
pen-based,cosine,5,modified_plurality,RetentionPolicy.DIFFERENT_CLASS_RETENTION,4,10,9894,1098,0.0014570999992429279,0.2154480999961379,0.21690519999538083,0.9936247723132969,0.9937361435392609,0.9936659532341929,0.9936588368673425,0.993719933200023,0.9936247723132969,0.9936287378452802,"{""labels"": [""0"", ""1"", ""2"", ""3"", ""4"", ""5"", ""6"", ""7"", ""8"", ""9""], ""matrix"": [[114, 0, 0, 0, 0, 0, 0, 0, 0, 0], [0, 112, 2, 1, 0, 0, 0, 0, 0, 0], [0, 0, 114, 0, 0, 0, 0, 0, 0, 0], [0, 0, 1, 104, 0, 0, 0, 0, 0, 0], [0, 0, 0, 0, 113, 1, 0, 0, 0, 0], [0, 0, 0, 1, 0, 105, 0, 0, 0, 0], [0, 0, 0, 0, 0, 0, 106, 0, 0, 0], [0, 0, 0, 0, 0, 0, 0, 114, 0, 0], [0, 0, 0, 0, 0, 0, 0, 0, 105, 0], [0, 0, 0, 0, 0, 0, 0, 1, 0, 104]]}"
pen-based,cosine,5,modified_plurality,RetentionPolicy.DIFFERENT_CLASS_RETENTION,5,10,9894,1098,0.0015124000055948272,0.2117634999958682,0.21327590000146301,0.9954462659380692,0.9954878994039651,0.9953884711779448,0.9954256635370546,0.9954706969641275,0.9954462659380692,0.995446037475689,"{""labels"": [""0"", ""1"", ""2"", ""3"", ""4"", ""5"", ""6"", ""7"", ""8"", ""9""], ""matrix"": [[114, 0, 0, 0, 0, 0, 0, 0, 0, 0], [0, 114, 0, 0, 0, 0, 0, 0, 0, 0], [0, 0, 114, 0, 0, 0, 0, 0, 0, 0], [0, 0, 0, 105, 0, 0, 0, 0, 0, 0], [0, 0, 0, 0, 113, 0, 0, 0, 0, 1], [0, 0, 0, 1, 0, 104, 0, 0, 0, 0], [0, 0, 0, 0, 0, 0, 108, 0, 0, 0], [0, 0, 1, 0, 0, 0, 0, 113, 0, 0], [0, 0, 0, 0, 0, 0, 0, 1, 104, 0], [0, 1, 0, 0, 0, 0, 0, 0, 0, 104]]}"
pen-based,cosine,5,modified_plurality,RetentionPolicy.DIFFERENT_CLASS_RETENTION,6,10,9890,1102,0.0014522999990731478,0.2169928000002983,0.21844509999937145,0.9945553539019963,0.9946447188069772,0.9946183341865739,0.9945923427038592,0.9946275336181108,0.9945553539019963,0.9945513925535375,"{""labels"": [""0"", ""1"", ""2"", ""3"", ""4"", ""5"", ""6"", ""7"", ""8"", ""9""], ""matrix"": [[114, 0, 0, 0, 0, 0, 0, 0, 0, 0], [0, 112, 2, 1, 0, 0, 0, 0, 0, 0], [0, 0, 114, 0, 0, 0, 0, 0, 0, 0], [0, 0, 0, 108, 0, 0, 0, 0, 0, 0], [0, 0, 0, 0, 113, 0, 0, 1, 0, 0], [0, 0, 0, 1, 0, 105, 0, 0, 0, 0], [0, 0, 0, 0, 0, 1, 104, 0, 0, 0], [0, 0, 0, 0, 0, 0, 0, 114, 0, 0], [0, 0, 0, 0, 0, 0, 0, 0, 105, 0], [0, 0, 0, 0, 0, 0, 0, 0, 0, 107]]}"
pen-based,cosine,5,modified_plurality,RetentionPolicy.DIFFERENT_CLASS_RETENTION,7,10,9892,1100,0.001852300003520213,0.21837499999674037,0.22022730000026058,0.9927272727272727,0.9930017120250101,0.9928486926915319,0.9928976293326086,0.992790477403651,0.9927272727272727,0.9927307685987471,"{""labels"": [""0"", ""1"", ""2"", ""3"", ""4"", ""5"", ""6"", ""7"", ""8"", ""9""], ""matrix"": [[112, 0, 0, 0, 2, 0, 0, 0, 0, 0], [0, 112, 2, 0, 0, 0, 0, 0, 0, 0], [0, 1, 113, 0, 0, 0, 0, 0, 0, 0], [0, 0, 0, 107, 0, 0, 0, 0, 0, 0], [0, 0, 0, 0, 114, 0, 0, 0, 0, 0], [0, 0, 0, 0, 0, 106, 0, 0, 0, 0], [0, 0, 0, 0, 0, 0, 105, 0, 0, 0], [0, 0, 0, 1, 0, 0, 0, 114, 0, 0], [0, 0, 0, 0, 0, 0, 0, 1, 105, 0], [0, 0, 0, 0, 0, 0, 0, 1, 0, 104]]}"
pen-based,cosine,5,modified_plurality,RetentionPolicy.DIFFERENT_CLASS_RETENTION,8,10,9894,1098,0.0014723999993293546,0.21486729999742238,0.21633969999675173,0.9954462659380692,0.995503023420904,0.9954726438738355,0.9954680044841521,0.9954785482297516,0.9954462659380692,0.9954421485552802,"{""labels"": [""0"", ""1"", ""2"", ""3"", ""4"", ""5"", ""6"", ""7"", ""8"", ""9""], ""matrix"": [[113, 0, 0, 0, 0, 0, 1, 0, 0, 0], [0, 112, 1, 1, 0, 0, 0, 0, 0, 0], [0, 0, 115, 0, 0, 0, 0, 0, 0, 0], [0, 0, 0, 104, 1, 0, 0, 0, 0, 0], [0, 0, 0, 0, 114, 0, 0, 0, 0, 0], [0, 0, 0, 0, 0, 106, 0, 0, 0, 0], [0, 0, 0, 0, 0, 0, 105, 0, 0, 0], [0, 0, 0, 0, 0, 0, 0, 114, 0, 0], [0, 0, 0, 0, 0, 0, 0, 1, 105, 0], [0, 0, 0, 0, 0, 0, 0, 0, 0, 105]]}"
pen-based,cosine,5,modified_plurality,RetentionPolicy.DIFFERENT_CLASS_RETENTION,9,10,9890,1102,0.0014979999978095293,0.21301769999990938,0.2145156999977189,0.9909255898366606,0.9909333062758033,0.9909109525248725,0.9909032243887358,0.9909566732220996,0.9909255898366606,0.9909214884709605,"{""labels"": [""0"", ""1"", ""2"", ""3"", ""4"", ""5"", ""6"", ""7"", ""8"", ""9""], ""matrix"": [[113, 0, 0, 0, 1, 0, 0, 0, 0, 1], [0, 112, 1, 1, 0, 0, 0, 0, 0, 0], [0, 0, 115, 0, 0, 0, 0, 0, 0, 0], [0, 0, 0, 104, 0, 0, 0, 0, 0, 1], [0, 0, 0, 0, 114, 1, 0, 0, 0, 0], [0, 0, 0, 0, 0, 105, 0, 0, 1, 0], [0, 0, 0, 0, 0, 0, 106, 0, 0, 0], [0, 0, 0, 0, 0, 0, 0, 114, 0, 0], [0, 0, 0, 0, 0, 0, 0, 1, 105, 0], [0, 1, 0, 0, 0, 0, 0, 1, 0, 104]]}"
pen-based,cosine,5,modified_plurality,RetentionPolicy.DD_RETENTION,0,10,9894,1098,0.0015712000022176653,0.2213190999973449,0.22289029999956256,0.9954462659380692,0.9954468259862057,0.9954140683949415,0.9954095424135195,0.9954874095718355,0.9954462659380692,0.9954461698287979,"{""labels"": [""0"", ""1"", ""2"", ""3"", ""4"", ""5"", ""6"", ""7"", ""8"", ""9""], ""matrix"": [[115, 0, 0, 0, 0, 0, 0, 0, 0, 0], [0, 113, 1, 0, 0, 0, 0, 0, 0, 0], [0, 0, 114, 0, 0, 0, 0, 0, 0, 0], [0, 0, 0, 105, 0, 0, 0, 0, 0, 0], [0, 0, 0, 0, 114, 1, 0, 0, 0, 0], [0, 0, 0, 0, 0, 105, 0, 0, 0, 0], [0, 0, 0, 0, 0, 0, 105, 0, 0, 0], [0, 0, 0, 0, 0, 0, 0, 114, 0, 0], [1, 0, 0, 0, 0, 1, 0, 0, 104, 0], [0, 0, 0, 0, 0, 0, 0, 0, 1, 104]]}"
pen-based,cosine,5,modified_plurality,RetentionPolicy.DD_RETENTION,1,10,9893,1099,0.0015336000069510192,0.22538929999427637,0.2269229000012274,0.9899909008189263,0.990310531850486,0.9902157567832625,0.9902346317614729,0.9900943387853246,0.9899909008189263,0.9900141016915791,"{""labels"": [""0"", ""1"", ""2"", ""3"", ""4"", ""5"", ""6"", ""7"", ""8"", ""9""], ""matrix"": [[114, 1, 0, 0, 0, 0, 0, 0, 0, 0], [0, 111, 3, 0, 0, 0, 0, 0, 0, 0], [0, 2, 112, 0, 0, 0, 0, 0, 0, 0], [0, 0, 0, 103, 0, 0, 0, 1, 0, 1], [0, 0, 0, 0, 114, 1, 0, 0, 0, 0], [0, 0, 0, 0, 0, 105, 0, 0, 0, 0], [0, 0, 0, 0, 0, 0, 106, 0, 0, 0], [0, 1, 1, 0, 0, 0, 0, 112, 0, 0], [0, 0, 0, 0, 0, 0, 0, 0, 105, 0], [0, 0, 0, 0, 0, 0, 0, 0, 0, 106]]}"
pen-based,cosine,5,modified_plurality,RetentionPolicy.DD_RETENTION,2,10,9895,1097,0.001467000001866836,0.2174278999955277,0.21889489999739453,0.9927073837739289,0.9927580705294595,0.9926893320257164,0.9926723437490168,0.9928392095664611,0.9927073837739289,0.9927236538596094,"{""labels"": [""0"", ""1"", ""2"", ""3"", ""4"", ""5"", ""6"", ""7"", ""8"", ""9""], ""matrix"": [[113, 0, 0, 0, 0, 0, 0, 0, 0, 1], [0, 114, 0, 0, 1, 0, 0, 0, 0, 0], [0, 0, 115, 0, 0, 0, 0, 0, 0, 0], [0, 0, 0, 104, 0, 1, 0, 0, 0, 0], [0, 0, 0, 0, 113, 1, 0, 0, 0, 0], [0, 0, 0, 0, 0, 105, 0, 0, 0, 0], [0, 0, 0, 0, 0, 0, 105, 0, 0, 0], [0, 1, 0, 0, 0, 0, 0, 113, 0, 0], [0, 0, 0, 0, 0, 0, 0, 0, 105, 0], [0, 1, 0, 0, 0, 2, 0, 0, 0, 102]]}"
pen-based,cosine,5,modified_plurality,RetentionPolicy.DD_RETENTION,3,10,9892,1100,0.0017048000008799136,0.2235618999984581,0.22526669999933802,0.99,0.9900522170418785,0.9900806363735427,0.9900450755718211,0.9900263562547224,0.99,0.9899922645930586,"{""labels"": [""0"", ""1"", ""2"", ""3"", ""4"", ""5"", ""6"", ""7"", ""8"", ""9""], ""matrix"": [[114, 0, 0, 0, 0, 0, 0, 0, 0, 0], [0, 111, 0, 2, 0, 0, 0, 1, 0, 0], [0, 0, 114, 0, 0, 0, 0, 1, 0, 0], [0, 1, 1, 103, 0, 0, 0, 0, 0, 0], [0, 0, 0, 0, 115, 0, 0, 0, 0, 0], [0, 0, 0, 1, 0, 103, 0, 0, 0, 1], [0, 0, 0, 0, 0, 0, 105, 0, 0, 0], [0, 1, 1, 0, 0, 0, 0, 112, 1, 0], [0, 0, 0, 0, 0, 0, 0, 0, 106, 0], [0, 0, 0, 0, 0, 0, 0, 0, 0, 106]]}"
pen-based,cosine,5,modified_plurality,RetentionPolicy.DD_RETENTION,4,10,9894,1098,0.001512199996795971,0.22419990000344114,0.22571210000023711,0.9936247723132969,0.9937361435392609,0.9936659532341929,0.9936588368673425,0.993719933200023,0.9936247723132969,0.9936287378452802,"{""labels"": [""0"", ""1"", ""2"", ""3"", ""4"", ""5"", ""6"", ""7"", ""8"", ""9""], ""matrix"": [[114, 0, 0, 0, 0, 0, 0, 0, 0, 0], [0, 112, 2, 1, 0, 0, 0, 0, 0, 0], [0, 0, 114, 0, 0, 0, 0, 0, 0, 0], [0, 0, 1, 104, 0, 0, 0, 0, 0, 0], [0, 0, 0, 0, 113, 1, 0, 0, 0, 0], [0, 0, 0, 1, 0, 105, 0, 0, 0, 0], [0, 0, 0, 0, 0, 0, 106, 0, 0, 0], [0, 0, 0, 0, 0, 0, 0, 114, 0, 0], [0, 0, 0, 0, 0, 0, 0, 0, 105, 0], [0, 0, 0, 0, 0, 0, 0, 1, 0, 104]]}"
pen-based,cosine,5,modified_plurality,RetentionPolicy.DD_RETENTION,5,10,9894,1098,0.0017793000006349757,0.21157919999677688,0.21335849999741185,0.9954462659380692,0.9954878994039651,0.9953884711779448,0.9954256635370546,0.9954706969641275,0.9954462659380692,0.995446037475689,"{""labels"": [""0"", ""1"", ""2"", ""3"", ""4"", ""5"", ""6"", ""7"", ""8"", ""9""], ""matrix"": [[114, 0, 0, 0, 0, 0, 0, 0, 0, 0], [0, 114, 0, 0, 0, 0, 0, 0, 0, 0], [0, 0, 114, 0, 0, 0, 0, 0, 0, 0], [0, 0, 0, 105, 0, 0, 0, 0, 0, 0], [0, 0, 0, 0, 113, 0, 0, 0, 0, 1], [0, 0, 0, 1, 0, 104, 0, 0, 0, 0], [0, 0, 0, 0, 0, 0, 108, 0, 0, 0], [0, 0, 1, 0, 0, 0, 0, 113, 0, 0], [0, 0, 0, 0, 0, 0, 0, 1, 104, 0], [0, 1, 0, 0, 0, 0, 0, 0, 0, 104]]}"
pen-based,cosine,5,modified_plurality,RetentionPolicy.DD_RETENTION,6,10,9890,1102,0.0014841000011074357,0.21993239999574143,0.22141649999684887,0.9945553539019963,0.9946447188069772,0.9946183341865739,0.9945923427038592,0.9946275336181108,0.9945553539019963,0.9945513925535375,"{""labels"": [""0"", ""1"", ""2"", ""3"", ""4"", ""5"", ""6"", ""7"", ""8"", ""9""], ""matrix"": [[114, 0, 0, 0, 0, 0, 0, 0, 0, 0], [0, 112, 2, 1, 0, 0, 0, 0, 0, 0], [0, 0, 114, 0, 0, 0, 0, 0, 0, 0], [0, 0, 0, 108, 0, 0, 0, 0, 0, 0], [0, 0, 0, 0, 113, 0, 0, 1, 0, 0], [0, 0, 0, 1, 0, 105, 0, 0, 0, 0], [0, 0, 0, 0, 0, 1, 104, 0, 0, 0], [0, 0, 0, 0, 0, 0, 0, 114, 0, 0], [0, 0, 0, 0, 0, 0, 0, 0, 105, 0], [0, 0, 0, 0, 0, 0, 0, 0, 0, 107]]}"
pen-based,cosine,5,modified_plurality,RetentionPolicy.DD_RETENTION,7,10,9892,1100,0.0018850999986170791,0.22314190000179224,0.22502700000040932,0.9927272727272727,0.9930017120250101,0.9928486926915319,0.9928976293326086,0.992790477403651,0.9927272727272727,0.9927307685987471,"{""labels"": [""0"", ""1"", ""2"", ""3"", ""4"", ""5"", ""6"", ""7"", ""8"", ""9""], ""matrix"": [[112, 0, 0, 0, 2, 0, 0, 0, 0, 0], [0, 112, 2, 0, 0, 0, 0, 0, 0, 0], [0, 1, 113, 0, 0, 0, 0, 0, 0, 0], [0, 0, 0, 107, 0, 0, 0, 0, 0, 0], [0, 0, 0, 0, 114, 0, 0, 0, 0, 0], [0, 0, 0, 0, 0, 106, 0, 0, 0, 0], [0, 0, 0, 0, 0, 0, 105, 0, 0, 0], [0, 0, 0, 1, 0, 0, 0, 114, 0, 0], [0, 0, 0, 0, 0, 0, 0, 1, 105, 0], [0, 0, 0, 0, 0, 0, 0, 1, 0, 104]]}"
pen-based,cosine,5,modified_plurality,RetentionPolicy.DD_RETENTION,8,10,9894,1098,0.0017560000051162206,0.21987119999539573,0.22162720000051195,0.9954462659380692,0.995503023420904,0.9954726438738355,0.9954680044841521,0.9954785482297516,0.9954462659380692,0.9954421485552802,"{""labels"": [""0"", ""1"", ""2"", ""3"", ""4"", ""5"", ""6"", ""7"", ""8"", ""9""], ""matrix"": [[113, 0, 0, 0, 0, 0, 1, 0, 0, 0], [0, 112, 1, 1, 0, 0, 0, 0, 0, 0], [0, 0, 115, 0, 0, 0, 0, 0, 0, 0], [0, 0, 0, 104, 1, 0, 0, 0, 0, 0], [0, 0, 0, 0, 114, 0, 0, 0, 0, 0], [0, 0, 0, 0, 0, 106, 0, 0, 0, 0], [0, 0, 0, 0, 0, 0, 105, 0, 0, 0], [0, 0, 0, 0, 0, 0, 0, 114, 0, 0], [0, 0, 0, 0, 0, 0, 0, 1, 105, 0], [0, 0, 0, 0, 0, 0, 0, 0, 0, 105]]}"
pen-based,cosine,5,modified_plurality,RetentionPolicy.DD_RETENTION,9,10,9890,1102,0.0018789000023389235,0.22479439999733586,0.22667329999967478,0.9909255898366606,0.9909333062758033,0.9909109525248725,0.9909032243887358,0.9909566732220996,0.9909255898366606,0.9909214884709605,"{""labels"": [""0"", ""1"", ""2"", ""3"", ""4"", ""5"", ""6"", ""7"", ""8"", ""9""], ""matrix"": [[113, 0, 0, 0, 1, 0, 0, 0, 0, 1], [0, 112, 1, 1, 0, 0, 0, 0, 0, 0], [0, 0, 115, 0, 0, 0, 0, 0, 0, 0], [0, 0, 0, 104, 0, 0, 0, 0, 0, 1], [0, 0, 0, 0, 114, 1, 0, 0, 0, 0], [0, 0, 0, 0, 0, 105, 0, 0, 1, 0], [0, 0, 0, 0, 0, 0, 106, 0, 0, 0], [0, 0, 0, 0, 0, 0, 0, 114, 0, 0], [0, 0, 0, 0, 0, 0, 0, 1, 105, 0], [0, 1, 0, 0, 0, 0, 0, 1, 0, 104]]}"
pen-based,cosine,7,borda,RetentionPolicy.ALWAYS_RETAIN,0,10,9894,1098,0.0017557000028318726,0.2252639999933308,0.22701969999616267,0.9963570127504554,0.9962897729033058,0.9962836336123327,0.996278455383201,0.996364782187974,0.9963570127504554,0.9963526616780509,"{""labels"": [""0"", ""1"", ""2"", ""3"", ""4"", ""5"", ""6"", ""7"", ""8"", ""9""], ""matrix"": [[115, 0, 0, 0, 0, 0, 0, 0, 0, 0], [0, 114, 0, 0, 0, 0, 0, 0, 0, 0], [0, 0, 114, 0, 0, 0, 0, 0, 0, 0], [0, 0, 0, 105, 0, 0, 0, 0, 0, 0], [0, 0, 0, 0, 115, 0, 0, 0, 0, 0], [0, 0, 0, 0, 0, 105, 0, 0, 0, 0], [0, 0, 0, 0, 0, 0, 105, 0, 0, 0], [0, 0, 0, 0, 0, 0, 0, 113, 0, 1], [1, 0, 0, 0, 0, 1, 0, 0, 104, 0], [0, 0, 0, 0, 0, 0, 0, 0, 1, 104]]}"
pen-based,cosine,7,borda,RetentionPolicy.ALWAYS_RETAIN,1,10,9893,1099,0.0015138000017032027,0.22680620000028284,0.22832000000198605,0.991810737033667,0.9920638791984044,0.9919701427481747,0.9919812078431842,0.9919130976357586,0.991810737033667,0.9918258366625992,"{""labels"": [""0"", ""1"", ""2"", ""3"", ""4"", ""5"", ""6"", ""7"", ""8"", ""9""], ""matrix"": [[114, 1, 0, 0, 0, 0, 0, 0, 0, 0], [0, 113, 1, 0, 0, 0, 0, 0, 0, 0], [0, 2, 112, 0, 0, 0, 0, 0, 0, 0], [0, 0, 0, 103, 0, 0, 0, 1, 0, 1], [0, 0, 0, 0, 114, 1, 0, 0, 0, 0], [0, 0, 0, 0, 0, 105, 0, 0, 0, 0], [0, 0, 0, 0, 0, 0, 106, 0, 0, 0], [0, 1, 1, 0, 0, 0, 0, 112, 0, 0], [0, 0, 0, 0, 0, 0, 0, 0, 105, 0], [0, 0, 0, 0, 0, 0, 0, 0, 0, 106]]}"
pen-based,cosine,7,borda,RetentionPolicy.ALWAYS_RETAIN,2,10,9895,1097,0.0018132999975932762,0.22365620000346098,0.22546950000105426,0.9954421148587056,0.9953911185432924,0.9953960989430097,0.9953637826179124,0.9955172412040947,0.9954421148587056,0.9954506424242489,"{""labels"": [""0"", ""1"", ""2"", ""3"", ""4"", ""5"", ""6"", ""7"", ""8"", ""9""], ""matrix"": [[113, 0, 0, 0, 0, 0, 0, 0, 0, 1], [0, 114, 0, 0, 1, 0, 0, 0, 0, 0], [0, 0, 115, 0, 0, 0, 0, 0, 0, 0], [0, 0, 0, 104, 0, 1, 0, 0, 0, 0], [0, 0, 0, 0, 114, 0, 0, 0, 0, 0], [0, 0, 0, 0, 0, 105, 0, 0, 0, 0], [0, 0, 0, 0, 0, 0, 105, 0, 0, 0], [0, 0, 0, 0, 0, 0, 0, 114, 0, 0], [0, 0, 0, 0, 0, 0, 0, 0, 105, 0], [0, 0, 0, 0, 0, 2, 0, 0, 0, 103]]}"
pen-based,cosine,7,borda,RetentionPolicy.ALWAYS_RETAIN,3,10,9892,1100,0.0015779000023030676,0.2260307999968063,0.22760869999910938,0.990909090909091,0.990937172794091,0.9909578293559986,0.9909223529273398,0.9909513961271306,0.990909090909091,0.9909053431264928,"{""labels"": [""0"", ""1"", ""2"", ""3"", ""4"", ""5"", ""6"", ""7"", ""8"", ""9""], ""matrix"": [[114, 0, 0, 0, 0, 0, 0, 0, 0, 0], [0, 112, 0, 2, 0, 0, 0, 0, 0, 0], [0, 0, 114, 0, 0, 0, 0, 1, 0, 0], [0, 1, 1, 103, 0, 0, 0, 0, 0, 0], [0, 0, 0, 0, 115, 0, 0, 0, 0, 0], [0, 0, 0, 1, 0, 103, 0, 0, 0, 1], [0, 0, 0, 0, 0, 0, 105, 0, 0, 0], [0, 1, 1, 0, 0, 0, 0, 112, 1, 0], [0, 0, 0, 0, 0, 0, 0, 0, 106, 0], [0, 0, 0, 0, 0, 0, 0, 0, 0, 106]]}"
pen-based,cosine,7,borda,RetentionPolicy.ALWAYS_RETAIN,4,10,9894,1098,0.001746000001730863,0.2307364999942365,0.23248249999596737,0.9963570127504554,0.9964539158991933,0.9962822766514318,0.9963522888360024,0.9963963373504504,0.9963570127504554,0.9963605953000271,"{""labels"": [""0"", ""1"", ""2"", ""3"", ""4"", ""5"", ""6"", ""7"", ""8"", ""9""], ""matrix"": [[114, 0, 0, 0, 0, 0, 0, 0, 0, 0], [0, 114, 1, 0, 0, 0, 0, 0, 0, 0], [0, 0, 114, 0, 0, 0, 0, 0, 0, 0], [0, 0, 1, 104, 0, 0, 0, 0, 0, 0], [0, 0, 0, 0, 114, 0, 0, 0, 0, 0], [0, 0, 0, 1, 0, 105, 0, 0, 0, 0], [0, 0, 0, 0, 0, 0, 106, 0, 0, 0], [0, 0, 0, 0, 0, 0, 0, 114, 0, 0], [0, 0, 0, 0, 0, 0, 0, 0, 105, 0], [0, 0, 0, 0, 0, 0, 0, 1, 0, 104]]}"
pen-based,cosine,7,borda,RetentionPolicy.ALWAYS_RETAIN,5,10,9894,1098,0.0017415999973309226,0.2234429000018281,0.22518449999915902,0.994535519125683,0.9945545089868109,0.9945112781954887,0.99451568920018,0.9945774852729911,0.994535519125683,0.9945397359164032,"{""labels"": [""0"", ""1"", ""2"", ""3"", ""4"", ""5"", ""6"", ""7"", ""8"", ""9""], ""matrix"": [[114, 0, 0, 0, 0, 0, 0, 0, 0, 0], [0, 113, 0, 1, 0, 0, 0, 0, 0, 0], [0, 0, 114, 0, 0, 0, 0, 0, 0, 0], [0, 0, 0, 105, 0, 0, 0, 0, 0, 0], [0, 0, 0, 0, 113, 0, 0, 0, 0, 1], [0, 0, 0, 1, 0, 104, 0, 0, 0, 0], [0, 0, 0, 0, 0, 0, 108, 0, 0, 0], [0, 0, 1, 0, 0, 0, 0, 113, 0, 0], [0, 0, 0, 0, 0, 0, 0, 1, 104, 0], [0, 1, 0, 0, 0, 0, 0, 0, 0, 104]]}"
pen-based,cosine,7,borda,RetentionPolicy.ALWAYS_RETAIN,6,10,9890,1102,0.0014723000058438629,0.23009539999475237,0.23156770000059623,0.9954627949183303,0.9955454694324984,0.9954878994039653,0.9954933373240598,0.9955103019262443,0.9954627949183303,0.9954626282107613,"{""labels"": [""0"", ""1"", ""2"", ""3"", ""4"", ""5"", ""6"", ""7"", ""8"", ""9""], ""matrix"": [[114, 0, 0, 0, 0, 0, 0, 0, 0, 0], [0, 113, 2, 0, 0, 0, 0, 0, 0, 0], [0, 0, 114, 0, 0, 0, 0, 0, 0, 0], [0, 0, 0, 108, 0, 0, 0, 0, 0, 0], [0, 0, 0, 0, 113, 0, 0, 1, 0, 0], [0, 0, 0, 1, 0, 105, 0, 0, 0, 0], [0, 0, 0, 0, 0, 1, 104, 0, 0, 0], [0, 0, 0, 0, 0, 0, 0, 114, 0, 0], [0, 0, 0, 0, 0, 0, 0, 0, 105, 0], [0, 0, 0, 0, 0, 0, 0, 0, 0, 107]]}"
pen-based,cosine,7,borda,RetentionPolicy.ALWAYS_RETAIN,7,10,9892,1100,0.001652800005103927,0.22558089999802178,0.2272337000031257,0.9927272727272727,0.9930017120250101,0.9928486926915319,0.9928976293326086,0.992790477403651,0.9927272727272727,0.9927307685987471,"{""labels"": [""0"", ""1"", ""2"", ""3"", ""4"", ""5"", ""6"", ""7"", ""8"", ""9""], ""matrix"": [[112, 0, 0, 0, 2, 0, 0, 0, 0, 0], [0, 112, 2, 0, 0, 0, 0, 0, 0, 0], [0, 1, 113, 0, 0, 0, 0, 0, 0, 0], [0, 0, 0, 107, 0, 0, 0, 0, 0, 0], [0, 0, 0, 0, 114, 0, 0, 0, 0, 0], [0, 0, 0, 0, 0, 106, 0, 0, 0, 0], [0, 0, 0, 0, 0, 0, 105, 0, 0, 0], [0, 0, 0, 1, 0, 0, 0, 114, 0, 0], [0, 0, 0, 0, 0, 0, 0, 1, 105, 0], [0, 0, 0, 0, 0, 0, 0, 1, 0, 104]]}"
pen-based,cosine,7,borda,RetentionPolicy.ALWAYS_RETAIN,8,10,9894,1098,0.0014603000017814338,0.22488280000106897,0.2263431000028504,0.9954462659380692,0.9955208249340327,0.9953974559039107,0.995438391187266,0.9954870598822037,0.9954462659380692,0.9954459824744019,"{""labels"": [""0"", ""1"", ""2"", ""3"", ""4"", ""5"", ""6"", ""7"", ""8"", ""9""], ""matrix"": [[113, 0, 0, 0, 0, 0, 1, 0, 0, 0], [0, 113, 1, 0, 0, 0, 0, 0, 0, 0], [0, 0, 115, 0, 0, 0, 0, 0, 0, 0], [0, 0, 0, 104, 1, 0, 0, 0, 0, 0], [0, 0, 0, 0, 114, 0, 0, 0, 0, 0], [0, 0, 0, 0, 0, 106, 0, 0, 0, 0], [0, 0, 0, 0, 0, 0, 105, 0, 0, 0], [0, 0, 0, 0, 0, 0, 0, 114, 0, 0], [0, 0, 0, 0, 0, 0, 0, 1, 105, 0], [0, 0, 0, 0, 0, 1, 0, 0, 0, 104]]}"
pen-based,cosine,7,borda,RetentionPolicy.ALWAYS_RETAIN,9,10,9890,1102,0.0014676999999210238,0.22713220000150613,0.22859990000142716,0.9927404718693285,0.9927779712934676,0.992723913968679,0.992719894559564,0.9927958892307837,0.9927404718693285,0.9927362803255447,"{""labels"": [""0"", ""1"", ""2"", ""3"", ""4"", ""5"", ""6"", ""7"", ""8"", ""9""], ""matrix"": [[113, 0, 0, 0, 1, 0, 0, 0, 0, 1], [0, 112, 1, 1, 0, 0, 0, 0, 0, 0], [0, 0, 115, 0, 0, 0, 0, 0, 0, 0], [0, 0, 0, 104, 0, 0, 0, 0, 0, 1], [0, 0, 0, 0, 115, 0, 0, 0, 0, 0], [0, 0, 0, 0, 0, 105, 0, 0, 1, 0], [0, 0, 0, 0, 0, 0, 106, 0, 0, 0], [0, 0, 0, 0, 0, 0, 0, 114, 0, 0], [0, 0, 0, 0, 0, 0, 0, 0, 106, 0], [0, 0, 0, 0, 0, 0, 0, 2, 0, 104]]}"
pen-based,cosine,7,borda,RetentionPolicy.NEVER_RETAIN,0,10,9894,1098,0.0015007000038167462,0.19451310000295052,0.19601380000676727,0.9954462659380692,0.995364010251216,0.9954140683949415,0.9953723115833675,0.9954794900343363,0.9954462659380692,0.9954463601187651,"{""labels"": [""0"", ""1"", ""2"", ""3"", ""4"", ""5"", ""6"", ""7"", ""8"", ""9""], ""matrix"": [[115, 0, 0, 0, 0, 0, 0, 0, 0, 0], [0, 114, 0, 0, 0, 0, 0, 0, 0, 0], [0, 0, 114, 0, 0, 0, 0, 0, 0, 0], [0, 0, 0, 105, 0, 0, 0, 0, 0, 0], [0, 0, 0, 0, 114, 1, 0, 0, 0, 0], [0, 0, 0, 0, 0, 105, 0, 0, 0, 0], [0, 0, 0, 0, 0, 0, 105, 0, 0, 0], [0, 0, 0, 0, 0, 0, 0, 113, 0, 1], [1, 0, 0, 0, 0, 1, 0, 0, 104, 0], [0, 0, 0, 0, 0, 0, 0, 0, 1, 104]]}"
pen-based,cosine,7,borda,RetentionPolicy.NEVER_RETAIN,1,10,9893,1099,0.0014825999969616532,0.1914191000032588,0.19290170000022044,0.9909008189262967,0.9911800970678775,0.9910929497657186,0.9911079942068877,0.9909963445613263,0.9909008189262967,0.9909200463574326,"{""labels"": [""0"", ""1"", ""2"", ""3"", ""4"", ""5"", ""6"", ""7"", ""8"", ""9""], ""matrix"": [[114, 1, 0, 0, 0, 0, 0, 0, 0, 0], [0, 112, 2, 0, 0, 0, 0, 0, 0, 0], [0, 2, 112, 0, 0, 0, 0, 0, 0, 0], [0, 0, 0, 103, 0, 0, 0, 1, 0, 1], [0, 0, 0, 0, 114, 1, 0, 0, 0, 0], [0, 0, 0, 0, 0, 105, 0, 0, 0, 0], [0, 0, 0, 0, 0, 0, 106, 0, 0, 0], [0, 1, 1, 0, 0, 0, 0, 112, 0, 0], [0, 0, 0, 0, 0, 0, 0, 0, 105, 0], [0, 0, 0, 0, 0, 0, 0, 0, 0, 106]]}"
pen-based,cosine,7,borda,RetentionPolicy.NEVER_RETAIN,2,10,9895,1097,0.0018135999998776242,0.19358129999454832,0.19539489999442594,0.9954421148587056,0.9953911185432924,0.9953960989430097,0.9953637826179124,0.9955172412040947,0.9954421148587056,0.9954506424242489,"{""labels"": [""0"", ""1"", ""2"", ""3"", ""4"", ""5"", ""6"", ""7"", ""8"", ""9""], ""matrix"": [[113, 0, 0, 0, 0, 0, 0, 0, 0, 1], [0, 114, 0, 0, 1, 0, 0, 0, 0, 0], [0, 0, 115, 0, 0, 0, 0, 0, 0, 0], [0, 0, 0, 104, 0, 1, 0, 0, 0, 0], [0, 0, 0, 0, 114, 0, 0, 0, 0, 0], [0, 0, 0, 0, 0, 105, 0, 0, 0, 0], [0, 0, 0, 0, 0, 0, 105, 0, 0, 0], [0, 0, 0, 0, 0, 0, 0, 114, 0, 0], [0, 0, 0, 0, 0, 0, 0, 0, 105, 0], [0, 0, 0, 0, 0, 2, 0, 0, 0, 103]]}"
pen-based,cosine,7,borda,RetentionPolicy.NEVER_RETAIN,3,10,9892,1100,0.001636199995118659,0.1923289000042132,0.19396509999933187,0.990909090909091,0.990937172794091,0.9909578293559986,0.9909223529273398,0.9909513961271306,0.990909090909091,0.9909053431264928,"{""labels"": [""0"", ""1"", ""2"", ""3"", ""4"", ""5"", ""6"", ""7"", ""8"", ""9""], ""matrix"": [[114, 0, 0, 0, 0, 0, 0, 0, 0, 0], [0, 112, 0, 2, 0, 0, 0, 0, 0, 0], [0, 0, 114, 0, 0, 0, 0, 1, 0, 0], [0, 1, 1, 103, 0, 0, 0, 0, 0, 0], [0, 0, 0, 0, 115, 0, 0, 0, 0, 0], [0, 0, 0, 1, 0, 103, 0, 0, 0, 1], [0, 0, 0, 0, 0, 0, 105, 0, 0, 0], [0, 1, 1, 0, 0, 0, 0, 112, 1, 0], [0, 0, 0, 0, 0, 0, 0, 0, 106, 0], [0, 0, 0, 0, 0, 0, 0, 0, 0, 106]]}"
pen-based,cosine,7,borda,RetentionPolicy.NEVER_RETAIN,4,10,9894,1098,0.001472199997806456,0.19575990000157617,0.19723209999938263,0.9954462659380692,0.9956139512661253,0.9954127114340403,0.9954826409949435,0.9955242429226748,0.9954462659380692,0.9954536702941943,"{""labels"": [""0"", ""1"", ""2"", ""3"", ""4"", ""5"", ""6"", ""7"", ""8"", ""9""], ""matrix"": [[114, 0, 0, 0, 0, 0, 0, 0, 0, 0], [0, 113, 2, 0, 0, 0, 0, 0, 0, 0], [0, 0, 114, 0, 0, 0, 0, 0, 0, 0], [0, 0, 1, 104, 0, 0, 0, 0, 0, 0], [0, 0, 0, 0, 114, 0, 0, 0, 0, 0], [0, 0, 0, 1, 0, 105, 0, 0, 0, 0], [0, 0, 0, 0, 0, 0, 106, 0, 0, 0], [0, 0, 0, 0, 0, 0, 0, 114, 0, 0], [0, 0, 0, 0, 0, 0, 0, 0, 105, 0], [0, 0, 0, 0, 0, 0, 0, 1, 0, 104]]}"
pen-based,cosine,7,borda,RetentionPolicy.NEVER_RETAIN,5,10,9894,1098,0.0014744000000064261,0.1926485000003595,0.19412290000036592,0.9954462659380692,0.9954878994039651,0.9953884711779448,0.9954256635370546,0.9954706969641275,0.9954462659380692,0.995446037475689,"{""labels"": [""0"", ""1"", ""2"", ""3"", ""4"", ""5"", ""6"", ""7"", ""8"", ""9""], ""matrix"": [[114, 0, 0, 0, 0, 0, 0, 0, 0, 0], [0, 114, 0, 0, 0, 0, 0, 0, 0, 0], [0, 0, 114, 0, 0, 0, 0, 0, 0, 0], [0, 0, 0, 105, 0, 0, 0, 0, 0, 0], [0, 0, 0, 0, 113, 0, 0, 0, 0, 1], [0, 0, 0, 1, 0, 104, 0, 0, 0, 0], [0, 0, 0, 0, 0, 0, 108, 0, 0, 0], [0, 0, 1, 0, 0, 0, 0, 113, 0, 0], [0, 0, 0, 0, 0, 0, 0, 1, 104, 0], [0, 1, 0, 0, 0, 0, 0, 0, 0, 104]]}"
pen-based,cosine,7,borda,RetentionPolicy.NEVER_RETAIN,6,10,9890,1102,0.0015676000039093196,0.19530759999906877,0.1968752000029781,0.9954627949183303,0.9955454694324984,0.9954878994039653,0.9954933373240598,0.9955103019262443,0.9954627949183303,0.9954626282107613,"{""labels"": [""0"", ""1"", ""2"", ""3"", ""4"", ""5"", ""6"", ""7"", ""8"", ""9""], ""matrix"": [[114, 0, 0, 0, 0, 0, 0, 0, 0, 0], [0, 113, 2, 0, 0, 0, 0, 0, 0, 0], [0, 0, 114, 0, 0, 0, 0, 0, 0, 0], [0, 0, 0, 108, 0, 0, 0, 0, 0, 0], [0, 0, 0, 0, 113, 0, 0, 1, 0, 0], [0, 0, 0, 1, 0, 105, 0, 0, 0, 0], [0, 0, 0, 0, 0, 1, 104, 0, 0, 0], [0, 0, 0, 0, 0, 0, 0, 114, 0, 0], [0, 0, 0, 0, 0, 0, 0, 0, 105, 0], [0, 0, 0, 0, 0, 0, 0, 0, 0, 107]]}"
pen-based,cosine,7,borda,RetentionPolicy.NEVER_RETAIN,7,10,9892,1100,0.0015512000027229078,0.19532489999983227,0.19687610000255518,0.9927272727272727,0.9930017120250101,0.9928486926915319,0.9928976293326086,0.992790477403651,0.9927272727272727,0.9927307685987471,"{""labels"": [""0"", ""1"", ""2"", ""3"", ""4"", ""5"", ""6"", ""7"", ""8"", ""9""], ""matrix"": [[112, 0, 0, 0, 2, 0, 0, 0, 0, 0], [0, 112, 2, 0, 0, 0, 0, 0, 0, 0], [0, 1, 113, 0, 0, 0, 0, 0, 0, 0], [0, 0, 0, 107, 0, 0, 0, 0, 0, 0], [0, 0, 0, 0, 114, 0, 0, 0, 0, 0], [0, 0, 0, 0, 0, 106, 0, 0, 0, 0], [0, 0, 0, 0, 0, 0, 105, 0, 0, 0], [0, 0, 0, 1, 0, 0, 0, 114, 0, 0], [0, 0, 0, 0, 0, 0, 0, 1, 105, 0], [0, 0, 0, 0, 0, 0, 0, 1, 0, 104]]}"
pen-based,cosine,7,borda,RetentionPolicy.NEVER_RETAIN,8,10,9894,1098,0.0017396000039298087,0.1949797999986913,0.19671940000262111,0.9954462659380692,0.9955208249340327,0.9953974559039107,0.995438391187266,0.9954870598822037,0.9954462659380692,0.9954459824744019,"{""labels"": [""0"", ""1"", ""2"", ""3"", ""4"", ""5"", ""6"", ""7"", ""8"", ""9""], ""matrix"": [[113, 0, 0, 0, 0, 0, 1, 0, 0, 0], [0, 113, 1, 0, 0, 0, 0, 0, 0, 0], [0, 0, 115, 0, 0, 0, 0, 0, 0, 0], [0, 0, 0, 104, 1, 0, 0, 0, 0, 0], [0, 0, 0, 0, 114, 0, 0, 0, 0, 0], [0, 0, 0, 0, 0, 106, 0, 0, 0, 0], [0, 0, 0, 0, 0, 0, 105, 0, 0, 0], [0, 0, 0, 0, 0, 0, 0, 114, 0, 0], [0, 0, 0, 0, 0, 0, 0, 1, 105, 0], [0, 0, 0, 0, 0, 1, 0, 0, 0, 104]]}"
pen-based,cosine,7,borda,RetentionPolicy.NEVER_RETAIN,9,10,9890,1102,0.0014392000011866912,0.19943639999837615,0.20087559999956284,0.9936479128856625,0.9936501775814364,0.9936673101950941,0.9936311203028525,0.9936968914833594,0.9936479128856625,0.9936442022923874,"{""labels"": [""0"", ""1"", ""2"", ""3"", ""4"", ""5"", ""6"", ""7"", ""8"", ""9""], ""matrix"": [[113, 0, 0, 0, 1, 0, 0, 0, 0, 1], [0, 112, 1, 1, 0, 0, 0, 0, 0, 0], [0, 0, 115, 0, 0, 0, 0, 0, 0, 0], [0, 0, 0, 104, 0, 0, 0, 0, 0, 1], [0, 0, 0, 0, 115, 0, 0, 0, 0, 0], [0, 0, 0, 0, 0, 105, 0, 0, 1, 0], [0, 0, 0, 0, 0, 0, 106, 0, 0, 0], [0, 0, 0, 0, 0, 0, 0, 114, 0, 0], [0, 0, 0, 0, 0, 0, 0, 0, 106, 0], [0, 0, 0, 0, 0, 0, 0, 1, 0, 105]]}"
pen-based,cosine,7,borda,RetentionPolicy.DIFFERENT_CLASS_RETENTION,0,10,9894,1098,0.0018736000056378543,0.1969671999977436,0.19884080000338145,0.9954462659380692,0.995364010251216,0.9954140683949415,0.9953723115833675,0.9954794900343363,0.9954462659380692,0.9954463601187651,"{""labels"": [""0"", ""1"", ""2"", ""3"", ""4"", ""5"", ""6"", ""7"", ""8"", ""9""], ""matrix"": [[115, 0, 0, 0, 0, 0, 0, 0, 0, 0], [0, 114, 0, 0, 0, 0, 0, 0, 0, 0], [0, 0, 114, 0, 0, 0, 0, 0, 0, 0], [0, 0, 0, 105, 0, 0, 0, 0, 0, 0], [0, 0, 0, 0, 114, 1, 0, 0, 0, 0], [0, 0, 0, 0, 0, 105, 0, 0, 0, 0], [0, 0, 0, 0, 0, 0, 105, 0, 0, 0], [0, 0, 0, 0, 0, 0, 0, 113, 0, 1], [1, 0, 0, 0, 0, 1, 0, 0, 104, 0], [0, 0, 0, 0, 0, 0, 0, 0, 1, 104]]}"
pen-based,cosine,7,borda,RetentionPolicy.DIFFERENT_CLASS_RETENTION,1,10,9893,1099,0.0022194000048330054,0.19727099999727216,0.19949040000210516,0.9909008189262967,0.9911800970678775,0.9910929497657186,0.9911079942068877,0.9909963445613263,0.9909008189262967,0.9909200463574326,"{""labels"": [""0"", ""1"", ""2"", ""3"", ""4"", ""5"", ""6"", ""7"", ""8"", ""9""], ""matrix"": [[114, 1, 0, 0, 0, 0, 0, 0, 0, 0], [0, 112, 2, 0, 0, 0, 0, 0, 0, 0], [0, 2, 112, 0, 0, 0, 0, 0, 0, 0], [0, 0, 0, 103, 0, 0, 0, 1, 0, 1], [0, 0, 0, 0, 114, 1, 0, 0, 0, 0], [0, 0, 0, 0, 0, 105, 0, 0, 0, 0], [0, 0, 0, 0, 0, 0, 106, 0, 0, 0], [0, 1, 1, 0, 0, 0, 0, 112, 0, 0], [0, 0, 0, 0, 0, 0, 0, 0, 105, 0], [0, 0, 0, 0, 0, 0, 0, 0, 0, 106]]}"
pen-based,cosine,7,borda,RetentionPolicy.DIFFERENT_CLASS_RETENTION,2,10,9895,1097,0.0014930000033928081,0.19824199999857228,0.1997350000019651,0.9954421148587056,0.9953911185432924,0.9953960989430097,0.9953637826179124,0.9955172412040947,0.9954421148587056,0.9954506424242489,"{""labels"": [""0"", ""1"", ""2"", ""3"", ""4"", ""5"", ""6"", ""7"", ""8"", ""9""], ""matrix"": [[113, 0, 0, 0, 0, 0, 0, 0, 0, 1], [0, 114, 0, 0, 1, 0, 0, 0, 0, 0], [0, 0, 115, 0, 0, 0, 0, 0, 0, 0], [0, 0, 0, 104, 0, 1, 0, 0, 0, 0], [0, 0, 0, 0, 114, 0, 0, 0, 0, 0], [0, 0, 0, 0, 0, 105, 0, 0, 0, 0], [0, 0, 0, 0, 0, 0, 105, 0, 0, 0], [0, 0, 0, 0, 0, 0, 0, 114, 0, 0], [0, 0, 0, 0, 0, 0, 0, 0, 105, 0], [0, 0, 0, 0, 0, 2, 0, 0, 0, 103]]}"
pen-based,cosine,7,borda,RetentionPolicy.DIFFERENT_CLASS_RETENTION,3,10,9892,1100,0.001634200001717545,0.19630060000054073,0.19793480000225827,0.990909090909091,0.990937172794091,0.9909578293559986,0.9909223529273398,0.9909513961271306,0.990909090909091,0.9909053431264928,"{""labels"": [""0"", ""1"", ""2"", ""3"", ""4"", ""5"", ""6"", ""7"", ""8"", ""9""], ""matrix"": [[114, 0, 0, 0, 0, 0, 0, 0, 0, 0], [0, 112, 0, 2, 0, 0, 0, 0, 0, 0], [0, 0, 114, 0, 0, 0, 0, 1, 0, 0], [0, 1, 1, 103, 0, 0, 0, 0, 0, 0], [0, 0, 0, 0, 115, 0, 0, 0, 0, 0], [0, 0, 0, 1, 0, 103, 0, 0, 0, 1], [0, 0, 0, 0, 0, 0, 105, 0, 0, 0], [0, 1, 1, 0, 0, 0, 0, 112, 1, 0], [0, 0, 0, 0, 0, 0, 0, 0, 106, 0], [0, 0, 0, 0, 0, 0, 0, 0, 0, 106]]}"
pen-based,cosine,7,borda,RetentionPolicy.DIFFERENT_CLASS_RETENTION,4,10,9894,1098,0.001443900000595022,0.19357129999843892,0.19501519999903394,0.9954462659380692,0.9956139512661253,0.9954127114340403,0.9954826409949435,0.9955242429226748,0.9954462659380692,0.9954536702941943,"{""labels"": [""0"", ""1"", ""2"", ""3"", ""4"", ""5"", ""6"", ""7"", ""8"", ""9""], ""matrix"": [[114, 0, 0, 0, 0, 0, 0, 0, 0, 0], [0, 113, 2, 0, 0, 0, 0, 0, 0, 0], [0, 0, 114, 0, 0, 0, 0, 0, 0, 0], [0, 0, 1, 104, 0, 0, 0, 0, 0, 0], [0, 0, 0, 0, 114, 0, 0, 0, 0, 0], [0, 0, 0, 1, 0, 105, 0, 0, 0, 0], [0, 0, 0, 0, 0, 0, 106, 0, 0, 0], [0, 0, 0, 0, 0, 0, 0, 114, 0, 0], [0, 0, 0, 0, 0, 0, 0, 0, 105, 0], [0, 0, 0, 0, 0, 0, 0, 1, 0, 104]]}"
pen-based,cosine,7,borda,RetentionPolicy.DIFFERENT_CLASS_RETENTION,5,10,9894,1098,0.0015055000039865263,0.1964908999943873,0.19799639999837382,0.9954462659380692,0.9954878994039651,0.9953884711779448,0.9954256635370546,0.9954706969641275,0.9954462659380692,0.995446037475689,"{""labels"": [""0"", ""1"", ""2"", ""3"", ""4"", ""5"", ""6"", ""7"", ""8"", ""9""], ""matrix"": [[114, 0, 0, 0, 0, 0, 0, 0, 0, 0], [0, 114, 0, 0, 0, 0, 0, 0, 0, 0], [0, 0, 114, 0, 0, 0, 0, 0, 0, 0], [0, 0, 0, 105, 0, 0, 0, 0, 0, 0], [0, 0, 0, 0, 113, 0, 0, 0, 0, 1], [0, 0, 0, 1, 0, 104, 0, 0, 0, 0], [0, 0, 0, 0, 0, 0, 108, 0, 0, 0], [0, 0, 1, 0, 0, 0, 0, 113, 0, 0], [0, 0, 0, 0, 0, 0, 0, 1, 104, 0], [0, 1, 0, 0, 0, 0, 0, 0, 0, 104]]}"
pen-based,cosine,7,borda,RetentionPolicy.DIFFERENT_CLASS_RETENTION,6,10,9890,1102,0.001450699994165916,0.1978570999999647,0.19930779999413062,0.9954627949183303,0.9955454694324984,0.9954878994039653,0.9954933373240598,0.9955103019262443,0.9954627949183303,0.9954626282107613,"{""labels"": [""0"", ""1"", ""2"", ""3"", ""4"", ""5"", ""6"", ""7"", ""8"", ""9""], ""matrix"": [[114, 0, 0, 0, 0, 0, 0, 0, 0, 0], [0, 113, 2, 0, 0, 0, 0, 0, 0, 0], [0, 0, 114, 0, 0, 0, 0, 0, 0, 0], [0, 0, 0, 108, 0, 0, 0, 0, 0, 0], [0, 0, 0, 0, 113, 0, 0, 1, 0, 0], [0, 0, 0, 1, 0, 105, 0, 0, 0, 0], [0, 0, 0, 0, 0, 1, 104, 0, 0, 0], [0, 0, 0, 0, 0, 0, 0, 114, 0, 0], [0, 0, 0, 0, 0, 0, 0, 0, 105, 0], [0, 0, 0, 0, 0, 0, 0, 0, 0, 107]]}"
pen-based,cosine,7,borda,RetentionPolicy.DIFFERENT_CLASS_RETENTION,7,10,9892,1100,0.0014643999966210686,0.19703840000147466,0.19850279999809572,0.9927272727272727,0.9930017120250101,0.9928486926915319,0.9928976293326086,0.992790477403651,0.9927272727272727,0.9927307685987471,"{""labels"": [""0"", ""1"", ""2"", ""3"", ""4"", ""5"", ""6"", ""7"", ""8"", ""9""], ""matrix"": [[112, 0, 0, 0, 2, 0, 0, 0, 0, 0], [0, 112, 2, 0, 0, 0, 0, 0, 0, 0], [0, 1, 113, 0, 0, 0, 0, 0, 0, 0], [0, 0, 0, 107, 0, 0, 0, 0, 0, 0], [0, 0, 0, 0, 114, 0, 0, 0, 0, 0], [0, 0, 0, 0, 0, 106, 0, 0, 0, 0], [0, 0, 0, 0, 0, 0, 105, 0, 0, 0], [0, 0, 0, 1, 0, 0, 0, 114, 0, 0], [0, 0, 0, 0, 0, 0, 0, 1, 105, 0], [0, 0, 0, 0, 0, 0, 0, 1, 0, 104]]}"
pen-based,cosine,7,borda,RetentionPolicy.DIFFERENT_CLASS_RETENTION,8,10,9894,1098,0.0016095000028144568,0.19702159999724245,0.1986311000000569,0.9954462659380692,0.9955208249340327,0.9953974559039107,0.995438391187266,0.9954870598822037,0.9954462659380692,0.9954459824744019,"{""labels"": [""0"", ""1"", ""2"", ""3"", ""4"", ""5"", ""6"", ""7"", ""8"", ""9""], ""matrix"": [[113, 0, 0, 0, 0, 0, 1, 0, 0, 0], [0, 113, 1, 0, 0, 0, 0, 0, 0, 0], [0, 0, 115, 0, 0, 0, 0, 0, 0, 0], [0, 0, 0, 104, 1, 0, 0, 0, 0, 0], [0, 0, 0, 0, 114, 0, 0, 0, 0, 0], [0, 0, 0, 0, 0, 106, 0, 0, 0, 0], [0, 0, 0, 0, 0, 0, 105, 0, 0, 0], [0, 0, 0, 0, 0, 0, 0, 114, 0, 0], [0, 0, 0, 0, 0, 0, 0, 1, 105, 0], [0, 0, 0, 0, 0, 1, 0, 0, 0, 104]]}"
pen-based,cosine,7,borda,RetentionPolicy.DIFFERENT_CLASS_RETENTION,9,10,9890,1102,0.0015184000003500842,0.19625620000442723,0.1977746000047773,0.9936479128856625,0.9936501775814364,0.9936673101950941,0.9936311203028525,0.9936968914833594,0.9936479128856625,0.9936442022923874,"{""labels"": [""0"", ""1"", ""2"", ""3"", ""4"", ""5"", ""6"", ""7"", ""8"", ""9""], ""matrix"": [[113, 0, 0, 0, 1, 0, 0, 0, 0, 1], [0, 112, 1, 1, 0, 0, 0, 0, 0, 0], [0, 0, 115, 0, 0, 0, 0, 0, 0, 0], [0, 0, 0, 104, 0, 0, 0, 0, 0, 1], [0, 0, 0, 0, 115, 0, 0, 0, 0, 0], [0, 0, 0, 0, 0, 105, 0, 0, 1, 0], [0, 0, 0, 0, 0, 0, 106, 0, 0, 0], [0, 0, 0, 0, 0, 0, 0, 114, 0, 0], [0, 0, 0, 0, 0, 0, 0, 0, 106, 0], [0, 0, 0, 0, 0, 0, 0, 1, 0, 105]]}"
pen-based,cosine,7,borda,RetentionPolicy.DD_RETENTION,0,10,9894,1098,0.001556800001708325,0.20144969999819295,0.20300649999990128,0.9954462659380692,0.995364010251216,0.9954140683949415,0.9953723115833675,0.9954794900343363,0.9954462659380692,0.9954463601187651,"{""labels"": [""0"", ""1"", ""2"", ""3"", ""4"", ""5"", ""6"", ""7"", ""8"", ""9""], ""matrix"": [[115, 0, 0, 0, 0, 0, 0, 0, 0, 0], [0, 114, 0, 0, 0, 0, 0, 0, 0, 0], [0, 0, 114, 0, 0, 0, 0, 0, 0, 0], [0, 0, 0, 105, 0, 0, 0, 0, 0, 0], [0, 0, 0, 0, 114, 1, 0, 0, 0, 0], [0, 0, 0, 0, 0, 105, 0, 0, 0, 0], [0, 0, 0, 0, 0, 0, 105, 0, 0, 0], [0, 0, 0, 0, 0, 0, 0, 113, 0, 1], [1, 0, 0, 0, 0, 1, 0, 0, 104, 0], [0, 0, 0, 0, 0, 0, 0, 0, 1, 104]]}"
pen-based,cosine,7,borda,RetentionPolicy.DD_RETENTION,1,10,9893,1099,0.0016772000017226674,0.20439379999879748,0.20607100000052014,0.991810737033667,0.9920638791984044,0.9919701427481747,0.9919812078431842,0.9919130976357586,0.991810737033667,0.9918258366625992,"{""labels"": [""0"", ""1"", ""2"", ""3"", ""4"", ""5"", ""6"", ""7"", ""8"", ""9""], ""matrix"": [[114, 1, 0, 0, 0, 0, 0, 0, 0, 0], [0, 113, 1, 0, 0, 0, 0, 0, 0, 0], [0, 2, 112, 0, 0, 0, 0, 0, 0, 0], [0, 0, 0, 103, 0, 0, 0, 1, 0, 1], [0, 0, 0, 0, 114, 1, 0, 0, 0, 0], [0, 0, 0, 0, 0, 105, 0, 0, 0, 0], [0, 0, 0, 0, 0, 0, 106, 0, 0, 0], [0, 1, 1, 0, 0, 0, 0, 112, 0, 0], [0, 0, 0, 0, 0, 0, 0, 0, 105, 0], [0, 0, 0, 0, 0, 0, 0, 0, 0, 106]]}"
pen-based,cosine,7,borda,RetentionPolicy.DD_RETENTION,2,10,9895,1097,0.0015175999942584895,0.20074710000335472,0.2022646999976132,0.9954421148587056,0.9953911185432924,0.9953960989430097,0.9953637826179124,0.9955172412040947,0.9954421148587056,0.9954506424242489,"{""labels"": [""0"", ""1"", ""2"", ""3"", ""4"", ""5"", ""6"", ""7"", ""8"", ""9""], ""matrix"": [[113, 0, 0, 0, 0, 0, 0, 0, 0, 1], [0, 114, 0, 0, 1, 0, 0, 0, 0, 0], [0, 0, 115, 0, 0, 0, 0, 0, 0, 0], [0, 0, 0, 104, 0, 1, 0, 0, 0, 0], [0, 0, 0, 0, 114, 0, 0, 0, 0, 0], [0, 0, 0, 0, 0, 105, 0, 0, 0, 0], [0, 0, 0, 0, 0, 0, 105, 0, 0, 0], [0, 0, 0, 0, 0, 0, 0, 114, 0, 0], [0, 0, 0, 0, 0, 0, 0, 0, 105, 0], [0, 0, 0, 0, 0, 2, 0, 0, 0, 103]]}"
pen-based,cosine,7,borda,RetentionPolicy.DD_RETENTION,3,10,9892,1100,0.0015368000022135675,0.20722029999888036,0.20875710000109393,0.990909090909091,0.990937172794091,0.9909578293559986,0.9909223529273398,0.9909513961271306,0.990909090909091,0.9909053431264928,"{""labels"": [""0"", ""1"", ""2"", ""3"", ""4"", ""5"", ""6"", ""7"", ""8"", ""9""], ""matrix"": [[114, 0, 0, 0, 0, 0, 0, 0, 0, 0], [0, 112, 0, 2, 0, 0, 0, 0, 0, 0], [0, 0, 114, 0, 0, 0, 0, 1, 0, 0], [0, 1, 1, 103, 0, 0, 0, 0, 0, 0], [0, 0, 0, 0, 115, 0, 0, 0, 0, 0], [0, 0, 0, 1, 0, 103, 0, 0, 0, 1], [0, 0, 0, 0, 0, 0, 105, 0, 0, 0], [0, 1, 1, 0, 0, 0, 0, 112, 1, 0], [0, 0, 0, 0, 0, 0, 0, 0, 106, 0], [0, 0, 0, 0, 0, 0, 0, 0, 0, 106]]}"
pen-based,cosine,7,borda,RetentionPolicy.DD_RETENTION,4,10,9894,1098,0.001634200001717545,0.20336130000214325,0.2049955000038608,0.9963570127504554,0.9964539158991933,0.9962822766514318,0.9963522888360024,0.9963963373504504,0.9963570127504554,0.9963605953000271,"{""labels"": [""0"", ""1"", ""2"", ""3"", ""4"", ""5"", ""6"", ""7"", ""8"", ""9""], ""matrix"": [[114, 0, 0, 0, 0, 0, 0, 0, 0, 0], [0, 114, 1, 0, 0, 0, 0, 0, 0, 0], [0, 0, 114, 0, 0, 0, 0, 0, 0, 0], [0, 0, 1, 104, 0, 0, 0, 0, 0, 0], [0, 0, 0, 0, 114, 0, 0, 0, 0, 0], [0, 0, 0, 1, 0, 105, 0, 0, 0, 0], [0, 0, 0, 0, 0, 0, 106, 0, 0, 0], [0, 0, 0, 0, 0, 0, 0, 114, 0, 0], [0, 0, 0, 0, 0, 0, 0, 0, 105, 0], [0, 0, 0, 0, 0, 0, 0, 1, 0, 104]]}"
pen-based,cosine,7,borda,RetentionPolicy.DD_RETENTION,5,10,9894,1098,0.0016286999962176196,0.20409490000020014,0.20572359999641776,0.994535519125683,0.9945545089868109,0.9945112781954887,0.99451568920018,0.9945774852729911,0.994535519125683,0.9945397359164032,"{""labels"": [""0"", ""1"", ""2"", ""3"", ""4"", ""5"", ""6"", ""7"", ""8"", ""9""], ""matrix"": [[114, 0, 0, 0, 0, 0, 0, 0, 0, 0], [0, 113, 0, 1, 0, 0, 0, 0, 0, 0], [0, 0, 114, 0, 0, 0, 0, 0, 0, 0], [0, 0, 0, 105, 0, 0, 0, 0, 0, 0], [0, 0, 0, 0, 113, 0, 0, 0, 0, 1], [0, 0, 0, 1, 0, 104, 0, 0, 0, 0], [0, 0, 0, 0, 0, 0, 108, 0, 0, 0], [0, 0, 1, 0, 0, 0, 0, 113, 0, 0], [0, 0, 0, 0, 0, 0, 0, 1, 104, 0], [0, 1, 0, 0, 0, 0, 0, 0, 0, 104]]}"
pen-based,cosine,7,borda,RetentionPolicy.DD_RETENTION,6,10,9890,1102,0.0014907000004313886,0.20189039999968372,0.2033811000001151,0.9954627949183303,0.9955454694324984,0.9954878994039653,0.9954933373240598,0.9955103019262443,0.9954627949183303,0.9954626282107613,"{""labels"": [""0"", ""1"", ""2"", ""3"", ""4"", ""5"", ""6"", ""7"", ""8"", ""9""], ""matrix"": [[114, 0, 0, 0, 0, 0, 0, 0, 0, 0], [0, 113, 2, 0, 0, 0, 0, 0, 0, 0], [0, 0, 114, 0, 0, 0, 0, 0, 0, 0], [0, 0, 0, 108, 0, 0, 0, 0, 0, 0], [0, 0, 0, 0, 113, 0, 0, 1, 0, 0], [0, 0, 0, 1, 0, 105, 0, 0, 0, 0], [0, 0, 0, 0, 0, 1, 104, 0, 0, 0], [0, 0, 0, 0, 0, 0, 0, 114, 0, 0], [0, 0, 0, 0, 0, 0, 0, 0, 105, 0], [0, 0, 0, 0, 0, 0, 0, 0, 0, 107]]}"
pen-based,cosine,7,borda,RetentionPolicy.DD_RETENTION,7,10,9892,1100,0.0016141000014613383,0.20242480000160867,0.20403890000307,0.9927272727272727,0.9930017120250101,0.9928486926915319,0.9928976293326086,0.992790477403651,0.9927272727272727,0.9927307685987471,"{""labels"": [""0"", ""1"", ""2"", ""3"", ""4"", ""5"", ""6"", ""7"", ""8"", ""9""], ""matrix"": [[112, 0, 0, 0, 2, 0, 0, 0, 0, 0], [0, 112, 2, 0, 0, 0, 0, 0, 0, 0], [0, 1, 113, 0, 0, 0, 0, 0, 0, 0], [0, 0, 0, 107, 0, 0, 0, 0, 0, 0], [0, 0, 0, 0, 114, 0, 0, 0, 0, 0], [0, 0, 0, 0, 0, 106, 0, 0, 0, 0], [0, 0, 0, 0, 0, 0, 105, 0, 0, 0], [0, 0, 0, 1, 0, 0, 0, 114, 0, 0], [0, 0, 0, 0, 0, 0, 0, 1, 105, 0], [0, 0, 0, 0, 0, 0, 0, 1, 0, 104]]}"
pen-based,cosine,7,borda,RetentionPolicy.DD_RETENTION,8,10,9894,1098,0.0014496999938273802,0.19959030000609346,0.20103999999992084,0.9954462659380692,0.9955208249340327,0.9953974559039107,0.995438391187266,0.9954870598822037,0.9954462659380692,0.9954459824744019,"{""labels"": [""0"", ""1"", ""2"", ""3"", ""4"", ""5"", ""6"", ""7"", ""8"", ""9""], ""matrix"": [[113, 0, 0, 0, 0, 0, 1, 0, 0, 0], [0, 113, 1, 0, 0, 0, 0, 0, 0, 0], [0, 0, 115, 0, 0, 0, 0, 0, 0, 0], [0, 0, 0, 104, 1, 0, 0, 0, 0, 0], [0, 0, 0, 0, 114, 0, 0, 0, 0, 0], [0, 0, 0, 0, 0, 106, 0, 0, 0, 0], [0, 0, 0, 0, 0, 0, 105, 0, 0, 0], [0, 0, 0, 0, 0, 0, 0, 114, 0, 0], [0, 0, 0, 0, 0, 0, 0, 1, 105, 0], [0, 0, 0, 0, 0, 1, 0, 0, 0, 104]]}"
pen-based,cosine,7,borda,RetentionPolicy.DD_RETENTION,9,10,9890,1102,0.0016531000001123175,0.20484640000358922,0.20649950000370154,0.9936479128856625,0.9936501775814364,0.9936673101950941,0.9936311203028525,0.9936968914833594,0.9936479128856625,0.9936442022923874,"{""labels"": [""0"", ""1"", ""2"", ""3"", ""4"", ""5"", ""6"", ""7"", ""8"", ""9""], ""matrix"": [[113, 0, 0, 0, 1, 0, 0, 0, 0, 1], [0, 112, 1, 1, 0, 0, 0, 0, 0, 0], [0, 0, 115, 0, 0, 0, 0, 0, 0, 0], [0, 0, 0, 104, 0, 0, 0, 0, 0, 1], [0, 0, 0, 0, 115, 0, 0, 0, 0, 0], [0, 0, 0, 0, 0, 105, 0, 0, 1, 0], [0, 0, 0, 0, 0, 0, 106, 0, 0, 0], [0, 0, 0, 0, 0, 0, 0, 114, 0, 0], [0, 0, 0, 0, 0, 0, 0, 0, 106, 0], [0, 0, 0, 0, 0, 0, 0, 1, 0, 105]]}"
pen-based,cosine,7,modified_plurality,RetentionPolicy.ALWAYS_RETAIN,0,10,9894,1098,0.0015538000006927177,0.24609720000444213,0.24765100000513485,0.994535519125683,0.9945681032596572,0.9944706721685262,0.9944899002339176,0.9945757417143374,0.994535519125683,0.9945265384916442,"{""labels"": [""0"", ""1"", ""2"", ""3"", ""4"", ""5"", ""6"", ""7"", ""8"", ""9""], ""matrix"": [[115, 0, 0, 0, 0, 0, 0, 0, 0, 0], [0, 113, 1, 0, 0, 0, 0, 0, 0, 0], [0, 0, 114, 0, 0, 0, 0, 0, 0, 0], [0, 0, 0, 105, 0, 0, 0, 0, 0, 0], [0, 0, 0, 0, 114, 1, 0, 0, 0, 0], [0, 0, 0, 0, 0, 105, 0, 0, 0, 0], [0, 0, 0, 0, 0, 0, 105, 0, 0, 0], [0, 0, 0, 0, 0, 0, 0, 114, 0, 0], [1, 0, 0, 0, 0, 1, 0, 1, 103, 0], [0, 0, 0, 0, 0, 0, 0, 0, 1, 104]]}"
pen-based,cosine,7,modified_plurality,RetentionPolicy.ALWAYS_RETAIN,1,10,9893,1099,0.0015101999961188994,0.23920170000201324,0.24071189999813214,0.9909008189262967,0.9911800970678775,0.9910929497657186,0.9911079942068877,0.9909963445613263,0.9909008189262967,0.9909200463574326,"{""labels"": [""0"", ""1"", ""2"", ""3"", ""4"", ""5"", ""6"", ""7"", ""8"", ""9""], ""matrix"": [[114, 1, 0, 0, 0, 0, 0, 0, 0, 0], [0, 112, 2, 0, 0, 0, 0, 0, 0, 0], [0, 2, 112, 0, 0, 0, 0, 0, 0, 0], [0, 0, 0, 103, 0, 0, 0, 1, 0, 1], [0, 0, 0, 0, 114, 1, 0, 0, 0, 0], [0, 0, 0, 0, 0, 105, 0, 0, 0, 0], [0, 0, 0, 0, 0, 0, 106, 0, 0, 0], [0, 1, 1, 0, 0, 0, 0, 112, 0, 0], [0, 0, 0, 0, 0, 0, 0, 0, 105, 0], [0, 0, 0, 0, 0, 0, 0, 0, 0, 106]]}"
pen-based,cosine,7,modified_plurality,RetentionPolicy.ALWAYS_RETAIN,2,10,9895,1097,0.0014680999956908636,0.24033130000316305,0.24179939999885391,0.99179580674567,0.9918750888549337,0.9918197668083252,0.9918006379235914,0.9919207131869104,0.99179580674567,0.9918129745631122,"{""labels"": [""0"", ""1"", ""2"", ""3"", ""4"", ""5"", ""6"", ""7"", ""8"", ""9""], ""matrix"": [[113, 0, 0, 0, 0, 0, 0, 0, 0, 1], [0, 113, 1, 0, 1, 0, 0, 0, 0, 0], [0, 0, 115, 0, 0, 0, 0, 0, 0, 0], [0, 0, 0, 104, 0, 1, 0, 0, 0, 0], [0, 0, 0, 0, 113, 1, 0, 0, 0, 0], [0, 0, 0, 0, 0, 105, 0, 0, 0, 0], [0, 0, 0, 0, 0, 0, 105, 0, 0, 0], [0, 1, 0, 0, 0, 0, 0, 113, 0, 0], [0, 0, 0, 0, 0, 0, 0, 1, 104, 0], [0, 0, 0, 0, 0, 2, 0, 0, 0, 103]]}"
pen-based,cosine,7,modified_plurality,RetentionPolicy.ALWAYS_RETAIN,3,10,9892,1100,0.0015129000021261163,0.2474547000019811,0.24896760000410723,0.990909090909091,0.9909012619799507,0.9908763705819101,0.990880619140676,0.9909256625149483,0.990909090909091,0.9909092287257946,"{""labels"": [""0"", ""1"", ""2"", ""3"", ""4"", ""5"", ""6"", ""7"", ""8"", ""9""], ""matrix"": [[114, 0, 0, 0, 0, 0, 0, 0, 0, 0], [0, 111, 0, 2, 0, 0, 0, 1, 0, 0], [0, 0, 114, 0, 0, 0, 0, 1, 0, 0], [0, 1, 1, 103, 0, 0, 0, 0, 0, 0], [0, 0, 0, 0, 115, 0, 0, 0, 0, 0], [0, 0, 0, 1, 0, 103, 0, 0, 0, 1], [0, 0, 0, 0, 0, 0, 105, 0, 0, 0], [0, 1, 0, 0, 0, 0, 0, 114, 0, 0], [0, 0, 0, 0, 0, 0, 0, 0, 106, 0], [0, 0, 0, 0, 0, 1, 0, 0, 0, 105]]}"
pen-based,cosine,7,modified_plurality,RetentionPolicy.ALWAYS_RETAIN,4,10,9894,1098,0.0016256999952020124,0.2413118000040413,0.2429374999992433,0.9927140255009107,0.9928102129483681,0.9927225570077779,0.9927154406409272,0.9928343986210639,0.9927140255009107,0.9927222259282034,"{""labels"": [""0"", ""1"", ""2"", ""3"", ""4"", ""5"", ""6"", ""7"", ""8"", ""9""], ""matrix"": [[114, 0, 0, 0, 0, 0, 0, 0, 0, 0], [0, 112, 2, 1, 0, 0, 0, 0, 0, 0], [0, 0, 114, 0, 0, 0, 0, 0, 0, 0], [0, 0, 1, 104, 0, 0, 0, 0, 0, 0], [0, 0, 0, 0, 113, 1, 0, 0, 0, 0], [0, 0, 0, 2, 0, 104, 0, 0, 0, 0], [0, 0, 0, 0, 0, 0, 106, 0, 0, 0], [0, 0, 0, 0, 0, 0, 0, 114, 0, 0], [0, 0, 0, 0, 0, 0, 0, 0, 105, 0], [0, 0, 0, 0, 0, 0, 0, 1, 0, 104]]}"
pen-based,cosine,7,modified_plurality,RetentionPolicy.ALWAYS_RETAIN,5,10,9894,1098,0.001732500000798609,0.24242100000265054,0.24415350000344915,0.994535519125683,0.994633326690322,0.9945112781954887,0.9945483524245196,0.9945834356767383,0.994535519125683,0.9945351680145871,"{""labels"": [""0"", ""1"", ""2"", ""3"", ""4"", ""5"", ""6"", ""7"", ""8"", ""9""], ""matrix"": [[114, 0, 0, 0, 0, 0, 0, 0, 0, 0], [0, 114, 0, 0, 0, 0, 0, 0, 0, 0], [0, 0, 114, 0, 0, 0, 0, 0, 0, 0], [0, 0, 0, 105, 0, 0, 0, 0, 0, 0], [0, 0, 0, 0, 112, 0, 0, 1, 0, 1], [0, 0, 0, 1, 0, 104, 0, 0, 0, 0], [0, 0, 0, 0, 0, 0, 108, 0, 0, 0], [0, 0, 1, 0, 0, 0, 0, 113, 0, 0], [0, 1, 0, 0, 0, 0, 0, 0, 104, 0], [0, 1, 0, 0, 0, 0, 0, 0, 0, 104]]}"
pen-based,cosine,7,modified_plurality,RetentionPolicy.ALWAYS_RETAIN,6,10,9890,1102,0.0015220999994198792,0.24209150000388036,0.24361360000330023,0.9945553539019963,0.9946447188069772,0.9946183341865739,0.9945923427038592,0.9946275336181108,0.9945553539019963,0.9945513925535375,"{""labels"": [""0"", ""1"", ""2"", ""3"", ""4"", ""5"", ""6"", ""7"", ""8"", ""9""], ""matrix"": [[114, 0, 0, 0, 0, 0, 0, 0, 0, 0], [0, 112, 2, 1, 0, 0, 0, 0, 0, 0], [0, 0, 114, 0, 0, 0, 0, 0, 0, 0], [0, 0, 0, 108, 0, 0, 0, 0, 0, 0], [0, 0, 0, 0, 113, 0, 0, 1, 0, 0], [0, 0, 0, 1, 0, 105, 0, 0, 0, 0], [0, 0, 0, 0, 0, 1, 104, 0, 0, 0], [0, 0, 0, 0, 0, 0, 0, 114, 0, 0], [0, 0, 0, 0, 0, 0, 0, 0, 105, 0], [0, 0, 0, 0, 0, 0, 0, 0, 0, 107]]}"
pen-based,cosine,7,modified_plurality,RetentionPolicy.ALWAYS_RETAIN,7,10,9892,1100,0.0015186999953584746,0.24631090000184486,0.24782959999720333,0.9936363636363637,0.9939016602809707,0.9937258856739881,0.993774737934211,0.9937231510507373,0.9936363636363637,0.9936397720585896,"{""labels"": [""0"", ""1"", ""2"", ""3"", ""4"", ""5"", ""6"", ""7"", ""8"", ""9""], ""matrix"": [[112, 0, 0, 0, 2, 0, 0, 0, 0, 0], [0, 112, 2, 0, 0, 0, 0, 0, 0, 0], [0, 0, 114, 0, 0, 0, 0, 0, 0, 0], [0, 0, 0, 107, 0, 0, 0, 0, 0, 0], [0, 0, 0, 0, 114, 0, 0, 0, 0, 0], [0, 0, 0, 0, 0, 106, 0, 0, 0, 0], [0, 0, 0, 0, 0, 0, 105, 0, 0, 0], [0, 0, 0, 1, 0, 0, 0, 114, 0, 0], [0, 0, 0, 0, 0, 0, 0, 1, 105, 0], [0, 0, 0, 0, 0, 0, 0, 1, 0, 104]]}"
pen-based,cosine,7,modified_plurality,RetentionPolicy.ALWAYS_RETAIN,8,10,9894,1098,0.0016309999991790392,0.2444861000039964,0.24611710000317544,0.9927140255009107,0.9927889710903444,0.9927658769565422,0.9927331828098245,0.9927956051435127,0.9927140255009107,0.9927100281976882,"{""labels"": [""0"", ""1"", ""2"", ""3"", ""4"", ""5"", ""6"", ""7"", ""8"", ""9""], ""matrix"": [[113, 0, 0, 0, 0, 0, 1, 0, 0, 0], [0, 111, 1, 1, 0, 0, 0, 1, 0, 0], [0, 0, 115, 0, 0, 0, 0, 0, 0, 0], [0, 0, 0, 104, 1, 0, 0, 0, 0, 0], [0, 0, 0, 0, 113, 1, 0, 0, 0, 0], [0, 0, 0, 0, 0, 106, 0, 0, 0, 0], [0, 0, 0, 0, 0, 0, 105, 0, 0, 0], [0, 0, 0, 0, 0, 0, 0, 114, 0, 0], [0, 0, 0, 0, 0, 0, 0, 1, 105, 0], [0, 0, 0, 0, 0, 1, 0, 0, 0, 104]]}"
pen-based,cosine,7,modified_plurality,RetentionPolicy.ALWAYS_RETAIN,9,10,9890,1102,0.001724300003843382,0.24743270000180928,0.24915700000565266,0.9918330308529946,0.9918270788151785,0.9918543487512876,0.9918137671979471,0.9918806254470676,0.9918330308529946,0.9918290254853287,"{""labels"": [""0"", ""1"", ""2"", ""3"", ""4"", ""5"", ""6"", ""7"", ""8"", ""9""], ""matrix"": [[113, 0, 0, 0, 1, 0, 0, 0, 0, 1], [0, 112, 1, 1, 0, 0, 0, 0, 0, 0], [0, 0, 115, 0, 0, 0, 0, 0, 0, 0], [0, 0, 0, 104, 0, 0, 0, 0, 0, 1], [0, 0, 0, 0, 114, 1, 0, 0, 0, 0], [0, 0, 0, 0, 0, 105, 0, 0, 1, 0], [0, 0, 0, 0, 0, 0, 106, 0, 0, 0], [0, 0, 0, 0, 0, 0, 0, 114, 0, 0], [0, 0, 0, 0, 0, 0, 0, 0, 106, 0], [0, 0, 0, 0, 0, 0, 0, 2, 0, 104]]}"
pen-based,cosine,7,modified_plurality,RetentionPolicy.NEVER_RETAIN,0,10,9894,1098,0.0017842000015662052,0.21096509999915725,0.21274930000072345,0.9936247723132969,0.993683282512136,0.9935934791860701,0.9936127241260738,0.9936570753644522,0.9936247723132969,0.9936158091993476,"{""labels"": [""0"", ""1"", ""2"", ""3"", ""4"", ""5"", ""6"", ""7"", ""8"", ""9""], ""matrix"": [[115, 0, 0, 0, 0, 0, 0, 0, 0, 0], [0, 113, 1, 0, 0, 0, 0, 0, 0, 0], [0, 1, 113, 0, 0, 0, 0, 0, 0, 0], [0, 0, 0, 105, 0, 0, 0, 0, 0, 0], [0, 0, 0, 0, 114, 1, 0, 0, 0, 0], [0, 0, 0, 0, 0, 105, 0, 0, 0, 0], [0, 0, 0, 0, 0, 0, 105, 0, 0, 0], [0, 0, 0, 0, 0, 0, 0, 114, 0, 0], [1, 0, 0, 0, 0, 1, 0, 1, 103, 0], [0, 0, 0, 0, 0, 0, 0, 0, 1, 104]]}"
pen-based,cosine,7,modified_plurality,RetentionPolicy.NEVER_RETAIN,1,10,9893,1099,0.0015817999956198037,0.21487450000131503,0.21645629999693483,0.9909008189262967,0.9911800970678775,0.9910929497657186,0.9911079942068877,0.9909963445613263,0.9909008189262967,0.9909200463574326,"{""labels"": [""0"", ""1"", ""2"", ""3"", ""4"", ""5"", ""6"", ""7"", ""8"", ""9""], ""matrix"": [[114, 1, 0, 0, 0, 0, 0, 0, 0, 0], [0, 112, 2, 0, 0, 0, 0, 0, 0, 0], [0, 2, 112, 0, 0, 0, 0, 0, 0, 0], [0, 0, 0, 103, 0, 0, 0, 1, 0, 1], [0, 0, 0, 0, 114, 1, 0, 0, 0, 0], [0, 0, 0, 0, 0, 105, 0, 0, 0, 0], [0, 0, 0, 0, 0, 0, 106, 0, 0, 0], [0, 1, 1, 0, 0, 0, 0, 112, 0, 0], [0, 0, 0, 0, 0, 0, 0, 0, 105, 0], [0, 0, 0, 0, 0, 0, 0, 0, 0, 106]]}"
pen-based,cosine,7,modified_plurality,RetentionPolicy.NEVER_RETAIN,2,10,9895,1097,0.0019087999971816316,0.2087907000022824,0.21069949999946402,0.9927073837739289,0.9927522818373898,0.9927721477607061,0.9927157711712079,0.9928322902151694,0.9927073837739289,0.9927247245187419,"{""labels"": [""0"", ""1"", ""2"", ""3"", ""4"", ""5"", ""6"", ""7"", ""8"", ""9""], ""matrix"": [[113, 0, 0, 0, 0, 0, 0, 0, 0, 1], [0, 113, 1, 0, 1, 0, 0, 0, 0, 0], [0, 0, 115, 0, 0, 0, 0, 0, 0, 0], [0, 0, 0, 104, 0, 1, 0, 0, 0, 0], [0, 0, 0, 0, 113, 1, 0, 0, 0, 0], [0, 0, 0, 0, 0, 105, 0, 0, 0, 0], [0, 0, 0, 0, 0, 0, 105, 0, 0, 0], [0, 1, 0, 0, 0, 0, 0, 113, 0, 0], [0, 0, 0, 0, 0, 0, 0, 0, 105, 0], [0, 0, 0, 0, 0, 2, 0, 0, 0, 103]]}"
pen-based,cosine,7,modified_plurality,RetentionPolicy.NEVER_RETAIN,3,10,9892,1100,0.0014903999981470406,0.2100672000015038,0.21155759999965085,0.990909090909091,0.9909012619799507,0.9908763705819101,0.990880619140676,0.9909256625149483,0.990909090909091,0.9909092287257946,"{""labels"": [""0"", ""1"", ""2"", ""3"", ""4"", ""5"", ""6"", ""7"", ""8"", ""9""], ""matrix"": [[114, 0, 0, 0, 0, 0, 0, 0, 0, 0], [0, 111, 0, 2, 0, 0, 0, 1, 0, 0], [0, 0, 114, 0, 0, 0, 0, 1, 0, 0], [0, 1, 1, 103, 0, 0, 0, 0, 0, 0], [0, 0, 0, 0, 115, 0, 0, 0, 0, 0], [0, 0, 0, 1, 0, 103, 0, 0, 0, 1], [0, 0, 0, 0, 0, 0, 105, 0, 0, 0], [0, 1, 0, 0, 0, 0, 0, 114, 0, 0], [0, 0, 0, 0, 0, 0, 0, 0, 106, 0], [0, 0, 0, 0, 0, 1, 0, 0, 0, 105]]}"
pen-based,cosine,7,modified_plurality,RetentionPolicy.NEVER_RETAIN,4,10,9894,1098,0.0015278000064427033,0.21083599999838043,0.21236380000482313,0.9927140255009107,0.9928102129483681,0.9927225570077779,0.9927154406409272,0.9928343986210639,0.9927140255009107,0.9927222259282034,"{""labels"": [""0"", ""1"", ""2"", ""3"", ""4"", ""5"", ""6"", ""7"", ""8"", ""9""], ""matrix"": [[114, 0, 0, 0, 0, 0, 0, 0, 0, 0], [0, 112, 2, 1, 0, 0, 0, 0, 0, 0], [0, 0, 114, 0, 0, 0, 0, 0, 0, 0], [0, 0, 1, 104, 0, 0, 0, 0, 0, 0], [0, 0, 0, 0, 113, 1, 0, 0, 0, 0], [0, 0, 0, 2, 0, 104, 0, 0, 0, 0], [0, 0, 0, 0, 0, 0, 106, 0, 0, 0], [0, 0, 0, 0, 0, 0, 0, 114, 0, 0], [0, 0, 0, 0, 0, 0, 0, 0, 105, 0], [0, 0, 0, 0, 0, 0, 0, 1, 0, 104]]}"
pen-based,cosine,7,modified_plurality,RetentionPolicy.NEVER_RETAIN,5,10,9894,1098,0.0015435999957844615,0.21303810000244994,0.2145816999982344,0.994535519125683,0.994633326690322,0.9945112781954887,0.9945483524245196,0.9945834356767383,0.994535519125683,0.9945351680145871,"{""labels"": [""0"", ""1"", ""2"", ""3"", ""4"", ""5"", ""6"", ""7"", ""8"", ""9""], ""matrix"": [[114, 0, 0, 0, 0, 0, 0, 0, 0, 0], [0, 114, 0, 0, 0, 0, 0, 0, 0, 0], [0, 0, 114, 0, 0, 0, 0, 0, 0, 0], [0, 0, 0, 105, 0, 0, 0, 0, 0, 0], [0, 0, 0, 0, 112, 0, 0, 1, 0, 1], [0, 0, 0, 1, 0, 104, 0, 0, 0, 0], [0, 0, 0, 0, 0, 0, 108, 0, 0, 0], [0, 0, 1, 0, 0, 0, 0, 113, 0, 0], [0, 1, 0, 0, 0, 0, 0, 0, 104, 0], [0, 1, 0, 0, 0, 0, 0, 0, 0, 104]]}"
pen-based,cosine,7,modified_plurality,RetentionPolicy.NEVER_RETAIN,6,10,9890,1102,0.001421599998138845,0.20768649999808986,0.2091080999962287,0.9945553539019963,0.9946447188069772,0.9946183341865739,0.9945923427038592,0.9946275336181108,0.9945553539019963,0.9945513925535375,"{""labels"": [""0"", ""1"", ""2"", ""3"", ""4"", ""5"", ""6"", ""7"", ""8"", ""9""], ""matrix"": [[114, 0, 0, 0, 0, 0, 0, 0, 0, 0], [0, 112, 2, 1, 0, 0, 0, 0, 0, 0], [0, 0, 114, 0, 0, 0, 0, 0, 0, 0], [0, 0, 0, 108, 0, 0, 0, 0, 0, 0], [0, 0, 0, 0, 113, 0, 0, 1, 0, 0], [0, 0, 0, 1, 0, 105, 0, 0, 0, 0], [0, 0, 0, 0, 0, 1, 104, 0, 0, 0], [0, 0, 0, 0, 0, 0, 0, 114, 0, 0], [0, 0, 0, 0, 0, 0, 0, 0, 105, 0], [0, 0, 0, 0, 0, 0, 0, 0, 0, 107]]}"
pen-based,cosine,7,modified_plurality,RetentionPolicy.NEVER_RETAIN,7,10,9892,1100,0.0014253999979700893,0.2102978000039002,0.21172320000187028,0.9936363636363637,0.9939016602809707,0.9937258856739881,0.993774737934211,0.9937231510507373,0.9936363636363637,0.9936397720585896,"{""labels"": [""0"", ""1"", ""2"", ""3"", ""4"", ""5"", ""6"", ""7"", ""8"", ""9""], ""matrix"": [[112, 0, 0, 0, 2, 0, 0, 0, 0, 0], [0, 112, 2, 0, 0, 0, 0, 0, 0, 0], [0, 0, 114, 0, 0, 0, 0, 0, 0, 0], [0, 0, 0, 107, 0, 0, 0, 0, 0, 0], [0, 0, 0, 0, 114, 0, 0, 0, 0, 0], [0, 0, 0, 0, 0, 106, 0, 0, 0, 0], [0, 0, 0, 0, 0, 0, 105, 0, 0, 0], [0, 0, 0, 1, 0, 0, 0, 114, 0, 0], [0, 0, 0, 0, 0, 0, 0, 1, 105, 0], [0, 0, 0, 0, 0, 0, 0, 1, 0, 104]]}"
pen-based,cosine,7,modified_plurality,RetentionPolicy.NEVER_RETAIN,8,10,9894,1098,0.00143269999534823,0.21451800000068033,0.21595069999602856,0.9927140255009107,0.9927889710903444,0.9927658769565422,0.9927331828098245,0.9927956051435127,0.9927140255009107,0.9927100281976882,"{""labels"": [""0"", ""1"", ""2"", ""3"", ""4"", ""5"", ""6"", ""7"", ""8"", ""9""], ""matrix"": [[113, 0, 0, 0, 0, 0, 1, 0, 0, 0], [0, 111, 1, 1, 0, 0, 0, 1, 0, 0], [0, 0, 115, 0, 0, 0, 0, 0, 0, 0], [0, 0, 0, 104, 1, 0, 0, 0, 0, 0], [0, 0, 0, 0, 113, 1, 0, 0, 0, 0], [0, 0, 0, 0, 0, 106, 0, 0, 0, 0], [0, 0, 0, 0, 0, 0, 105, 0, 0, 0], [0, 0, 0, 0, 0, 0, 0, 114, 0, 0], [0, 0, 0, 0, 0, 0, 0, 1, 105, 0], [0, 0, 0, 0, 0, 1, 0, 0, 0, 104]]}"
pen-based,cosine,7,modified_plurality,RetentionPolicy.NEVER_RETAIN,9,10,9890,1102,0.0017855999976745807,0.21418979999725707,0.21597539999493165,0.9918330308529946,0.991844712389504,0.9919281797603114,0.9918514639392981,0.9918898322180736,0.9918330308529946,0.9918253700000585,"{""labels"": [""0"", ""1"", ""2"", ""3"", ""4"", ""5"", ""6"", ""7"", ""8"", ""9""], ""matrix"": [[112, 0, 0, 0, 2, 0, 0, 0, 0, 1], [0, 112, 1, 1, 0, 0, 0, 0, 0, 0], [0, 0, 115, 0, 0, 0, 0, 0, 0, 0], [0, 0, 0, 104, 0, 0, 0, 0, 0, 1], [0, 0, 0, 0, 114, 1, 0, 0, 0, 0], [0, 0, 0, 0, 0, 105, 0, 0, 1, 0], [0, 0, 0, 0, 0, 0, 106, 0, 0, 0], [0, 0, 0, 0, 0, 0, 0, 114, 0, 0], [0, 0, 0, 0, 0, 0, 0, 0, 106, 0], [0, 0, 0, 0, 0, 0, 0, 1, 0, 105]]}"
pen-based,cosine,7,modified_plurality,RetentionPolicy.DIFFERENT_CLASS_RETENTION,0,10,9894,1098,0.0015275000041583553,0.2140702999968198,0.21559780000097817,0.9936247723132969,0.993683282512136,0.9935934791860701,0.9936127241260738,0.9936570753644522,0.9936247723132969,0.9936158091993476,"{""labels"": [""0"", ""1"", ""2"", ""3"", ""4"", ""5"", ""6"", ""7"", ""8"", ""9""], ""matrix"": [[115, 0, 0, 0, 0, 0, 0, 0, 0, 0], [0, 113, 1, 0, 0, 0, 0, 0, 0, 0], [0, 1, 113, 0, 0, 0, 0, 0, 0, 0], [0, 0, 0, 105, 0, 0, 0, 0, 0, 0], [0, 0, 0, 0, 114, 1, 0, 0, 0, 0], [0, 0, 0, 0, 0, 105, 0, 0, 0, 0], [0, 0, 0, 0, 0, 0, 105, 0, 0, 0], [0, 0, 0, 0, 0, 0, 0, 114, 0, 0], [1, 0, 0, 0, 0, 1, 0, 1, 103, 0], [0, 0, 0, 0, 0, 0, 0, 0, 1, 104]]}"
pen-based,cosine,7,modified_plurality,RetentionPolicy.DIFFERENT_CLASS_RETENTION,1,10,9893,1099,0.0017204000032506883,0.21371820000058506,0.21543860000383575,0.9909008189262967,0.9911800970678775,0.9910929497657186,0.9911079942068877,0.9909963445613263,0.9909008189262967,0.9909200463574326,"{""labels"": [""0"", ""1"", ""2"", ""3"", ""4"", ""5"", ""6"", ""7"", ""8"", ""9""], ""matrix"": [[114, 1, 0, 0, 0, 0, 0, 0, 0, 0], [0, 112, 2, 0, 0, 0, 0, 0, 0, 0], [0, 2, 112, 0, 0, 0, 0, 0, 0, 0], [0, 0, 0, 103, 0, 0, 0, 1, 0, 1], [0, 0, 0, 0, 114, 1, 0, 0, 0, 0], [0, 0, 0, 0, 0, 105, 0, 0, 0, 0], [0, 0, 0, 0, 0, 0, 106, 0, 0, 0], [0, 1, 1, 0, 0, 0, 0, 112, 0, 0], [0, 0, 0, 0, 0, 0, 0, 0, 105, 0], [0, 0, 0, 0, 0, 0, 0, 0, 0, 106]]}"
pen-based,cosine,7,modified_plurality,RetentionPolicy.DIFFERENT_CLASS_RETENTION,2,10,9895,1097,0.0016365999981644563,0.21254590000171447,0.21418249999987893,0.9927073837739289,0.9927522818373898,0.9927721477607061,0.9927157711712079,0.9928322902151694,0.9927073837739289,0.9927247245187419,"{""labels"": [""0"", ""1"", ""2"", ""3"", ""4"", ""5"", ""6"", ""7"", ""8"", ""9""], ""matrix"": [[113, 0, 0, 0, 0, 0, 0, 0, 0, 1], [0, 113, 1, 0, 1, 0, 0, 0, 0, 0], [0, 0, 115, 0, 0, 0, 0, 0, 0, 0], [0, 0, 0, 104, 0, 1, 0, 0, 0, 0], [0, 0, 0, 0, 113, 1, 0, 0, 0, 0], [0, 0, 0, 0, 0, 105, 0, 0, 0, 0], [0, 0, 0, 0, 0, 0, 105, 0, 0, 0], [0, 1, 0, 0, 0, 0, 0, 113, 0, 0], [0, 0, 0, 0, 0, 0, 0, 0, 105, 0], [0, 0, 0, 0, 0, 2, 0, 0, 0, 103]]}"
pen-based,cosine,7,modified_plurality,RetentionPolicy.DIFFERENT_CLASS_RETENTION,3,10,9892,1100,0.0016747000045143068,0.2176164999982575,0.2192912000027718,0.990909090909091,0.9909012619799507,0.9908763705819101,0.990880619140676,0.9909256625149483,0.990909090909091,0.9909092287257946,"{""labels"": [""0"", ""1"", ""2"", ""3"", ""4"", ""5"", ""6"", ""7"", ""8"", ""9""], ""matrix"": [[114, 0, 0, 0, 0, 0, 0, 0, 0, 0], [0, 111, 0, 2, 0, 0, 0, 1, 0, 0], [0, 0, 114, 0, 0, 0, 0, 1, 0, 0], [0, 1, 1, 103, 0, 0, 0, 0, 0, 0], [0, 0, 0, 0, 115, 0, 0, 0, 0, 0], [0, 0, 0, 1, 0, 103, 0, 0, 0, 1], [0, 0, 0, 0, 0, 0, 105, 0, 0, 0], [0, 1, 0, 0, 0, 0, 0, 114, 0, 0], [0, 0, 0, 0, 0, 0, 0, 0, 106, 0], [0, 0, 0, 0, 0, 1, 0, 0, 0, 105]]}"
pen-based,cosine,7,modified_plurality,RetentionPolicy.DIFFERENT_CLASS_RETENTION,4,10,9894,1098,0.0016386999996029772,0.21504970000387402,0.216688400003477,0.9927140255009107,0.9928102129483681,0.9927225570077779,0.9927154406409272,0.9928343986210639,0.9927140255009107,0.9927222259282034,"{""labels"": [""0"", ""1"", ""2"", ""3"", ""4"", ""5"", ""6"", ""7"", ""8"", ""9""], ""matrix"": [[114, 0, 0, 0, 0, 0, 0, 0, 0, 0], [0, 112, 2, 1, 0, 0, 0, 0, 0, 0], [0, 0, 114, 0, 0, 0, 0, 0, 0, 0], [0, 0, 1, 104, 0, 0, 0, 0, 0, 0], [0, 0, 0, 0, 113, 1, 0, 0, 0, 0], [0, 0, 0, 2, 0, 104, 0, 0, 0, 0], [0, 0, 0, 0, 0, 0, 106, 0, 0, 0], [0, 0, 0, 0, 0, 0, 0, 114, 0, 0], [0, 0, 0, 0, 0, 0, 0, 0, 105, 0], [0, 0, 0, 0, 0, 0, 0, 1, 0, 104]]}"
pen-based,cosine,7,modified_plurality,RetentionPolicy.DIFFERENT_CLASS_RETENTION,5,10,9894,1098,0.0022699999972246587,0.21801670000422746,0.22028670000145212,0.994535519125683,0.994633326690322,0.9945112781954887,0.9945483524245196,0.9945834356767383,0.994535519125683,0.9945351680145871,"{""labels"": [""0"", ""1"", ""2"", ""3"", ""4"", ""5"", ""6"", ""7"", ""8"", ""9""], ""matrix"": [[114, 0, 0, 0, 0, 0, 0, 0, 0, 0], [0, 114, 0, 0, 0, 0, 0, 0, 0, 0], [0, 0, 114, 0, 0, 0, 0, 0, 0, 0], [0, 0, 0, 105, 0, 0, 0, 0, 0, 0], [0, 0, 0, 0, 112, 0, 0, 1, 0, 1], [0, 0, 0, 1, 0, 104, 0, 0, 0, 0], [0, 0, 0, 0, 0, 0, 108, 0, 0, 0], [0, 0, 1, 0, 0, 0, 0, 113, 0, 0], [0, 1, 0, 0, 0, 0, 0, 0, 104, 0], [0, 1, 0, 0, 0, 0, 0, 0, 0, 104]]}"
pen-based,cosine,7,modified_plurality,RetentionPolicy.DIFFERENT_CLASS_RETENTION,6,10,9890,1102,0.0015368999956990592,0.2097157000025618,0.21125259999826085,0.9945553539019963,0.9946447188069772,0.9946183341865739,0.9945923427038592,0.9946275336181108,0.9945553539019963,0.9945513925535375,"{""labels"": [""0"", ""1"", ""2"", ""3"", ""4"", ""5"", ""6"", ""7"", ""8"", ""9""], ""matrix"": [[114, 0, 0, 0, 0, 0, 0, 0, 0, 0], [0, 112, 2, 1, 0, 0, 0, 0, 0, 0], [0, 0, 114, 0, 0, 0, 0, 0, 0, 0], [0, 0, 0, 108, 0, 0, 0, 0, 0, 0], [0, 0, 0, 0, 113, 0, 0, 1, 0, 0], [0, 0, 0, 1, 0, 105, 0, 0, 0, 0], [0, 0, 0, 0, 0, 1, 104, 0, 0, 0], [0, 0, 0, 0, 0, 0, 0, 114, 0, 0], [0, 0, 0, 0, 0, 0, 0, 0, 105, 0], [0, 0, 0, 0, 0, 0, 0, 0, 0, 107]]}"
pen-based,cosine,7,modified_plurality,RetentionPolicy.DIFFERENT_CLASS_RETENTION,7,10,9892,1100,0.0014786000028834678,0.2104297999976552,0.21190840000053868,0.9936363636363637,0.9939016602809707,0.9937258856739881,0.993774737934211,0.9937231510507373,0.9936363636363637,0.9936397720585896,"{""labels"": [""0"", ""1"", ""2"", ""3"", ""4"", ""5"", ""6"", ""7"", ""8"", ""9""], ""matrix"": [[112, 0, 0, 0, 2, 0, 0, 0, 0, 0], [0, 112, 2, 0, 0, 0, 0, 0, 0, 0], [0, 0, 114, 0, 0, 0, 0, 0, 0, 0], [0, 0, 0, 107, 0, 0, 0, 0, 0, 0], [0, 0, 0, 0, 114, 0, 0, 0, 0, 0], [0, 0, 0, 0, 0, 106, 0, 0, 0, 0], [0, 0, 0, 0, 0, 0, 105, 0, 0, 0], [0, 0, 0, 1, 0, 0, 0, 114, 0, 0], [0, 0, 0, 0, 0, 0, 0, 1, 105, 0], [0, 0, 0, 0, 0, 0, 0, 1, 0, 104]]}"
pen-based,cosine,7,modified_plurality,RetentionPolicy.DIFFERENT_CLASS_RETENTION,8,10,9894,1098,0.0017189999998663552,0.21406610000121873,0.21578510000108508,0.9927140255009107,0.9927889710903444,0.9927658769565422,0.9927331828098245,0.9927956051435127,0.9927140255009107,0.9927100281976882,"{""labels"": [""0"", ""1"", ""2"", ""3"", ""4"", ""5"", ""6"", ""7"", ""8"", ""9""], ""matrix"": [[113, 0, 0, 0, 0, 0, 1, 0, 0, 0], [0, 111, 1, 1, 0, 0, 0, 1, 0, 0], [0, 0, 115, 0, 0, 0, 0, 0, 0, 0], [0, 0, 0, 104, 1, 0, 0, 0, 0, 0], [0, 0, 0, 0, 113, 1, 0, 0, 0, 0], [0, 0, 0, 0, 0, 106, 0, 0, 0, 0], [0, 0, 0, 0, 0, 0, 105, 0, 0, 0], [0, 0, 0, 0, 0, 0, 0, 114, 0, 0], [0, 0, 0, 0, 0, 0, 0, 1, 105, 0], [0, 0, 0, 0, 0, 1, 0, 0, 0, 104]]}"
pen-based,cosine,7,modified_plurality,RetentionPolicy.DIFFERENT_CLASS_RETENTION,9,10,9890,1102,0.0017133999936049804,0.21065380000072764,0.21236719999433262,0.9927404718693285,0.9926992851031471,0.9927977449777027,0.9927249929412356,0.9927816276996431,0.9927404718693285,0.9927369474521713,"{""labels"": [""0"", ""1"", ""2"", ""3"", ""4"", ""5"", ""6"", ""7"", ""8"", ""9""], ""matrix"": [[113, 0, 0, 0, 1, 0, 0, 0, 0, 1], [0, 112, 1, 1, 0, 0, 0, 0, 0, 0], [0, 0, 115, 0, 0, 0, 0, 0, 0, 0], [0, 0, 0, 104, 0, 0, 0, 0, 0, 1], [0, 0, 0, 0, 114, 1, 0, 0, 0, 0], [0, 0, 0, 0, 0, 105, 0, 0, 1, 0], [0, 0, 0, 0, 0, 0, 106, 0, 0, 0], [0, 0, 0, 0, 0, 0, 0, 114, 0, 0], [0, 0, 0, 0, 0, 0, 0, 0, 106, 0], [0, 0, 0, 0, 0, 0, 0, 1, 0, 105]]}"
pen-based,cosine,7,modified_plurality,RetentionPolicy.DD_RETENTION,0,10,9894,1098,0.0014134000011836179,0.22223059999669204,0.22364399999787565,0.9936247723132969,0.993683282512136,0.9935934791860701,0.9936127241260738,0.9936570753644522,0.9936247723132969,0.9936158091993476,"{""labels"": [""0"", ""1"", ""2"", ""3"", ""4"", ""5"", ""6"", ""7"", ""8"", ""9""], ""matrix"": [[115, 0, 0, 0, 0, 0, 0, 0, 0, 0], [0, 113, 1, 0, 0, 0, 0, 0, 0, 0], [0, 1, 113, 0, 0, 0, 0, 0, 0, 0], [0, 0, 0, 105, 0, 0, 0, 0, 0, 0], [0, 0, 0, 0, 114, 1, 0, 0, 0, 0], [0, 0, 0, 0, 0, 105, 0, 0, 0, 0], [0, 0, 0, 0, 0, 0, 105, 0, 0, 0], [0, 0, 0, 0, 0, 0, 0, 114, 0, 0], [1, 0, 0, 0, 0, 1, 0, 1, 103, 0], [0, 0, 0, 0, 0, 0, 0, 0, 1, 104]]}"
pen-based,cosine,7,modified_plurality,RetentionPolicy.DD_RETENTION,1,10,9893,1099,0.0015016000033938326,0.22304929999518208,0.22455089999857591,0.9909008189262967,0.9911800970678775,0.9910929497657186,0.9911079942068877,0.9909963445613263,0.9909008189262967,0.9909200463574326,"{""labels"": [""0"", ""1"", ""2"", ""3"", ""4"", ""5"", ""6"", ""7"", ""8"", ""9""], ""matrix"": [[114, 1, 0, 0, 0, 0, 0, 0, 0, 0], [0, 112, 2, 0, 0, 0, 0, 0, 0, 0], [0, 2, 112, 0, 0, 0, 0, 0, 0, 0], [0, 0, 0, 103, 0, 0, 0, 1, 0, 1], [0, 0, 0, 0, 114, 1, 0, 0, 0, 0], [0, 0, 0, 0, 0, 105, 0, 0, 0, 0], [0, 0, 0, 0, 0, 0, 106, 0, 0, 0], [0, 1, 1, 0, 0, 0, 0, 112, 0, 0], [0, 0, 0, 0, 0, 0, 0, 0, 105, 0], [0, 0, 0, 0, 0, 0, 0, 0, 0, 106]]}"
pen-based,cosine,7,modified_plurality,RetentionPolicy.DD_RETENTION,2,10,9895,1097,0.0015008999980636872,0.22127969999564812,0.2227805999937118,0.9927073837739289,0.9927522818373898,0.9927721477607061,0.9927157711712079,0.9928322902151694,0.9927073837739289,0.9927247245187419,"{""labels"": [""0"", ""1"", ""2"", ""3"", ""4"", ""5"", ""6"", ""7"", ""8"", ""9""], ""matrix"": [[113, 0, 0, 0, 0, 0, 0, 0, 0, 1], [0, 113, 1, 0, 1, 0, 0, 0, 0, 0], [0, 0, 115, 0, 0, 0, 0, 0, 0, 0], [0, 0, 0, 104, 0, 1, 0, 0, 0, 0], [0, 0, 0, 0, 113, 1, 0, 0, 0, 0], [0, 0, 0, 0, 0, 105, 0, 0, 0, 0], [0, 0, 0, 0, 0, 0, 105, 0, 0, 0], [0, 1, 0, 0, 0, 0, 0, 113, 0, 0], [0, 0, 0, 0, 0, 0, 0, 0, 105, 0], [0, 0, 0, 0, 0, 2, 0, 0, 0, 103]]}"
pen-based,cosine,7,modified_plurality,RetentionPolicy.DD_RETENTION,3,10,9892,1100,0.0016293000007863156,0.22126949999801582,0.22289879999880213,0.990909090909091,0.9909012619799507,0.9908763705819101,0.990880619140676,0.9909256625149483,0.990909090909091,0.9909092287257946,"{""labels"": [""0"", ""1"", ""2"", ""3"", ""4"", ""5"", ""6"", ""7"", ""8"", ""9""], ""matrix"": [[114, 0, 0, 0, 0, 0, 0, 0, 0, 0], [0, 111, 0, 2, 0, 0, 0, 1, 0, 0], [0, 0, 114, 0, 0, 0, 0, 1, 0, 0], [0, 1, 1, 103, 0, 0, 0, 0, 0, 0], [0, 0, 0, 0, 115, 0, 0, 0, 0, 0], [0, 0, 0, 1, 0, 103, 0, 0, 0, 1], [0, 0, 0, 0, 0, 0, 105, 0, 0, 0], [0, 1, 0, 0, 0, 0, 0, 114, 0, 0], [0, 0, 0, 0, 0, 0, 0, 0, 106, 0], [0, 0, 0, 0, 0, 1, 0, 0, 0, 105]]}"
pen-based,cosine,7,modified_plurality,RetentionPolicy.DD_RETENTION,4,10,9894,1098,0.0016751000002841465,0.22081619999516988,0.22249129999545403,0.9927140255009107,0.9928102129483681,0.9927225570077779,0.9927154406409272,0.9928343986210639,0.9927140255009107,0.9927222259282034,"{""labels"": [""0"", ""1"", ""2"", ""3"", ""4"", ""5"", ""6"", ""7"", ""8"", ""9""], ""matrix"": [[114, 0, 0, 0, 0, 0, 0, 0, 0, 0], [0, 112, 2, 1, 0, 0, 0, 0, 0, 0], [0, 0, 114, 0, 0, 0, 0, 0, 0, 0], [0, 0, 1, 104, 0, 0, 0, 0, 0, 0], [0, 0, 0, 0, 113, 1, 0, 0, 0, 0], [0, 0, 0, 2, 0, 104, 0, 0, 0, 0], [0, 0, 0, 0, 0, 0, 106, 0, 0, 0], [0, 0, 0, 0, 0, 0, 0, 114, 0, 0], [0, 0, 0, 0, 0, 0, 0, 0, 105, 0], [0, 0, 0, 0, 0, 0, 0, 1, 0, 104]]}"
pen-based,cosine,7,modified_plurality,RetentionPolicy.DD_RETENTION,5,10,9894,1098,0.0016008999955374748,0.22212880000006407,0.22372969999560155,0.994535519125683,0.994633326690322,0.9945112781954887,0.9945483524245196,0.9945834356767383,0.994535519125683,0.9945351680145871,"{""labels"": [""0"", ""1"", ""2"", ""3"", ""4"", ""5"", ""6"", ""7"", ""8"", ""9""], ""matrix"": [[114, 0, 0, 0, 0, 0, 0, 0, 0, 0], [0, 114, 0, 0, 0, 0, 0, 0, 0, 0], [0, 0, 114, 0, 0, 0, 0, 0, 0, 0], [0, 0, 0, 105, 0, 0, 0, 0, 0, 0], [0, 0, 0, 0, 112, 0, 0, 1, 0, 1], [0, 0, 0, 1, 0, 104, 0, 0, 0, 0], [0, 0, 0, 0, 0, 0, 108, 0, 0, 0], [0, 0, 1, 0, 0, 0, 0, 113, 0, 0], [0, 1, 0, 0, 0, 0, 0, 0, 104, 0], [0, 1, 0, 0, 0, 0, 0, 0, 0, 104]]}"
pen-based,cosine,7,modified_plurality,RetentionPolicy.DD_RETENTION,6,10,9890,1102,0.0016380999950342812,0.2254564000031678,0.22709449999820208,0.9945553539019963,0.9946447188069772,0.9946183341865739,0.9945923427038592,0.9946275336181108,0.9945553539019963,0.9945513925535375,"{""labels"": [""0"", ""1"", ""2"", ""3"", ""4"", ""5"", ""6"", ""7"", ""8"", ""9""], ""matrix"": [[114, 0, 0, 0, 0, 0, 0, 0, 0, 0], [0, 112, 2, 1, 0, 0, 0, 0, 0, 0], [0, 0, 114, 0, 0, 0, 0, 0, 0, 0], [0, 0, 0, 108, 0, 0, 0, 0, 0, 0], [0, 0, 0, 0, 113, 0, 0, 1, 0, 0], [0, 0, 0, 1, 0, 105, 0, 0, 0, 0], [0, 0, 0, 0, 0, 1, 104, 0, 0, 0], [0, 0, 0, 0, 0, 0, 0, 114, 0, 0], [0, 0, 0, 0, 0, 0, 0, 0, 105, 0], [0, 0, 0, 0, 0, 0, 0, 0, 0, 107]]}"
pen-based,cosine,7,modified_plurality,RetentionPolicy.DD_RETENTION,7,10,9892,1100,0.001749099996231962,0.22146070000599138,0.22320980000222335,0.9936363636363637,0.9939016602809707,0.9937258856739881,0.993774737934211,0.9937231510507373,0.9936363636363637,0.9936397720585896,"{""labels"": [""0"", ""1"", ""2"", ""3"", ""4"", ""5"", ""6"", ""7"", ""8"", ""9""], ""matrix"": [[112, 0, 0, 0, 2, 0, 0, 0, 0, 0], [0, 112, 2, 0, 0, 0, 0, 0, 0, 0], [0, 0, 114, 0, 0, 0, 0, 0, 0, 0], [0, 0, 0, 107, 0, 0, 0, 0, 0, 0], [0, 0, 0, 0, 114, 0, 0, 0, 0, 0], [0, 0, 0, 0, 0, 106, 0, 0, 0, 0], [0, 0, 0, 0, 0, 0, 105, 0, 0, 0], [0, 0, 0, 1, 0, 0, 0, 114, 0, 0], [0, 0, 0, 0, 0, 0, 0, 1, 105, 0], [0, 0, 0, 0, 0, 0, 0, 1, 0, 104]]}"
pen-based,cosine,7,modified_plurality,RetentionPolicy.DD_RETENTION,8,10,9894,1098,0.0016276000023935921,0.22327459999360144,0.22490219999599503,0.9927140255009107,0.9927889710903444,0.9927658769565422,0.9927331828098245,0.9927956051435127,0.9927140255009107,0.9927100281976882,"{""labels"": [""0"", ""1"", ""2"", ""3"", ""4"", ""5"", ""6"", ""7"", ""8"", ""9""], ""matrix"": [[113, 0, 0, 0, 0, 0, 1, 0, 0, 0], [0, 111, 1, 1, 0, 0, 0, 1, 0, 0], [0, 0, 115, 0, 0, 0, 0, 0, 0, 0], [0, 0, 0, 104, 1, 0, 0, 0, 0, 0], [0, 0, 0, 0, 113, 1, 0, 0, 0, 0], [0, 0, 0, 0, 0, 106, 0, 0, 0, 0], [0, 0, 0, 0, 0, 0, 105, 0, 0, 0], [0, 0, 0, 0, 0, 0, 0, 114, 0, 0], [0, 0, 0, 0, 0, 0, 0, 1, 105, 0], [0, 0, 0, 0, 0, 1, 0, 0, 0, 104]]}"
pen-based,cosine,7,modified_plurality,RetentionPolicy.DD_RETENTION,9,10,9890,1102,0.0019113000016659498,0.21970560000045225,0.2216169000021182,0.9918330308529946,0.991844712389504,0.9919281797603114,0.9918514639392981,0.9918898322180736,0.9918330308529946,0.9918253700000585,"{""labels"": [""0"", ""1"", ""2"", ""3"", ""4"", ""5"", ""6"", ""7"", ""8"", ""9""], ""matrix"": [[112, 0, 0, 0, 2, 0, 0, 0, 0, 1], [0, 112, 1, 1, 0, 0, 0, 0, 0, 0], [0, 0, 115, 0, 0, 0, 0, 0, 0, 0], [0, 0, 0, 104, 0, 0, 0, 0, 0, 1], [0, 0, 0, 0, 114, 1, 0, 0, 0, 0], [0, 0, 0, 0, 0, 105, 0, 0, 1, 0], [0, 0, 0, 0, 0, 0, 106, 0, 0, 0], [0, 0, 0, 0, 0, 0, 0, 114, 0, 0], [0, 0, 0, 0, 0, 0, 0, 0, 106, 0], [0, 0, 0, 0, 0, 0, 0, 1, 0, 105]]}"
pen-based,euclidean,3,borda,RetentionPolicy.ALWAYS_RETAIN,0,10,9894,1098,0.0014884999982314184,0.19459379999898374,0.19608229999721516,0.9918032786885246,0.9918444160634499,0.9917562774861682,0.9917747121836958,0.9918266843899861,0.9918032786885246,0.9917899053740561,"{""labels"": [""0"", ""1"", ""2"", ""3"", ""4"", ""5"", ""6"", ""7"", ""8"", ""9""], ""matrix"": [[115, 0, 0, 0, 0, 0, 0, 0, 0, 0], [0, 113, 1, 0, 0, 0, 0, 0, 0, 0], [0, 2, 112, 0, 0, 0, 0, 0, 0, 0], [0, 0, 0, 105, 0, 0, 0, 0, 0, 0], [0, 0, 0, 0, 115, 0, 0, 0, 0, 0], [0, 0, 0, 0, 0, 105, 0, 0, 0, 0], [0, 0, 0, 0, 0, 0, 105, 0, 0, 0], [0, 0, 0, 0, 0, 0, 0, 113, 0, 1], [1, 0, 0, 0, 0, 1, 0, 1, 103, 0], [0, 0, 0, 0, 0, 1, 0, 0, 1, 103]]}"
pen-based,euclidean,3,borda,RetentionPolicy.ALWAYS_RETAIN,1,10,9893,1099,0.0014711000039824285,0.19766359999630367,0.1991347000002861,0.9936305732484076,0.993703199126702,0.9937245287130871,0.9936804280599818,0.9936724341772446,0.9936305732484076,0.9936183661229235,"{""labels"": [""0"", ""1"", ""2"", ""3"", ""4"", ""5"", ""6"", ""7"", ""8"", ""9""], ""matrix"": [[114, 0, 0, 0, 1, 0, 0, 0, 0, 0], [0, 114, 0, 0, 0, 0, 0, 0, 0, 0], [0, 0, 114, 0, 0, 0, 0, 0, 0, 0], [0, 0, 0, 103, 0, 0, 0, 1, 0, 1], [0, 0, 0, 0, 114, 1, 0, 0, 0, 0], [0, 0, 0, 0, 0, 105, 0, 0, 0, 0], [0, 0, 0, 0, 0, 0, 106, 0, 0, 0], [0, 1, 1, 0, 0, 0, 0, 111, 0, 1], [0, 0, 0, 0, 0, 0, 0, 0, 105, 0], [0, 0, 0, 0, 0, 0, 0, 0, 0, 106]]}"
pen-based,euclidean,3,borda,RetentionPolicy.ALWAYS_RETAIN,2,10,9895,1097,0.0015114000052562915,0.18879639999795472,0.19030780000321101,0.9963536918869644,0.9963650923864213,0.9963484798953907,0.9963484414243485,0.9963702184270173,0.9963536918869644,0.9963536536797545,"{""labels"": [""0"", ""1"", ""2"", ""3"", ""4"", ""5"", ""6"", ""7"", ""8"", ""9""], ""matrix"": [[114, 0, 0, 0, 0, 0, 0, 0, 0, 0], [0, 114, 0, 0, 1, 0, 0, 0, 0, 0], [0, 0, 115, 0, 0, 0, 0, 0, 0, 0], [0, 0, 0, 104, 0, 1, 0, 0, 0, 0], [0, 0, 0, 0, 114, 0, 0, 0, 0, 0], [0, 0, 0, 0, 0, 105, 0, 0, 0, 0], [0, 0, 0, 0, 0, 0, 105, 0, 0, 0], [0, 1, 0, 0, 0, 0, 0, 113, 0, 0], [0, 0, 0, 0, 0, 0, 0, 0, 105, 0], [0, 0, 0, 1, 0, 0, 0, 0, 0, 104]]}"
pen-based,euclidean,3,borda,RetentionPolicy.ALWAYS_RETAIN,3,10,9892,1100,0.0014881000024615787,0.19422389999817824,0.19571200000063982,0.9927272727272727,0.9928199307898303,0.9927874032908358,0.9927842040105552,0.9927667007429812,0.9927272727272727,0.9927270931982196,"{""labels"": [""0"", ""1"", ""2"", ""3"", ""4"", ""5"", ""6"", ""7"", ""8"", ""9""], ""matrix"": [[114, 0, 0, 0, 0, 0, 0, 0, 0, 0], [0, 113, 0, 1, 0, 0, 0, 0, 0, 0], [0, 0, 114, 0, 0, 0, 0, 1, 0, 0], [0, 1, 1, 103, 0, 0, 0, 0, 0, 0], [0, 0, 0, 0, 115, 0, 0, 0, 0, 0], [0, 0, 0, 1, 0, 104, 0, 0, 0, 0], [0, 0, 0, 0, 0, 0, 105, 0, 0, 0], [0, 2, 0, 0, 0, 0, 0, 112, 1, 0], [0, 0, 0, 0, 0, 0, 0, 0, 106, 0], [0, 0, 0, 0, 0, 0, 0, 0, 0, 106]]}"
pen-based,euclidean,3,borda,RetentionPolicy.ALWAYS_RETAIN,4,10,9894,1098,0.0016482999999425374,0.19882449999568053,0.20047279999562306,0.9954462659380692,0.9955195043987441,0.9953388804250165,0.995404421537424,0.9955027744401849,0.9954462659380692,0.9954498073796829,"{""labels"": [""0"", ""1"", ""2"", ""3"", ""4"", ""5"", ""6"", ""7"", ""8"", ""9""], ""matrix"": [[114, 0, 0, 0, 0, 0, 0, 0, 0, 0], [0, 114, 1, 0, 0, 0, 0, 0, 0, 0], [0, 0, 114, 0, 0, 0, 0, 0, 0, 0], [0, 0, 1, 104, 0, 0, 0, 0, 0, 0], [0, 0, 0, 0, 114, 0, 0, 0, 0, 0], [0, 0, 0, 2, 0, 104, 0, 0, 0, 0], [0, 0, 0, 0, 0, 0, 106, 0, 0, 0], [0, 0, 0, 0, 0, 0, 0, 114, 0, 0], [0, 0, 0, 0, 0, 0, 0, 0, 105, 0], [0, 0, 0, 0, 1, 0, 0, 0, 0, 104]]}"
pen-based,euclidean,3,borda,RetentionPolicy.ALWAYS_RETAIN,5,10,9894,1098,0.0017031999959726818,0.19758400000137044,0.19928719999734312,0.9936247723132969,0.9936056518773333,0.9935588972431078,0.99354340001536,0.9937169428938377,0.9936247723132969,0.9936331523667447,"{""labels"": [""0"", ""1"", ""2"", ""3"", ""4"", ""5"", ""6"", ""7"", ""8"", ""9""], ""matrix"": [[114, 0, 0, 0, 0, 0, 0, 0, 0, 0], [0, 113, 0, 1, 0, 0, 0, 0, 0, 0], [0, 0, 113, 1, 0, 0, 0, 0, 0, 0], [0, 0, 0, 105, 0, 0, 0, 0, 0, 0], [0, 0, 0, 0, 113, 0, 0, 0, 0, 1], [0, 0, 0, 1, 0, 103, 1, 0, 0, 0], [0, 0, 0, 0, 0, 0, 108, 0, 0, 0], [0, 0, 0, 0, 0, 0, 0, 114, 0, 0], [0, 0, 0, 0, 0, 0, 0, 1, 104, 0], [0, 1, 0, 0, 0, 0, 0, 0, 0, 104]]}"
pen-based,euclidean,3,borda,RetentionPolicy.ALWAYS_RETAIN,6,10,9890,1102,0.001524699997389689,0.19529670000338228,0.19682140000077197,0.9954627949183303,0.9955454694324984,0.995430512947169,0.9954643823903458,0.9955103019262443,0.9954627949183303,0.9954624968362888,"{""labels"": [""0"", ""1"", ""2"", ""3"", ""4"", ""5"", ""6"", ""7"", ""8"", ""9""], ""matrix"": [[114, 0, 0, 0, 0, 0, 0, 0, 0, 0], [0, 113, 2, 0, 0, 0, 0, 0, 0, 0], [0, 0, 114, 0, 0, 0, 0, 0, 0, 0], [0, 0, 0, 108, 0, 0, 0, 0, 0, 0], [0, 0, 0, 0, 114, 0, 0, 0, 0, 0], [0, 0, 0, 1, 0, 105, 0, 0, 0, 0], [0, 0, 0, 0, 0, 1, 104, 0, 0, 0], [0, 0, 0, 0, 0, 0, 0, 114, 0, 0], [0, 0, 0, 0, 0, 0, 0, 0, 105, 0], [0, 0, 0, 0, 1, 0, 0, 0, 0, 106]]}"
pen-based,euclidean,3,borda,RetentionPolicy.ALWAYS_RETAIN,7,10,9892,1100,0.0015184000003500842,0.19277650000003632,0.1942949000003864,0.9918181818181818,0.9921389816386068,0.9918886839740862,0.991973931174871,0.9918965089688477,0.9918181818181818,0.9918169746751947,"{""labels"": [""0"", ""1"", ""2"", ""3"", ""4"", ""5"", ""6"", ""7"", ""8"", ""9""], ""matrix"": [[113, 0, 0, 0, 1, 0, 0, 0, 0, 0], [0, 111, 3, 0, 0, 0, 0, 0, 0, 0], [0, 1, 112, 1, 0, 0, 0, 0, 0, 0], [0, 0, 0, 107, 0, 0, 0, 0, 0, 0], [0, 0, 0, 0, 114, 0, 0, 0, 0, 0], [0, 0, 0, 0, 0, 106, 0, 0, 0, 0], [0, 0, 0, 0, 0, 0, 105, 0, 0, 0], [0, 0, 0, 0, 0, 0, 0, 115, 0, 0], [0, 0, 0, 0, 0, 0, 0, 1, 105, 0], [0, 0, 0, 0, 1, 0, 0, 1, 0, 103]]}"
pen-based,euclidean,3,borda,RetentionPolicy.ALWAYS_RETAIN,8,10,9894,1098,0.0014678000006824732,0.19630899999901885,0.19777679999970132,0.9927140255009107,0.9928214192639222,0.9927073014776482,0.9927399178407903,0.9927537202189485,0.9927140255009107,0.9927093732950387,"{""labels"": [""0"", ""1"", ""2"", ""3"", ""4"", ""5"", ""6"", ""7"", ""8"", ""9""], ""matrix"": [[113, 0, 0, 0, 0, 0, 1, 0, 0, 0], [0, 112, 1, 0, 0, 0, 0, 1, 0, 0], [0, 1, 114, 0, 0, 0, 0, 0, 0, 0], [0, 0, 0, 104, 1, 0, 0, 0, 0, 0], [0, 0, 0, 0, 114, 0, 0, 0, 0, 0], [0, 0, 0, 0, 0, 104, 0, 1, 1, 0], [0, 0, 0, 0, 0, 0, 105, 0, 0, 0], [0, 0, 0, 0, 0, 0, 0, 114, 0, 0], [0, 0, 0, 0, 0, 0, 0, 0, 106, 0], [0, 0, 0, 0, 0, 1, 0, 0, 0, 104]]}"
pen-based,euclidean,3,borda,RetentionPolicy.ALWAYS_RETAIN,9,10,9890,1102,0.0015686000042478554,0.19624919999478152,0.19781779999902938,0.9936479128856625,0.9936501775814364,0.9936596824300292,0.9936232544814804,0.9936968914833594,0.9936479128856625,0.9936400626201852,"{""labels"": [""0"", ""1"", ""2"", ""3"", ""4"", ""5"", ""6"", ""7"", ""8"", ""9""], ""matrix"": [[114, 0, 0, 0, 1, 0, 0, 0, 0, 0], [0, 111, 1, 1, 0, 0, 0, 0, 0, 1], [0, 0, 115, 0, 0, 0, 0, 0, 0, 0], [0, 0, 0, 104, 0, 0, 0, 0, 0, 1], [0, 0, 0, 0, 115, 0, 0, 0, 0, 0], [0, 0, 0, 0, 0, 105, 0, 0, 1, 0], [0, 0, 0, 0, 0, 0, 106, 0, 0, 0], [0, 0, 0, 0, 0, 0, 0, 114, 0, 0], [0, 0, 0, 0, 0, 0, 0, 0, 106, 0], [0, 0, 0, 0, 0, 0, 0, 1, 0, 105]]}"
pen-based,euclidean,3,borda,RetentionPolicy.NEVER_RETAIN,0,10,9894,1098,0.0015847000031499192,0.17468830000143498,0.1762730000045849,0.9918032786885246,0.9918444160634499,0.9917562774861682,0.9917747121836958,0.9918266843899861,0.9918032786885246,0.9917899053740561,"{""labels"": [""0"", ""1"", ""2"", ""3"", ""4"", ""5"", ""6"", ""7"", ""8"", ""9""], ""matrix"": [[115, 0, 0, 0, 0, 0, 0, 0, 0, 0], [0, 113, 1, 0, 0, 0, 0, 0, 0, 0], [0, 2, 112, 0, 0, 0, 0, 0, 0, 0], [0, 0, 0, 105, 0, 0, 0, 0, 0, 0], [0, 0, 0, 0, 115, 0, 0, 0, 0, 0], [0, 0, 0, 0, 0, 105, 0, 0, 0, 0], [0, 0, 0, 0, 0, 0, 105, 0, 0, 0], [0, 0, 0, 0, 0, 0, 0, 113, 0, 1], [1, 0, 0, 0, 0, 1, 0, 1, 103, 0], [0, 0, 0, 0, 0, 1, 0, 0, 1, 103]]}"
pen-based,euclidean,3,borda,RetentionPolicy.NEVER_RETAIN,1,10,9893,1099,0.0016812999965623021,0.17178430000058142,0.17346559999714373,0.9936305732484076,0.993703199126702,0.9937245287130871,0.9936804280599818,0.9936724341772446,0.9936305732484076,0.9936183661229235,"{""labels"": [""0"", ""1"", ""2"", ""3"", ""4"", ""5"", ""6"", ""7"", ""8"", ""9""], ""matrix"": [[114, 0, 0, 0, 1, 0, 0, 0, 0, 0], [0, 114, 0, 0, 0, 0, 0, 0, 0, 0], [0, 0, 114, 0, 0, 0, 0, 0, 0, 0], [0, 0, 0, 103, 0, 0, 0, 1, 0, 1], [0, 0, 0, 0, 114, 1, 0, 0, 0, 0], [0, 0, 0, 0, 0, 105, 0, 0, 0, 0], [0, 0, 0, 0, 0, 0, 106, 0, 0, 0], [0, 1, 1, 0, 0, 0, 0, 111, 0, 1], [0, 0, 0, 0, 0, 0, 0, 0, 105, 0], [0, 0, 0, 0, 0, 0, 0, 0, 0, 106]]}"
pen-based,euclidean,3,borda,RetentionPolicy.NEVER_RETAIN,2,10,9895,1097,0.0014690000025439076,0.1680930000002263,0.16956200000277022,0.9954421148587056,0.9954393297343318,0.9953960989430097,0.9953959092852054,0.9954841192613894,0.9954421148587056,0.9954419319421973,"{""labels"": [""0"", ""1"", ""2"", ""3"", ""4"", ""5"", ""6"", ""7"", ""8"", ""9""], ""matrix"": [[114, 0, 0, 0, 0, 0, 0, 0, 0, 0], [0, 114, 0, 0, 1, 0, 0, 0, 0, 0], [0, 0, 115, 0, 0, 0, 0, 0, 0, 0], [0, 0, 0, 104, 0, 1, 0, 0, 0, 0], [0, 0, 0, 0, 114, 0, 0, 0, 0, 0], [0, 0, 0, 0, 0, 105, 0, 0, 0, 0], [0, 0, 0, 0, 0, 0, 105, 0, 0, 0], [0, 1, 0, 0, 0, 0, 0, 113, 0, 0], [0, 0, 0, 0, 0, 0, 0, 0, 105, 0], [0, 0, 0, 1, 0, 1, 0, 0, 0, 103]]}"
pen-based,euclidean,3,borda,RetentionPolicy.NEVER_RETAIN,3,10,9892,1100,0.0014726000008522533,0.16976710000017192,0.17123970000102418,0.9927272727272727,0.9928199307898303,0.9927874032908358,0.9927842040105552,0.9927667007429812,0.9927272727272727,0.9927270931982196,"{""labels"": [""0"", ""1"", ""2"", ""3"", ""4"", ""5"", ""6"", ""7"", ""8"", ""9""], ""matrix"": [[114, 0, 0, 0, 0, 0, 0, 0, 0, 0], [0, 113, 0, 1, 0, 0, 0, 0, 0, 0], [0, 0, 114, 0, 0, 0, 0, 1, 0, 0], [0, 1, 1, 103, 0, 0, 0, 0, 0, 0], [0, 0, 0, 0, 115, 0, 0, 0, 0, 0], [0, 0, 0, 1, 0, 104, 0, 0, 0, 0], [0, 0, 0, 0, 0, 0, 105, 0, 0, 0], [0, 2, 0, 0, 0, 0, 0, 112, 1, 0], [0, 0, 0, 0, 0, 0, 0, 0, 106, 0], [0, 0, 0, 0, 0, 0, 0, 0, 0, 106]]}"
pen-based,euclidean,3,borda,RetentionPolicy.NEVER_RETAIN,4,10,9894,1098,0.0015827999959583394,0.16688990000693593,0.16847270000289427,0.9954462659380692,0.9955195043987441,0.9953388804250165,0.995404421537424,0.9955027744401849,0.9954462659380692,0.9954498073796829,"{""labels"": [""0"", ""1"", ""2"", ""3"", ""4"", ""5"", ""6"", ""7"", ""8"", ""9""], ""matrix"": [[114, 0, 0, 0, 0, 0, 0, 0, 0, 0], [0, 114, 1, 0, 0, 0, 0, 0, 0, 0], [0, 0, 114, 0, 0, 0, 0, 0, 0, 0], [0, 0, 1, 104, 0, 0, 0, 0, 0, 0], [0, 0, 0, 0, 114, 0, 0, 0, 0, 0], [0, 0, 0, 2, 0, 104, 0, 0, 0, 0], [0, 0, 0, 0, 0, 0, 106, 0, 0, 0], [0, 0, 0, 0, 0, 0, 0, 114, 0, 0], [0, 0, 0, 0, 0, 0, 0, 0, 105, 0], [0, 0, 0, 0, 1, 0, 0, 0, 0, 104]]}"
pen-based,euclidean,3,borda,RetentionPolicy.NEVER_RETAIN,5,10,9894,1098,0.0016560000003664754,0.16978959999687504,0.17144559999724152,0.9927140255009107,0.9927177538850277,0.9926065162907267,0.992632207581089,0.9927972095034641,0.9927140255009107,0.9927263139171141,"{""labels"": [""0"", ""1"", ""2"", ""3"", ""4"", ""5"", ""6"", ""7"", ""8"", ""9""], ""matrix"": [[114, 0, 0, 0, 0, 0, 0, 0, 0, 0], [0, 113, 0, 1, 0, 0, 0, 0, 0, 0], [0, 0, 113, 1, 0, 0, 0, 0, 0, 0], [0, 1, 0, 104, 0, 0, 0, 0, 0, 0], [0, 0, 0, 0, 113, 0, 0, 0, 0, 1], [0, 0, 0, 1, 0, 103, 1, 0, 0, 0], [0, 0, 0, 0, 0, 0, 108, 0, 0, 0], [0, 0, 0, 0, 0, 0, 0, 114, 0, 0], [0, 0, 0, 0, 0, 0, 0, 1, 104, 0], [0, 1, 0, 0, 0, 0, 0, 0, 0, 104]]}"
pen-based,euclidean,3,borda,RetentionPolicy.NEVER_RETAIN,6,10,9890,1102,0.0016191999966395088,0.17111840000143275,0.17273759999807226,0.9945553539019963,0.9946908967188554,0.9944959335079167,0.9945575857373221,0.9946262611879926,0.9945553539019963,0.9945545346780644,"{""labels"": [""0"", ""1"", ""2"", ""3"", ""4"", ""5"", ""6"", ""7"", ""8"", ""9""], ""matrix"": [[114, 0, 0, 0, 0, 0, 0, 0, 0, 0], [0, 113, 2, 0, 0, 0, 0, 0, 0, 0], [0, 0, 114, 0, 0, 0, 0, 0, 0, 0], [0, 0, 0, 108, 0, 0, 0, 0, 0, 0], [0, 0, 0, 0, 114, 0, 0, 0, 0, 0], [0, 0, 0, 1, 0, 105, 0, 0, 0, 0], [0, 0, 0, 0, 0, 1, 104, 0, 0, 0], [0, 0, 0, 0, 0, 0, 0, 114, 0, 0], [0, 0, 0, 0, 0, 0, 0, 0, 105, 0], [0, 0, 0, 0, 2, 0, 0, 0, 0, 105]]}"
pen-based,euclidean,3,borda,RetentionPolicy.NEVER_RETAIN,7,10,9892,1100,0.0016055999949458055,0.1685462000023108,0.1701517999972566,0.99,0.9903671972509491,0.9901342980091739,0.9901913854950223,0.9901181374690549,0.99,0.989998933402697,"{""labels"": [""0"", ""1"", ""2"", ""3"", ""4"", ""5"", ""6"", ""7"", ""8"", ""9""], ""matrix"": [[112, 0, 0, 0, 2, 0, 0, 0, 0, 0], [0, 111, 3, 0, 0, 0, 0, 0, 0, 0], [0, 1, 111, 2, 0, 0, 0, 0, 0, 0], [0, 0, 0, 107, 0, 0, 0, 0, 0, 0], [0, 0, 0, 0, 114, 0, 0, 0, 0, 0], [0, 0, 0, 0, 0, 106, 0, 0, 0, 0], [0, 0, 0, 0, 0, 0, 105, 0, 0, 0], [0, 0, 0, 0, 0, 0, 0, 115, 0, 0], [0, 0, 0, 0, 0, 0, 0, 1, 105, 0], [0, 0, 0, 0, 1, 0, 0, 1, 0, 103]]}"
pen-based,euclidean,3,borda,RetentionPolicy.NEVER_RETAIN,8,10,9894,1098,0.001469100003305357,0.16865010000037728,0.17011920000368264,0.9927140255009107,0.9928214192639222,0.9927073014776482,0.9927399178407903,0.9927537202189485,0.9927140255009107,0.9927093732950387,"{""labels"": [""0"", ""1"", ""2"", ""3"", ""4"", ""5"", ""6"", ""7"", ""8"", ""9""], ""matrix"": [[113, 0, 0, 0, 0, 0, 1, 0, 0, 0], [0, 112, 1, 0, 0, 0, 0, 1, 0, 0], [0, 1, 114, 0, 0, 0, 0, 0, 0, 0], [0, 0, 0, 104, 1, 0, 0, 0, 0, 0], [0, 0, 0, 0, 114, 0, 0, 0, 0, 0], [0, 0, 0, 0, 0, 104, 0, 1, 1, 0], [0, 0, 0, 0, 0, 0, 105, 0, 0, 0], [0, 0, 0, 0, 0, 0, 0, 114, 0, 0], [0, 0, 0, 0, 0, 0, 0, 0, 106, 0], [0, 0, 0, 0, 0, 1, 0, 0, 0, 104]]}"
pen-based,euclidean,3,borda,RetentionPolicy.NEVER_RETAIN,9,10,9890,1102,0.0014289000027929433,0.16763450000144076,0.1690634000042337,0.9945553539019963,0.9945759402335259,0.9945368754124854,0.9945366865404116,0.9945873709853693,0.9945553539019963,0.9945512315756814,"{""labels"": [""0"", ""1"", ""2"", ""3"", ""4"", ""5"", ""6"", ""7"", ""8"", ""9""], ""matrix"": [[114, 0, 0, 0, 1, 0, 0, 0, 0, 0], [0, 112, 1, 1, 0, 0, 0, 0, 0, 0], [0, 0, 115, 0, 0, 0, 0, 0, 0, 0], [0, 0, 0, 104, 0, 0, 0, 0, 0, 1], [0, 0, 0, 0, 115, 0, 0, 0, 0, 0], [0, 0, 0, 0, 0, 105, 0, 0, 1, 0], [0, 0, 0, 0, 0, 0, 106, 0, 0, 0], [0, 0, 0, 0, 0, 0, 0, 114, 0, 0], [0, 0, 0, 0, 0, 0, 0, 0, 106, 0], [0, 0, 0, 0, 0, 0, 0, 1, 0, 105]]}"
pen-based,euclidean,3,borda,RetentionPolicy.DIFFERENT_CLASS_RETENTION,0,10,9894,1098,0.0014902999973855913,0.1656137000027229,0.1671040000001085,0.9918032786885246,0.9918444160634499,0.9917562774861682,0.9917747121836958,0.9918266843899861,0.9918032786885246,0.9917899053740561,"{""labels"": [""0"", ""1"", ""2"", ""3"", ""4"", ""5"", ""6"", ""7"", ""8"", ""9""], ""matrix"": [[115, 0, 0, 0, 0, 0, 0, 0, 0, 0], [0, 113, 1, 0, 0, 0, 0, 0, 0, 0], [0, 2, 112, 0, 0, 0, 0, 0, 0, 0], [0, 0, 0, 105, 0, 0, 0, 0, 0, 0], [0, 0, 0, 0, 115, 0, 0, 0, 0, 0], [0, 0, 0, 0, 0, 105, 0, 0, 0, 0], [0, 0, 0, 0, 0, 0, 105, 0, 0, 0], [0, 0, 0, 0, 0, 0, 0, 113, 0, 1], [1, 0, 0, 0, 0, 1, 0, 1, 103, 0], [0, 0, 0, 0, 0, 1, 0, 0, 1, 103]]}"
pen-based,euclidean,3,borda,RetentionPolicy.DIFFERENT_CLASS_RETENTION,1,10,9893,1099,0.0015200999987428077,0.17074690000299597,0.17226700000173878,0.9936305732484076,0.993703199126702,0.9937245287130871,0.9936804280599818,0.9936724341772446,0.9936305732484076,0.9936183661229235,"{""labels"": [""0"", ""1"", ""2"", ""3"", ""4"", ""5"", ""6"", ""7"", ""8"", ""9""], ""matrix"": [[114, 0, 0, 0, 1, 0, 0, 0, 0, 0], [0, 114, 0, 0, 0, 0, 0, 0, 0, 0], [0, 0, 114, 0, 0, 0, 0, 0, 0, 0], [0, 0, 0, 103, 0, 0, 0, 1, 0, 1], [0, 0, 0, 0, 114, 1, 0, 0, 0, 0], [0, 0, 0, 0, 0, 105, 0, 0, 0, 0], [0, 0, 0, 0, 0, 0, 106, 0, 0, 0], [0, 1, 1, 0, 0, 0, 0, 111, 0, 1], [0, 0, 0, 0, 0, 0, 0, 0, 105, 0], [0, 0, 0, 0, 0, 0, 0, 0, 0, 106]]}"
pen-based,euclidean,3,borda,RetentionPolicy.DIFFERENT_CLASS_RETENTION,2,10,9895,1097,0.0016346000047633424,0.17229959999531275,0.1739342000000761,0.9954421148587056,0.9954393297343318,0.9953960989430097,0.9953959092852054,0.9954841192613894,0.9954421148587056,0.9954419319421973,"{""labels"": [""0"", ""1"", ""2"", ""3"", ""4"", ""5"", ""6"", ""7"", ""8"", ""9""], ""matrix"": [[114, 0, 0, 0, 0, 0, 0, 0, 0, 0], [0, 114, 0, 0, 1, 0, 0, 0, 0, 0], [0, 0, 115, 0, 0, 0, 0, 0, 0, 0], [0, 0, 0, 104, 0, 1, 0, 0, 0, 0], [0, 0, 0, 0, 114, 0, 0, 0, 0, 0], [0, 0, 0, 0, 0, 105, 0, 0, 0, 0], [0, 0, 0, 0, 0, 0, 105, 0, 0, 0], [0, 1, 0, 0, 0, 0, 0, 113, 0, 0], [0, 0, 0, 0, 0, 0, 0, 0, 105, 0], [0, 0, 0, 1, 0, 1, 0, 0, 0, 103]]}"
pen-based,euclidean,3,borda,RetentionPolicy.DIFFERENT_CLASS_RETENTION,3,10,9892,1100,0.0016427000009571202,0.17110150000371505,0.17274420000467217,0.9927272727272727,0.9928199307898303,0.9927874032908358,0.9927842040105552,0.9927667007429812,0.9927272727272727,0.9927270931982196,"{""labels"": [""0"", ""1"", ""2"", ""3"", ""4"", ""5"", ""6"", ""7"", ""8"", ""9""], ""matrix"": [[114, 0, 0, 0, 0, 0, 0, 0, 0, 0], [0, 113, 0, 1, 0, 0, 0, 0, 0, 0], [0, 0, 114, 0, 0, 0, 0, 1, 0, 0], [0, 1, 1, 103, 0, 0, 0, 0, 0, 0], [0, 0, 0, 0, 115, 0, 0, 0, 0, 0], [0, 0, 0, 1, 0, 104, 0, 0, 0, 0], [0, 0, 0, 0, 0, 0, 105, 0, 0, 0], [0, 2, 0, 0, 0, 0, 0, 112, 1, 0], [0, 0, 0, 0, 0, 0, 0, 0, 106, 0], [0, 0, 0, 0, 0, 0, 0, 0, 0, 106]]}"
pen-based,euclidean,3,borda,RetentionPolicy.DIFFERENT_CLASS_RETENTION,4,10,9894,1098,0.0018236999967484735,0.1724291999998968,0.17425289999664528,0.9954462659380692,0.9955195043987441,0.9953388804250165,0.995404421537424,0.9955027744401849,0.9954462659380692,0.9954498073796829,"{""labels"": [""0"", ""1"", ""2"", ""3"", ""4"", ""5"", ""6"", ""7"", ""8"", ""9""], ""matrix"": [[114, 0, 0, 0, 0, 0, 0, 0, 0, 0], [0, 114, 1, 0, 0, 0, 0, 0, 0, 0], [0, 0, 114, 0, 0, 0, 0, 0, 0, 0], [0, 0, 1, 104, 0, 0, 0, 0, 0, 0], [0, 0, 0, 0, 114, 0, 0, 0, 0, 0], [0, 0, 0, 2, 0, 104, 0, 0, 0, 0], [0, 0, 0, 0, 0, 0, 106, 0, 0, 0], [0, 0, 0, 0, 0, 0, 0, 114, 0, 0], [0, 0, 0, 0, 0, 0, 0, 0, 105, 0], [0, 0, 0, 0, 1, 0, 0, 0, 0, 104]]}"
pen-based,euclidean,3,borda,RetentionPolicy.DIFFERENT_CLASS_RETENTION,5,10,9894,1098,0.0015149999962886795,0.16751990000193473,0.1690348999982234,0.9927140255009107,0.9927177538850277,0.9926065162907267,0.992632207581089,0.9927972095034641,0.9927140255009107,0.9927263139171141,"{""labels"": [""0"", ""1"", ""2"", ""3"", ""4"", ""5"", ""6"", ""7"", ""8"", ""9""], ""matrix"": [[114, 0, 0, 0, 0, 0, 0, 0, 0, 0], [0, 113, 0, 1, 0, 0, 0, 0, 0, 0], [0, 0, 113, 1, 0, 0, 0, 0, 0, 0], [0, 1, 0, 104, 0, 0, 0, 0, 0, 0], [0, 0, 0, 0, 113, 0, 0, 0, 0, 1], [0, 0, 0, 1, 0, 103, 1, 0, 0, 0], [0, 0, 0, 0, 0, 0, 108, 0, 0, 0], [0, 0, 0, 0, 0, 0, 0, 114, 0, 0], [0, 0, 0, 0, 0, 0, 0, 1, 104, 0], [0, 1, 0, 0, 0, 0, 0, 0, 0, 104]]}"
pen-based,euclidean,3,borda,RetentionPolicy.DIFFERENT_CLASS_RETENTION,6,10,9890,1102,0.0015107999934116378,0.16859560000011697,0.1701063999935286,0.9954627949183303,0.9955454694324984,0.995430512947169,0.9954643823903458,0.9955103019262443,0.9954627949183303,0.9954624968362888,"{""labels"": [""0"", ""1"", ""2"", ""3"", ""4"", ""5"", ""6"", ""7"", ""8"", ""9""], ""matrix"": [[114, 0, 0, 0, 0, 0, 0, 0, 0, 0], [0, 113, 2, 0, 0, 0, 0, 0, 0, 0], [0, 0, 114, 0, 0, 0, 0, 0, 0, 0], [0, 0, 0, 108, 0, 0, 0, 0, 0, 0], [0, 0, 0, 0, 114, 0, 0, 0, 0, 0], [0, 0, 0, 1, 0, 105, 0, 0, 0, 0], [0, 0, 0, 0, 0, 1, 104, 0, 0, 0], [0, 0, 0, 0, 0, 0, 0, 114, 0, 0], [0, 0, 0, 0, 0, 0, 0, 0, 105, 0], [0, 0, 0, 0, 1, 0, 0, 0, 0, 106]]}"
pen-based,euclidean,3,borda,RetentionPolicy.DIFFERENT_CLASS_RETENTION,7,10,9892,1100,0.0014972999997553416,0.16826939999737078,0.16976669999712612,0.990909090909091,0.9912071618840171,0.9910114909916301,0.9910649486941836,0.9909886462705981,0.990909090909091,0.990904262536373,"{""labels"": [""0"", ""1"", ""2"", ""3"", ""4"", ""5"", ""6"", ""7"", ""8"", ""9""], ""matrix"": [[113, 0, 0, 0, 1, 0, 0, 0, 0, 0], [0, 111, 3, 0, 0, 0, 0, 0, 0, 0], [0, 1, 111, 2, 0, 0, 0, 0, 0, 0], [0, 0, 0, 107, 0, 0, 0, 0, 0, 0], [0, 0, 0, 0, 114, 0, 0, 0, 0, 0], [0, 0, 0, 0, 0, 106, 0, 0, 0, 0], [0, 0, 0, 0, 0, 0, 105, 0, 0, 0], [0, 0, 0, 0, 0, 0, 0, 115, 0, 0], [0, 0, 0, 0, 0, 0, 0, 1, 105, 0], [0, 0, 0, 0, 1, 0, 0, 1, 0, 103]]}"
pen-based,euclidean,3,borda,RetentionPolicy.DIFFERENT_CLASS_RETENTION,8,10,9894,1098,0.0014348999975482002,0.1706893000009586,0.1721241999985068,0.9927140255009107,0.9928214192639222,0.9927073014776482,0.9927399178407903,0.9927537202189485,0.9927140255009107,0.9927093732950387,"{""labels"": [""0"", ""1"", ""2"", ""3"", ""4"", ""5"", ""6"", ""7"", ""8"", ""9""], ""matrix"": [[113, 0, 0, 0, 0, 0, 1, 0, 0, 0], [0, 112, 1, 0, 0, 0, 0, 1, 0, 0], [0, 1, 114, 0, 0, 0, 0, 0, 0, 0], [0, 0, 0, 104, 1, 0, 0, 0, 0, 0], [0, 0, 0, 0, 114, 0, 0, 0, 0, 0], [0, 0, 0, 0, 0, 104, 0, 1, 1, 0], [0, 0, 0, 0, 0, 0, 105, 0, 0, 0], [0, 0, 0, 0, 0, 0, 0, 114, 0, 0], [0, 0, 0, 0, 0, 0, 0, 0, 106, 0], [0, 0, 0, 0, 0, 1, 0, 0, 0, 104]]}"
pen-based,euclidean,3,borda,RetentionPolicy.DIFFERENT_CLASS_RETENTION,9,10,9890,1102,0.0018058999994536862,0.16940900000190595,0.17121490000135964,0.9945553539019963,0.9945759402335259,0.9945368754124854,0.9945366865404116,0.9945873709853693,0.9945553539019963,0.9945512315756814,"{""labels"": [""0"", ""1"", ""2"", ""3"", ""4"", ""5"", ""6"", ""7"", ""8"", ""9""], ""matrix"": [[114, 0, 0, 0, 1, 0, 0, 0, 0, 0], [0, 112, 1, 1, 0, 0, 0, 0, 0, 0], [0, 0, 115, 0, 0, 0, 0, 0, 0, 0], [0, 0, 0, 104, 0, 0, 0, 0, 0, 1], [0, 0, 0, 0, 115, 0, 0, 0, 0, 0], [0, 0, 0, 0, 0, 105, 0, 0, 1, 0], [0, 0, 0, 0, 0, 0, 106, 0, 0, 0], [0, 0, 0, 0, 0, 0, 0, 114, 0, 0], [0, 0, 0, 0, 0, 0, 0, 0, 106, 0], [0, 0, 0, 0, 0, 0, 0, 1, 0, 105]]}"
pen-based,euclidean,3,borda,RetentionPolicy.DD_RETENTION,0,10,9894,1098,0.0016411999968113378,0.1719576000032248,0.17359880000003614,0.9918032786885246,0.9918444160634499,0.9917562774861682,0.9917747121836958,0.9918266843899861,0.9918032786885246,0.9917899053740561,"{""labels"": [""0"", ""1"", ""2"", ""3"", ""4"", ""5"", ""6"", ""7"", ""8"", ""9""], ""matrix"": [[115, 0, 0, 0, 0, 0, 0, 0, 0, 0], [0, 113, 1, 0, 0, 0, 0, 0, 0, 0], [0, 2, 112, 0, 0, 0, 0, 0, 0, 0], [0, 0, 0, 105, 0, 0, 0, 0, 0, 0], [0, 0, 0, 0, 115, 0, 0, 0, 0, 0], [0, 0, 0, 0, 0, 105, 0, 0, 0, 0], [0, 0, 0, 0, 0, 0, 105, 0, 0, 0], [0, 0, 0, 0, 0, 0, 0, 113, 0, 1], [1, 0, 0, 0, 0, 1, 0, 1, 103, 0], [0, 0, 0, 0, 0, 1, 0, 0, 1, 103]]}"
pen-based,euclidean,3,borda,RetentionPolicy.DD_RETENTION,1,10,9893,1099,0.001618800000869669,0.17353369999909773,0.1751524999999674,0.9936305732484076,0.993703199126702,0.9937245287130871,0.9936804280599818,0.9936724341772446,0.9936305732484076,0.9936183661229235,"{""labels"": [""0"", ""1"", ""2"", ""3"", ""4"", ""5"", ""6"", ""7"", ""8"", ""9""], ""matrix"": [[114, 0, 0, 0, 1, 0, 0, 0, 0, 0], [0, 114, 0, 0, 0, 0, 0, 0, 0, 0], [0, 0, 114, 0, 0, 0, 0, 0, 0, 0], [0, 0, 0, 103, 0, 0, 0, 1, 0, 1], [0, 0, 0, 0, 114, 1, 0, 0, 0, 0], [0, 0, 0, 0, 0, 105, 0, 0, 0, 0], [0, 0, 0, 0, 0, 0, 106, 0, 0, 0], [0, 1, 1, 0, 0, 0, 0, 111, 0, 1], [0, 0, 0, 0, 0, 0, 0, 0, 105, 0], [0, 0, 0, 0, 0, 0, 0, 0, 0, 106]]}"
pen-based,euclidean,3,borda,RetentionPolicy.DD_RETENTION,2,10,9895,1097,0.0015187999961199239,0.16774260000238428,0.1692613999985042,0.9963536918869644,0.9963650923864213,0.9963484798953907,0.9963484414243485,0.9963702184270173,0.9963536918869644,0.9963536536797545,"{""labels"": [""0"", ""1"", ""2"", ""3"", ""4"", ""5"", ""6"", ""7"", ""8"", ""9""], ""matrix"": [[114, 0, 0, 0, 0, 0, 0, 0, 0, 0], [0, 114, 0, 0, 1, 0, 0, 0, 0, 0], [0, 0, 115, 0, 0, 0, 0, 0, 0, 0], [0, 0, 0, 104, 0, 1, 0, 0, 0, 0], [0, 0, 0, 0, 114, 0, 0, 0, 0, 0], [0, 0, 0, 0, 0, 105, 0, 0, 0, 0], [0, 0, 0, 0, 0, 0, 105, 0, 0, 0], [0, 1, 0, 0, 0, 0, 0, 113, 0, 0], [0, 0, 0, 0, 0, 0, 0, 0, 105, 0], [0, 0, 0, 1, 0, 0, 0, 0, 0, 104]]}"
pen-based,euclidean,3,borda,RetentionPolicy.DD_RETENTION,3,10,9892,1100,0.0018601000047056004,0.1728335000007064,0.174693600005412,0.9927272727272727,0.9928199307898303,0.9927874032908358,0.9927842040105552,0.9927667007429812,0.9927272727272727,0.9927270931982196,"{""labels"": [""0"", ""1"", ""2"", ""3"", ""4"", ""5"", ""6"", ""7"", ""8"", ""9""], ""matrix"": [[114, 0, 0, 0, 0, 0, 0, 0, 0, 0], [0, 113, 0, 1, 0, 0, 0, 0, 0, 0], [0, 0, 114, 0, 0, 0, 0, 1, 0, 0], [0, 1, 1, 103, 0, 0, 0, 0, 0, 0], [0, 0, 0, 0, 115, 0, 0, 0, 0, 0], [0, 0, 0, 1, 0, 104, 0, 0, 0, 0], [0, 0, 0, 0, 0, 0, 105, 0, 0, 0], [0, 2, 0, 0, 0, 0, 0, 112, 1, 0], [0, 0, 0, 0, 0, 0, 0, 0, 106, 0], [0, 0, 0, 0, 0, 0, 0, 0, 0, 106]]}"
pen-based,euclidean,3,borda,RetentionPolicy.DD_RETENTION,4,10,9894,1098,0.001528399996459484,0.1728231000015512,0.1743514999980107,0.9954462659380692,0.9955195043987441,0.9953388804250165,0.995404421537424,0.9955027744401849,0.9954462659380692,0.9954498073796829,"{""labels"": [""0"", ""1"", ""2"", ""3"", ""4"", ""5"", ""6"", ""7"", ""8"", ""9""], ""matrix"": [[114, 0, 0, 0, 0, 0, 0, 0, 0, 0], [0, 114, 1, 0, 0, 0, 0, 0, 0, 0], [0, 0, 114, 0, 0, 0, 0, 0, 0, 0], [0, 0, 1, 104, 0, 0, 0, 0, 0, 0], [0, 0, 0, 0, 114, 0, 0, 0, 0, 0], [0, 0, 0, 2, 0, 104, 0, 0, 0, 0], [0, 0, 0, 0, 0, 0, 106, 0, 0, 0], [0, 0, 0, 0, 0, 0, 0, 114, 0, 0], [0, 0, 0, 0, 0, 0, 0, 0, 105, 0], [0, 0, 0, 0, 1, 0, 0, 0, 0, 104]]}"
pen-based,euclidean,3,borda,RetentionPolicy.DD_RETENTION,5,10,9894,1098,0.0015428999977302738,0.17034489999787183,0.1718877999956021,0.9927140255009107,0.9927177538850277,0.9926065162907267,0.992632207581089,0.9927972095034641,0.9927140255009107,0.9927263139171141,"{""labels"": [""0"", ""1"", ""2"", ""3"", ""4"", ""5"", ""6"", ""7"", ""8"", ""9""], ""matrix"": [[114, 0, 0, 0, 0, 0, 0, 0, 0, 0], [0, 113, 0, 1, 0, 0, 0, 0, 0, 0], [0, 0, 113, 1, 0, 0, 0, 0, 0, 0], [0, 1, 0, 104, 0, 0, 0, 0, 0, 0], [0, 0, 0, 0, 113, 0, 0, 0, 0, 1], [0, 0, 0, 1, 0, 103, 1, 0, 0, 0], [0, 0, 0, 0, 0, 0, 108, 0, 0, 0], [0, 0, 0, 0, 0, 0, 0, 114, 0, 0], [0, 0, 0, 0, 0, 0, 0, 1, 104, 0], [0, 1, 0, 0, 0, 0, 0, 0, 0, 104]]}"
pen-based,euclidean,3,borda,RetentionPolicy.DD_RETENTION,6,10,9890,1102,0.0016090999997686595,0.17134519999672193,0.1729542999964906,0.9945553539019963,0.9946908967188554,0.9944959335079167,0.9945575857373221,0.9946262611879926,0.9945553539019963,0.9945545346780644,"{""labels"": [""0"", ""1"", ""2"", ""3"", ""4"", ""5"", ""6"", ""7"", ""8"", ""9""], ""matrix"": [[114, 0, 0, 0, 0, 0, 0, 0, 0, 0], [0, 113, 2, 0, 0, 0, 0, 0, 0, 0], [0, 0, 114, 0, 0, 0, 0, 0, 0, 0], [0, 0, 0, 108, 0, 0, 0, 0, 0, 0], [0, 0, 0, 0, 114, 0, 0, 0, 0, 0], [0, 0, 0, 1, 0, 105, 0, 0, 0, 0], [0, 0, 0, 0, 0, 1, 104, 0, 0, 0], [0, 0, 0, 0, 0, 0, 0, 114, 0, 0], [0, 0, 0, 0, 0, 0, 0, 0, 105, 0], [0, 0, 0, 0, 2, 0, 0, 0, 0, 105]]}"
pen-based,euclidean,3,borda,RetentionPolicy.DD_RETENTION,7,10,9892,1100,0.001630800004932098,0.1733382000020356,0.1749690000069677,0.99,0.9903671972509491,0.9901342980091739,0.9901913854950223,0.9901181374690549,0.99,0.989998933402697,"{""labels"": [""0"", ""1"", ""2"", ""3"", ""4"", ""5"", ""6"", ""7"", ""8"", ""9""], ""matrix"": [[112, 0, 0, 0, 2, 0, 0, 0, 0, 0], [0, 111, 3, 0, 0, 0, 0, 0, 0, 0], [0, 1, 111, 2, 0, 0, 0, 0, 0, 0], [0, 0, 0, 107, 0, 0, 0, 0, 0, 0], [0, 0, 0, 0, 114, 0, 0, 0, 0, 0], [0, 0, 0, 0, 0, 106, 0, 0, 0, 0], [0, 0, 0, 0, 0, 0, 105, 0, 0, 0], [0, 0, 0, 0, 0, 0, 0, 115, 0, 0], [0, 0, 0, 0, 0, 0, 0, 1, 105, 0], [0, 0, 0, 0, 1, 0, 0, 1, 0, 103]]}"
pen-based,euclidean,3,borda,RetentionPolicy.DD_RETENTION,8,10,9894,1098,0.0015496999985771254,0.17353379999985918,0.1750834999984363,0.9927140255009107,0.9928214192639222,0.9927073014776482,0.9927399178407903,0.9927537202189485,0.9927140255009107,0.9927093732950387,"{""labels"": [""0"", ""1"", ""2"", ""3"", ""4"", ""5"", ""6"", ""7"", ""8"", ""9""], ""matrix"": [[113, 0, 0, 0, 0, 0, 1, 0, 0, 0], [0, 112, 1, 0, 0, 0, 0, 1, 0, 0], [0, 1, 114, 0, 0, 0, 0, 0, 0, 0], [0, 0, 0, 104, 1, 0, 0, 0, 0, 0], [0, 0, 0, 0, 114, 0, 0, 0, 0, 0], [0, 0, 0, 0, 0, 104, 0, 1, 1, 0], [0, 0, 0, 0, 0, 0, 105, 0, 0, 0], [0, 0, 0, 0, 0, 0, 0, 114, 0, 0], [0, 0, 0, 0, 0, 0, 0, 0, 106, 0], [0, 0, 0, 0, 0, 1, 0, 0, 0, 104]]}"
pen-based,euclidean,3,borda,RetentionPolicy.DD_RETENTION,9,10,9890,1102,0.0015937999996822327,0.17139139999926556,0.1729851999989478,0.9936479128856625,0.9936501775814364,0.9936596824300292,0.9936232544814804,0.9936968914833594,0.9936479128856625,0.9936400626201852,"{""labels"": [""0"", ""1"", ""2"", ""3"", ""4"", ""5"", ""6"", ""7"", ""8"", ""9""], ""matrix"": [[114, 0, 0, 0, 1, 0, 0, 0, 0, 0], [0, 111, 1, 1, 0, 0, 0, 0, 0, 1], [0, 0, 115, 0, 0, 0, 0, 0, 0, 0], [0, 0, 0, 104, 0, 0, 0, 0, 0, 1], [0, 0, 0, 0, 115, 0, 0, 0, 0, 0], [0, 0, 0, 0, 0, 105, 0, 0, 1, 0], [0, 0, 0, 0, 0, 0, 106, 0, 0, 0], [0, 0, 0, 0, 0, 0, 0, 114, 0, 0], [0, 0, 0, 0, 0, 0, 0, 0, 106, 0], [0, 0, 0, 0, 0, 0, 0, 1, 0, 105]]}"
pen-based,euclidean,3,modified_plurality,RetentionPolicy.ALWAYS_RETAIN,0,10,9894,1098,0.0014749999972991645,0.20476480000070296,0.20623979999800213,0.9963570127504554,0.9962897729033058,0.9962836336123327,0.996278455383201,0.996364782187974,0.9963570127504554,0.9963526616780509,"{""labels"": [""0"", ""1"", ""2"", ""3"", ""4"", ""5"", ""6"", ""7"", ""8"", ""9""], ""matrix"": [[115, 0, 0, 0, 0, 0, 0, 0, 0, 0], [0, 114, 0, 0, 0, 0, 0, 0, 0, 0], [0, 0, 114, 0, 0, 0, 0, 0, 0, 0], [0, 0, 0, 105, 0, 0, 0, 0, 0, 0], [0, 0, 0, 0, 115, 0, 0, 0, 0, 0], [0, 0, 0, 0, 0, 105, 0, 0, 0, 0], [0, 0, 0, 0, 0, 0, 105, 0, 0, 0], [0, 0, 0, 0, 0, 0, 0, 113, 0, 1], [1, 0, 0, 0, 0, 1, 0, 0, 104, 0], [0, 0, 0, 0, 0, 0, 0, 0, 1, 104]]}"
pen-based,euclidean,3,modified_plurality,RetentionPolicy.ALWAYS_RETAIN,1,10,9893,1099,0.0017399999996996485,0.21302850000211038,0.21476850000181003,0.991810737033667,0.9919715720514912,0.9919039395042158,0.9919004002978964,0.9918841182413333,0.991810737033667,0.9918103696562381,"{""labels"": [""0"", ""1"", ""2"", ""3"", ""4"", ""5"", ""6"", ""7"", ""8"", ""9""], ""matrix"": [[114, 1, 0, 0, 0, 0, 0, 0, 0, 0], [0, 113, 1, 0, 0, 0, 0, 0, 0, 0], [0, 0, 114, 0, 0, 0, 0, 0, 0, 0], [0, 0, 0, 103, 0, 0, 0, 1, 0, 1], [0, 0, 0, 0, 114, 1, 0, 0, 0, 0], [0, 0, 0, 0, 0, 105, 0, 0, 0, 0], [0, 0, 0, 0, 0, 0, 105, 1, 0, 0], [0, 1, 1, 0, 0, 0, 0, 111, 0, 1], [0, 0, 0, 0, 0, 0, 0, 0, 105, 0], [0, 0, 0, 0, 0, 0, 0, 0, 0, 106]]}"
pen-based,euclidean,3,modified_plurality,RetentionPolicy.ALWAYS_RETAIN,2,10,9895,1097,0.0015483000024687499,0.20538200000009965,0.2069303000025684,0.9954421148587056,0.9953911185432924,0.9953960989430097,0.9953637826179124,0.9955172412040947,0.9954421148587056,0.9954506424242489,"{""labels"": [""0"", ""1"", ""2"", ""3"", ""4"", ""5"", ""6"", ""7"", ""8"", ""9""], ""matrix"": [[113, 0, 0, 0, 0, 0, 0, 0, 0, 1], [0, 114, 0, 0, 1, 0, 0, 0, 0, 0], [0, 0, 115, 0, 0, 0, 0, 0, 0, 0], [0, 0, 0, 104, 0, 1, 0, 0, 0, 0], [0, 0, 0, 0, 114, 0, 0, 0, 0, 0], [0, 0, 0, 0, 0, 105, 0, 0, 0, 0], [0, 0, 0, 0, 0, 0, 105, 0, 0, 0], [0, 0, 0, 0, 0, 0, 0, 114, 0, 0], [0, 0, 0, 0, 0, 0, 0, 0, 105, 0], [0, 0, 0, 0, 0, 2, 0, 0, 0, 103]]}"
pen-based,euclidean,3,modified_plurality,RetentionPolicy.ALWAYS_RETAIN,3,10,9892,1100,0.0016117999984999187,0.21236740000313148,0.2139792000016314,0.99,0.9900749617161846,0.9900882641386074,0.9900450755718211,0.9900577600882945,0.99,0.9899920897107106,"{""labels"": [""0"", ""1"", ""2"", ""3"", ""4"", ""5"", ""6"", ""7"", ""8"", ""9""], ""matrix"": [[114, 0, 0, 0, 0, 0, 0, 0, 0, 0], [0, 112, 0, 2, 0, 0, 0, 0, 0, 0], [0, 0, 114, 0, 0, 0, 0, 1, 0, 0], [0, 1, 1, 103, 0, 0, 0, 0, 0, 0], [0, 0, 0, 0, 115, 0, 0, 0, 0, 0], [0, 0, 0, 1, 0, 103, 0, 0, 0, 1], [0, 0, 0, 0, 0, 0, 105, 0, 0, 0], [0, 2, 1, 0, 0, 0, 0, 111, 1, 0], [0, 0, 0, 0, 0, 0, 0, 0, 106, 0], [0, 0, 0, 0, 0, 0, 0, 0, 0, 106]]}"
pen-based,euclidean,3,modified_plurality,RetentionPolicy.ALWAYS_RETAIN,4,10,9894,1098,0.0015652000001864508,0.20666570000321371,0.20823090000340017,0.994535519125683,0.9946499391813527,0.9943864994726356,0.9944846707526998,0.9945999471652976,0.994535519125683,0.9945344707366918,"{""labels"": [""0"", ""1"", ""2"", ""3"", ""4"", ""5"", ""6"", ""7"", ""8"", ""9""], ""matrix"": [[114, 0, 0, 0, 0, 0, 0, 0, 0, 0], [0, 114, 1, 0, 0, 0, 0, 0, 0, 0], [0, 0, 114, 0, 0, 0, 0, 0, 0, 0], [0, 0, 1, 104, 0, 0, 0, 0, 0, 0], [0, 0, 0, 0, 114, 0, 0, 0, 0, 0], [0, 0, 0, 2, 0, 104, 0, 0, 0, 0], [0, 0, 0, 0, 0, 0, 106, 0, 0, 0], [0, 0, 0, 0, 0, 0, 0, 114, 0, 0], [0, 0, 0, 0, 0, 0, 0, 0, 105, 0], [0, 0, 0, 0, 1, 0, 0, 1, 0, 103]]}"
pen-based,euclidean,3,modified_plurality,RetentionPolicy.ALWAYS_RETAIN,5,10,9894,1098,0.0014936000006855465,0.20743360000051325,0.2089272000011988,0.9954462659380692,0.995431701969267,0.9953884711779448,0.9953928821826361,0.995488232085377,0.9954462659380692,0.9954504827287894,"{""labels"": [""0"", ""1"", ""2"", ""3"", ""4"", ""5"", ""6"", ""7"", ""8"", ""9""], ""matrix"": [[114, 0, 0, 0, 0, 0, 0, 0, 0, 0], [0, 113, 0, 1, 0, 0, 0, 0, 0, 0], [0, 0, 114, 0, 0, 0, 0, 0, 0, 0], [0, 0, 0, 105, 0, 0, 0, 0, 0, 0], [0, 0, 0, 0, 113, 0, 0, 0, 0, 1], [0, 0, 0, 1, 0, 104, 0, 0, 0, 0], [0, 0, 0, 0, 0, 0, 108, 0, 0, 0], [0, 0, 0, 0, 0, 0, 0, 114, 0, 0], [0, 0, 0, 0, 0, 0, 0, 1, 104, 0], [0, 1, 0, 0, 0, 0, 0, 0, 0, 104]]}"
pen-based,euclidean,3,modified_plurality,RetentionPolicy.ALWAYS_RETAIN,6,10,9890,1102,0.0016752000010455959,0.20903330000146525,0.21070850000251085,0.9945553539019963,0.9946908967188554,0.9944959335079167,0.9945575857373221,0.9946262611879926,0.9945553539019963,0.9945545346780644,"{""labels"": [""0"", ""1"", ""2"", ""3"", ""4"", ""5"", ""6"", ""7"", ""8"", ""9""], ""matrix"": [[114, 0, 0, 0, 0, 0, 0, 0, 0, 0], [0, 113, 2, 0, 0, 0, 0, 0, 0, 0], [0, 0, 114, 0, 0, 0, 0, 0, 0, 0], [0, 0, 0, 108, 0, 0, 0, 0, 0, 0], [0, 0, 0, 0, 114, 0, 0, 0, 0, 0], [0, 0, 0, 1, 0, 105, 0, 0, 0, 0], [0, 0, 0, 0, 0, 1, 104, 0, 0, 0], [0, 0, 0, 0, 0, 0, 0, 114, 0, 0], [0, 0, 0, 0, 0, 0, 0, 0, 105, 0], [0, 0, 0, 0, 2, 0, 0, 0, 0, 105]]}"
pen-based,euclidean,3,modified_plurality,RetentionPolicy.ALWAYS_RETAIN,7,10,9892,1100,0.002148999999917578,0.2100611000059871,0.21221010000590468,0.9927272727272727,0.9930873963201549,0.9928410649264672,0.9929219655768611,0.9928204888980752,0.9927272727272727,0.992730360873515,"{""labels"": [""0"", ""1"", ""2"", ""3"", ""4"", ""5"", ""6"", ""7"", ""8"", ""9""], ""matrix"": [[112, 0, 0, 0, 2, 0, 0, 0, 0, 0], [0, 111, 3, 0, 0, 0, 0, 0, 0, 0], [0, 1, 113, 0, 0, 0, 0, 0, 0, 0], [0, 0, 0, 107, 0, 0, 0, 0, 0, 0], [0, 0, 0, 0, 114, 0, 0, 0, 0, 0], [0, 0, 0, 0, 0, 106, 0, 0, 0, 0], [0, 0, 0, 0, 0, 0, 105, 0, 0, 0], [0, 0, 0, 0, 0, 0, 0, 115, 0, 0], [0, 0, 0, 0, 0, 0, 0, 1, 105, 0], [0, 0, 0, 0, 0, 0, 0, 1, 0, 104]]}"
pen-based,euclidean,3,modified_plurality,RetentionPolicy.ALWAYS_RETAIN,8,10,9894,1098,0.001498999998148065,0.21161120000033407,0.21311019999848213,0.994535519125683,0.9946574354332267,0.9944540596774957,0.994531594534242,0.9945912869423623,0.994535519125683,0.9945390287660411,"{""labels"": [""0"", ""1"", ""2"", ""3"", ""4"", ""5"", ""6"", ""7"", ""8"", ""9""], ""matrix"": [[113, 0, 0, 0, 0, 0, 1, 0, 0, 0], [0, 113, 1, 0, 0, 0, 0, 0, 0, 0], [0, 0, 115, 0, 0, 0, 0, 0, 0, 0], [0, 0, 0, 104, 1, 0, 0, 0, 0, 0], [0, 0, 0, 0, 114, 0, 0, 0, 0, 0], [0, 0, 0, 0, 0, 105, 0, 1, 0, 0], [0, 0, 0, 0, 0, 0, 105, 0, 0, 0], [0, 0, 0, 0, 0, 0, 0, 114, 0, 0], [0, 0, 0, 0, 0, 0, 0, 1, 105, 0], [0, 0, 0, 0, 0, 1, 0, 0, 0, 104]]}"
pen-based,euclidean,3,modified_plurality,RetentionPolicy.ALWAYS_RETAIN,9,10,9890,1102,0.0015551999968010932,0.2070817999992869,0.20863699999608798,0.9927404718693285,0.9928028448375519,0.9927901172126379,0.9927535741891148,0.9928126513241332,0.9927404718693285,0.9927325015165368,"{""labels"": [""0"", ""1"", ""2"", ""3"", ""4"", ""5"", ""6"", ""7"", ""8"", ""9""], ""matrix"": [[113, 0, 0, 0, 1, 0, 0, 0, 0, 1], [0, 111, 2, 1, 0, 0, 0, 0, 0, 0], [0, 0, 115, 0, 0, 0, 0, 0, 0, 0], [0, 0, 0, 104, 0, 0, 0, 0, 0, 1], [0, 0, 0, 0, 115, 0, 0, 0, 0, 0], [0, 0, 0, 0, 0, 105, 0, 0, 1, 0], [0, 0, 0, 0, 0, 0, 106, 0, 0, 0], [0, 0, 0, 0, 0, 0, 0, 114, 0, 0], [0, 0, 0, 0, 0, 0, 0, 0, 106, 0], [0, 0, 0, 0, 0, 0, 0, 1, 0, 105]]}"
pen-based,euclidean,3,modified_plurality,RetentionPolicy.NEVER_RETAIN,0,10,9894,1098,0.0016816999996080995,0.18139269999664975,0.18307439999625785,0.9954462659380692,0.995364010251216,0.9954140683949415,0.9953723115833675,0.9954794900343363,0.9954462659380692,0.9954463601187651,"{""labels"": [""0"", ""1"", ""2"", ""3"", ""4"", ""5"", ""6"", ""7"", ""8"", ""9""], ""matrix"": [[115, 0, 0, 0, 0, 0, 0, 0, 0, 0], [0, 114, 0, 0, 0, 0, 0, 0, 0, 0], [0, 0, 114, 0, 0, 0, 0, 0, 0, 0], [0, 0, 0, 105, 0, 0, 0, 0, 0, 0], [0, 0, 0, 0, 114, 1, 0, 0, 0, 0], [0, 0, 0, 0, 0, 105, 0, 0, 0, 0], [0, 0, 0, 0, 0, 0, 105, 0, 0, 0], [0, 0, 0, 0, 0, 0, 0, 113, 0, 1], [1, 0, 0, 0, 0, 1, 0, 0, 104, 0], [0, 0, 0, 0, 0, 0, 0, 0, 1, 104]]}"
pen-based,euclidean,3,modified_plurality,RetentionPolicy.NEVER_RETAIN,1,10,9893,1099,0.001487400004407391,0.18428860000130953,0.18577600000571692,0.991810737033667,0.991993406249861,0.9919701427481747,0.991933587236467,0.9919067670003341,0.991810737033667,0.9918102954233238,"{""labels"": [""0"", ""1"", ""2"", ""3"", ""4"", ""5"", ""6"", ""7"", ""8"", ""9""], ""matrix"": [[114, 1, 0, 0, 0, 0, 0, 0, 0, 0], [0, 112, 2, 0, 0, 0, 0, 0, 0, 0], [0, 0, 114, 0, 0, 0, 0, 0, 0, 0], [0, 0, 0, 103, 0, 0, 0, 1, 0, 1], [0, 0, 0, 0, 114, 1, 0, 0, 0, 0], [0, 0, 0, 0, 0, 105, 0, 0, 0, 0], [0, 0, 0, 0, 0, 0, 106, 0, 0, 0], [0, 1, 1, 0, 0, 0, 0, 111, 0, 1], [0, 0, 0, 0, 0, 0, 0, 0, 105, 0], [0, 0, 0, 0, 0, 0, 0, 0, 0, 106]]}"
pen-based,euclidean,3,modified_plurality,RetentionPolicy.NEVER_RETAIN,2,10,9895,1097,0.0016025000004447065,0.17981330000475282,0.18141580000519753,0.9954421148587056,0.9953911185432924,0.9953960989430097,0.9953637826179124,0.9955172412040947,0.9954421148587056,0.9954506424242489,"{""labels"": [""0"", ""1"", ""2"", ""3"", ""4"", ""5"", ""6"", ""7"", ""8"", ""9""], ""matrix"": [[113, 0, 0, 0, 0, 0, 0, 0, 0, 1], [0, 114, 0, 0, 1, 0, 0, 0, 0, 0], [0, 0, 115, 0, 0, 0, 0, 0, 0, 0], [0, 0, 0, 104, 0, 1, 0, 0, 0, 0], [0, 0, 0, 0, 114, 0, 0, 0, 0, 0], [0, 0, 0, 0, 0, 105, 0, 0, 0, 0], [0, 0, 0, 0, 0, 0, 105, 0, 0, 0], [0, 0, 0, 0, 0, 0, 0, 114, 0, 0], [0, 0, 0, 0, 0, 0, 0, 0, 105, 0], [0, 0, 0, 0, 0, 2, 0, 0, 0, 103]]}"
pen-based,euclidean,3,modified_plurality,RetentionPolicy.NEVER_RETAIN,3,10,9892,1100,0.0017363000006298535,0.18197479999798816,0.183711099998618,0.99,0.9900749617161846,0.9900882641386074,0.9900450755718211,0.9900577600882945,0.99,0.9899920897107106,"{""labels"": [""0"", ""1"", ""2"", ""3"", ""4"", ""5"", ""6"", ""7"", ""8"", ""9""], ""matrix"": [[114, 0, 0, 0, 0, 0, 0, 0, 0, 0], [0, 112, 0, 2, 0, 0, 0, 0, 0, 0], [0, 0, 114, 0, 0, 0, 0, 1, 0, 0], [0, 1, 1, 103, 0, 0, 0, 0, 0, 0], [0, 0, 0, 0, 115, 0, 0, 0, 0, 0], [0, 0, 0, 1, 0, 103, 0, 0, 0, 1], [0, 0, 0, 0, 0, 0, 105, 0, 0, 0], [0, 2, 1, 0, 0, 0, 0, 111, 1, 0], [0, 0, 0, 0, 0, 0, 0, 0, 106, 0], [0, 0, 0, 0, 0, 0, 0, 0, 0, 106]]}"
pen-based,euclidean,3,modified_plurality,RetentionPolicy.NEVER_RETAIN,4,10,9894,1098,0.0015798000022186898,0.1824202999996487,0.1840001000018674,0.9936247723132969,0.9938099745482847,0.9935169342552443,0.9936150229116409,0.9937278527375221,0.9936247723132969,0.993627545730859,"{""labels"": [""0"", ""1"", ""2"", ""3"", ""4"", ""5"", ""6"", ""7"", ""8"", ""9""], ""matrix"": [[114, 0, 0, 0, 0, 0, 0, 0, 0, 0], [0, 113, 2, 0, 0, 0, 0, 0, 0, 0], [0, 0, 114, 0, 0, 0, 0, 0, 0, 0], [0, 0, 1, 104, 0, 0, 0, 0, 0, 0], [0, 0, 0, 0, 114, 0, 0, 0, 0, 0], [0, 0, 0, 2, 0, 104, 0, 0, 0, 0], [0, 0, 0, 0, 0, 0, 106, 0, 0, 0], [0, 0, 0, 0, 0, 0, 0, 114, 0, 0], [0, 0, 0, 0, 0, 0, 0, 0, 105, 0], [0, 0, 0, 0, 1, 0, 0, 1, 0, 103]]}"
pen-based,euclidean,3,modified_plurality,RetentionPolicy.NEVER_RETAIN,5,10,9894,1098,0.001459100007195957,0.18396929999289569,0.18542840000009164,0.9963570127504554,0.9963650923864213,0.996265664160401,0.9963028565195108,0.9963814437765136,0.9963570127504554,0.9963567842880752,"{""labels"": [""0"", ""1"", ""2"", ""3"", ""4"", ""5"", ""6"", ""7"", ""8"", ""9""], ""matrix"": [[114, 0, 0, 0, 0, 0, 0, 0, 0, 0], [0, 114, 0, 0, 0, 0, 0, 0, 0, 0], [0, 0, 114, 0, 0, 0, 0, 0, 0, 0], [0, 0, 0, 105, 0, 0, 0, 0, 0, 0], [0, 0, 0, 0, 113, 0, 0, 0, 0, 1], [0, 0, 0, 1, 0, 104, 0, 0, 0, 0], [0, 0, 0, 0, 0, 0, 108, 0, 0, 0], [0, 0, 0, 0, 0, 0, 0, 114, 0, 0], [0, 0, 0, 0, 0, 0, 0, 1, 104, 0], [0, 1, 0, 0, 0, 0, 0, 0, 0, 104]]}"
pen-based,euclidean,3,modified_plurality,RetentionPolicy.NEVER_RETAIN,6,10,9890,1102,0.0015037999983178452,0.17951190000167117,0.181015699999989,0.9945553539019963,0.9946908967188554,0.9944959335079167,0.9945575857373221,0.9946262611879926,0.9945553539019963,0.9945545346780644,"{""labels"": [""0"", ""1"", ""2"", ""3"", ""4"", ""5"", ""6"", ""7"", ""8"", ""9""], ""matrix"": [[114, 0, 0, 0, 0, 0, 0, 0, 0, 0], [0, 113, 2, 0, 0, 0, 0, 0, 0, 0], [0, 0, 114, 0, 0, 0, 0, 0, 0, 0], [0, 0, 0, 108, 0, 0, 0, 0, 0, 0], [0, 0, 0, 0, 114, 0, 0, 0, 0, 0], [0, 0, 0, 1, 0, 105, 0, 0, 0, 0], [0, 0, 0, 0, 0, 1, 104, 0, 0, 0], [0, 0, 0, 0, 0, 0, 0, 114, 0, 0], [0, 0, 0, 0, 0, 0, 0, 0, 105, 0], [0, 0, 0, 0, 2, 0, 0, 0, 0, 105]]}"
pen-based,euclidean,3,modified_plurality,RetentionPolicy.NEVER_RETAIN,7,10,9892,1100,0.0014897000000928529,0.18552350000391016,0.187013200004003,0.9927272727272727,0.9930873963201549,0.9928410649264672,0.9929219655768611,0.9928204888980752,0.9927272727272727,0.992730360873515,"{""labels"": [""0"", ""1"", ""2"", ""3"", ""4"", ""5"", ""6"", ""7"", ""8"", ""9""], ""matrix"": [[112, 0, 0, 0, 2, 0, 0, 0, 0, 0], [0, 111, 3, 0, 0, 0, 0, 0, 0, 0], [0, 1, 113, 0, 0, 0, 0, 0, 0, 0], [0, 0, 0, 107, 0, 0, 0, 0, 0, 0], [0, 0, 0, 0, 114, 0, 0, 0, 0, 0], [0, 0, 0, 0, 0, 106, 0, 0, 0, 0], [0, 0, 0, 0, 0, 0, 105, 0, 0, 0], [0, 0, 0, 0, 0, 0, 0, 115, 0, 0], [0, 0, 0, 0, 0, 0, 0, 1, 105, 0], [0, 0, 0, 0, 0, 0, 0, 1, 0, 104]]}"
pen-based,euclidean,3,modified_plurality,RetentionPolicy.NEVER_RETAIN,8,10,9894,1098,0.001461400002881419,0.1851165999978548,0.1865780000007362,0.994535519125683,0.9946574354332267,0.9944540596774957,0.994531594534242,0.9945912869423623,0.994535519125683,0.9945390287660411,"{""labels"": [""0"", ""1"", ""2"", ""3"", ""4"", ""5"", ""6"", ""7"", ""8"", ""9""], ""matrix"": [[113, 0, 0, 0, 0, 0, 1, 0, 0, 0], [0, 113, 1, 0, 0, 0, 0, 0, 0, 0], [0, 0, 115, 0, 0, 0, 0, 0, 0, 0], [0, 0, 0, 104, 1, 0, 0, 0, 0, 0], [0, 0, 0, 0, 114, 0, 0, 0, 0, 0], [0, 0, 0, 0, 0, 105, 0, 1, 0, 0], [0, 0, 0, 0, 0, 0, 105, 0, 0, 0], [0, 0, 0, 0, 0, 0, 0, 114, 0, 0], [0, 0, 0, 0, 0, 0, 0, 1, 105, 0], [0, 0, 0, 0, 0, 1, 0, 0, 0, 104]]}"
pen-based,euclidean,3,modified_plurality,RetentionPolicy.NEVER_RETAIN,9,10,9890,1102,0.0015478999994229525,0.18662520000361837,0.18817310000304133,0.9927404718693285,0.9928028448375519,0.9927901172126379,0.9927535741891148,0.9928126513241332,0.9927404718693285,0.9927325015165368,"{""labels"": [""0"", ""1"", ""2"", ""3"", ""4"", ""5"", ""6"", ""7"", ""8"", ""9""], ""matrix"": [[113, 0, 0, 0, 1, 0, 0, 0, 0, 1], [0, 111, 2, 1, 0, 0, 0, 0, 0, 0], [0, 0, 115, 0, 0, 0, 0, 0, 0, 0], [0, 0, 0, 104, 0, 0, 0, 0, 0, 1], [0, 0, 0, 0, 115, 0, 0, 0, 0, 0], [0, 0, 0, 0, 0, 105, 0, 0, 1, 0], [0, 0, 0, 0, 0, 0, 106, 0, 0, 0], [0, 0, 0, 0, 0, 0, 0, 114, 0, 0], [0, 0, 0, 0, 0, 0, 0, 0, 106, 0], [0, 0, 0, 0, 0, 0, 0, 1, 0, 105]]}"
pen-based,euclidean,3,modified_plurality,RetentionPolicy.DIFFERENT_CLASS_RETENTION,0,10,9894,1098,0.001501099999586586,0.18398369999340503,0.1854847999929916,0.9954462659380692,0.995364010251216,0.9954140683949415,0.9953723115833675,0.9954794900343363,0.9954462659380692,0.9954463601187651,"{""labels"": [""0"", ""1"", ""2"", ""3"", ""4"", ""5"", ""6"", ""7"", ""8"", ""9""], ""matrix"": [[115, 0, 0, 0, 0, 0, 0, 0, 0, 0], [0, 114, 0, 0, 0, 0, 0, 0, 0, 0], [0, 0, 114, 0, 0, 0, 0, 0, 0, 0], [0, 0, 0, 105, 0, 0, 0, 0, 0, 0], [0, 0, 0, 0, 114, 1, 0, 0, 0, 0], [0, 0, 0, 0, 0, 105, 0, 0, 0, 0], [0, 0, 0, 0, 0, 0, 105, 0, 0, 0], [0, 0, 0, 0, 0, 0, 0, 113, 0, 1], [1, 0, 0, 0, 0, 1, 0, 0, 104, 0], [0, 0, 0, 0, 0, 0, 0, 0, 1, 104]]}"
pen-based,euclidean,3,modified_plurality,RetentionPolicy.DIFFERENT_CLASS_RETENTION,1,10,9893,1099,0.0015465999968000688,0.1869663000034052,0.18851290000020526,0.991810737033667,0.991993406249861,0.9919701427481747,0.991933587236467,0.9919067670003341,0.991810737033667,0.9918102954233238,"{""labels"": [""0"", ""1"", ""2"", ""3"", ""4"", ""5"", ""6"", ""7"", ""8"", ""9""], ""matrix"": [[114, 1, 0, 0, 0, 0, 0, 0, 0, 0], [0, 112, 2, 0, 0, 0, 0, 0, 0, 0], [0, 0, 114, 0, 0, 0, 0, 0, 0, 0], [0, 0, 0, 103, 0, 0, 0, 1, 0, 1], [0, 0, 0, 0, 114, 1, 0, 0, 0, 0], [0, 0, 0, 0, 0, 105, 0, 0, 0, 0], [0, 0, 0, 0, 0, 0, 106, 0, 0, 0], [0, 1, 1, 0, 0, 0, 0, 111, 0, 1], [0, 0, 0, 0, 0, 0, 0, 0, 105, 0], [0, 0, 0, 0, 0, 0, 0, 0, 0, 106]]}"
pen-based,euclidean,3,modified_plurality,RetentionPolicy.DIFFERENT_CLASS_RETENTION,2,10,9895,1097,0.0015195000014500692,0.18336109999654582,0.1848805999979959,0.9954421148587056,0.9953911185432924,0.9953960989430097,0.9953637826179124,0.9955172412040947,0.9954421148587056,0.9954506424242489,"{""labels"": [""0"", ""1"", ""2"", ""3"", ""4"", ""5"", ""6"", ""7"", ""8"", ""9""], ""matrix"": [[113, 0, 0, 0, 0, 0, 0, 0, 0, 1], [0, 114, 0, 0, 1, 0, 0, 0, 0, 0], [0, 0, 115, 0, 0, 0, 0, 0, 0, 0], [0, 0, 0, 104, 0, 1, 0, 0, 0, 0], [0, 0, 0, 0, 114, 0, 0, 0, 0, 0], [0, 0, 0, 0, 0, 105, 0, 0, 0, 0], [0, 0, 0, 0, 0, 0, 105, 0, 0, 0], [0, 0, 0, 0, 0, 0, 0, 114, 0, 0], [0, 0, 0, 0, 0, 0, 0, 0, 105, 0], [0, 0, 0, 0, 0, 2, 0, 0, 0, 103]]}"
pen-based,euclidean,3,modified_plurality,RetentionPolicy.DIFFERENT_CLASS_RETENTION,3,10,9892,1100,0.0015247999981511384,0.1834357000043383,0.18496050000248943,0.99,0.9900749617161846,0.9900882641386074,0.9900450755718211,0.9900577600882945,0.99,0.9899920897107106,"{""labels"": [""0"", ""1"", ""2"", ""3"", ""4"", ""5"", ""6"", ""7"", ""8"", ""9""], ""matrix"": [[114, 0, 0, 0, 0, 0, 0, 0, 0, 0], [0, 112, 0, 2, 0, 0, 0, 0, 0, 0], [0, 0, 114, 0, 0, 0, 0, 1, 0, 0], [0, 1, 1, 103, 0, 0, 0, 0, 0, 0], [0, 0, 0, 0, 115, 0, 0, 0, 0, 0], [0, 0, 0, 1, 0, 103, 0, 0, 0, 1], [0, 0, 0, 0, 0, 0, 105, 0, 0, 0], [0, 2, 1, 0, 0, 0, 0, 111, 1, 0], [0, 0, 0, 0, 0, 0, 0, 0, 106, 0], [0, 0, 0, 0, 0, 0, 0, 0, 0, 106]]}"
pen-based,euclidean,3,modified_plurality,RetentionPolicy.DIFFERENT_CLASS_RETENTION,4,10,9894,1098,0.0015324000050895847,0.18889839999610558,0.19043080000119517,0.9936247723132969,0.9938099745482847,0.9935169342552443,0.9936150229116409,0.9937278527375221,0.9936247723132969,0.993627545730859,"{""labels"": [""0"", ""1"", ""2"", ""3"", ""4"", ""5"", ""6"", ""7"", ""8"", ""9""], ""matrix"": [[114, 0, 0, 0, 0, 0, 0, 0, 0, 0], [0, 113, 2, 0, 0, 0, 0, 0, 0, 0], [0, 0, 114, 0, 0, 0, 0, 0, 0, 0], [0, 0, 1, 104, 0, 0, 0, 0, 0, 0], [0, 0, 0, 0, 114, 0, 0, 0, 0, 0], [0, 0, 0, 2, 0, 104, 0, 0, 0, 0], [0, 0, 0, 0, 0, 0, 106, 0, 0, 0], [0, 0, 0, 0, 0, 0, 0, 114, 0, 0], [0, 0, 0, 0, 0, 0, 0, 0, 105, 0], [0, 0, 0, 0, 1, 0, 0, 1, 0, 103]]}"
pen-based,euclidean,3,modified_plurality,RetentionPolicy.DIFFERENT_CLASS_RETENTION,5,10,9894,1098,0.0016782000020612031,0.1842222999985097,0.1859005000005709,0.9954462659380692,0.995431701969267,0.9953884711779448,0.9953928821826361,0.995488232085377,0.9954462659380692,0.9954504827287894,"{""labels"": [""0"", ""1"", ""2"", ""3"", ""4"", ""5"", ""6"", ""7"", ""8"", ""9""], ""matrix"": [[114, 0, 0, 0, 0, 0, 0, 0, 0, 0], [0, 113, 0, 1, 0, 0, 0, 0, 0, 0], [0, 0, 114, 0, 0, 0, 0, 0, 0, 0], [0, 0, 0, 105, 0, 0, 0, 0, 0, 0], [0, 0, 0, 0, 113, 0, 0, 0, 0, 1], [0, 0, 0, 1, 0, 104, 0, 0, 0, 0], [0, 0, 0, 0, 0, 0, 108, 0, 0, 0], [0, 0, 0, 0, 0, 0, 0, 114, 0, 0], [0, 0, 0, 0, 0, 0, 0, 1, 104, 0], [0, 1, 0, 0, 0, 0, 0, 0, 0, 104]]}"
pen-based,euclidean,3,modified_plurality,RetentionPolicy.DIFFERENT_CLASS_RETENTION,6,10,9890,1102,0.0014561999996658415,0.18844249999528984,0.18989869999495568,0.9954627949183303,0.9955454694324984,0.995430512947169,0.9954643823903458,0.9955103019262443,0.9954627949183303,0.9954624968362888,"{""labels"": [""0"", ""1"", ""2"", ""3"", ""4"", ""5"", ""6"", ""7"", ""8"", ""9""], ""matrix"": [[114, 0, 0, 0, 0, 0, 0, 0, 0, 0], [0, 113, 2, 0, 0, 0, 0, 0, 0, 0], [0, 0, 114, 0, 0, 0, 0, 0, 0, 0], [0, 0, 0, 108, 0, 0, 0, 0, 0, 0], [0, 0, 0, 0, 114, 0, 0, 0, 0, 0], [0, 0, 0, 1, 0, 105, 0, 0, 0, 0], [0, 0, 0, 0, 0, 1, 104, 0, 0, 0], [0, 0, 0, 0, 0, 0, 0, 114, 0, 0], [0, 0, 0, 0, 0, 0, 0, 0, 105, 0], [0, 0, 0, 0, 1, 0, 0, 0, 0, 106]]}"
pen-based,euclidean,3,modified_plurality,RetentionPolicy.DIFFERENT_CLASS_RETENTION,7,10,9892,1100,0.0015223000009427778,0.182297400002426,0.18381970000336878,0.9927272727272727,0.9930873963201549,0.9928410649264672,0.9929219655768611,0.9928204888980752,0.9927272727272727,0.992730360873515,"{""labels"": [""0"", ""1"", ""2"", ""3"", ""4"", ""5"", ""6"", ""7"", ""8"", ""9""], ""matrix"": [[112, 0, 0, 0, 2, 0, 0, 0, 0, 0], [0, 111, 3, 0, 0, 0, 0, 0, 0, 0], [0, 1, 113, 0, 0, 0, 0, 0, 0, 0], [0, 0, 0, 107, 0, 0, 0, 0, 0, 0], [0, 0, 0, 0, 114, 0, 0, 0, 0, 0], [0, 0, 0, 0, 0, 106, 0, 0, 0, 0], [0, 0, 0, 0, 0, 0, 105, 0, 0, 0], [0, 0, 0, 0, 0, 0, 0, 115, 0, 0], [0, 0, 0, 0, 0, 0, 0, 1, 105, 0], [0, 0, 0, 0, 0, 0, 0, 1, 0, 104]]}"
pen-based,euclidean,3,modified_plurality,RetentionPolicy.DIFFERENT_CLASS_RETENTION,8,10,9894,1098,0.0015093000038177706,0.17900679999729618,0.18051610000111395,0.994535519125683,0.9946574354332267,0.9944540596774957,0.994531594534242,0.9945912869423623,0.994535519125683,0.9945390287660411,"{""labels"": [""0"", ""1"", ""2"", ""3"", ""4"", ""5"", ""6"", ""7"", ""8"", ""9""], ""matrix"": [[113, 0, 0, 0, 0, 0, 1, 0, 0, 0], [0, 113, 1, 0, 0, 0, 0, 0, 0, 0], [0, 0, 115, 0, 0, 0, 0, 0, 0, 0], [0, 0, 0, 104, 1, 0, 0, 0, 0, 0], [0, 0, 0, 0, 114, 0, 0, 0, 0, 0], [0, 0, 0, 0, 0, 105, 0, 1, 0, 0], [0, 0, 0, 0, 0, 0, 105, 0, 0, 0], [0, 0, 0, 0, 0, 0, 0, 114, 0, 0], [0, 0, 0, 0, 0, 0, 0, 1, 105, 0], [0, 0, 0, 0, 0, 1, 0, 0, 0, 104]]}"
pen-based,euclidean,3,modified_plurality,RetentionPolicy.DIFFERENT_CLASS_RETENTION,9,10,9890,1102,0.001470399998652283,0.18893150000076275,0.19040189999941504,0.9927404718693285,0.9928028448375519,0.9927901172126379,0.9927535741891148,0.9928126513241332,0.9927404718693285,0.9927325015165368,"{""labels"": [""0"", ""1"", ""2"", ""3"", ""4"", ""5"", ""6"", ""7"", ""8"", ""9""], ""matrix"": [[113, 0, 0, 0, 1, 0, 0, 0, 0, 1], [0, 111, 2, 1, 0, 0, 0, 0, 0, 0], [0, 0, 115, 0, 0, 0, 0, 0, 0, 0], [0, 0, 0, 104, 0, 0, 0, 0, 0, 1], [0, 0, 0, 0, 115, 0, 0, 0, 0, 0], [0, 0, 0, 0, 0, 105, 0, 0, 1, 0], [0, 0, 0, 0, 0, 0, 106, 0, 0, 0], [0, 0, 0, 0, 0, 0, 0, 114, 0, 0], [0, 0, 0, 0, 0, 0, 0, 0, 106, 0], [0, 0, 0, 0, 0, 0, 0, 1, 0, 105]]}"
pen-based,euclidean,3,modified_plurality,RetentionPolicy.DD_RETENTION,0,10,9894,1098,0.0015853000004426576,0.18588879999879282,0.18747409999923548,0.9954462659380692,0.995364010251216,0.9954140683949415,0.9953723115833675,0.9954794900343363,0.9954462659380692,0.9954463601187651,"{""labels"": [""0"", ""1"", ""2"", ""3"", ""4"", ""5"", ""6"", ""7"", ""8"", ""9""], ""matrix"": [[115, 0, 0, 0, 0, 0, 0, 0, 0, 0], [0, 114, 0, 0, 0, 0, 0, 0, 0, 0], [0, 0, 114, 0, 0, 0, 0, 0, 0, 0], [0, 0, 0, 105, 0, 0, 0, 0, 0, 0], [0, 0, 0, 0, 114, 1, 0, 0, 0, 0], [0, 0, 0, 0, 0, 105, 0, 0, 0, 0], [0, 0, 0, 0, 0, 0, 105, 0, 0, 0], [0, 0, 0, 0, 0, 0, 0, 113, 0, 1], [1, 0, 0, 0, 0, 1, 0, 0, 104, 0], [0, 0, 0, 0, 0, 0, 0, 0, 1, 104]]}"
pen-based,euclidean,3,modified_plurality,RetentionPolicy.DD_RETENTION,1,10,9893,1099,0.001828599997679703,0.1899039999989327,0.1917325999966124,0.991810737033667,0.991993406249861,0.9919701427481747,0.991933587236467,0.9919067670003341,0.991810737033667,0.9918102954233238,"{""labels"": [""0"", ""1"", ""2"", ""3"", ""4"", ""5"", ""6"", ""7"", ""8"", ""9""], ""matrix"": [[114, 1, 0, 0, 0, 0, 0, 0, 0, 0], [0, 112, 2, 0, 0, 0, 0, 0, 0, 0], [0, 0, 114, 0, 0, 0, 0, 0, 0, 0], [0, 0, 0, 103, 0, 0, 0, 1, 0, 1], [0, 0, 0, 0, 114, 1, 0, 0, 0, 0], [0, 0, 0, 0, 0, 105, 0, 0, 0, 0], [0, 0, 0, 0, 0, 0, 106, 0, 0, 0], [0, 1, 1, 0, 0, 0, 0, 111, 0, 1], [0, 0, 0, 0, 0, 0, 0, 0, 105, 0], [0, 0, 0, 0, 0, 0, 0, 0, 0, 106]]}"
pen-based,euclidean,3,modified_plurality,RetentionPolicy.DD_RETENTION,2,10,9895,1097,0.0016066000025602989,0.18966769999678945,0.19127429999934975,0.9954421148587056,0.9953911185432924,0.9953960989430097,0.9953637826179124,0.9955172412040947,0.9954421148587056,0.9954506424242489,"{""labels"": [""0"", ""1"", ""2"", ""3"", ""4"", ""5"", ""6"", ""7"", ""8"", ""9""], ""matrix"": [[113, 0, 0, 0, 0, 0, 0, 0, 0, 1], [0, 114, 0, 0, 1, 0, 0, 0, 0, 0], [0, 0, 115, 0, 0, 0, 0, 0, 0, 0], [0, 0, 0, 104, 0, 1, 0, 0, 0, 0], [0, 0, 0, 0, 114, 0, 0, 0, 0, 0], [0, 0, 0, 0, 0, 105, 0, 0, 0, 0], [0, 0, 0, 0, 0, 0, 105, 0, 0, 0], [0, 0, 0, 0, 0, 0, 0, 114, 0, 0], [0, 0, 0, 0, 0, 0, 0, 0, 105, 0], [0, 0, 0, 0, 0, 2, 0, 0, 0, 103]]}"
pen-based,euclidean,3,modified_plurality,RetentionPolicy.DD_RETENTION,3,10,9892,1100,0.0018263999954797328,0.19123860000399873,0.19306499999947846,0.99,0.9900749617161846,0.9900882641386074,0.9900450755718211,0.9900577600882945,0.99,0.9899920897107106,"{""labels"": [""0"", ""1"", ""2"", ""3"", ""4"", ""5"", ""6"", ""7"", ""8"", ""9""], ""matrix"": [[114, 0, 0, 0, 0, 0, 0, 0, 0, 0], [0, 112, 0, 2, 0, 0, 0, 0, 0, 0], [0, 0, 114, 0, 0, 0, 0, 1, 0, 0], [0, 1, 1, 103, 0, 0, 0, 0, 0, 0], [0, 0, 0, 0, 115, 0, 0, 0, 0, 0], [0, 0, 0, 1, 0, 103, 0, 0, 0, 1], [0, 0, 0, 0, 0, 0, 105, 0, 0, 0], [0, 2, 1, 0, 0, 0, 0, 111, 1, 0], [0, 0, 0, 0, 0, 0, 0, 0, 106, 0], [0, 0, 0, 0, 0, 0, 0, 0, 0, 106]]}"
pen-based,euclidean,3,modified_plurality,RetentionPolicy.DD_RETENTION,4,10,9894,1098,0.0014764000006834976,0.18636289999994915,0.18783930000063265,0.994535519125683,0.9946499391813527,0.9943864994726356,0.9944846707526998,0.9945999471652976,0.994535519125683,0.9945344707366918,"{""labels"": [""0"", ""1"", ""2"", ""3"", ""4"", ""5"", ""6"", ""7"", ""8"", ""9""], ""matrix"": [[114, 0, 0, 0, 0, 0, 0, 0, 0, 0], [0, 114, 1, 0, 0, 0, 0, 0, 0, 0], [0, 0, 114, 0, 0, 0, 0, 0, 0, 0], [0, 0, 1, 104, 0, 0, 0, 0, 0, 0], [0, 0, 0, 0, 114, 0, 0, 0, 0, 0], [0, 0, 0, 2, 0, 104, 0, 0, 0, 0], [0, 0, 0, 0, 0, 0, 106, 0, 0, 0], [0, 0, 0, 0, 0, 0, 0, 114, 0, 0], [0, 0, 0, 0, 0, 0, 0, 0, 105, 0], [0, 0, 0, 0, 1, 0, 0, 1, 0, 103]]}"
pen-based,euclidean,3,modified_plurality,RetentionPolicy.DD_RETENTION,5,10,9894,1098,0.0017245000053662807,0.19220029999996768,0.19392480000533396,0.9954462659380692,0.995431701969267,0.9953884711779448,0.9953928821826361,0.995488232085377,0.9954462659380692,0.9954504827287894,"{""labels"": [""0"", ""1"", ""2"", ""3"", ""4"", ""5"", ""6"", ""7"", ""8"", ""9""], ""matrix"": [[114, 0, 0, 0, 0, 0, 0, 0, 0, 0], [0, 113, 0, 1, 0, 0, 0, 0, 0, 0], [0, 0, 114, 0, 0, 0, 0, 0, 0, 0], [0, 0, 0, 105, 0, 0, 0, 0, 0, 0], [0, 0, 0, 0, 113, 0, 0, 0, 0, 1], [0, 0, 0, 1, 0, 104, 0, 0, 0, 0], [0, 0, 0, 0, 0, 0, 108, 0, 0, 0], [0, 0, 0, 0, 0, 0, 0, 114, 0, 0], [0, 0, 0, 0, 0, 0, 0, 1, 104, 0], [0, 1, 0, 0, 0, 0, 0, 0, 0, 104]]}"
pen-based,euclidean,3,modified_plurality,RetentionPolicy.DD_RETENTION,6,10,9890,1102,0.0018210999987786636,0.19856739999522688,0.20038849999400554,0.9945553539019963,0.9946908967188554,0.9944959335079167,0.9945575857373221,0.9946262611879926,0.9945553539019963,0.9945545346780644,"{""labels"": [""0"", ""1"", ""2"", ""3"", ""4"", ""5"", ""6"", ""7"", ""8"", ""9""], ""matrix"": [[114, 0, 0, 0, 0, 0, 0, 0, 0, 0], [0, 113, 2, 0, 0, 0, 0, 0, 0, 0], [0, 0, 114, 0, 0, 0, 0, 0, 0, 0], [0, 0, 0, 108, 0, 0, 0, 0, 0, 0], [0, 0, 0, 0, 114, 0, 0, 0, 0, 0], [0, 0, 0, 1, 0, 105, 0, 0, 0, 0], [0, 0, 0, 0, 0, 1, 104, 0, 0, 0], [0, 0, 0, 0, 0, 0, 0, 114, 0, 0], [0, 0, 0, 0, 0, 0, 0, 0, 105, 0], [0, 0, 0, 0, 2, 0, 0, 0, 0, 105]]}"
pen-based,euclidean,3,modified_plurality,RetentionPolicy.DD_RETENTION,7,10,9892,1100,0.0020600999996531755,0.18936970000504516,0.19142980000469834,0.9927272727272727,0.9930873963201549,0.9928410649264672,0.9929219655768611,0.9928204888980752,0.9927272727272727,0.992730360873515,"{""labels"": [""0"", ""1"", ""2"", ""3"", ""4"", ""5"", ""6"", ""7"", ""8"", ""9""], ""matrix"": [[112, 0, 0, 0, 2, 0, 0, 0, 0, 0], [0, 111, 3, 0, 0, 0, 0, 0, 0, 0], [0, 1, 113, 0, 0, 0, 0, 0, 0, 0], [0, 0, 0, 107, 0, 0, 0, 0, 0, 0], [0, 0, 0, 0, 114, 0, 0, 0, 0, 0], [0, 0, 0, 0, 0, 106, 0, 0, 0, 0], [0, 0, 0, 0, 0, 0, 105, 0, 0, 0], [0, 0, 0, 0, 0, 0, 0, 115, 0, 0], [0, 0, 0, 0, 0, 0, 0, 1, 105, 0], [0, 0, 0, 0, 0, 0, 0, 1, 0, 104]]}"
pen-based,euclidean,3,modified_plurality,RetentionPolicy.DD_RETENTION,8,10,9894,1098,0.0014830000000074506,0.18500399999902584,0.1864869999990333,0.994535519125683,0.9946574354332267,0.9944540596774957,0.994531594534242,0.9945912869423623,0.994535519125683,0.9945390287660411,"{""labels"": [""0"", ""1"", ""2"", ""3"", ""4"", ""5"", ""6"", ""7"", ""8"", ""9""], ""matrix"": [[113, 0, 0, 0, 0, 0, 1, 0, 0, 0], [0, 113, 1, 0, 0, 0, 0, 0, 0, 0], [0, 0, 115, 0, 0, 0, 0, 0, 0, 0], [0, 0, 0, 104, 1, 0, 0, 0, 0, 0], [0, 0, 0, 0, 114, 0, 0, 0, 0, 0], [0, 0, 0, 0, 0, 105, 0, 1, 0, 0], [0, 0, 0, 0, 0, 0, 105, 0, 0, 0], [0, 0, 0, 0, 0, 0, 0, 114, 0, 0], [0, 0, 0, 0, 0, 0, 0, 1, 105, 0], [0, 0, 0, 0, 0, 1, 0, 0, 0, 104]]}"
pen-based,euclidean,3,modified_plurality,RetentionPolicy.DD_RETENTION,9,10,9890,1102,0.0017339000041829422,0.1915884999980335,0.19332240000221645,0.9927404718693285,0.9928028448375519,0.9927901172126379,0.9927535741891148,0.9928126513241332,0.9927404718693285,0.9927325015165368,"{""labels"": [""0"", ""1"", ""2"", ""3"", ""4"", ""5"", ""6"", ""7"", ""8"", ""9""], ""matrix"": [[113, 0, 0, 0, 1, 0, 0, 0, 0, 1], [0, 111, 2, 1, 0, 0, 0, 0, 0, 0], [0, 0, 115, 0, 0, 0, 0, 0, 0, 0], [0, 0, 0, 104, 0, 0, 0, 0, 0, 1], [0, 0, 0, 0, 115, 0, 0, 0, 0, 0], [0, 0, 0, 0, 0, 105, 0, 0, 1, 0], [0, 0, 0, 0, 0, 0, 106, 0, 0, 0], [0, 0, 0, 0, 0, 0, 0, 114, 0, 0], [0, 0, 0, 0, 0, 0, 0, 0, 106, 0], [0, 0, 0, 0, 0, 0, 0, 1, 0, 105]]}"
pen-based,euclidean,5,borda,RetentionPolicy.ALWAYS_RETAIN,0,10,9894,1098,0.001444399997126311,0.19625350000569597,0.19769790000282228,0.9963570127504554,0.9962897729033058,0.9962836336123327,0.996278455383201,0.996364782187974,0.9963570127504554,0.9963526616780509,"{""labels"": [""0"", ""1"", ""2"", ""3"", ""4"", ""5"", ""6"", ""7"", ""8"", ""9""], ""matrix"": [[115, 0, 0, 0, 0, 0, 0, 0, 0, 0], [0, 114, 0, 0, 0, 0, 0, 0, 0, 0], [0, 0, 114, 0, 0, 0, 0, 0, 0, 0], [0, 0, 0, 105, 0, 0, 0, 0, 0, 0], [0, 0, 0, 0, 115, 0, 0, 0, 0, 0], [0, 0, 0, 0, 0, 105, 0, 0, 0, 0], [0, 0, 0, 0, 0, 0, 105, 0, 0, 0], [0, 0, 0, 0, 0, 0, 0, 113, 0, 1], [1, 0, 0, 0, 0, 1, 0, 0, 104, 0], [0, 0, 0, 0, 0, 0, 0, 0, 1, 104]]}"
pen-based,euclidean,5,borda,RetentionPolicy.ALWAYS_RETAIN,1,10,9893,1099,0.0014946000010240823,0.19177360000321642,0.1932682000042405,0.991810737033667,0.9919715720514912,0.9919039395042158,0.9919004002978964,0.9918841182413333,0.991810737033667,0.9918103696562381,"{""labels"": [""0"", ""1"", ""2"", ""3"", ""4"", ""5"", ""6"", ""7"", ""8"", ""9""], ""matrix"": [[114, 1, 0, 0, 0, 0, 0, 0, 0, 0], [0, 113, 1, 0, 0, 0, 0, 0, 0, 0], [0, 0, 114, 0, 0, 0, 0, 0, 0, 0], [0, 0, 0, 103, 0, 0, 0, 1, 0, 1], [0, 0, 0, 0, 114, 1, 0, 0, 0, 0], [0, 0, 0, 0, 0, 105, 0, 0, 0, 0], [0, 0, 0, 0, 0, 0, 105, 1, 0, 0], [0, 1, 1, 0, 0, 0, 0, 111, 0, 1], [0, 0, 0, 0, 0, 0, 0, 0, 105, 0], [0, 0, 0, 0, 0, 0, 0, 0, 0, 106]]}"
pen-based,euclidean,5,borda,RetentionPolicy.ALWAYS_RETAIN,2,10,9895,1097,0.0014836999980616383,0.19688110000424786,0.1983648000023095,0.9936189608021878,0.9935598370486509,0.9935665250081727,0.9935287877114956,0.9936851517864896,0.9936189608021878,0.993618663729355,"{""labels"": [""0"", ""1"", ""2"", ""3"", ""4"", ""5"", ""6"", ""7"", ""8"", ""9""], ""matrix"": [[113, 0, 0, 0, 0, 0, 0, 0, 0, 1], [0, 114, 0, 0, 1, 0, 0, 0, 0, 0], [0, 0, 115, 0, 0, 0, 0, 0, 0, 0], [0, 0, 0, 104, 0, 1, 0, 0, 0, 0], [0, 0, 0, 0, 114, 0, 0, 0, 0, 0], [0, 0, 0, 0, 0, 105, 0, 0, 0, 0], [0, 0, 0, 0, 0, 0, 105, 0, 0, 0], [0, 1, 0, 0, 0, 0, 0, 113, 0, 0], [0, 0, 0, 0, 0, 0, 0, 0, 105, 0], [0, 0, 0, 1, 0, 2, 0, 0, 0, 102]]}"
pen-based,euclidean,5,borda,RetentionPolicy.ALWAYS_RETAIN,3,10,9892,1100,0.00165200000628829,0.19723519999388373,0.19888720000017202,0.9918181818181818,0.9918853513505781,0.9918350223384549,0.9918316508804631,0.9918661060106109,0.9918181818181818,0.9918135699052402,"{""labels"": [""0"", ""1"", ""2"", ""3"", ""4"", ""5"", ""6"", ""7"", ""8"", ""9""], ""matrix"": [[114, 0, 0, 0, 0, 0, 0, 0, 0, 0], [0, 113, 0, 1, 0, 0, 0, 0, 0, 0], [0, 0, 114, 0, 0, 0, 0, 1, 0, 0], [0, 1, 1, 103, 0, 0, 0, 0, 0, 0], [0, 0, 0, 0, 115, 0, 0, 0, 0, 0], [0, 0, 0, 1, 0, 103, 0, 0, 0, 1], [0, 0, 0, 0, 0, 0, 105, 0, 0, 0], [0, 2, 0, 0, 0, 0, 0, 112, 1, 0], [0, 0, 0, 0, 0, 0, 0, 0, 106, 0], [0, 0, 0, 0, 0, 0, 0, 0, 0, 106]]}"
pen-based,euclidean,5,borda,RetentionPolicy.ALWAYS_RETAIN,4,10,9894,1098,0.0014713999989908189,0.19549109999934444,0.19696249999833526,0.994535519125683,0.9946499391813527,0.9943864994726356,0.9944846707526998,0.9945999471652976,0.994535519125683,0.9945344707366918,"{""labels"": [""0"", ""1"", ""2"", ""3"", ""4"", ""5"", ""6"", ""7"", ""8"", ""9""], ""matrix"": [[114, 0, 0, 0, 0, 0, 0, 0, 0, 0], [0, 114, 1, 0, 0, 0, 0, 0, 0, 0], [0, 0, 114, 0, 0, 0, 0, 0, 0, 0], [0, 0, 1, 104, 0, 0, 0, 0, 0, 0], [0, 0, 0, 0, 114, 0, 0, 0, 0, 0], [0, 0, 0, 2, 0, 104, 0, 0, 0, 0], [0, 0, 0, 0, 0, 0, 106, 0, 0, 0], [0, 0, 0, 0, 0, 0, 0, 114, 0, 0], [0, 0, 0, 0, 0, 0, 0, 0, 105, 0], [0, 0, 0, 0, 1, 0, 0, 1, 0, 103]]}"
pen-based,euclidean,5,borda,RetentionPolicy.ALWAYS_RETAIN,5,10,9894,1098,0.0015156000008573756,0.1960222999987309,0.19753789999958826,0.9963570127504554,0.9963012671866582,0.9963408521303257,0.9963080323048651,0.9963910593602642,0.9963570127504554,0.9963614198311428,"{""labels"": [""0"", ""1"", ""2"", ""3"", ""4"", ""5"", ""6"", ""7"", ""8"", ""9""], ""matrix"": [[114, 0, 0, 0, 0, 0, 0, 0, 0, 0], [0, 113, 0, 1, 0, 0, 0, 0, 0, 0], [0, 0, 114, 0, 0, 0, 0, 0, 0, 0], [0, 0, 0, 105, 0, 0, 0, 0, 0, 0], [0, 0, 0, 0, 113, 0, 0, 0, 0, 1], [0, 0, 0, 1, 0, 104, 0, 0, 0, 0], [0, 0, 0, 0, 0, 0, 108, 0, 0, 0], [0, 0, 0, 0, 0, 0, 0, 114, 0, 0], [0, 0, 0, 0, 0, 0, 0, 0, 105, 0], [0, 1, 0, 0, 0, 0, 0, 0, 0, 104]]}"
pen-based,euclidean,5,borda,RetentionPolicy.ALWAYS_RETAIN,6,10,9890,1102,0.0014733999996678904,0.19420100000570528,0.19567440000537317,0.9954627949183303,0.9955454694324984,0.995430512947169,0.9954643823903458,0.9955103019262443,0.9954627949183303,0.9954624968362888,"{""labels"": [""0"", ""1"", ""2"", ""3"", ""4"", ""5"", ""6"", ""7"", ""8"", ""9""], ""matrix"": [[114, 0, 0, 0, 0, 0, 0, 0, 0, 0], [0, 113, 2, 0, 0, 0, 0, 0, 0, 0], [0, 0, 114, 0, 0, 0, 0, 0, 0, 0], [0, 0, 0, 108, 0, 0, 0, 0, 0, 0], [0, 0, 0, 0, 114, 0, 0, 0, 0, 0], [0, 0, 0, 1, 0, 105, 0, 0, 0, 0], [0, 0, 0, 0, 0, 1, 104, 0, 0, 0], [0, 0, 0, 0, 0, 0, 0, 114, 0, 0], [0, 0, 0, 0, 0, 0, 0, 0, 105, 0], [0, 0, 0, 0, 1, 0, 0, 0, 0, 106]]}"
pen-based,euclidean,5,borda,RetentionPolicy.ALWAYS_RETAIN,7,10,9892,1100,0.001755999997840263,0.20065530000283616,0.20241130000067642,0.9927272727272727,0.9930873963201549,0.9928410649264672,0.9929219655768611,0.9928204888980752,0.9927272727272727,0.992730360873515,"{""labels"": [""0"", ""1"", ""2"", ""3"", ""4"", ""5"", ""6"", ""7"", ""8"", ""9""], ""matrix"": [[112, 0, 0, 0, 2, 0, 0, 0, 0, 0], [0, 111, 3, 0, 0, 0, 0, 0, 0, 0], [0, 1, 113, 0, 0, 0, 0, 0, 0, 0], [0, 0, 0, 107, 0, 0, 0, 0, 0, 0], [0, 0, 0, 0, 114, 0, 0, 0, 0, 0], [0, 0, 0, 0, 0, 106, 0, 0, 0, 0], [0, 0, 0, 0, 0, 0, 105, 0, 0, 0], [0, 0, 0, 0, 0, 0, 0, 115, 0, 0], [0, 0, 0, 0, 0, 0, 0, 1, 105, 0], [0, 0, 0, 0, 0, 0, 0, 1, 0, 104]]}"
pen-based,euclidean,5,borda,RetentionPolicy.ALWAYS_RETAIN,8,10,9894,1098,0.0016351000012946315,0.19995750000089174,0.20159260000218637,0.9954462659380692,0.9955120081468699,0.9953974559039107,0.9954384121782149,0.9954785482297516,0.9954462659380692,0.9954460027388881,"{""labels"": [""0"", ""1"", ""2"", ""3"", ""4"", ""5"", ""6"", ""7"", ""8"", ""9""], ""matrix"": [[113, 0, 0, 0, 0, 0, 1, 0, 0, 0], [0, 113, 1, 0, 0, 0, 0, 0, 0, 0], [0, 0, 115, 0, 0, 0, 0, 0, 0, 0], [0, 0, 0, 104, 1, 0, 0, 0, 0, 0], [0, 0, 0, 0, 114, 0, 0, 0, 0, 0], [0, 0, 0, 0, 0, 105, 0, 1, 0, 0], [0, 0, 0, 0, 0, 0, 105, 0, 0, 0], [0, 0, 0, 0, 0, 0, 0, 114, 0, 0], [0, 0, 0, 0, 0, 0, 0, 0, 106, 0], [0, 0, 0, 0, 0, 1, 0, 0, 0, 104]]}"
pen-based,euclidean,5,borda,RetentionPolicy.ALWAYS_RETAIN,9,10,9890,1102,0.001539900003990624,0.19920599999750266,0.20074590000149328,0.9927404718693285,0.9928028448375519,0.9927901172126379,0.9927535741891148,0.9928126513241332,0.9927404718693285,0.9927325015165368,"{""labels"": [""0"", ""1"", ""2"", ""3"", ""4"", ""5"", ""6"", ""7"", ""8"", ""9""], ""matrix"": [[113, 0, 0, 0, 1, 0, 0, 0, 0, 1], [0, 111, 2, 1, 0, 0, 0, 0, 0, 0], [0, 0, 115, 0, 0, 0, 0, 0, 0, 0], [0, 0, 0, 104, 0, 0, 0, 0, 0, 1], [0, 0, 0, 0, 115, 0, 0, 0, 0, 0], [0, 0, 0, 0, 0, 105, 0, 0, 1, 0], [0, 0, 0, 0, 0, 0, 106, 0, 0, 0], [0, 0, 0, 0, 0, 0, 0, 114, 0, 0], [0, 0, 0, 0, 0, 0, 0, 0, 106, 0], [0, 0, 0, 0, 0, 0, 0, 1, 0, 105]]}"
pen-based,euclidean,5,borda,RetentionPolicy.NEVER_RETAIN,0,10,9894,1098,0.0016942000002018176,0.16925130000163335,0.17094550000183517,0.9963570127504554,0.9962897729033058,0.9962836336123327,0.996278455383201,0.996364782187974,0.9963570127504554,0.9963526616780509,"{""labels"": [""0"", ""1"", ""2"", ""3"", ""4"", ""5"", ""6"", ""7"", ""8"", ""9""], ""matrix"": [[115, 0, 0, 0, 0, 0, 0, 0, 0, 0], [0, 114, 0, 0, 0, 0, 0, 0, 0, 0], [0, 0, 114, 0, 0, 0, 0, 0, 0, 0], [0, 0, 0, 105, 0, 0, 0, 0, 0, 0], [0, 0, 0, 0, 115, 0, 0, 0, 0, 0], [0, 0, 0, 0, 0, 105, 0, 0, 0, 0], [0, 0, 0, 0, 0, 0, 105, 0, 0, 0], [0, 0, 0, 0, 0, 0, 0, 113, 0, 1], [1, 0, 0, 0, 0, 1, 0, 0, 104, 0], [0, 0, 0, 0, 0, 0, 0, 0, 1, 104]]}"
pen-based,euclidean,5,borda,RetentionPolicy.NEVER_RETAIN,1,10,9893,1099,0.0014640000008512288,0.1731733999986318,0.17463739999948302,0.9927206551410374,0.9928486264130587,0.9928473357306309,0.9928070656145669,0.9927938925563353,0.9927206551410374,0.9927163603469216,"{""labels"": [""0"", ""1"", ""2"", ""3"", ""4"", ""5"", ""6"", ""7"", ""8"", ""9""], ""matrix"": [[114, 1, 0, 0, 0, 0, 0, 0, 0, 0], [0, 113, 1, 0, 0, 0, 0, 0, 0, 0], [0, 0, 114, 0, 0, 0, 0, 0, 0, 0], [0, 0, 0, 103, 0, 0, 0, 1, 0, 1], [0, 0, 0, 0, 114, 1, 0, 0, 0, 0], [0, 0, 0, 0, 0, 105, 0, 0, 0, 0], [0, 0, 0, 0, 0, 0, 106, 0, 0, 0], [0, 1, 1, 0, 0, 0, 0, 111, 0, 1], [0, 0, 0, 0, 0, 0, 0, 0, 105, 0], [0, 0, 0, 0, 0, 0, 0, 0, 0, 106]]}"
pen-based,euclidean,5,borda,RetentionPolicy.NEVER_RETAIN,2,10,9895,1097,0.0014503999991575256,0.16868819999945117,0.1701385999986087,0.9936189608021878,0.9935598370486509,0.9935665250081727,0.9935287877114956,0.9936851517864896,0.9936189608021878,0.993618663729355,"{""labels"": [""0"", ""1"", ""2"", ""3"", ""4"", ""5"", ""6"", ""7"", ""8"", ""9""], ""matrix"": [[113, 0, 0, 0, 0, 0, 0, 0, 0, 1], [0, 114, 0, 0, 1, 0, 0, 0, 0, 0], [0, 0, 115, 0, 0, 0, 0, 0, 0, 0], [0, 0, 0, 104, 0, 1, 0, 0, 0, 0], [0, 0, 0, 0, 114, 0, 0, 0, 0, 0], [0, 0, 0, 0, 0, 105, 0, 0, 0, 0], [0, 0, 0, 0, 0, 0, 105, 0, 0, 0], [0, 1, 0, 0, 0, 0, 0, 113, 0, 0], [0, 0, 0, 0, 0, 0, 0, 0, 105, 0], [0, 0, 0, 1, 0, 2, 0, 0, 0, 102]]}"
pen-based,euclidean,5,borda,RetentionPolicy.NEVER_RETAIN,3,10,9892,1100,0.0016281999996863306,0.16879920000064885,0.17042740000033518,0.9927272727272727,0.9928199307898303,0.9927874032908358,0.9927842040105552,0.9927667007429812,0.9927272727272727,0.9927270931982196,"{""labels"": [""0"", ""1"", ""2"", ""3"", ""4"", ""5"", ""6"", ""7"", ""8"", ""9""], ""matrix"": [[114, 0, 0, 0, 0, 0, 0, 0, 0, 0], [0, 113, 0, 1, 0, 0, 0, 0, 0, 0], [0, 0, 114, 0, 0, 0, 0, 1, 0, 0], [0, 1, 1, 103, 0, 0, 0, 0, 0, 0], [0, 0, 0, 0, 115, 0, 0, 0, 0, 0], [0, 0, 0, 1, 0, 104, 0, 0, 0, 0], [0, 0, 0, 0, 0, 0, 105, 0, 0, 0], [0, 2, 0, 0, 0, 0, 0, 112, 1, 0], [0, 0, 0, 0, 0, 0, 0, 0, 106, 0], [0, 0, 0, 0, 0, 0, 0, 0, 0, 106]]}"
pen-based,euclidean,5,borda,RetentionPolicy.NEVER_RETAIN,4,10,9894,1098,0.0014626000047428533,0.16823809999914374,0.1697007000038866,0.994535519125683,0.9946499391813527,0.9943864994726356,0.9944846707526998,0.9945999471652976,0.994535519125683,0.9945344707366918,"{""labels"": [""0"", ""1"", ""2"", ""3"", ""4"", ""5"", ""6"", ""7"", ""8"", ""9""], ""matrix"": [[114, 0, 0, 0, 0, 0, 0, 0, 0, 0], [0, 114, 1, 0, 0, 0, 0, 0, 0, 0], [0, 0, 114, 0, 0, 0, 0, 0, 0, 0], [0, 0, 1, 104, 0, 0, 0, 0, 0, 0], [0, 0, 0, 0, 114, 0, 0, 0, 0, 0], [0, 0, 0, 2, 0, 104, 0, 0, 0, 0], [0, 0, 0, 0, 0, 0, 106, 0, 0, 0], [0, 0, 0, 0, 0, 0, 0, 114, 0, 0], [0, 0, 0, 0, 0, 0, 0, 0, 105, 0], [0, 0, 0, 0, 1, 0, 0, 1, 0, 103]]}"
pen-based,euclidean,5,borda,RetentionPolicy.NEVER_RETAIN,5,10,9894,1098,0.0019648999950732104,0.1700778000013088,0.172042699996382,0.9972677595628415,0.9972346576038127,0.9972180451127819,0.9972180066417398,0.9972842710514008,0.9972677595628415,0.9972677213904286,"{""labels"": [""0"", ""1"", ""2"", ""3"", ""4"", ""5"", ""6"", ""7"", ""8"", ""9""], ""matrix"": [[114, 0, 0, 0, 0, 0, 0, 0, 0, 0], [0, 114, 0, 0, 0, 0, 0, 0, 0, 0], [0, 0, 114, 0, 0, 0, 0, 0, 0, 0], [0, 0, 0, 105, 0, 0, 0, 0, 0, 0], [0, 0, 0, 0, 113, 0, 0, 0, 0, 1], [0, 0, 0, 1, 0, 104, 0, 0, 0, 0], [0, 0, 0, 0, 0, 0, 108, 0, 0, 0], [0, 0, 0, 0, 0, 0, 0, 114, 0, 0], [0, 0, 0, 0, 0, 0, 0, 0, 105, 0], [0, 1, 0, 0, 0, 0, 0, 0, 0, 104]]}"
pen-based,euclidean,5,borda,RetentionPolicy.NEVER_RETAIN,6,10,9890,1102,0.0014389999996637926,0.16920479999680538,0.17064379999646917,0.9945553539019963,0.9946908967188554,0.9944959335079167,0.9945575857373221,0.9946262611879926,0.9945553539019963,0.9945545346780644,"{""labels"": [""0"", ""1"", ""2"", ""3"", ""4"", ""5"", ""6"", ""7"", ""8"", ""9""], ""matrix"": [[114, 0, 0, 0, 0, 0, 0, 0, 0, 0], [0, 113, 2, 0, 0, 0, 0, 0, 0, 0], [0, 0, 114, 0, 0, 0, 0, 0, 0, 0], [0, 0, 0, 108, 0, 0, 0, 0, 0, 0], [0, 0, 0, 0, 114, 0, 0, 0, 0, 0], [0, 0, 0, 1, 0, 105, 0, 0, 0, 0], [0, 0, 0, 0, 0, 1, 104, 0, 0, 0], [0, 0, 0, 0, 0, 0, 0, 114, 0, 0], [0, 0, 0, 0, 0, 0, 0, 0, 105, 0], [0, 0, 0, 0, 2, 0, 0, 0, 0, 105]]}"
pen-based,euclidean,5,borda,RetentionPolicy.NEVER_RETAIN,7,10,9892,1100,0.0014827000049990602,0.16827000000193948,0.16975270000693854,0.9927272727272727,0.9930873963201549,0.9928410649264672,0.9929219655768611,0.9928204888980752,0.9927272727272727,0.992730360873515,"{""labels"": [""0"", ""1"", ""2"", ""3"", ""4"", ""5"", ""6"", ""7"", ""8"", ""9""], ""matrix"": [[112, 0, 0, 0, 2, 0, 0, 0, 0, 0], [0, 111, 3, 0, 0, 0, 0, 0, 0, 0], [0, 1, 113, 0, 0, 0, 0, 0, 0, 0], [0, 0, 0, 107, 0, 0, 0, 0, 0, 0], [0, 0, 0, 0, 114, 0, 0, 0, 0, 0], [0, 0, 0, 0, 0, 106, 0, 0, 0, 0], [0, 0, 0, 0, 0, 0, 105, 0, 0, 0], [0, 0, 0, 0, 0, 0, 0, 115, 0, 0], [0, 0, 0, 0, 0, 0, 0, 1, 105, 0], [0, 0, 0, 0, 0, 0, 0, 1, 0, 104]]}"
pen-based,euclidean,5,borda,RetentionPolicy.NEVER_RETAIN,8,10,9894,1098,0.001472500000090804,0.1682675999982166,0.16974009999830741,0.9954462659380692,0.9955120081468699,0.9953974559039107,0.9954384121782149,0.9954785482297516,0.9954462659380692,0.9954460027388881,"{""labels"": [""0"", ""1"", ""2"", ""3"", ""4"", ""5"", ""6"", ""7"", ""8"", ""9""], ""matrix"": [[113, 0, 0, 0, 0, 0, 1, 0, 0, 0], [0, 113, 1, 0, 0, 0, 0, 0, 0, 0], [0, 0, 115, 0, 0, 0, 0, 0, 0, 0], [0, 0, 0, 104, 1, 0, 0, 0, 0, 0], [0, 0, 0, 0, 114, 0, 0, 0, 0, 0], [0, 0, 0, 0, 0, 105, 0, 1, 0, 0], [0, 0, 0, 0, 0, 0, 105, 0, 0, 0], [0, 0, 0, 0, 0, 0, 0, 114, 0, 0], [0, 0, 0, 0, 0, 0, 0, 0, 106, 0], [0, 0, 0, 0, 0, 1, 0, 0, 0, 104]]}"
pen-based,euclidean,5,borda,RetentionPolicy.NEVER_RETAIN,9,10,9890,1102,0.0014195999974617735,0.1705967000016244,0.1720162999990862,0.9927404718693285,0.9928028448375519,0.9927901172126379,0.9927535741891148,0.9928126513241332,0.9927404718693285,0.9927325015165368,"{""labels"": [""0"", ""1"", ""2"", ""3"", ""4"", ""5"", ""6"", ""7"", ""8"", ""9""], ""matrix"": [[113, 0, 0, 0, 1, 0, 0, 0, 0, 1], [0, 111, 2, 1, 0, 0, 0, 0, 0, 0], [0, 0, 115, 0, 0, 0, 0, 0, 0, 0], [0, 0, 0, 104, 0, 0, 0, 0, 0, 1], [0, 0, 0, 0, 115, 0, 0, 0, 0, 0], [0, 0, 0, 0, 0, 105, 0, 0, 1, 0], [0, 0, 0, 0, 0, 0, 106, 0, 0, 0], [0, 0, 0, 0, 0, 0, 0, 114, 0, 0], [0, 0, 0, 0, 0, 0, 0, 0, 106, 0], [0, 0, 0, 0, 0, 0, 0, 1, 0, 105]]}"
pen-based,euclidean,5,borda,RetentionPolicy.DIFFERENT_CLASS_RETENTION,0,10,9894,1098,0.0014760999983991496,0.17017009999835864,0.1716461999967578,0.9963570127504554,0.9962897729033058,0.9962836336123327,0.996278455383201,0.996364782187974,0.9963570127504554,0.9963526616780509,"{""labels"": [""0"", ""1"", ""2"", ""3"", ""4"", ""5"", ""6"", ""7"", ""8"", ""9""], ""matrix"": [[115, 0, 0, 0, 0, 0, 0, 0, 0, 0], [0, 114, 0, 0, 0, 0, 0, 0, 0, 0], [0, 0, 114, 0, 0, 0, 0, 0, 0, 0], [0, 0, 0, 105, 0, 0, 0, 0, 0, 0], [0, 0, 0, 0, 115, 0, 0, 0, 0, 0], [0, 0, 0, 0, 0, 105, 0, 0, 0, 0], [0, 0, 0, 0, 0, 0, 105, 0, 0, 0], [0, 0, 0, 0, 0, 0, 0, 113, 0, 1], [1, 0, 0, 0, 0, 1, 0, 0, 104, 0], [0, 0, 0, 0, 0, 0, 0, 0, 1, 104]]}"
pen-based,euclidean,5,borda,RetentionPolicy.DIFFERENT_CLASS_RETENTION,1,10,9893,1099,0.00172049999673618,0.17260450000321725,0.17432499999995343,0.9927206551410374,0.9928486264130587,0.9928473357306309,0.9928070656145669,0.9927938925563353,0.9927206551410374,0.9927163603469216,"{""labels"": [""0"", ""1"", ""2"", ""3"", ""4"", ""5"", ""6"", ""7"", ""8"", ""9""], ""matrix"": [[114, 1, 0, 0, 0, 0, 0, 0, 0, 0], [0, 113, 1, 0, 0, 0, 0, 0, 0, 0], [0, 0, 114, 0, 0, 0, 0, 0, 0, 0], [0, 0, 0, 103, 0, 0, 0, 1, 0, 1], [0, 0, 0, 0, 114, 1, 0, 0, 0, 0], [0, 0, 0, 0, 0, 105, 0, 0, 0, 0], [0, 0, 0, 0, 0, 0, 106, 0, 0, 0], [0, 1, 1, 0, 0, 0, 0, 111, 0, 1], [0, 0, 0, 0, 0, 0, 0, 0, 105, 0], [0, 0, 0, 0, 0, 0, 0, 0, 0, 106]]}"
pen-based,euclidean,5,borda,RetentionPolicy.DIFFERENT_CLASS_RETENTION,2,10,9895,1097,0.0015817999956198037,0.16918080000323243,0.17076259999885224,0.9936189608021878,0.9935598370486509,0.9935665250081727,0.9935287877114956,0.9936851517864896,0.9936189608021878,0.993618663729355,"{""labels"": [""0"", ""1"", ""2"", ""3"", ""4"", ""5"", ""6"", ""7"", ""8"", ""9""], ""matrix"": [[113, 0, 0, 0, 0, 0, 0, 0, 0, 1], [0, 114, 0, 0, 1, 0, 0, 0, 0, 0], [0, 0, 115, 0, 0, 0, 0, 0, 0, 0], [0, 0, 0, 104, 0, 1, 0, 0, 0, 0], [0, 0, 0, 0, 114, 0, 0, 0, 0, 0], [0, 0, 0, 0, 0, 105, 0, 0, 0, 0], [0, 0, 0, 0, 0, 0, 105, 0, 0, 0], [0, 1, 0, 0, 0, 0, 0, 113, 0, 0], [0, 0, 0, 0, 0, 0, 0, 0, 105, 0], [0, 0, 0, 1, 0, 2, 0, 0, 0, 102]]}"
pen-based,euclidean,5,borda,RetentionPolicy.DIFFERENT_CLASS_RETENTION,3,10,9892,1100,0.0014863999967928976,0.1698095000028843,0.1712958999996772,0.9927272727272727,0.9928199307898303,0.9927874032908358,0.9927842040105552,0.9927667007429812,0.9927272727272727,0.9927270931982196,"{""labels"": [""0"", ""1"", ""2"", ""3"", ""4"", ""5"", ""6"", ""7"", ""8"", ""9""], ""matrix"": [[114, 0, 0, 0, 0, 0, 0, 0, 0, 0], [0, 113, 0, 1, 0, 0, 0, 0, 0, 0], [0, 0, 114, 0, 0, 0, 0, 1, 0, 0], [0, 1, 1, 103, 0, 0, 0, 0, 0, 0], [0, 0, 0, 0, 115, 0, 0, 0, 0, 0], [0, 0, 0, 1, 0, 104, 0, 0, 0, 0], [0, 0, 0, 0, 0, 0, 105, 0, 0, 0], [0, 2, 0, 0, 0, 0, 0, 112, 1, 0], [0, 0, 0, 0, 0, 0, 0, 0, 106, 0], [0, 0, 0, 0, 0, 0, 0, 0, 0, 106]]}"
pen-based,euclidean,5,borda,RetentionPolicy.DIFFERENT_CLASS_RETENTION,4,10,9894,1098,0.0015098000003490597,0.16401710000354797,0.16552690000389703,0.994535519125683,0.9946499391813527,0.9943864994726356,0.9944846707526998,0.9945999471652976,0.994535519125683,0.9945344707366918,"{""labels"": [""0"", ""1"", ""2"", ""3"", ""4"", ""5"", ""6"", ""7"", ""8"", ""9""], ""matrix"": [[114, 0, 0, 0, 0, 0, 0, 0, 0, 0], [0, 114, 1, 0, 0, 0, 0, 0, 0, 0], [0, 0, 114, 0, 0, 0, 0, 0, 0, 0], [0, 0, 1, 104, 0, 0, 0, 0, 0, 0], [0, 0, 0, 0, 114, 0, 0, 0, 0, 0], [0, 0, 0, 2, 0, 104, 0, 0, 0, 0], [0, 0, 0, 0, 0, 0, 106, 0, 0, 0], [0, 0, 0, 0, 0, 0, 0, 114, 0, 0], [0, 0, 0, 0, 0, 0, 0, 0, 105, 0], [0, 0, 0, 0, 1, 0, 0, 1, 0, 103]]}"
pen-based,euclidean,5,borda,RetentionPolicy.DIFFERENT_CLASS_RETENTION,5,10,9894,1098,0.001575599999341648,0.16743750000023283,0.16901309999957448,0.9963570127504554,0.9963012671866582,0.9963408521303257,0.9963080323048651,0.9963910593602642,0.9963570127504554,0.9963614198311428,"{""labels"": [""0"", ""1"", ""2"", ""3"", ""4"", ""5"", ""6"", ""7"", ""8"", ""9""], ""matrix"": [[114, 0, 0, 0, 0, 0, 0, 0, 0, 0], [0, 113, 0, 1, 0, 0, 0, 0, 0, 0], [0, 0, 114, 0, 0, 0, 0, 0, 0, 0], [0, 0, 0, 105, 0, 0, 0, 0, 0, 0], [0, 0, 0, 0, 113, 0, 0, 0, 0, 1], [0, 0, 0, 1, 0, 104, 0, 0, 0, 0], [0, 0, 0, 0, 0, 0, 108, 0, 0, 0], [0, 0, 0, 0, 0, 0, 0, 114, 0, 0], [0, 0, 0, 0, 0, 0, 0, 0, 105, 0], [0, 1, 0, 0, 0, 0, 0, 0, 0, 104]]}"
pen-based,euclidean,5,borda,RetentionPolicy.DIFFERENT_CLASS_RETENTION,6,10,9890,1102,0.0015449999991687946,0.17047660000389442,0.1720216000030632,0.9954627949183303,0.9955454694324984,0.995430512947169,0.9954643823903458,0.9955103019262443,0.9954627949183303,0.9954624968362888,"{""labels"": [""0"", ""1"", ""2"", ""3"", ""4"", ""5"", ""6"", ""7"", ""8"", ""9""], ""matrix"": [[114, 0, 0, 0, 0, 0, 0, 0, 0, 0], [0, 113, 2, 0, 0, 0, 0, 0, 0, 0], [0, 0, 114, 0, 0, 0, 0, 0, 0, 0], [0, 0, 0, 108, 0, 0, 0, 0, 0, 0], [0, 0, 0, 0, 114, 0, 0, 0, 0, 0], [0, 0, 0, 1, 0, 105, 0, 0, 0, 0], [0, 0, 0, 0, 0, 1, 104, 0, 0, 0], [0, 0, 0, 0, 0, 0, 0, 114, 0, 0], [0, 0, 0, 0, 0, 0, 0, 0, 105, 0], [0, 0, 0, 0, 1, 0, 0, 0, 0, 106]]}"
pen-based,euclidean,5,borda,RetentionPolicy.DIFFERENT_CLASS_RETENTION,7,10,9892,1100,0.0015133000051719137,0.17145959999470506,0.17297289999987697,0.9927272727272727,0.9930873963201549,0.9928410649264672,0.9929219655768611,0.9928204888980752,0.9927272727272727,0.992730360873515,"{""labels"": [""0"", ""1"", ""2"", ""3"", ""4"", ""5"", ""6"", ""7"", ""8"", ""9""], ""matrix"": [[112, 0, 0, 0, 2, 0, 0, 0, 0, 0], [0, 111, 3, 0, 0, 0, 0, 0, 0, 0], [0, 1, 113, 0, 0, 0, 0, 0, 0, 0], [0, 0, 0, 107, 0, 0, 0, 0, 0, 0], [0, 0, 0, 0, 114, 0, 0, 0, 0, 0], [0, 0, 0, 0, 0, 106, 0, 0, 0, 0], [0, 0, 0, 0, 0, 0, 105, 0, 0, 0], [0, 0, 0, 0, 0, 0, 0, 115, 0, 0], [0, 0, 0, 0, 0, 0, 0, 1, 105, 0], [0, 0, 0, 0, 0, 0, 0, 1, 0, 104]]}"
pen-based,euclidean,5,borda,RetentionPolicy.DIFFERENT_CLASS_RETENTION,8,10,9894,1098,0.0018939000001410022,0.1677540999953635,0.1696479999955045,0.9954462659380692,0.9955120081468699,0.9953974559039107,0.9954384121782149,0.9954785482297516,0.9954462659380692,0.9954460027388881,"{""labels"": [""0"", ""1"", ""2"", ""3"", ""4"", ""5"", ""6"", ""7"", ""8"", ""9""], ""matrix"": [[113, 0, 0, 0, 0, 0, 1, 0, 0, 0], [0, 113, 1, 0, 0, 0, 0, 0, 0, 0], [0, 0, 115, 0, 0, 0, 0, 0, 0, 0], [0, 0, 0, 104, 1, 0, 0, 0, 0, 0], [0, 0, 0, 0, 114, 0, 0, 0, 0, 0], [0, 0, 0, 0, 0, 105, 0, 1, 0, 0], [0, 0, 0, 0, 0, 0, 105, 0, 0, 0], [0, 0, 0, 0, 0, 0, 0, 114, 0, 0], [0, 0, 0, 0, 0, 0, 0, 0, 106, 0], [0, 0, 0, 0, 0, 1, 0, 0, 0, 104]]}"
pen-based,euclidean,5,borda,RetentionPolicy.DIFFERENT_CLASS_RETENTION,9,10,9890,1102,0.0014817000046605244,0.16977749999932712,0.17125920000398764,0.9927404718693285,0.9928028448375519,0.9927901172126379,0.9927535741891148,0.9928126513241332,0.9927404718693285,0.9927325015165368,"{""labels"": [""0"", ""1"", ""2"", ""3"", ""4"", ""5"", ""6"", ""7"", ""8"", ""9""], ""matrix"": [[113, 0, 0, 0, 1, 0, 0, 0, 0, 1], [0, 111, 2, 1, 0, 0, 0, 0, 0, 0], [0, 0, 115, 0, 0, 0, 0, 0, 0, 0], [0, 0, 0, 104, 0, 0, 0, 0, 0, 1], [0, 0, 0, 0, 115, 0, 0, 0, 0, 0], [0, 0, 0, 0, 0, 105, 0, 0, 1, 0], [0, 0, 0, 0, 0, 0, 106, 0, 0, 0], [0, 0, 0, 0, 0, 0, 0, 114, 0, 0], [0, 0, 0, 0, 0, 0, 0, 0, 106, 0], [0, 0, 0, 0, 0, 0, 0, 1, 0, 105]]}"
pen-based,euclidean,5,borda,RetentionPolicy.DD_RETENTION,0,10,9894,1098,0.0014557999966200441,0.1722141999998712,0.17366999999649124,0.9963570127504554,0.9962897729033058,0.9962836336123327,0.996278455383201,0.996364782187974,0.9963570127504554,0.9963526616780509,"{""labels"": [""0"", ""1"", ""2"", ""3"", ""4"", ""5"", ""6"", ""7"", ""8"", ""9""], ""matrix"": [[115, 0, 0, 0, 0, 0, 0, 0, 0, 0], [0, 114, 0, 0, 0, 0, 0, 0, 0, 0], [0, 0, 114, 0, 0, 0, 0, 0, 0, 0], [0, 0, 0, 105, 0, 0, 0, 0, 0, 0], [0, 0, 0, 0, 115, 0, 0, 0, 0, 0], [0, 0, 0, 0, 0, 105, 0, 0, 0, 0], [0, 0, 0, 0, 0, 0, 105, 0, 0, 0], [0, 0, 0, 0, 0, 0, 0, 113, 0, 1], [1, 0, 0, 0, 0, 1, 0, 0, 104, 0], [0, 0, 0, 0, 0, 0, 0, 0, 1, 104]]}"
pen-based,euclidean,5,borda,RetentionPolicy.DD_RETENTION,1,10,9893,1099,0.00167199999850709,0.17540770000050543,0.17707969999901252,0.9927206551410374,0.9928486264130587,0.9928473357306309,0.9928070656145669,0.9927938925563353,0.9927206551410374,0.9927163603469216,"{""labels"": [""0"", ""1"", ""2"", ""3"", ""4"", ""5"", ""6"", ""7"", ""8"", ""9""], ""matrix"": [[114, 1, 0, 0, 0, 0, 0, 0, 0, 0], [0, 113, 1, 0, 0, 0, 0, 0, 0, 0], [0, 0, 114, 0, 0, 0, 0, 0, 0, 0], [0, 0, 0, 103, 0, 0, 0, 1, 0, 1], [0, 0, 0, 0, 114, 1, 0, 0, 0, 0], [0, 0, 0, 0, 0, 105, 0, 0, 0, 0], [0, 0, 0, 0, 0, 0, 106, 0, 0, 0], [0, 1, 1, 0, 0, 0, 0, 111, 0, 1], [0, 0, 0, 0, 0, 0, 0, 0, 105, 0], [0, 0, 0, 0, 0, 0, 0, 0, 0, 106]]}"
pen-based,euclidean,5,borda,RetentionPolicy.DD_RETENTION,2,10,9895,1097,0.0017695999995339662,0.17220110000198474,0.1739707000015187,0.9936189608021878,0.9935598370486509,0.9935665250081727,0.9935287877114956,0.9936851517864896,0.9936189608021878,0.993618663729355,"{""labels"": [""0"", ""1"", ""2"", ""3"", ""4"", ""5"", ""6"", ""7"", ""8"", ""9""], ""matrix"": [[113, 0, 0, 0, 0, 0, 0, 0, 0, 1], [0, 114, 0, 0, 1, 0, 0, 0, 0, 0], [0, 0, 115, 0, 0, 0, 0, 0, 0, 0], [0, 0, 0, 104, 0, 1, 0, 0, 0, 0], [0, 0, 0, 0, 114, 0, 0, 0, 0, 0], [0, 0, 0, 0, 0, 105, 0, 0, 0, 0], [0, 0, 0, 0, 0, 0, 105, 0, 0, 0], [0, 1, 0, 0, 0, 0, 0, 113, 0, 0], [0, 0, 0, 0, 0, 0, 0, 0, 105, 0], [0, 0, 0, 1, 0, 2, 0, 0, 0, 102]]}"
pen-based,euclidean,5,borda,RetentionPolicy.DD_RETENTION,3,10,9892,1100,0.0015236999970511533,0.17451140000048326,0.17603509999753442,0.9927272727272727,0.9928199307898303,0.9927874032908358,0.9927842040105552,0.9927667007429812,0.9927272727272727,0.9927270931982196,"{""labels"": [""0"", ""1"", ""2"", ""3"", ""4"", ""5"", ""6"", ""7"", ""8"", ""9""], ""matrix"": [[114, 0, 0, 0, 0, 0, 0, 0, 0, 0], [0, 113, 0, 1, 0, 0, 0, 0, 0, 0], [0, 0, 114, 0, 0, 0, 0, 1, 0, 0], [0, 1, 1, 103, 0, 0, 0, 0, 0, 0], [0, 0, 0, 0, 115, 0, 0, 0, 0, 0], [0, 0, 0, 1, 0, 104, 0, 0, 0, 0], [0, 0, 0, 0, 0, 0, 105, 0, 0, 0], [0, 2, 0, 0, 0, 0, 0, 112, 1, 0], [0, 0, 0, 0, 0, 0, 0, 0, 106, 0], [0, 0, 0, 0, 0, 0, 0, 0, 0, 106]]}"
pen-based,euclidean,5,borda,RetentionPolicy.DD_RETENTION,4,10,9894,1098,0.0014771999994991347,0.17614719999983208,0.17762439999933122,0.994535519125683,0.9946499391813527,0.9943864994726356,0.9944846707526998,0.9945999471652976,0.994535519125683,0.9945344707366918,"{""labels"": [""0"", ""1"", ""2"", ""3"", ""4"", ""5"", ""6"", ""7"", ""8"", ""9""], ""matrix"": [[114, 0, 0, 0, 0, 0, 0, 0, 0, 0], [0, 114, 1, 0, 0, 0, 0, 0, 0, 0], [0, 0, 114, 0, 0, 0, 0, 0, 0, 0], [0, 0, 1, 104, 0, 0, 0, 0, 0, 0], [0, 0, 0, 0, 114, 0, 0, 0, 0, 0], [0, 0, 0, 2, 0, 104, 0, 0, 0, 0], [0, 0, 0, 0, 0, 0, 106, 0, 0, 0], [0, 0, 0, 0, 0, 0, 0, 114, 0, 0], [0, 0, 0, 0, 0, 0, 0, 0, 105, 0], [0, 0, 0, 0, 1, 0, 0, 1, 0, 103]]}"
pen-based,euclidean,5,borda,RetentionPolicy.DD_RETENTION,5,10,9894,1098,0.0016251000051852316,0.17333489999873564,0.17496000000392087,0.9963570127504554,0.9963012671866582,0.9963408521303257,0.9963080323048651,0.9963910593602642,0.9963570127504554,0.9963614198311428,"{""labels"": [""0"", ""1"", ""2"", ""3"", ""4"", ""5"", ""6"", ""7"", ""8"", ""9""], ""matrix"": [[114, 0, 0, 0, 0, 0, 0, 0, 0, 0], [0, 113, 0, 1, 0, 0, 0, 0, 0, 0], [0, 0, 114, 0, 0, 0, 0, 0, 0, 0], [0, 0, 0, 105, 0, 0, 0, 0, 0, 0], [0, 0, 0, 0, 113, 0, 0, 0, 0, 1], [0, 0, 0, 1, 0, 104, 0, 0, 0, 0], [0, 0, 0, 0, 0, 0, 108, 0, 0, 0], [0, 0, 0, 0, 0, 0, 0, 114, 0, 0], [0, 0, 0, 0, 0, 0, 0, 0, 105, 0], [0, 1, 0, 0, 0, 0, 0, 0, 0, 104]]}"
pen-based,euclidean,5,borda,RetentionPolicy.DD_RETENTION,6,10,9890,1102,0.0017426999984309077,0.1737546000003931,0.17549729999882402,0.9945553539019963,0.9946908967188554,0.9944959335079167,0.9945575857373221,0.9946262611879926,0.9945553539019963,0.9945545346780644,"{""labels"": [""0"", ""1"", ""2"", ""3"", ""4"", ""5"", ""6"", ""7"", ""8"", ""9""], ""matrix"": [[114, 0, 0, 0, 0, 0, 0, 0, 0, 0], [0, 113, 2, 0, 0, 0, 0, 0, 0, 0], [0, 0, 114, 0, 0, 0, 0, 0, 0, 0], [0, 0, 0, 108, 0, 0, 0, 0, 0, 0], [0, 0, 0, 0, 114, 0, 0, 0, 0, 0], [0, 0, 0, 1, 0, 105, 0, 0, 0, 0], [0, 0, 0, 0, 0, 1, 104, 0, 0, 0], [0, 0, 0, 0, 0, 0, 0, 114, 0, 0], [0, 0, 0, 0, 0, 0, 0, 0, 105, 0], [0, 0, 0, 0, 2, 0, 0, 0, 0, 105]]}"
pen-based,euclidean,5,borda,RetentionPolicy.DD_RETENTION,7,10,9892,1100,0.0015263999957824126,0.1724233999993885,0.1739497999951709,0.9927272727272727,0.9930873963201549,0.9928410649264672,0.9929219655768611,0.9928204888980752,0.9927272727272727,0.992730360873515,"{""labels"": [""0"", ""1"", ""2"", ""3"", ""4"", ""5"", ""6"", ""7"", ""8"", ""9""], ""matrix"": [[112, 0, 0, 0, 2, 0, 0, 0, 0, 0], [0, 111, 3, 0, 0, 0, 0, 0, 0, 0], [0, 1, 113, 0, 0, 0, 0, 0, 0, 0], [0, 0, 0, 107, 0, 0, 0, 0, 0, 0], [0, 0, 0, 0, 114, 0, 0, 0, 0, 0], [0, 0, 0, 0, 0, 106, 0, 0, 0, 0], [0, 0, 0, 0, 0, 0, 105, 0, 0, 0], [0, 0, 0, 0, 0, 0, 0, 115, 0, 0], [0, 0, 0, 0, 0, 0, 0, 1, 105, 0], [0, 0, 0, 0, 0, 0, 0, 1, 0, 104]]}"
pen-based,euclidean,5,borda,RetentionPolicy.DD_RETENTION,8,10,9894,1098,0.0015248999989125878,0.16875119999895105,0.17027609999786364,0.9954462659380692,0.9955120081468699,0.9953974559039107,0.9954384121782149,0.9954785482297516,0.9954462659380692,0.9954460027388881,"{""labels"": [""0"", ""1"", ""2"", ""3"", ""4"", ""5"", ""6"", ""7"", ""8"", ""9""], ""matrix"": [[113, 0, 0, 0, 0, 0, 1, 0, 0, 0], [0, 113, 1, 0, 0, 0, 0, 0, 0, 0], [0, 0, 115, 0, 0, 0, 0, 0, 0, 0], [0, 0, 0, 104, 1, 0, 0, 0, 0, 0], [0, 0, 0, 0, 114, 0, 0, 0, 0, 0], [0, 0, 0, 0, 0, 105, 0, 1, 0, 0], [0, 0, 0, 0, 0, 0, 105, 0, 0, 0], [0, 0, 0, 0, 0, 0, 0, 114, 0, 0], [0, 0, 0, 0, 0, 0, 0, 0, 106, 0], [0, 0, 0, 0, 0, 1, 0, 0, 0, 104]]}"
pen-based,euclidean,5,borda,RetentionPolicy.DD_RETENTION,9,10,9890,1102,0.0015108000006875955,0.1753508999972837,0.1768616999979713,0.9927404718693285,0.9928028448375519,0.9927901172126379,0.9927535741891148,0.9928126513241332,0.9927404718693285,0.9927325015165368,"{""labels"": [""0"", ""1"", ""2"", ""3"", ""4"", ""5"", ""6"", ""7"", ""8"", ""9""], ""matrix"": [[113, 0, 0, 0, 1, 0, 0, 0, 0, 1], [0, 111, 2, 1, 0, 0, 0, 0, 0, 0], [0, 0, 115, 0, 0, 0, 0, 0, 0, 0], [0, 0, 0, 104, 0, 0, 0, 0, 0, 1], [0, 0, 0, 0, 115, 0, 0, 0, 0, 0], [0, 0, 0, 0, 0, 105, 0, 0, 1, 0], [0, 0, 0, 0, 0, 0, 106, 0, 0, 0], [0, 0, 0, 0, 0, 0, 0, 114, 0, 0], [0, 0, 0, 0, 0, 0, 0, 0, 106, 0], [0, 0, 0, 0, 0, 0, 0, 1, 0, 105]]}"
pen-based,euclidean,5,modified_plurality,RetentionPolicy.ALWAYS_RETAIN,0,10,9894,1098,0.0015420999989146367,0.20936410000285832,0.21090620000177296,0.994535519125683,0.9945922532725626,0.9945368754124854,0.9945322313009844,0.9946001482844464,0.994535519125683,0.9945353003676959,"{""labels"": [""0"", ""1"", ""2"", ""3"", ""4"", ""5"", ""6"", ""7"", ""8"", ""9""], ""matrix"": [[115, 0, 0, 0, 0, 0, 0, 0, 0, 0], [0, 112, 2, 0, 0, 0, 0, 0, 0, 0], [0, 0, 114, 0, 0, 0, 0, 0, 0, 0], [0, 0, 0, 105, 0, 0, 0, 0, 0, 0], [0, 0, 0, 0, 114, 1, 0, 0, 0, 0], [0, 0, 0, 0, 0, 105, 0, 0, 0, 0], [0, 0, 0, 0, 0, 0, 105, 0, 0, 0], [0, 0, 0, 0, 0, 0, 0, 114, 0, 0], [1, 0, 0, 0, 0, 1, 0, 0, 104, 0], [0, 0, 0, 0, 0, 0, 0, 0, 1, 104]]}"
pen-based,euclidean,5,modified_plurality,RetentionPolicy.ALWAYS_RETAIN,1,10,9893,1099,0.0017528000025777146,0.2096285000006901,0.21138130000326782,0.989080982711556,0.9893403116064763,0.9892061573128885,0.9892534796004039,0.989167307599101,0.989080982711556,0.9891041493552042,"{""labels"": [""0"", ""1"", ""2"", ""3"", ""4"", ""5"", ""6"", ""7"", ""8"", ""9""], ""matrix"": [[114, 1, 0, 0, 0, 0, 0, 0, 0, 0], [0, 112, 2, 0, 0, 0, 0, 0, 0, 0], [0, 2, 112, 0, 0, 0, 0, 0, 0, 0], [0, 0, 0, 103, 0, 0, 0, 1, 0, 1], [0, 0, 0, 0, 114, 1, 0, 0, 0, 0], [0, 0, 0, 0, 0, 105, 0, 0, 0, 0], [0, 0, 0, 0, 0, 0, 105, 1, 0, 0], [0, 1, 1, 0, 0, 0, 0, 112, 0, 0], [0, 0, 0, 0, 0, 0, 0, 0, 105, 0], [0, 0, 0, 1, 0, 0, 0, 0, 0, 105]]}"
pen-based,euclidean,5,modified_plurality,RetentionPolicy.ALWAYS_RETAIN,2,10,9895,1097,0.0015581999978167005,0.21246760000212817,0.21402579999994487,0.9927073837739289,0.9926602622907217,0.9926893320257164,0.9926275677774674,0.9928234927211463,0.9927073837739289,0.9927199153345448,"{""labels"": [""0"", ""1"", ""2"", ""3"", ""4"", ""5"", ""6"", ""7"", ""8"", ""9""], ""matrix"": [[113, 0, 0, 0, 0, 0, 0, 0, 0, 1], [0, 114, 0, 0, 1, 0, 0, 0, 0, 0], [0, 0, 115, 0, 0, 0, 0, 0, 0, 0], [0, 0, 0, 104, 0, 1, 0, 0, 0, 0], [0, 0, 0, 0, 113, 1, 0, 0, 0, 0], [0, 0, 0, 0, 0, 105, 0, 0, 0, 0], [0, 0, 0, 0, 0, 0, 105, 0, 0, 0], [0, 1, 0, 0, 0, 0, 0, 113, 0, 0], [0, 0, 0, 0, 0, 0, 0, 0, 105, 0], [0, 0, 0, 1, 0, 2, 0, 0, 0, 102]]}"
pen-based,euclidean,5,modified_plurality,RetentionPolicy.ALWAYS_RETAIN,3,10,9892,1100,0.0015981999968062155,0.20857790000445675,0.21017610000126297,0.990909090909091,0.9909949572819601,0.9909502015909339,0.9909590351243984,0.9909433160738046,0.990909090909091,0.9909132548858701,"{""labels"": [""0"", ""1"", ""2"", ""3"", ""4"", ""5"", ""6"", ""7"", ""8"", ""9""], ""matrix"": [[114, 0, 0, 0, 0, 0, 0, 0, 0, 0], [0, 111, 0, 2, 0, 0, 0, 1, 0, 0], [0, 0, 114, 0, 0, 0, 0, 1, 0, 0], [0, 1, 1, 103, 0, 0, 0, 0, 0, 0], [0, 0, 0, 0, 115, 0, 0, 0, 0, 0], [0, 0, 0, 1, 0, 103, 0, 0, 0, 1], [0, 0, 0, 0, 0, 0, 105, 0, 0, 0], [0, 2, 0, 0, 0, 0, 0, 113, 0, 0], [0, 0, 0, 0, 0, 0, 0, 0, 106, 0], [0, 0, 0, 0, 0, 0, 0, 0, 0, 106]]}"
pen-based,euclidean,5,modified_plurality,RetentionPolicy.ALWAYS_RETAIN,4,10,9894,1098,0.0015585000001010485,0.21399160000146367,0.21555010000156472,0.994535519125683,0.9946499391813527,0.9944603304816594,0.9945226062960428,0.9945999471652976,0.994535519125683,0.9945349858710872,"{""labels"": [""0"", ""1"", ""2"", ""3"", ""4"", ""5"", ""6"", ""7"", ""8"", ""9""], ""matrix"": [[114, 0, 0, 0, 0, 0, 0, 0, 0, 0], [0, 113, 1, 1, 0, 0, 0, 0, 0, 0], [0, 0, 114, 0, 0, 0, 0, 0, 0, 0], [0, 0, 1, 104, 0, 0, 0, 0, 0, 0], [0, 0, 0, 0, 114, 0, 0, 0, 0, 0], [0, 0, 0, 1, 0, 105, 0, 0, 0, 0], [0, 0, 0, 0, 0, 0, 106, 0, 0, 0], [0, 0, 0, 0, 0, 0, 0, 114, 0, 0], [0, 0, 0, 0, 0, 0, 0, 0, 105, 0], [0, 0, 0, 0, 1, 0, 0, 1, 0, 103]]}"
pen-based,euclidean,5,modified_plurality,RetentionPolicy.ALWAYS_RETAIN,5,10,9894,1098,0.0015147000012802891,0.21154609999939566,0.21306080000067595,0.9954462659380692,0.9954393297343318,0.9954636591478696,0.9954346529848376,0.995496151622876,0.9954462659380692,0.995454632558983,"{""labels"": [""0"", ""1"", ""2"", ""3"", ""4"", ""5"", ""6"", ""7"", ""8"", ""9""], ""matrix"": [[114, 0, 0, 0, 0, 0, 0, 0, 0, 0], [0, 113, 0, 1, 0, 0, 0, 0, 0, 0], [0, 0, 114, 0, 0, 0, 0, 0, 0, 0], [0, 0, 0, 105, 0, 0, 0, 0, 0, 0], [0, 0, 0, 0, 113, 0, 0, 0, 0, 1], [0, 0, 0, 1, 0, 104, 0, 0, 0, 0], [0, 0, 0, 0, 0, 0, 108, 0, 0, 0], [0, 1, 0, 0, 0, 0, 0, 113, 0, 0], [0, 0, 0, 0, 0, 0, 0, 0, 105, 0], [0, 1, 0, 0, 0, 0, 0, 0, 0, 104]]}"
pen-based,euclidean,5,modified_plurality,RetentionPolicy.ALWAYS_RETAIN,6,10,9890,1102,0.0016020000039134175,0.21337320000020554,0.21497520000411896,0.9927404718693285,0.9929055883721947,0.9927491753080693,0.9927794314436831,0.9928284331683358,0.9927404718693285,0.9927358924621112,"{""labels"": [""0"", ""1"", ""2"", ""3"", ""4"", ""5"", ""6"", ""7"", ""8"", ""9""], ""matrix"": [[114, 0, 0, 0, 0, 0, 0, 0, 0, 0], [0, 112, 2, 1, 0, 0, 0, 0, 0, 0], [0, 0, 114, 0, 0, 0, 0, 0, 0, 0], [0, 0, 0, 108, 0, 0, 0, 0, 0, 0], [0, 0, 0, 0, 113, 0, 0, 1, 0, 0], [0, 0, 0, 1, 0, 105, 0, 0, 0, 0], [0, 0, 0, 0, 0, 1, 104, 0, 0, 0], [0, 0, 0, 0, 0, 0, 0, 114, 0, 0], [0, 0, 0, 0, 0, 0, 0, 0, 105, 0], [0, 0, 0, 0, 2, 0, 0, 0, 0, 105]]}"
pen-based,euclidean,5,modified_plurality,RetentionPolicy.ALWAYS_RETAIN,7,10,9892,1100,0.0018874999950639904,0.2105225000050268,0.2124100000000908,0.9936363636363637,0.9939016602809707,0.9937258856739881,0.993774737934211,0.9937231510507373,0.9936363636363637,0.9936397720585896,"{""labels"": [""0"", ""1"", ""2"", ""3"", ""4"", ""5"", ""6"", ""7"", ""8"", ""9""], ""matrix"": [[112, 0, 0, 0, 2, 0, 0, 0, 0, 0], [0, 112, 2, 0, 0, 0, 0, 0, 0, 0], [0, 0, 114, 0, 0, 0, 0, 0, 0, 0], [0, 0, 0, 107, 0, 0, 0, 0, 0, 0], [0, 0, 0, 0, 114, 0, 0, 0, 0, 0], [0, 0, 0, 0, 0, 106, 0, 0, 0, 0], [0, 0, 0, 0, 0, 0, 105, 0, 0, 0], [0, 0, 0, 1, 0, 0, 0, 114, 0, 0], [0, 0, 0, 0, 0, 0, 0, 1, 105, 0], [0, 0, 0, 0, 0, 0, 0, 1, 0, 104]]}"
pen-based,euclidean,5,modified_plurality,RetentionPolicy.ALWAYS_RETAIN,8,10,9894,1098,0.0016103999951155856,0.20416620000469266,0.20577659999980824,0.9927140255009107,0.9928650898477777,0.9926996737125833,0.9927357417011006,0.9928084457022006,0.9927140255009107,0.9927133273589155,"{""labels"": [""0"", ""1"", ""2"", ""3"", ""4"", ""5"", ""6"", ""7"", ""8"", ""9""], ""matrix"": [[113, 0, 0, 0, 0, 0, 1, 0, 0, 0], [0, 111, 1, 1, 0, 0, 0, 1, 0, 0], [0, 0, 115, 0, 0, 0, 0, 0, 0, 0], [0, 0, 0, 104, 1, 0, 0, 0, 0, 0], [0, 0, 0, 0, 114, 0, 0, 0, 0, 0], [0, 0, 0, 0, 0, 105, 0, 1, 0, 0], [0, 0, 0, 0, 0, 0, 105, 0, 0, 0], [0, 0, 0, 0, 0, 0, 0, 114, 0, 0], [0, 0, 0, 0, 0, 0, 0, 1, 105, 0], [0, 0, 0, 0, 0, 1, 0, 0, 0, 104]]}"
pen-based,euclidean,5,modified_plurality,RetentionPolicy.ALWAYS_RETAIN,9,10,9890,1102,0.0014445999986492097,0.20990810000512283,0.21135270000377204,0.9900181488203267,0.9900753721908035,0.9899675562984573,0.9899912125138103,0.9900704597005522,0.9900181488203267,0.9900130824147665,"{""labels"": [""0"", ""1"", ""2"", ""3"", ""4"", ""5"", ""6"", ""7"", ""8"", ""9""], ""matrix"": [[113, 0, 0, 0, 1, 0, 0, 0, 0, 1], [0, 112, 1, 1, 0, 0, 0, 0, 0, 0], [0, 0, 115, 0, 0, 0, 0, 0, 0, 0], [0, 0, 0, 104, 0, 0, 0, 0, 0, 1], [0, 0, 0, 0, 114, 1, 0, 0, 0, 0], [0, 0, 0, 0, 0, 105, 0, 0, 1, 0], [0, 0, 0, 0, 0, 0, 106, 0, 0, 0], [0, 0, 0, 0, 0, 0, 0, 114, 0, 0], [0, 0, 0, 0, 0, 0, 0, 1, 105, 0], [0, 1, 0, 0, 0, 0, 0, 2, 0, 103]]}"
pen-based,euclidean,5,modified_plurality,RetentionPolicy.NEVER_RETAIN,0,10,9894,1098,0.0014608999990741722,0.18151500000385568,0.18297590000292985,0.994535519125683,0.9945922532725626,0.9945368754124854,0.9945322313009844,0.9946001482844464,0.994535519125683,0.9945353003676959,"{""labels"": [""0"", ""1"", ""2"", ""3"", ""4"", ""5"", ""6"", ""7"", ""8"", ""9""], ""matrix"": [[115, 0, 0, 0, 0, 0, 0, 0, 0, 0], [0, 112, 2, 0, 0, 0, 0, 0, 0, 0], [0, 0, 114, 0, 0, 0, 0, 0, 0, 0], [0, 0, 0, 105, 0, 0, 0, 0, 0, 0], [0, 0, 0, 0, 114, 1, 0, 0, 0, 0], [0, 0, 0, 0, 0, 105, 0, 0, 0, 0], [0, 0, 0, 0, 0, 0, 105, 0, 0, 0], [0, 0, 0, 0, 0, 0, 0, 114, 0, 0], [1, 0, 0, 0, 0, 1, 0, 0, 104, 0], [0, 0, 0, 0, 0, 0, 0, 0, 1, 104]]}"
pen-based,euclidean,5,modified_plurality,RetentionPolicy.NEVER_RETAIN,1,10,9893,1099,0.001447100003133528,0.18846839999605436,0.1899154999991879,0.9899909008189263,0.9902097418191762,0.9901495535393036,0.9901602133115217,0.9900691733338397,0.9899909008189263,0.9900102109919023,"{""labels"": [""0"", ""1"", ""2"", ""3"", ""4"", ""5"", ""6"", ""7"", ""8"", ""9""], ""matrix"": [[114, 1, 0, 0, 0, 0, 0, 0, 0, 0], [0, 112, 2, 0, 0, 0, 0, 0, 0, 0], [0, 2, 112, 0, 0, 0, 0, 0, 0, 0], [0, 0, 0, 103, 0, 0, 0, 1, 0, 1], [0, 0, 0, 0, 114, 1, 0, 0, 0, 0], [0, 0, 0, 0, 0, 105, 0, 0, 0, 0], [0, 0, 0, 0, 0, 0, 106, 0, 0, 0], [0, 1, 1, 0, 0, 0, 0, 112, 0, 0], [0, 0, 0, 0, 0, 0, 0, 0, 105, 0], [0, 0, 0, 1, 0, 0, 0, 0, 0, 105]]}"
pen-based,euclidean,5,modified_plurality,RetentionPolicy.NEVER_RETAIN,2,10,9895,1097,0.0016089999990072101,0.183407199998328,0.1850161999973352,0.99179580674567,0.9917961712066236,0.9917369510733355,0.9917060496820364,0.9919185219739565,0.99179580674567,0.991798759811907,"{""labels"": [""0"", ""1"", ""2"", ""3"", ""4"", ""5"", ""6"", ""7"", ""8"", ""9""], ""matrix"": [[113, 0, 0, 0, 0, 0, 0, 0, 0, 1], [0, 114, 0, 0, 1, 0, 0, 0, 0, 0], [0, 0, 115, 0, 0, 0, 0, 0, 0, 0], [0, 0, 0, 104, 0, 1, 0, 0, 0, 0], [0, 0, 0, 0, 113, 1, 0, 0, 0, 0], [0, 0, 0, 0, 0, 105, 0, 0, 0, 0], [0, 0, 0, 0, 0, 0, 105, 0, 0, 0], [0, 1, 0, 0, 0, 0, 0, 113, 0, 0], [0, 0, 0, 0, 0, 0, 0, 0, 105, 0], [0, 1, 0, 1, 0, 2, 0, 0, 0, 101]]}"
pen-based,euclidean,5,modified_plurality,RetentionPolicy.NEVER_RETAIN,3,10,9892,1100,0.0015359999961219728,0.1859855000002426,0.18752149999636458,0.990909090909091,0.9909771557688314,0.9909591863168998,0.9909637425523421,0.990934819897084,0.990909090909091,0.9909177078845325,"{""labels"": [""0"", ""1"", ""2"", ""3"", ""4"", ""5"", ""6"", ""7"", ""8"", ""9""], ""matrix"": [[114, 0, 0, 0, 0, 0, 0, 0, 0, 0], [0, 111, 0, 2, 0, 0, 0, 1, 0, 0], [0, 0, 114, 0, 0, 0, 0, 1, 0, 0], [0, 1, 1, 103, 0, 0, 0, 0, 0, 0], [0, 0, 0, 0, 115, 0, 0, 0, 0, 0], [0, 0, 0, 1, 0, 104, 0, 0, 0, 0], [0, 0, 0, 0, 0, 0, 105, 0, 0, 0], [0, 2, 0, 0, 0, 0, 0, 113, 0, 0], [0, 0, 0, 0, 0, 0, 0, 0, 106, 0], [0, 0, 0, 0, 0, 1, 0, 0, 0, 105]]}"
pen-based,euclidean,5,modified_plurality,RetentionPolicy.NEVER_RETAIN,4,10,9894,1098,0.001526499996543862,0.18198760000086622,0.18351409999741009,0.9927140255009107,0.9928589505568046,0.992713572281812,0.9927391029572306,0.9928091863876369,0.9927140255009107,0.9927134187223785,"{""labels"": [""0"", ""1"", ""2"", ""3"", ""4"", ""5"", ""6"", ""7"", ""8"", ""9""], ""matrix"": [[114, 0, 0, 0, 0, 0, 0, 0, 0, 0], [0, 112, 2, 1, 0, 0, 0, 0, 0, 0], [0, 0, 114, 0, 0, 0, 0, 0, 0, 0], [0, 0, 1, 104, 0, 0, 0, 0, 0, 0], [0, 0, 0, 0, 113, 1, 0, 0, 0, 0], [0, 0, 0, 1, 0, 105, 0, 0, 0, 0], [0, 0, 0, 0, 0, 0, 106, 0, 0, 0], [0, 0, 0, 0, 0, 0, 0, 114, 0, 0], [0, 0, 0, 0, 0, 0, 0, 0, 105, 0], [0, 0, 0, 0, 1, 0, 0, 1, 0, 103]]}"
pen-based,euclidean,5,modified_plurality,RetentionPolicy.NEVER_RETAIN,5,10,9894,1098,0.0015394000001833774,0.18437779999658233,0.1859171999967657,0.9963570127504554,0.9963650923864213,0.9963408521303257,0.9963407967846711,0.9963814437765136,0.9963570127504554,0.996356957057953,"{""labels"": [""0"", ""1"", ""2"", ""3"", ""4"", ""5"", ""6"", ""7"", ""8"", ""9""], ""matrix"": [[114, 0, 0, 0, 0, 0, 0, 0, 0, 0], [0, 114, 0, 0, 0, 0, 0, 0, 0, 0], [0, 0, 114, 0, 0, 0, 0, 0, 0, 0], [0, 0, 0, 105, 0, 0, 0, 0, 0, 0], [0, 0, 0, 0, 113, 0, 0, 0, 0, 1], [0, 0, 0, 1, 0, 104, 0, 0, 0, 0], [0, 0, 0, 0, 0, 0, 108, 0, 0, 0], [0, 0, 1, 0, 0, 0, 0, 113, 0, 0], [0, 0, 0, 0, 0, 0, 0, 0, 105, 0], [0, 1, 0, 0, 0, 0, 0, 0, 0, 104]]}"
pen-based,euclidean,5,modified_plurality,RetentionPolicy.NEVER_RETAIN,6,10,9890,1102,0.0014532999994116835,0.1904296000066097,0.19188290000602137,0.9927404718693285,0.9929055883721947,0.9927491753080693,0.9927794314436831,0.9928284331683358,0.9927404718693285,0.9927358924621112,"{""labels"": [""0"", ""1"", ""2"", ""3"", ""4"", ""5"", ""6"", ""7"", ""8"", ""9""], ""matrix"": [[114, 0, 0, 0, 0, 0, 0, 0, 0, 0], [0, 112, 2, 1, 0, 0, 0, 0, 0, 0], [0, 0, 114, 0, 0, 0, 0, 0, 0, 0], [0, 0, 0, 108, 0, 0, 0, 0, 0, 0], [0, 0, 0, 0, 113, 0, 0, 1, 0, 0], [0, 0, 0, 1, 0, 105, 0, 0, 0, 0], [0, 0, 0, 0, 0, 1, 104, 0, 0, 0], [0, 0, 0, 0, 0, 0, 0, 114, 0, 0], [0, 0, 0, 0, 0, 0, 0, 0, 105, 0], [0, 0, 0, 0, 2, 0, 0, 0, 0, 105]]}"
pen-based,euclidean,5,modified_plurality,RetentionPolicy.NEVER_RETAIN,7,10,9892,1100,0.001760300001478754,0.18126029999984894,0.1830206000013277,0.9927272727272727,0.9930017120250101,0.9928486926915319,0.9928976293326086,0.992790477403651,0.9927272727272727,0.9927307685987471,"{""labels"": [""0"", ""1"", ""2"", ""3"", ""4"", ""5"", ""6"", ""7"", ""8"", ""9""], ""matrix"": [[112, 0, 0, 0, 2, 0, 0, 0, 0, 0], [0, 112, 2, 0, 0, 0, 0, 0, 0, 0], [0, 1, 113, 0, 0, 0, 0, 0, 0, 0], [0, 0, 0, 107, 0, 0, 0, 0, 0, 0], [0, 0, 0, 0, 114, 0, 0, 0, 0, 0], [0, 0, 0, 0, 0, 106, 0, 0, 0, 0], [0, 0, 0, 0, 0, 0, 105, 0, 0, 0], [0, 0, 0, 1, 0, 0, 0, 114, 0, 0], [0, 0, 0, 0, 0, 0, 0, 1, 105, 0], [0, 0, 0, 0, 0, 0, 0, 1, 0, 104]]}"
pen-based,euclidean,5,modified_plurality,RetentionPolicy.NEVER_RETAIN,8,10,9894,1098,0.0017168999984278344,0.1884965000062948,0.19021340000472264,0.9927140255009107,0.9928650898477777,0.9926996737125833,0.9927357417011006,0.9928084457022006,0.9927140255009107,0.9927133273589155,"{""labels"": [""0"", ""1"", ""2"", ""3"", ""4"", ""5"", ""6"", ""7"", ""8"", ""9""], ""matrix"": [[113, 0, 0, 0, 0, 0, 1, 0, 0, 0], [0, 111, 1, 1, 0, 0, 0, 1, 0, 0], [0, 0, 115, 0, 0, 0, 0, 0, 0, 0], [0, 0, 0, 104, 1, 0, 0, 0, 0, 0], [0, 0, 0, 0, 114, 0, 0, 0, 0, 0], [0, 0, 0, 0, 0, 105, 0, 1, 0, 0], [0, 0, 0, 0, 0, 0, 105, 0, 0, 0], [0, 0, 0, 0, 0, 0, 0, 114, 0, 0], [0, 0, 0, 0, 0, 0, 0, 1, 105, 0], [0, 0, 0, 0, 0, 1, 0, 0, 0, 104]]}"
pen-based,euclidean,5,modified_plurality,RetentionPolicy.NEVER_RETAIN,9,10,9890,1102,0.0014555999950971454,0.18079510000097798,0.18225069999607513,0.9900181488203267,0.9900753721908035,0.9899675562984573,0.9899912125138103,0.9900704597005522,0.9900181488203267,0.9900130824147665,"{""labels"": [""0"", ""1"", ""2"", ""3"", ""4"", ""5"", ""6"", ""7"", ""8"", ""9""], ""matrix"": [[113, 0, 0, 0, 1, 0, 0, 0, 0, 1], [0, 112, 1, 1, 0, 0, 0, 0, 0, 0], [0, 0, 115, 0, 0, 0, 0, 0, 0, 0], [0, 0, 0, 104, 0, 0, 0, 0, 0, 1], [0, 0, 0, 0, 114, 1, 0, 0, 0, 0], [0, 0, 0, 0, 0, 105, 0, 0, 1, 0], [0, 0, 0, 0, 0, 0, 106, 0, 0, 0], [0, 0, 0, 0, 0, 0, 0, 114, 0, 0], [0, 0, 0, 0, 0, 0, 0, 1, 105, 0], [0, 1, 0, 0, 0, 0, 0, 2, 0, 103]]}"
pen-based,euclidean,5,modified_plurality,RetentionPolicy.DIFFERENT_CLASS_RETENTION,0,10,9894,1098,0.0016606999997748062,0.1821635999949649,0.1838242999947397,0.994535519125683,0.9945922532725626,0.9945368754124854,0.9945322313009844,0.9946001482844464,0.994535519125683,0.9945353003676959,"{""labels"": [""0"", ""1"", ""2"", ""3"", ""4"", ""5"", ""6"", ""7"", ""8"", ""9""], ""matrix"": [[115, 0, 0, 0, 0, 0, 0, 0, 0, 0], [0, 112, 2, 0, 0, 0, 0, 0, 0, 0], [0, 0, 114, 0, 0, 0, 0, 0, 0, 0], [0, 0, 0, 105, 0, 0, 0, 0, 0, 0], [0, 0, 0, 0, 114, 1, 0, 0, 0, 0], [0, 0, 0, 0, 0, 105, 0, 0, 0, 0], [0, 0, 0, 0, 0, 0, 105, 0, 0, 0], [0, 0, 0, 0, 0, 0, 0, 114, 0, 0], [1, 0, 0, 0, 0, 1, 0, 0, 104, 0], [0, 0, 0, 0, 0, 0, 0, 0, 1, 104]]}"
pen-based,euclidean,5,modified_plurality,RetentionPolicy.DIFFERENT_CLASS_RETENTION,1,10,9893,1099,0.0015847000031499192,0.1871739999987767,0.18875870000192663,0.9899909008189263,0.9902097418191762,0.9901495535393036,0.9901602133115217,0.9900691733338397,0.9899909008189263,0.9900102109919023,"{""labels"": [""0"", ""1"", ""2"", ""3"", ""4"", ""5"", ""6"", ""7"", ""8"", ""9""], ""matrix"": [[114, 1, 0, 0, 0, 0, 0, 0, 0, 0], [0, 112, 2, 0, 0, 0, 0, 0, 0, 0], [0, 2, 112, 0, 0, 0, 0, 0, 0, 0], [0, 0, 0, 103, 0, 0, 0, 1, 0, 1], [0, 0, 0, 0, 114, 1, 0, 0, 0, 0], [0, 0, 0, 0, 0, 105, 0, 0, 0, 0], [0, 0, 0, 0, 0, 0, 106, 0, 0, 0], [0, 1, 1, 0, 0, 0, 0, 112, 0, 0], [0, 0, 0, 0, 0, 0, 0, 0, 105, 0], [0, 0, 0, 1, 0, 0, 0, 0, 0, 105]]}"
pen-based,euclidean,5,modified_plurality,RetentionPolicy.DIFFERENT_CLASS_RETENTION,2,10,9895,1097,0.0015309000009438023,0.18662210000184132,0.18815300000278512,0.99179580674567,0.9917961712066236,0.9917369510733355,0.9917060496820364,0.9919185219739565,0.99179580674567,0.991798759811907,"{""labels"": [""0"", ""1"", ""2"", ""3"", ""4"", ""5"", ""6"", ""7"", ""8"", ""9""], ""matrix"": [[113, 0, 0, 0, 0, 0, 0, 0, 0, 1], [0, 114, 0, 0, 1, 0, 0, 0, 0, 0], [0, 0, 115, 0, 0, 0, 0, 0, 0, 0], [0, 0, 0, 104, 0, 1, 0, 0, 0, 0], [0, 0, 0, 0, 113, 1, 0, 0, 0, 0], [0, 0, 0, 0, 0, 105, 0, 0, 0, 0], [0, 0, 0, 0, 0, 0, 105, 0, 0, 0], [0, 1, 0, 0, 0, 0, 0, 113, 0, 0], [0, 0, 0, 0, 0, 0, 0, 0, 105, 0], [0, 1, 0, 1, 0, 2, 0, 0, 0, 101]]}"
pen-based,euclidean,5,modified_plurality,RetentionPolicy.DIFFERENT_CLASS_RETENTION,3,10,9892,1100,0.0015583999993395992,0.18903120000322815,0.19058960000256775,0.990909090909091,0.9909771557688314,0.9909591863168998,0.9909637425523421,0.990934819897084,0.990909090909091,0.9909177078845325,"{""labels"": [""0"", ""1"", ""2"", ""3"", ""4"", ""5"", ""6"", ""7"", ""8"", ""9""], ""matrix"": [[114, 0, 0, 0, 0, 0, 0, 0, 0, 0], [0, 111, 0, 2, 0, 0, 0, 1, 0, 0], [0, 0, 114, 0, 0, 0, 0, 1, 0, 0], [0, 1, 1, 103, 0, 0, 0, 0, 0, 0], [0, 0, 0, 0, 115, 0, 0, 0, 0, 0], [0, 0, 0, 1, 0, 104, 0, 0, 0, 0], [0, 0, 0, 0, 0, 0, 105, 0, 0, 0], [0, 2, 0, 0, 0, 0, 0, 113, 0, 0], [0, 0, 0, 0, 0, 0, 0, 0, 106, 0], [0, 0, 0, 0, 0, 1, 0, 0, 0, 105]]}"
pen-based,euclidean,5,modified_plurality,RetentionPolicy.DIFFERENT_CLASS_RETENTION,4,10,9894,1098,0.001879199997347314,0.18033480000303825,0.18221400000038557,0.9927140255009107,0.9928589505568046,0.992713572281812,0.9927391029572306,0.9928091863876369,0.9927140255009107,0.9927134187223785,"{""labels"": [""0"", ""1"", ""2"", ""3"", ""4"", ""5"", ""6"", ""7"", ""8"", ""9""], ""matrix"": [[114, 0, 0, 0, 0, 0, 0, 0, 0, 0], [0, 112, 2, 1, 0, 0, 0, 0, 0, 0], [0, 0, 114, 0, 0, 0, 0, 0, 0, 0], [0, 0, 1, 104, 0, 0, 0, 0, 0, 0], [0, 0, 0, 0, 113, 1, 0, 0, 0, 0], [0, 0, 0, 1, 0, 105, 0, 0, 0, 0], [0, 0, 0, 0, 0, 0, 106, 0, 0, 0], [0, 0, 0, 0, 0, 0, 0, 114, 0, 0], [0, 0, 0, 0, 0, 0, 0, 0, 105, 0], [0, 0, 0, 0, 1, 0, 0, 1, 0, 103]]}"
pen-based,euclidean,5,modified_plurality,RetentionPolicy.DIFFERENT_CLASS_RETENTION,5,10,9894,1098,0.0015430999992531724,0.18504540000139968,0.18658850000065286,0.9963570127504554,0.9963650923864213,0.9963408521303257,0.9963407967846711,0.9963814437765136,0.9963570127504554,0.996356957057953,"{""labels"": [""0"", ""1"", ""2"", ""3"", ""4"", ""5"", ""6"", ""7"", ""8"", ""9""], ""matrix"": [[114, 0, 0, 0, 0, 0, 0, 0, 0, 0], [0, 114, 0, 0, 0, 0, 0, 0, 0, 0], [0, 0, 114, 0, 0, 0, 0, 0, 0, 0], [0, 0, 0, 105, 0, 0, 0, 0, 0, 0], [0, 0, 0, 0, 113, 0, 0, 0, 0, 1], [0, 0, 0, 1, 0, 104, 0, 0, 0, 0], [0, 0, 0, 0, 0, 0, 108, 0, 0, 0], [0, 0, 1, 0, 0, 0, 0, 113, 0, 0], [0, 0, 0, 0, 0, 0, 0, 0, 105, 0], [0, 1, 0, 0, 0, 0, 0, 0, 0, 104]]}"
pen-based,euclidean,5,modified_plurality,RetentionPolicy.DIFFERENT_CLASS_RETENTION,6,10,9890,1102,0.0014944000067771412,0.1802155999976094,0.18171000000438653,0.9936479128856625,0.9937675258245212,0.9936837547473216,0.9936861947876892,0.993720092601777,0.9936479128856625,0.9936438201627312,"{""labels"": [""0"", ""1"", ""2"", ""3"", ""4"", ""5"", ""6"", ""7"", ""8"", ""9""], ""matrix"": [[114, 0, 0, 0, 0, 0, 0, 0, 0, 0], [0, 112, 2, 1, 0, 0, 0, 0, 0, 0], [0, 0, 114, 0, 0, 0, 0, 0, 0, 0], [0, 0, 0, 108, 0, 0, 0, 0, 0, 0], [0, 0, 0, 0, 113, 0, 0, 1, 0, 0], [0, 0, 0, 1, 0, 105, 0, 0, 0, 0], [0, 0, 0, 0, 0, 1, 104, 0, 0, 0], [0, 0, 0, 0, 0, 0, 0, 114, 0, 0], [0, 0, 0, 0, 0, 0, 0, 0, 105, 0], [0, 0, 0, 0, 1, 0, 0, 0, 0, 106]]}"
pen-based,euclidean,5,modified_plurality,RetentionPolicy.DIFFERENT_CLASS_RETENTION,7,10,9892,1100,0.001817999997001607,0.1848704000003636,0.1866883999973652,0.9927272727272727,0.9930017120250101,0.9928486926915319,0.9928976293326086,0.992790477403651,0.9927272727272727,0.9927307685987471,"{""labels"": [""0"", ""1"", ""2"", ""3"", ""4"", ""5"", ""6"", ""7"", ""8"", ""9""], ""matrix"": [[112, 0, 0, 0, 2, 0, 0, 0, 0, 0], [0, 112, 2, 0, 0, 0, 0, 0, 0, 0], [0, 1, 113, 0, 0, 0, 0, 0, 0, 0], [0, 0, 0, 107, 0, 0, 0, 0, 0, 0], [0, 0, 0, 0, 114, 0, 0, 0, 0, 0], [0, 0, 0, 0, 0, 106, 0, 0, 0, 0], [0, 0, 0, 0, 0, 0, 105, 0, 0, 0], [0, 0, 0, 1, 0, 0, 0, 114, 0, 0], [0, 0, 0, 0, 0, 0, 0, 1, 105, 0], [0, 0, 0, 0, 0, 0, 0, 1, 0, 104]]}"
pen-based,euclidean,5,modified_plurality,RetentionPolicy.DIFFERENT_CLASS_RETENTION,8,10,9894,1098,0.0014878000001772307,0.18268890000035753,0.18417670000053477,0.9927140255009107,0.9928650898477777,0.9926996737125833,0.9927357417011006,0.9928084457022006,0.9927140255009107,0.9927133273589155,"{""labels"": [""0"", ""1"", ""2"", ""3"", ""4"", ""5"", ""6"", ""7"", ""8"", ""9""], ""matrix"": [[113, 0, 0, 0, 0, 0, 1, 0, 0, 0], [0, 111, 1, 1, 0, 0, 0, 1, 0, 0], [0, 0, 115, 0, 0, 0, 0, 0, 0, 0], [0, 0, 0, 104, 1, 0, 0, 0, 0, 0], [0, 0, 0, 0, 114, 0, 0, 0, 0, 0], [0, 0, 0, 0, 0, 105, 0, 1, 0, 0], [0, 0, 0, 0, 0, 0, 105, 0, 0, 0], [0, 0, 0, 0, 0, 0, 0, 114, 0, 0], [0, 0, 0, 0, 0, 0, 0, 1, 105, 0], [0, 0, 0, 0, 0, 1, 0, 0, 0, 104]]}"
pen-based,euclidean,5,modified_plurality,RetentionPolicy.DIFFERENT_CLASS_RETENTION,9,10,9890,1102,0.001956299995072186,0.1848087000034866,0.18676499999855878,0.9900181488203267,0.9900753721908035,0.9899675562984573,0.9899912125138103,0.9900704597005522,0.9900181488203267,0.9900130824147665,"{""labels"": [""0"", ""1"", ""2"", ""3"", ""4"", ""5"", ""6"", ""7"", ""8"", ""9""], ""matrix"": [[113, 0, 0, 0, 1, 0, 0, 0, 0, 1], [0, 112, 1, 1, 0, 0, 0, 0, 0, 0], [0, 0, 115, 0, 0, 0, 0, 0, 0, 0], [0, 0, 0, 104, 0, 0, 0, 0, 0, 1], [0, 0, 0, 0, 114, 1, 0, 0, 0, 0], [0, 0, 0, 0, 0, 105, 0, 0, 1, 0], [0, 0, 0, 0, 0, 0, 106, 0, 0, 0], [0, 0, 0, 0, 0, 0, 0, 114, 0, 0], [0, 0, 0, 0, 0, 0, 0, 1, 105, 0], [0, 1, 0, 0, 0, 0, 0, 2, 0, 103]]}"
pen-based,euclidean,5,modified_plurality,RetentionPolicy.DD_RETENTION,0,10,9894,1098,0.001771700000972487,0.18798619999870425,0.18975789999967674,0.994535519125683,0.9945922532725626,0.9945368754124854,0.9945322313009844,0.9946001482844464,0.994535519125683,0.9945353003676959,"{""labels"": [""0"", ""1"", ""2"", ""3"", ""4"", ""5"", ""6"", ""7"", ""8"", ""9""], ""matrix"": [[115, 0, 0, 0, 0, 0, 0, 0, 0, 0], [0, 112, 2, 0, 0, 0, 0, 0, 0, 0], [0, 0, 114, 0, 0, 0, 0, 0, 0, 0], [0, 0, 0, 105, 0, 0, 0, 0, 0, 0], [0, 0, 0, 0, 114, 1, 0, 0, 0, 0], [0, 0, 0, 0, 0, 105, 0, 0, 0, 0], [0, 0, 0, 0, 0, 0, 105, 0, 0, 0], [0, 0, 0, 0, 0, 0, 0, 114, 0, 0], [1, 0, 0, 0, 0, 1, 0, 0, 104, 0], [0, 0, 0, 0, 0, 0, 0, 0, 1, 104]]}"
pen-based,euclidean,5,modified_plurality,RetentionPolicy.DD_RETENTION,1,10,9893,1099,0.001680800000031013,0.19167680000100518,0.1933576000010362,0.9899909008189263,0.9902097418191762,0.9901495535393036,0.9901602133115217,0.9900691733338397,0.9899909008189263,0.9900102109919023,"{""labels"": [""0"", ""1"", ""2"", ""3"", ""4"", ""5"", ""6"", ""7"", ""8"", ""9""], ""matrix"": [[114, 1, 0, 0, 0, 0, 0, 0, 0, 0], [0, 112, 2, 0, 0, 0, 0, 0, 0, 0], [0, 2, 112, 0, 0, 0, 0, 0, 0, 0], [0, 0, 0, 103, 0, 0, 0, 1, 0, 1], [0, 0, 0, 0, 114, 1, 0, 0, 0, 0], [0, 0, 0, 0, 0, 105, 0, 0, 0, 0], [0, 0, 0, 0, 0, 0, 106, 0, 0, 0], [0, 1, 1, 0, 0, 0, 0, 112, 0, 0], [0, 0, 0, 0, 0, 0, 0, 0, 105, 0], [0, 0, 0, 1, 0, 0, 0, 0, 0, 105]]}"
pen-based,euclidean,5,modified_plurality,RetentionPolicy.DD_RETENTION,2,10,9895,1097,0.0014872000028844923,0.19175389999873005,0.19324110000161454,0.99179580674567,0.9917961712066236,0.9917369510733355,0.9917060496820364,0.9919185219739565,0.99179580674567,0.991798759811907,"{""labels"": [""0"", ""1"", ""2"", ""3"", ""4"", ""5"", ""6"", ""7"", ""8"", ""9""], ""matrix"": [[113, 0, 0, 0, 0, 0, 0, 0, 0, 1], [0, 114, 0, 0, 1, 0, 0, 0, 0, 0], [0, 0, 115, 0, 0, 0, 0, 0, 0, 0], [0, 0, 0, 104, 0, 1, 0, 0, 0, 0], [0, 0, 0, 0, 113, 1, 0, 0, 0, 0], [0, 0, 0, 0, 0, 105, 0, 0, 0, 0], [0, 0, 0, 0, 0, 0, 105, 0, 0, 0], [0, 1, 0, 0, 0, 0, 0, 113, 0, 0], [0, 0, 0, 0, 0, 0, 0, 0, 105, 0], [0, 1, 0, 1, 0, 2, 0, 0, 0, 101]]}"
pen-based,euclidean,5,modified_plurality,RetentionPolicy.DD_RETENTION,3,10,9892,1100,0.0017191000006278045,0.18934140000055777,0.19106050000118557,0.9918181818181818,0.9919295367212124,0.9919025825433149,0.9919115882544907,0.991843910806175,0.9918181818181818,0.9918267781788497,"{""labels"": [""0"", ""1"", ""2"", ""3"", ""4"", ""5"", ""6"", ""7"", ""8"", ""9""], ""matrix"": [[114, 0, 0, 0, 0, 0, 0, 0, 0, 0], [0, 111, 0, 2, 0, 0, 0, 1, 0, 0], [0, 0, 114, 0, 0, 0, 0, 1, 0, 0], [0, 1, 1, 103, 0, 0, 0, 0, 0, 0], [0, 0, 0, 0, 115, 0, 0, 0, 0, 0], [0, 0, 0, 1, 0, 104, 0, 0, 0, 0], [0, 0, 0, 0, 0, 0, 105, 0, 0, 0], [0, 2, 0, 0, 0, 0, 0, 113, 0, 0], [0, 0, 0, 0, 0, 0, 0, 0, 106, 0], [0, 0, 0, 0, 0, 0, 0, 0, 0, 106]]}"
pen-based,euclidean,5,modified_plurality,RetentionPolicy.DD_RETENTION,4,10,9894,1098,0.0015606000015395693,0.18603889999940293,0.1875995000009425,0.9927140255009107,0.9928589505568046,0.992713572281812,0.9927391029572306,0.9928091863876369,0.9927140255009107,0.9927134187223785,"{""labels"": [""0"", ""1"", ""2"", ""3"", ""4"", ""5"", ""6"", ""7"", ""8"", ""9""], ""matrix"": [[114, 0, 0, 0, 0, 0, 0, 0, 0, 0], [0, 112, 2, 1, 0, 0, 0, 0, 0, 0], [0, 0, 114, 0, 0, 0, 0, 0, 0, 0], [0, 0, 1, 104, 0, 0, 0, 0, 0, 0], [0, 0, 0, 0, 113, 1, 0, 0, 0, 0], [0, 0, 0, 1, 0, 105, 0, 0, 0, 0], [0, 0, 0, 0, 0, 0, 106, 0, 0, 0], [0, 0, 0, 0, 0, 0, 0, 114, 0, 0], [0, 0, 0, 0, 0, 0, 0, 0, 105, 0], [0, 0, 0, 0, 1, 0, 0, 1, 0, 103]]}"
pen-based,euclidean,5,modified_plurality,RetentionPolicy.DD_RETENTION,5,10,9894,1098,0.001644800002395641,0.19422579999809386,0.1958706000004895,0.9954462659380692,0.995431701969267,0.9954636591478696,0.9954308224477965,0.9954882320853772,0.9954462659380692,0.9954506554986672,"{""labels"": [""0"", ""1"", ""2"", ""3"", ""4"", ""5"", ""6"", ""7"", ""8"", ""9""], ""matrix"": [[114, 0, 0, 0, 0, 0, 0, 0, 0, 0], [0, 113, 0, 1, 0, 0, 0, 0, 0, 0], [0, 0, 114, 0, 0, 0, 0, 0, 0, 0], [0, 0, 0, 105, 0, 0, 0, 0, 0, 0], [0, 0, 0, 0, 113, 0, 0, 0, 0, 1], [0, 0, 0, 1, 0, 104, 0, 0, 0, 0], [0, 0, 0, 0, 0, 0, 108, 0, 0, 0], [0, 0, 1, 0, 0, 0, 0, 113, 0, 0], [0, 0, 0, 0, 0, 0, 0, 0, 105, 0], [0, 1, 0, 0, 0, 0, 0, 0, 0, 104]]}"
pen-based,euclidean,5,modified_plurality,RetentionPolicy.DD_RETENTION,6,10,9890,1102,0.0015650999994250014,0.19351260000257753,0.19507770000200253,0.9927404718693285,0.9929055883721947,0.9927491753080693,0.9927794314436831,0.9928284331683358,0.9927404718693285,0.9927358924621112,"{""labels"": [""0"", ""1"", ""2"", ""3"", ""4"", ""5"", ""6"", ""7"", ""8"", ""9""], ""matrix"": [[114, 0, 0, 0, 0, 0, 0, 0, 0, 0], [0, 112, 2, 1, 0, 0, 0, 0, 0, 0], [0, 0, 114, 0, 0, 0, 0, 0, 0, 0], [0, 0, 0, 108, 0, 0, 0, 0, 0, 0], [0, 0, 0, 0, 113, 0, 0, 1, 0, 0], [0, 0, 0, 1, 0, 105, 0, 0, 0, 0], [0, 0, 0, 0, 0, 1, 104, 0, 0, 0], [0, 0, 0, 0, 0, 0, 0, 114, 0, 0], [0, 0, 0, 0, 0, 0, 0, 0, 105, 0], [0, 0, 0, 0, 2, 0, 0, 0, 0, 105]]}"
pen-based,euclidean,5,modified_plurality,RetentionPolicy.DD_RETENTION,7,10,9892,1100,0.0016633999985060655,0.19107459999941057,0.19273799999791663,0.9927272727272727,0.9930017120250101,0.9928486926915319,0.9928976293326086,0.992790477403651,0.9927272727272727,0.9927307685987471,"{""labels"": [""0"", ""1"", ""2"", ""3"", ""4"", ""5"", ""6"", ""7"", ""8"", ""9""], ""matrix"": [[112, 0, 0, 0, 2, 0, 0, 0, 0, 0], [0, 112, 2, 0, 0, 0, 0, 0, 0, 0], [0, 1, 113, 0, 0, 0, 0, 0, 0, 0], [0, 0, 0, 107, 0, 0, 0, 0, 0, 0], [0, 0, 0, 0, 114, 0, 0, 0, 0, 0], [0, 0, 0, 0, 0, 106, 0, 0, 0, 0], [0, 0, 0, 0, 0, 0, 105, 0, 0, 0], [0, 0, 0, 1, 0, 0, 0, 114, 0, 0], [0, 0, 0, 0, 0, 0, 0, 1, 105, 0], [0, 0, 0, 0, 0, 0, 0, 1, 0, 104]]}"
pen-based,euclidean,5,modified_plurality,RetentionPolicy.DD_RETENTION,8,10,9894,1098,0.0017271999968215823,0.18983809999917867,0.19156529999600025,0.9927140255009107,0.9928650898477777,0.9926996737125833,0.9927357417011006,0.9928084457022006,0.9927140255009107,0.9927133273589155,"{""labels"": [""0"", ""1"", ""2"", ""3"", ""4"", ""5"", ""6"", ""7"", ""8"", ""9""], ""matrix"": [[113, 0, 0, 0, 0, 0, 1, 0, 0, 0], [0, 111, 1, 1, 0, 0, 0, 1, 0, 0], [0, 0, 115, 0, 0, 0, 0, 0, 0, 0], [0, 0, 0, 104, 1, 0, 0, 0, 0, 0], [0, 0, 0, 0, 114, 0, 0, 0, 0, 0], [0, 0, 0, 0, 0, 105, 0, 1, 0, 0], [0, 0, 0, 0, 0, 0, 105, 0, 0, 0], [0, 0, 0, 0, 0, 0, 0, 114, 0, 0], [0, 0, 0, 0, 0, 0, 0, 1, 105, 0], [0, 0, 0, 0, 0, 1, 0, 0, 0, 104]]}"
pen-based,euclidean,5,modified_plurality,RetentionPolicy.DD_RETENTION,9,10,9890,1102,0.0015312000032281503,0.19202019999647746,0.1935513999997056,0.9900181488203267,0.9900753721908035,0.9899675562984573,0.9899912125138103,0.9900704597005522,0.9900181488203267,0.9900130824147665,"{""labels"": [""0"", ""1"", ""2"", ""3"", ""4"", ""5"", ""6"", ""7"", ""8"", ""9""], ""matrix"": [[113, 0, 0, 0, 1, 0, 0, 0, 0, 1], [0, 112, 1, 1, 0, 0, 0, 0, 0, 0], [0, 0, 115, 0, 0, 0, 0, 0, 0, 0], [0, 0, 0, 104, 0, 0, 0, 0, 0, 1], [0, 0, 0, 0, 114, 1, 0, 0, 0, 0], [0, 0, 0, 0, 0, 105, 0, 0, 1, 0], [0, 0, 0, 0, 0, 0, 106, 0, 0, 0], [0, 0, 0, 0, 0, 0, 0, 114, 0, 0], [0, 0, 0, 0, 0, 0, 0, 1, 105, 0], [0, 1, 0, 0, 0, 0, 0, 2, 0, 103]]}"
pen-based,euclidean,7,borda,RetentionPolicy.ALWAYS_RETAIN,0,10,9894,1098,0.0015297999998438172,0.19477159999951255,0.19630139999935636,0.9963570127504554,0.9963725886382955,0.9962836336123327,0.9963156862133529,0.9963727017254731,0.9963570127504554,0.9963524713880837,"{""labels"": [""0"", ""1"", ""2"", ""3"", ""4"", ""5"", ""6"", ""7"", ""8"", ""9""], ""matrix"": [[115, 0, 0, 0, 0, 0, 0, 0, 0, 0], [0, 113, 1, 0, 0, 0, 0, 0, 0, 0], [0, 0, 114, 0, 0, 0, 0, 0, 0, 0], [0, 0, 0, 105, 0, 0, 0, 0, 0, 0], [0, 0, 0, 0, 115, 0, 0, 0, 0, 0], [0, 0, 0, 0, 0, 105, 0, 0, 0, 0], [0, 0, 0, 0, 0, 0, 105, 0, 0, 0], [0, 0, 0, 0, 0, 0, 0, 114, 0, 0], [1, 0, 0, 0, 0, 1, 0, 0, 104, 0], [0, 0, 0, 0, 0, 0, 0, 0, 1, 104]]}"
pen-based,euclidean,7,borda,RetentionPolicy.ALWAYS_RETAIN,1,10,9893,1099,0.0018008000042755157,0.19821889999730047,0.20001970000157598,0.991810737033667,0.992042301038086,0.9919039395042158,0.9919441881585762,0.9918907144667295,0.991810737033667,0.99182193516259,"{""labels"": [""0"", ""1"", ""2"", ""3"", ""4"", ""5"", ""6"", ""7"", ""8"", ""9""], ""matrix"": [[114, 1, 0, 0, 0, 0, 0, 0, 0, 0], [0, 113, 1, 0, 0, 0, 0, 0, 0, 0], [0, 1, 113, 0, 0, 0, 0, 0, 0, 0], [0, 0, 0, 103, 0, 0, 0, 1, 0, 1], [0, 0, 0, 0, 114, 1, 0, 0, 0, 0], [0, 0, 0, 0, 0, 105, 0, 0, 0, 0], [0, 0, 0, 0, 0, 0, 105, 1, 0, 0], [0, 1, 1, 0, 0, 0, 0, 112, 0, 0], [0, 0, 0, 0, 0, 0, 0, 0, 105, 0], [0, 0, 0, 0, 0, 0, 0, 0, 0, 106]]}"
pen-based,euclidean,7,borda,RetentionPolicy.ALWAYS_RETAIN,2,10,9895,1097,0.001487100002123043,0.19185940000170376,0.1933465000038268,0.9936189608021878,0.9935598370486509,0.9935665250081727,0.9935287877114956,0.9936851517864896,0.9936189608021878,0.993618663729355,"{""labels"": [""0"", ""1"", ""2"", ""3"", ""4"", ""5"", ""6"", ""7"", ""8"", ""9""], ""matrix"": [[113, 0, 0, 0, 0, 0, 0, 0, 0, 1], [0, 114, 0, 0, 1, 0, 0, 0, 0, 0], [0, 0, 115, 0, 0, 0, 0, 0, 0, 0], [0, 0, 0, 104, 0, 1, 0, 0, 0, 0], [0, 0, 0, 0, 114, 0, 0, 0, 0, 0], [0, 0, 0, 0, 0, 105, 0, 0, 0, 0], [0, 0, 0, 0, 0, 0, 105, 0, 0, 0], [0, 1, 0, 0, 0, 0, 0, 113, 0, 0], [0, 0, 0, 0, 0, 0, 0, 0, 105, 0], [0, 0, 0, 1, 0, 2, 0, 0, 0, 102]]}"
pen-based,euclidean,7,borda,RetentionPolicy.ALWAYS_RETAIN,3,10,9892,1100,0.0015765999996801838,0.19401319999451516,0.19558979999419535,0.990909090909091,0.9909374358204724,0.9909578293559986,0.9909224688600251,0.9909594375609591,0.990909090909091,0.9909093645120147,"{""labels"": [""0"", ""1"", ""2"", ""3"", ""4"", ""5"", ""6"", ""7"", ""8"", ""9""], ""matrix"": [[114, 0, 0, 0, 0, 0, 0, 0, 0, 0], [0, 112, 0, 2, 0, 0, 0, 0, 0, 0], [0, 0, 114, 0, 0, 0, 0, 1, 0, 0], [0, 1, 1, 103, 0, 0, 0, 0, 0, 0], [0, 0, 0, 0, 115, 0, 0, 0, 0, 0], [0, 0, 0, 1, 0, 103, 0, 0, 0, 1], [0, 0, 0, 0, 0, 0, 105, 0, 0, 0], [0, 2, 0, 0, 0, 0, 0, 112, 1, 0], [0, 0, 0, 0, 0, 0, 0, 0, 106, 0], [0, 0, 0, 0, 0, 0, 0, 0, 0, 106]]}"
pen-based,euclidean,7,borda,RetentionPolicy.ALWAYS_RETAIN,4,10,9894,1098,0.0014996999962022528,0.19399820000398904,0.1954979000001913,0.9954462659380692,0.9955843506818021,0.9953298956990508,0.995432538051278,0.9954935100755634,0.9954462659380692,0.9954452586570361,"{""labels"": [""0"", ""1"", ""2"", ""3"", ""4"", ""5"", ""6"", ""7"", ""8"", ""9""], ""matrix"": [[114, 0, 0, 0, 0, 0, 0, 0, 0, 0], [0, 114, 1, 0, 0, 0, 0, 0, 0, 0], [0, 0, 114, 0, 0, 0, 0, 0, 0, 0], [0, 0, 1, 104, 0, 0, 0, 0, 0, 0], [0, 0, 0, 0, 114, 0, 0, 0, 0, 0], [0, 0, 0, 1, 0, 105, 0, 0, 0, 0], [0, 0, 0, 0, 0, 0, 106, 0, 0, 0], [0, 0, 0, 0, 0, 0, 0, 114, 0, 0], [0, 0, 0, 0, 0, 0, 0, 0, 105, 0], [0, 0, 0, 0, 1, 0, 0, 1, 0, 103]]}"
pen-based,euclidean,7,borda,RetentionPolicy.ALWAYS_RETAIN,5,10,9894,1098,0.0015019999991636723,0.19321810000110418,0.19472010000026785,0.9954462659380692,0.9954393297343318,0.9954636591478696,0.9954346529848376,0.995496151622876,0.9954462659380692,0.995454632558983,"{""labels"": [""0"", ""1"", ""2"", ""3"", ""4"", ""5"", ""6"", ""7"", ""8"", ""9""], ""matrix"": [[114, 0, 0, 0, 0, 0, 0, 0, 0, 0], [0, 113, 0, 1, 0, 0, 0, 0, 0, 0], [0, 0, 114, 0, 0, 0, 0, 0, 0, 0], [0, 0, 0, 105, 0, 0, 0, 0, 0, 0], [0, 0, 0, 0, 113, 0, 0, 0, 0, 1], [0, 0, 0, 1, 0, 104, 0, 0, 0, 0], [0, 0, 0, 0, 0, 0, 108, 0, 0, 0], [0, 1, 0, 0, 0, 0, 0, 113, 0, 0], [0, 0, 0, 0, 0, 0, 0, 0, 105, 0], [0, 1, 0, 0, 0, 0, 0, 0, 0, 104]]}"
pen-based,euclidean,7,borda,RetentionPolicy.ALWAYS_RETAIN,6,10,9890,1102,0.0015321999962907284,0.19754660000035074,0.19907879999664146,0.9936479128856625,0.993806338997716,0.9936187405254607,0.9936804260638837,0.9937112014764691,0.9936479128856625,0.993647128119335,"{""labels"": [""0"", ""1"", ""2"", ""3"", ""4"", ""5"", ""6"", ""7"", ""8"", ""9""], ""matrix"": [[114, 0, 0, 0, 0, 0, 0, 0, 0, 0], [0, 113, 2, 0, 0, 0, 0, 0, 0, 0], [0, 0, 114, 0, 0, 0, 0, 0, 0, 0], [0, 0, 0, 108, 0, 0, 0, 0, 0, 0], [0, 0, 0, 0, 113, 0, 0, 1, 0, 0], [0, 0, 0, 1, 0, 105, 0, 0, 0, 0], [0, 0, 0, 0, 0, 1, 104, 0, 0, 0], [0, 0, 0, 0, 0, 0, 0, 114, 0, 0], [0, 0, 0, 0, 0, 0, 0, 0, 105, 0], [0, 0, 0, 0, 2, 0, 0, 0, 0, 105]]}"
pen-based,euclidean,7,borda,RetentionPolicy.ALWAYS_RETAIN,7,10,9892,1100,0.001680199995462317,0.19304700000066077,0.1947271999961231,0.9936363636363637,0.9939423741725688,0.9937182579089232,0.9937993779448625,0.9937065568542132,0.9936363636363637,0.9936396791458074,"{""labels"": [""0"", ""1"", ""2"", ""3"", ""4"", ""5"", ""6"", ""7"", ""8"", ""9""], ""matrix"": [[112, 0, 0, 0, 2, 0, 0, 0, 0, 0], [0, 112, 2, 0, 0, 0, 0, 0, 0, 0], [0, 1, 113, 0, 0, 0, 0, 0, 0, 0], [0, 0, 0, 107, 0, 0, 0, 0, 0, 0], [0, 0, 0, 0, 114, 0, 0, 0, 0, 0], [0, 0, 0, 0, 0, 106, 0, 0, 0, 0], [0, 0, 0, 0, 0, 0, 105, 0, 0, 0], [0, 0, 0, 0, 0, 0, 0, 115, 0, 0], [0, 0, 0, 0, 0, 0, 0, 1, 105, 0], [0, 0, 0, 0, 0, 0, 0, 1, 0, 104]]}"
pen-based,euclidean,7,borda,RetentionPolicy.ALWAYS_RETAIN,8,10,9894,1098,0.0014712999982293695,0.19802680000429973,0.1994981000025291,0.994535519125683,0.9946574354332267,0.9944540596774957,0.994531594534242,0.9945912869423623,0.994535519125683,0.9945390287660411,"{""labels"": [""0"", ""1"", ""2"", ""3"", ""4"", ""5"", ""6"", ""7"", ""8"", ""9""], ""matrix"": [[113, 0, 0, 0, 0, 0, 1, 0, 0, 0], [0, 113, 1, 0, 0, 0, 0, 0, 0, 0], [0, 0, 115, 0, 0, 0, 0, 0, 0, 0], [0, 0, 0, 104, 1, 0, 0, 0, 0, 0], [0, 0, 0, 0, 114, 0, 0, 0, 0, 0], [0, 0, 0, 0, 0, 105, 0, 1, 0, 0], [0, 0, 0, 0, 0, 0, 105, 0, 0, 0], [0, 0, 0, 0, 0, 0, 0, 114, 0, 0], [0, 0, 0, 0, 0, 0, 0, 1, 105, 0], [0, 0, 0, 0, 0, 1, 0, 0, 0, 104]]}"
pen-based,euclidean,7,borda,RetentionPolicy.ALWAYS_RETAIN,9,10,9890,1102,0.0015569000024697743,0.19879849999415455,0.20035539999662433,0.9927404718693285,0.9927779712934676,0.992723913968679,0.992719894559564,0.9927958892307837,0.9927404718693285,0.9927362803255447,"{""labels"": [""0"", ""1"", ""2"", ""3"", ""4"", ""5"", ""6"", ""7"", ""8"", ""9""], ""matrix"": [[113, 0, 0, 0, 1, 0, 0, 0, 0, 1], [0, 112, 1, 1, 0, 0, 0, 0, 0, 0], [0, 0, 115, 0, 0, 0, 0, 0, 0, 0], [0, 0, 0, 104, 0, 0, 0, 0, 0, 1], [0, 0, 0, 0, 115, 0, 0, 0, 0, 0], [0, 0, 0, 0, 0, 105, 0, 0, 1, 0], [0, 0, 0, 0, 0, 0, 106, 0, 0, 0], [0, 0, 0, 0, 0, 0, 0, 114, 0, 0], [0, 0, 0, 0, 0, 0, 0, 0, 106, 0], [0, 0, 0, 0, 0, 0, 0, 2, 0, 104]]}"
pen-based,euclidean,7,borda,RetentionPolicy.NEVER_RETAIN,0,10,9894,1098,0.001541400000860449,0.17132309999578865,0.1728644999966491,0.9954462659380692,0.9954468259862057,0.9954140683949415,0.9954095424135195,0.9954874095718355,0.9954462659380692,0.9954461698287979,"{""labels"": [""0"", ""1"", ""2"", ""3"", ""4"", ""5"", ""6"", ""7"", ""8"", ""9""], ""matrix"": [[115, 0, 0, 0, 0, 0, 0, 0, 0, 0], [0, 113, 1, 0, 0, 0, 0, 0, 0, 0], [0, 0, 114, 0, 0, 0, 0, 0, 0, 0], [0, 0, 0, 105, 0, 0, 0, 0, 0, 0], [0, 0, 0, 0, 114, 1, 0, 0, 0, 0], [0, 0, 0, 0, 0, 105, 0, 0, 0, 0], [0, 0, 0, 0, 0, 0, 105, 0, 0, 0], [0, 0, 0, 0, 0, 0, 0, 114, 0, 0], [1, 0, 0, 0, 0, 1, 0, 0, 104, 0], [0, 0, 0, 0, 0, 0, 0, 0, 1, 104]]}"
pen-based,euclidean,7,borda,RetentionPolicy.NEVER_RETAIN,1,10,9893,1099,0.0015394999936688691,0.17322990000684513,0.174769400000514,0.9927206551410374,0.9929117312507859,0.9928473357306309,0.9928509218696938,0.9927925802014682,0.9927206551410374,0.9927279967992879,"{""labels"": [""0"", ""1"", ""2"", ""3"", ""4"", ""5"", ""6"", ""7"", ""8"", ""9""], ""matrix"": [[114, 1, 0, 0, 0, 0, 0, 0, 0, 0], [0, 113, 1, 0, 0, 0, 0, 0, 0, 0], [0, 1, 113, 0, 0, 0, 0, 0, 0, 0], [0, 0, 0, 103, 0, 0, 0, 1, 0, 1], [0, 0, 0, 0, 114, 1, 0, 0, 0, 0], [0, 0, 0, 0, 0, 105, 0, 0, 0, 0], [0, 0, 0, 0, 0, 0, 106, 0, 0, 0], [0, 1, 1, 0, 0, 0, 0, 112, 0, 0], [0, 0, 0, 0, 0, 0, 0, 0, 105, 0], [0, 0, 0, 0, 0, 0, 0, 0, 0, 106]]}"
pen-based,euclidean,7,borda,RetentionPolicy.NEVER_RETAIN,2,10,9895,1097,0.0014960999978939071,0.1683746999988216,0.1698707999967155,0.9936189608021878,0.9935598370486509,0.9935665250081727,0.9935287877114956,0.9936851517864896,0.9936189608021878,0.993618663729355,"{""labels"": [""0"", ""1"", ""2"", ""3"", ""4"", ""5"", ""6"", ""7"", ""8"", ""9""], ""matrix"": [[113, 0, 0, 0, 0, 0, 0, 0, 0, 1], [0, 114, 0, 0, 1, 0, 0, 0, 0, 0], [0, 0, 115, 0, 0, 0, 0, 0, 0, 0], [0, 0, 0, 104, 0, 1, 0, 0, 0, 0], [0, 0, 0, 0, 114, 0, 0, 0, 0, 0], [0, 0, 0, 0, 0, 105, 0, 0, 0, 0], [0, 0, 0, 0, 0, 0, 105, 0, 0, 0], [0, 1, 0, 0, 0, 0, 0, 113, 0, 0], [0, 0, 0, 0, 0, 0, 0, 0, 105, 0], [0, 0, 0, 1, 0, 2, 0, 0, 0, 102]]}"
pen-based,euclidean,7,borda,RetentionPolicy.NEVER_RETAIN,3,10,9892,1100,0.0019239000030211173,0.16517900000326335,0.16710290000628447,0.9918181818181818,0.9918720152597247,0.9919102103083797,0.991875021990117,0.9918600322933294,0.9918181818181818,0.9918228878049943,"{""labels"": [""0"", ""1"", ""2"", ""3"", ""4"", ""5"", ""6"", ""7"", ""8"", ""9""], ""matrix"": [[114, 0, 0, 0, 0, 0, 0, 0, 0, 0], [0, 112, 0, 2, 0, 0, 0, 0, 0, 0], [0, 0, 114, 0, 0, 0, 0, 1, 0, 0], [0, 1, 1, 103, 0, 0, 0, 0, 0, 0], [0, 0, 0, 0, 115, 0, 0, 0, 0, 0], [0, 0, 0, 1, 0, 104, 0, 0, 0, 0], [0, 0, 0, 0, 0, 0, 105, 0, 0, 0], [0, 2, 0, 0, 0, 0, 0, 112, 1, 0], [0, 0, 0, 0, 0, 0, 0, 0, 106, 0], [0, 0, 0, 0, 0, 0, 0, 0, 0, 106]]}"
pen-based,euclidean,7,borda,RetentionPolicy.NEVER_RETAIN,4,10,9894,1098,0.0016459999969811179,0.1682243999966886,0.1698703999936697,0.994535519125683,0.9947443860487339,0.9944603304816594,0.9945628902102192,0.9946214156477878,0.994535519125683,0.9945383336512034,"{""labels"": [""0"", ""1"", ""2"", ""3"", ""4"", ""5"", ""6"", ""7"", ""8"", ""9""], ""matrix"": [[114, 0, 0, 0, 0, 0, 0, 0, 0, 0], [0, 113, 2, 0, 0, 0, 0, 0, 0, 0], [0, 0, 114, 0, 0, 0, 0, 0, 0, 0], [0, 0, 1, 104, 0, 0, 0, 0, 0, 0], [0, 0, 0, 0, 114, 0, 0, 0, 0, 0], [0, 0, 0, 1, 0, 105, 0, 0, 0, 0], [0, 0, 0, 0, 0, 0, 106, 0, 0, 0], [0, 0, 0, 0, 0, 0, 0, 114, 0, 0], [0, 0, 0, 0, 0, 0, 0, 0, 105, 0], [0, 0, 0, 0, 1, 0, 0, 1, 0, 103]]}"
pen-based,euclidean,7,borda,RetentionPolicy.NEVER_RETAIN,5,10,9894,1098,0.0015334000054281205,0.1659503999981098,0.1674838000035379,0.9963570127504554,0.9963650923864213,0.9963408521303257,0.9963407967846711,0.9963814437765136,0.9963570127504554,0.996356957057953,"{""labels"": [""0"", ""1"", ""2"", ""3"", ""4"", ""5"", ""6"", ""7"", ""8"", ""9""], ""matrix"": [[114, 0, 0, 0, 0, 0, 0, 0, 0, 0], [0, 114, 0, 0, 0, 0, 0, 0, 0, 0], [0, 0, 114, 0, 0, 0, 0, 0, 0, 0], [0, 0, 0, 105, 0, 0, 0, 0, 0, 0], [0, 0, 0, 0, 113, 0, 0, 0, 0, 1], [0, 0, 0, 1, 0, 104, 0, 0, 0, 0], [0, 0, 0, 0, 0, 0, 108, 0, 0, 0], [0, 0, 1, 0, 0, 0, 0, 113, 0, 0], [0, 0, 0, 0, 0, 0, 0, 0, 105, 0], [0, 1, 0, 0, 0, 0, 0, 0, 0, 104]]}"
pen-based,euclidean,7,borda,RetentionPolicy.NEVER_RETAIN,6,10,9890,1102,0.0014353000005939975,0.16660959999717306,0.16804489999776706,0.9936479128856625,0.993806338997716,0.9936187405254607,0.9936804260638837,0.9937112014764691,0.9936479128856625,0.993647128119335,"{""labels"": [""0"", ""1"", ""2"", ""3"", ""4"", ""5"", ""6"", ""7"", ""8"", ""9""], ""matrix"": [[114, 0, 0, 0, 0, 0, 0, 0, 0, 0], [0, 113, 2, 0, 0, 0, 0, 0, 0, 0], [0, 0, 114, 0, 0, 0, 0, 0, 0, 0], [0, 0, 0, 108, 0, 0, 0, 0, 0, 0], [0, 0, 0, 0, 113, 0, 0, 1, 0, 0], [0, 0, 0, 1, 0, 105, 0, 0, 0, 0], [0, 0, 0, 0, 0, 1, 104, 0, 0, 0], [0, 0, 0, 0, 0, 0, 0, 114, 0, 0], [0, 0, 0, 0, 0, 0, 0, 0, 105, 0], [0, 0, 0, 0, 2, 0, 0, 0, 0, 105]]}"
pen-based,euclidean,7,borda,RetentionPolicy.NEVER_RETAIN,7,10,9892,1100,0.0014683000044897199,0.16746409999905154,0.16893240000354126,0.9936363636363637,0.9939423741725688,0.9937182579089232,0.9937993779448625,0.9937065568542132,0.9936363636363637,0.9936396791458074,"{""labels"": [""0"", ""1"", ""2"", ""3"", ""4"", ""5"", ""6"", ""7"", ""8"", ""9""], ""matrix"": [[112, 0, 0, 0, 2, 0, 0, 0, 0, 0], [0, 112, 2, 0, 0, 0, 0, 0, 0, 0], [0, 1, 113, 0, 0, 0, 0, 0, 0, 0], [0, 0, 0, 107, 0, 0, 0, 0, 0, 0], [0, 0, 0, 0, 114, 0, 0, 0, 0, 0], [0, 0, 0, 0, 0, 106, 0, 0, 0, 0], [0, 0, 0, 0, 0, 0, 105, 0, 0, 0], [0, 0, 0, 0, 0, 0, 0, 115, 0, 0], [0, 0, 0, 0, 0, 0, 0, 1, 105, 0], [0, 0, 0, 0, 0, 0, 0, 1, 0, 104]]}"
pen-based,euclidean,7,borda,RetentionPolicy.NEVER_RETAIN,8,10,9894,1098,0.001588799997989554,0.16771329999755835,0.1693020999955479,0.994535519125683,0.9946574354332267,0.9944540596774957,0.994531594534242,0.9945912869423623,0.994535519125683,0.9945390287660411,"{""labels"": [""0"", ""1"", ""2"", ""3"", ""4"", ""5"", ""6"", ""7"", ""8"", ""9""], ""matrix"": [[113, 0, 0, 0, 0, 0, 1, 0, 0, 0], [0, 113, 1, 0, 0, 0, 0, 0, 0, 0], [0, 0, 115, 0, 0, 0, 0, 0, 0, 0], [0, 0, 0, 104, 1, 0, 0, 0, 0, 0], [0, 0, 0, 0, 114, 0, 0, 0, 0, 0], [0, 0, 0, 0, 0, 105, 0, 1, 0, 0], [0, 0, 0, 0, 0, 0, 105, 0, 0, 0], [0, 0, 0, 0, 0, 0, 0, 114, 0, 0], [0, 0, 0, 0, 0, 0, 0, 1, 105, 0], [0, 0, 0, 0, 0, 1, 0, 0, 0, 104]]}"
pen-based,euclidean,7,borda,RetentionPolicy.NEVER_RETAIN,9,10,9890,1102,0.0018532999965827912,0.16856859999825247,0.17042189999483526,0.9927404718693285,0.9927779712934676,0.992723913968679,0.992719894559564,0.9927958892307837,0.9927404718693285,0.9927362803255447,"{""labels"": [""0"", ""1"", ""2"", ""3"", ""4"", ""5"", ""6"", ""7"", ""8"", ""9""], ""matrix"": [[113, 0, 0, 0, 1, 0, 0, 0, 0, 1], [0, 112, 1, 1, 0, 0, 0, 0, 0, 0], [0, 0, 115, 0, 0, 0, 0, 0, 0, 0], [0, 0, 0, 104, 0, 0, 0, 0, 0, 1], [0, 0, 0, 0, 115, 0, 0, 0, 0, 0], [0, 0, 0, 0, 0, 105, 0, 0, 1, 0], [0, 0, 0, 0, 0, 0, 106, 0, 0, 0], [0, 0, 0, 0, 0, 0, 0, 114, 0, 0], [0, 0, 0, 0, 0, 0, 0, 0, 106, 0], [0, 0, 0, 0, 0, 0, 0, 2, 0, 104]]}"
pen-based,euclidean,7,borda,RetentionPolicy.DIFFERENT_CLASS_RETENTION,0,10,9894,1098,0.00185570000030566,0.1705879000001005,0.17244360000040615,0.9954462659380692,0.9954468259862057,0.9954140683949415,0.9954095424135195,0.9954874095718355,0.9954462659380692,0.9954461698287979,"{""labels"": [""0"", ""1"", ""2"", ""3"", ""4"", ""5"", ""6"", ""7"", ""8"", ""9""], ""matrix"": [[115, 0, 0, 0, 0, 0, 0, 0, 0, 0], [0, 113, 1, 0, 0, 0, 0, 0, 0, 0], [0, 0, 114, 0, 0, 0, 0, 0, 0, 0], [0, 0, 0, 105, 0, 0, 0, 0, 0, 0], [0, 0, 0, 0, 114, 1, 0, 0, 0, 0], [0, 0, 0, 0, 0, 105, 0, 0, 0, 0], [0, 0, 0, 0, 0, 0, 105, 0, 0, 0], [0, 0, 0, 0, 0, 0, 0, 114, 0, 0], [1, 0, 0, 0, 0, 1, 0, 0, 104, 0], [0, 0, 0, 0, 0, 0, 0, 0, 1, 104]]}"
pen-based,euclidean,7,borda,RetentionPolicy.DIFFERENT_CLASS_RETENTION,1,10,9893,1099,0.0018330000020796433,0.17126899999857415,0.1731020000006538,0.9927206551410374,0.9929117312507859,0.9928473357306309,0.9928509218696938,0.9927925802014682,0.9927206551410374,0.9927279967992879,"{""labels"": [""0"", ""1"", ""2"", ""3"", ""4"", ""5"", ""6"", ""7"", ""8"", ""9""], ""matrix"": [[114, 1, 0, 0, 0, 0, 0, 0, 0, 0], [0, 113, 1, 0, 0, 0, 0, 0, 0, 0], [0, 1, 113, 0, 0, 0, 0, 0, 0, 0], [0, 0, 0, 103, 0, 0, 0, 1, 0, 1], [0, 0, 0, 0, 114, 1, 0, 0, 0, 0], [0, 0, 0, 0, 0, 105, 0, 0, 0, 0], [0, 0, 0, 0, 0, 0, 106, 0, 0, 0], [0, 1, 1, 0, 0, 0, 0, 112, 0, 0], [0, 0, 0, 0, 0, 0, 0, 0, 105, 0], [0, 0, 0, 0, 0, 0, 0, 0, 0, 106]]}"
pen-based,euclidean,7,borda,RetentionPolicy.DIFFERENT_CLASS_RETENTION,2,10,9895,1097,0.0015064000035636127,0.1679299000024912,0.1694363000060548,0.9936189608021878,0.9935598370486509,0.9935665250081727,0.9935287877114956,0.9936851517864896,0.9936189608021878,0.993618663729355,"{""labels"": [""0"", ""1"", ""2"", ""3"", ""4"", ""5"", ""6"", ""7"", ""8"", ""9""], ""matrix"": [[113, 0, 0, 0, 0, 0, 0, 0, 0, 1], [0, 114, 0, 0, 1, 0, 0, 0, 0, 0], [0, 0, 115, 0, 0, 0, 0, 0, 0, 0], [0, 0, 0, 104, 0, 1, 0, 0, 0, 0], [0, 0, 0, 0, 114, 0, 0, 0, 0, 0], [0, 0, 0, 0, 0, 105, 0, 0, 0, 0], [0, 0, 0, 0, 0, 0, 105, 0, 0, 0], [0, 1, 0, 0, 0, 0, 0, 113, 0, 0], [0, 0, 0, 0, 0, 0, 0, 0, 105, 0], [0, 0, 0, 1, 0, 2, 0, 0, 0, 102]]}"
pen-based,euclidean,7,borda,RetentionPolicy.DIFFERENT_CLASS_RETENTION,3,10,9892,1100,0.002167300001019612,0.1687104999946314,0.170877799995651,0.9918181818181818,0.9918720152597247,0.9919102103083797,0.991875021990117,0.9918600322933294,0.9918181818181818,0.9918228878049943,"{""labels"": [""0"", ""1"", ""2"", ""3"", ""4"", ""5"", ""6"", ""7"", ""8"", ""9""], ""matrix"": [[114, 0, 0, 0, 0, 0, 0, 0, 0, 0], [0, 112, 0, 2, 0, 0, 0, 0, 0, 0], [0, 0, 114, 0, 0, 0, 0, 1, 0, 0], [0, 1, 1, 103, 0, 0, 0, 0, 0, 0], [0, 0, 0, 0, 115, 0, 0, 0, 0, 0], [0, 0, 0, 1, 0, 104, 0, 0, 0, 0], [0, 0, 0, 0, 0, 0, 105, 0, 0, 0], [0, 2, 0, 0, 0, 0, 0, 112, 1, 0], [0, 0, 0, 0, 0, 0, 0, 0, 106, 0], [0, 0, 0, 0, 0, 0, 0, 0, 0, 106]]}"
pen-based,euclidean,7,borda,RetentionPolicy.DIFFERENT_CLASS_RETENTION,4,10,9894,1098,0.0014902000039000995,0.17131769999832613,0.17280790000222623,0.994535519125683,0.9947443860487339,0.9944603304816594,0.9945628902102192,0.9946214156477878,0.994535519125683,0.9945383336512034,"{""labels"": [""0"", ""1"", ""2"", ""3"", ""4"", ""5"", ""6"", ""7"", ""8"", ""9""], ""matrix"": [[114, 0, 0, 0, 0, 0, 0, 0, 0, 0], [0, 113, 2, 0, 0, 0, 0, 0, 0, 0], [0, 0, 114, 0, 0, 0, 0, 0, 0, 0], [0, 0, 1, 104, 0, 0, 0, 0, 0, 0], [0, 0, 0, 0, 114, 0, 0, 0, 0, 0], [0, 0, 0, 1, 0, 105, 0, 0, 0, 0], [0, 0, 0, 0, 0, 0, 106, 0, 0, 0], [0, 0, 0, 0, 0, 0, 0, 114, 0, 0], [0, 0, 0, 0, 0, 0, 0, 0, 105, 0], [0, 0, 0, 0, 1, 0, 0, 1, 0, 103]]}"
pen-based,euclidean,7,borda,RetentionPolicy.DIFFERENT_CLASS_RETENTION,5,10,9894,1098,0.0018108000003849156,0.16764379999949597,0.16945459999988088,0.9963570127504554,0.9963650923864213,0.9963408521303257,0.9963407967846711,0.9963814437765136,0.9963570127504554,0.996356957057953,"{""labels"": [""0"", ""1"", ""2"", ""3"", ""4"", ""5"", ""6"", ""7"", ""8"", ""9""], ""matrix"": [[114, 0, 0, 0, 0, 0, 0, 0, 0, 0], [0, 114, 0, 0, 0, 0, 0, 0, 0, 0], [0, 0, 114, 0, 0, 0, 0, 0, 0, 0], [0, 0, 0, 105, 0, 0, 0, 0, 0, 0], [0, 0, 0, 0, 113, 0, 0, 0, 0, 1], [0, 0, 0, 1, 0, 104, 0, 0, 0, 0], [0, 0, 0, 0, 0, 0, 108, 0, 0, 0], [0, 0, 1, 0, 0, 0, 0, 113, 0, 0], [0, 0, 0, 0, 0, 0, 0, 0, 105, 0], [0, 1, 0, 0, 0, 0, 0, 0, 0, 104]]}"
pen-based,euclidean,7,borda,RetentionPolicy.DIFFERENT_CLASS_RETENTION,6,10,9890,1102,0.0020289999956730753,0.16662519999954384,0.1686541999952169,0.9945553539019963,0.9946682764500425,0.994553319964713,0.9945871894078897,0.9946028609099103,0.9945553539019963,0.994555055819955,"{""labels"": [""0"", ""1"", ""2"", ""3"", ""4"", ""5"", ""6"", ""7"", ""8"", ""9""], ""matrix"": [[114, 0, 0, 0, 0, 0, 0, 0, 0, 0], [0, 113, 2, 0, 0, 0, 0, 0, 0, 0], [0, 0, 114, 0, 0, 0, 0, 0, 0, 0], [0, 0, 0, 108, 0, 0, 0, 0, 0, 0], [0, 0, 0, 0, 113, 0, 0, 1, 0, 0], [0, 0, 0, 1, 0, 105, 0, 0, 0, 0], [0, 0, 0, 0, 0, 1, 104, 0, 0, 0], [0, 0, 0, 0, 0, 0, 0, 114, 0, 0], [0, 0, 0, 0, 0, 0, 0, 0, 105, 0], [0, 0, 0, 0, 1, 0, 0, 0, 0, 106]]}"
pen-based,euclidean,7,borda,RetentionPolicy.DIFFERENT_CLASS_RETENTION,7,10,9892,1100,0.0015835000012884848,0.17063390000112122,0.1722174000024097,0.9936363636363637,0.9939423741725688,0.9937182579089232,0.9937993779448625,0.9937065568542132,0.9936363636363637,0.9936396791458074,"{""labels"": [""0"", ""1"", ""2"", ""3"", ""4"", ""5"", ""6"", ""7"", ""8"", ""9""], ""matrix"": [[112, 0, 0, 0, 2, 0, 0, 0, 0, 0], [0, 112, 2, 0, 0, 0, 0, 0, 0, 0], [0, 1, 113, 0, 0, 0, 0, 0, 0, 0], [0, 0, 0, 107, 0, 0, 0, 0, 0, 0], [0, 0, 0, 0, 114, 0, 0, 0, 0, 0], [0, 0, 0, 0, 0, 106, 0, 0, 0, 0], [0, 0, 0, 0, 0, 0, 105, 0, 0, 0], [0, 0, 0, 0, 0, 0, 0, 115, 0, 0], [0, 0, 0, 0, 0, 0, 0, 1, 105, 0], [0, 0, 0, 0, 0, 0, 0, 1, 0, 104]]}"
pen-based,euclidean,7,borda,RetentionPolicy.DIFFERENT_CLASS_RETENTION,8,10,9894,1098,0.0015988999948604032,0.16632090000348398,0.1679197999983444,0.994535519125683,0.9946574354332267,0.9944540596774957,0.994531594534242,0.9945912869423623,0.994535519125683,0.9945390287660411,"{""labels"": [""0"", ""1"", ""2"", ""3"", ""4"", ""5"", ""6"", ""7"", ""8"", ""9""], ""matrix"": [[113, 0, 0, 0, 0, 0, 1, 0, 0, 0], [0, 113, 1, 0, 0, 0, 0, 0, 0, 0], [0, 0, 115, 0, 0, 0, 0, 0, 0, 0], [0, 0, 0, 104, 1, 0, 0, 0, 0, 0], [0, 0, 0, 0, 114, 0, 0, 0, 0, 0], [0, 0, 0, 0, 0, 105, 0, 1, 0, 0], [0, 0, 0, 0, 0, 0, 105, 0, 0, 0], [0, 0, 0, 0, 0, 0, 0, 114, 0, 0], [0, 0, 0, 0, 0, 0, 0, 1, 105, 0], [0, 0, 0, 0, 0, 1, 0, 0, 0, 104]]}"
pen-based,euclidean,7,borda,RetentionPolicy.DIFFERENT_CLASS_RETENTION,9,10,9890,1102,0.0015606000015395693,0.17172330000175862,0.17328390000329819,0.9927404718693285,0.9927779712934676,0.992723913968679,0.992719894559564,0.9927958892307837,0.9927404718693285,0.9927362803255447,"{""labels"": [""0"", ""1"", ""2"", ""3"", ""4"", ""5"", ""6"", ""7"", ""8"", ""9""], ""matrix"": [[113, 0, 0, 0, 1, 0, 0, 0, 0, 1], [0, 112, 1, 1, 0, 0, 0, 0, 0, 0], [0, 0, 115, 0, 0, 0, 0, 0, 0, 0], [0, 0, 0, 104, 0, 0, 0, 0, 0, 1], [0, 0, 0, 0, 115, 0, 0, 0, 0, 0], [0, 0, 0, 0, 0, 105, 0, 0, 1, 0], [0, 0, 0, 0, 0, 0, 106, 0, 0, 0], [0, 0, 0, 0, 0, 0, 0, 114, 0, 0], [0, 0, 0, 0, 0, 0, 0, 0, 106, 0], [0, 0, 0, 0, 0, 0, 0, 2, 0, 104]]}"
pen-based,euclidean,7,borda,RetentionPolicy.DD_RETENTION,0,10,9894,1098,0.0015316999997594394,0.17552640000212705,0.1770581000018865,0.9954462659380692,0.9954468259862057,0.9954140683949415,0.9954095424135195,0.9954874095718355,0.9954462659380692,0.9954461698287979,"{""labels"": [""0"", ""1"", ""2"", ""3"", ""4"", ""5"", ""6"", ""7"", ""8"", ""9""], ""matrix"": [[115, 0, 0, 0, 0, 0, 0, 0, 0, 0], [0, 113, 1, 0, 0, 0, 0, 0, 0, 0], [0, 0, 114, 0, 0, 0, 0, 0, 0, 0], [0, 0, 0, 105, 0, 0, 0, 0, 0, 0], [0, 0, 0, 0, 114, 1, 0, 0, 0, 0], [0, 0, 0, 0, 0, 105, 0, 0, 0, 0], [0, 0, 0, 0, 0, 0, 105, 0, 0, 0], [0, 0, 0, 0, 0, 0, 0, 114, 0, 0], [1, 0, 0, 0, 0, 1, 0, 0, 104, 0], [0, 0, 0, 0, 0, 0, 0, 0, 1, 104]]}"
pen-based,euclidean,7,borda,RetentionPolicy.DD_RETENTION,1,10,9893,1099,0.001530800000182353,0.17476259999966715,0.1762933999998495,0.9927206551410374,0.9929117312507859,0.9928473357306309,0.9928509218696938,0.9927925802014682,0.9927206551410374,0.9927279967992879,"{""labels"": [""0"", ""1"", ""2"", ""3"", ""4"", ""5"", ""6"", ""7"", ""8"", ""9""], ""matrix"": [[114, 1, 0, 0, 0, 0, 0, 0, 0, 0], [0, 113, 1, 0, 0, 0, 0, 0, 0, 0], [0, 1, 113, 0, 0, 0, 0, 0, 0, 0], [0, 0, 0, 103, 0, 0, 0, 1, 0, 1], [0, 0, 0, 0, 114, 1, 0, 0, 0, 0], [0, 0, 0, 0, 0, 105, 0, 0, 0, 0], [0, 0, 0, 0, 0, 0, 106, 0, 0, 0], [0, 1, 1, 0, 0, 0, 0, 112, 0, 0], [0, 0, 0, 0, 0, 0, 0, 0, 105, 0], [0, 0, 0, 0, 0, 0, 0, 0, 0, 106]]}"
pen-based,euclidean,7,borda,RetentionPolicy.DD_RETENTION,2,10,9895,1097,0.001556000002892688,0.17162639999878593,0.17318240000167862,0.9936189608021878,0.9935598370486509,0.9935665250081727,0.9935287877114956,0.9936851517864896,0.9936189608021878,0.993618663729355,"{""labels"": [""0"", ""1"", ""2"", ""3"", ""4"", ""5"", ""6"", ""7"", ""8"", ""9""], ""matrix"": [[113, 0, 0, 0, 0, 0, 0, 0, 0, 1], [0, 114, 0, 0, 1, 0, 0, 0, 0, 0], [0, 0, 115, 0, 0, 0, 0, 0, 0, 0], [0, 0, 0, 104, 0, 1, 0, 0, 0, 0], [0, 0, 0, 0, 114, 0, 0, 0, 0, 0], [0, 0, 0, 0, 0, 105, 0, 0, 0, 0], [0, 0, 0, 0, 0, 0, 105, 0, 0, 0], [0, 1, 0, 0, 0, 0, 0, 113, 0, 0], [0, 0, 0, 0, 0, 0, 0, 0, 105, 0], [0, 0, 0, 1, 0, 2, 0, 0, 0, 102]]}"
pen-based,euclidean,7,borda,RetentionPolicy.DD_RETENTION,3,10,9892,1100,0.001777999998012092,0.17152100000384962,0.1732990000018617,0.9918181818181818,0.9918720152597247,0.9919102103083797,0.991875021990117,0.9918600322933294,0.9918181818181818,0.9918228878049943,"{""labels"": [""0"", ""1"", ""2"", ""3"", ""4"", ""5"", ""6"", ""7"", ""8"", ""9""], ""matrix"": [[114, 0, 0, 0, 0, 0, 0, 0, 0, 0], [0, 112, 0, 2, 0, 0, 0, 0, 0, 0], [0, 0, 114, 0, 0, 0, 0, 1, 0, 0], [0, 1, 1, 103, 0, 0, 0, 0, 0, 0], [0, 0, 0, 0, 115, 0, 0, 0, 0, 0], [0, 0, 0, 1, 0, 104, 0, 0, 0, 0], [0, 0, 0, 0, 0, 0, 105, 0, 0, 0], [0, 2, 0, 0, 0, 0, 0, 112, 1, 0], [0, 0, 0, 0, 0, 0, 0, 0, 106, 0], [0, 0, 0, 0, 0, 0, 0, 0, 0, 106]]}"
pen-based,euclidean,7,borda,RetentionPolicy.DD_RETENTION,4,10,9894,1098,0.0015354999995906837,0.17583580000064103,0.1773713000002317,0.9954462659380692,0.9955843506818021,0.9953298956990508,0.995432538051278,0.9954935100755634,0.9954462659380692,0.9954452586570361,"{""labels"": [""0"", ""1"", ""2"", ""3"", ""4"", ""5"", ""6"", ""7"", ""8"", ""9""], ""matrix"": [[114, 0, 0, 0, 0, 0, 0, 0, 0, 0], [0, 114, 1, 0, 0, 0, 0, 0, 0, 0], [0, 0, 114, 0, 0, 0, 0, 0, 0, 0], [0, 0, 1, 104, 0, 0, 0, 0, 0, 0], [0, 0, 0, 0, 114, 0, 0, 0, 0, 0], [0, 0, 0, 1, 0, 105, 0, 0, 0, 0], [0, 0, 0, 0, 0, 0, 106, 0, 0, 0], [0, 0, 0, 0, 0, 0, 0, 114, 0, 0], [0, 0, 0, 0, 0, 0, 0, 0, 105, 0], [0, 0, 0, 0, 1, 0, 0, 1, 0, 103]]}"
pen-based,euclidean,7,borda,RetentionPolicy.DD_RETENTION,5,10,9894,1098,0.001559700001962483,0.17118399999890244,0.17274370000086492,0.9963570127504554,0.9963650923864213,0.9963408521303257,0.9963407967846711,0.9963814437765136,0.9963570127504554,0.996356957057953,"{""labels"": [""0"", ""1"", ""2"", ""3"", ""4"", ""5"", ""6"", ""7"", ""8"", ""9""], ""matrix"": [[114, 0, 0, 0, 0, 0, 0, 0, 0, 0], [0, 114, 0, 0, 0, 0, 0, 0, 0, 0], [0, 0, 114, 0, 0, 0, 0, 0, 0, 0], [0, 0, 0, 105, 0, 0, 0, 0, 0, 0], [0, 0, 0, 0, 113, 0, 0, 0, 0, 1], [0, 0, 0, 1, 0, 104, 0, 0, 0, 0], [0, 0, 0, 0, 0, 0, 108, 0, 0, 0], [0, 0, 1, 0, 0, 0, 0, 113, 0, 0], [0, 0, 0, 0, 0, 0, 0, 0, 105, 0], [0, 1, 0, 0, 0, 0, 0, 0, 0, 104]]}"
pen-based,euclidean,7,borda,RetentionPolicy.DD_RETENTION,6,10,9890,1102,0.0014969999974709935,0.17331479999847943,0.17481179999595042,0.9945553539019963,0.9946682764500425,0.994553319964713,0.9945871894078897,0.9946028609099103,0.9945553539019963,0.994555055819955,"{""labels"": [""0"", ""1"", ""2"", ""3"", ""4"", ""5"", ""6"", ""7"", ""8"", ""9""], ""matrix"": [[114, 0, 0, 0, 0, 0, 0, 0, 0, 0], [0, 113, 2, 0, 0, 0, 0, 0, 0, 0], [0, 0, 114, 0, 0, 0, 0, 0, 0, 0], [0, 0, 0, 108, 0, 0, 0, 0, 0, 0], [0, 0, 0, 0, 113, 0, 0, 1, 0, 0], [0, 0, 0, 1, 0, 105, 0, 0, 0, 0], [0, 0, 0, 0, 0, 1, 104, 0, 0, 0], [0, 0, 0, 0, 0, 0, 0, 114, 0, 0], [0, 0, 0, 0, 0, 0, 0, 0, 105, 0], [0, 0, 0, 0, 1, 0, 0, 0, 0, 106]]}"
pen-based,euclidean,7,borda,RetentionPolicy.DD_RETENTION,7,10,9892,1100,0.0016336000044248067,0.17780839999613818,0.17944200000056298,0.9936363636363637,0.9939423741725688,0.9937182579089232,0.9937993779448625,0.9937065568542132,0.9936363636363637,0.9936396791458074,"{""labels"": [""0"", ""1"", ""2"", ""3"", ""4"", ""5"", ""6"", ""7"", ""8"", ""9""], ""matrix"": [[112, 0, 0, 0, 2, 0, 0, 0, 0, 0], [0, 112, 2, 0, 0, 0, 0, 0, 0, 0], [0, 1, 113, 0, 0, 0, 0, 0, 0, 0], [0, 0, 0, 107, 0, 0, 0, 0, 0, 0], [0, 0, 0, 0, 114, 0, 0, 0, 0, 0], [0, 0, 0, 0, 0, 106, 0, 0, 0, 0], [0, 0, 0, 0, 0, 0, 105, 0, 0, 0], [0, 0, 0, 0, 0, 0, 0, 115, 0, 0], [0, 0, 0, 0, 0, 0, 0, 1, 105, 0], [0, 0, 0, 0, 0, 0, 0, 1, 0, 104]]}"
pen-based,euclidean,7,borda,RetentionPolicy.DD_RETENTION,8,10,9894,1098,0.001879499999631662,0.17362280000088504,0.1755023000005167,0.994535519125683,0.9946574354332267,0.9944540596774957,0.994531594534242,0.9945912869423623,0.994535519125683,0.9945390287660411,"{""labels"": [""0"", ""1"", ""2"", ""3"", ""4"", ""5"", ""6"", ""7"", ""8"", ""9""], ""matrix"": [[113, 0, 0, 0, 0, 0, 1, 0, 0, 0], [0, 113, 1, 0, 0, 0, 0, 0, 0, 0], [0, 0, 115, 0, 0, 0, 0, 0, 0, 0], [0, 0, 0, 104, 1, 0, 0, 0, 0, 0], [0, 0, 0, 0, 114, 0, 0, 0, 0, 0], [0, 0, 0, 0, 0, 105, 0, 1, 0, 0], [0, 0, 0, 0, 0, 0, 105, 0, 0, 0], [0, 0, 0, 0, 0, 0, 0, 114, 0, 0], [0, 0, 0, 0, 0, 0, 0, 1, 105, 0], [0, 0, 0, 0, 0, 1, 0, 0, 0, 104]]}"
pen-based,euclidean,7,borda,RetentionPolicy.DD_RETENTION,9,10,9890,1102,0.0015160999973886646,0.17469709999568295,0.1762131999930716,0.9927404718693285,0.9927779712934676,0.992723913968679,0.992719894559564,0.9927958892307837,0.9927404718693285,0.9927362803255447,"{""labels"": [""0"", ""1"", ""2"", ""3"", ""4"", ""5"", ""6"", ""7"", ""8"", ""9""], ""matrix"": [[113, 0, 0, 0, 1, 0, 0, 0, 0, 1], [0, 112, 1, 1, 0, 0, 0, 0, 0, 0], [0, 0, 115, 0, 0, 0, 0, 0, 0, 0], [0, 0, 0, 104, 0, 0, 0, 0, 0, 1], [0, 0, 0, 0, 115, 0, 0, 0, 0, 0], [0, 0, 0, 0, 0, 105, 0, 0, 1, 0], [0, 0, 0, 0, 0, 0, 106, 0, 0, 0], [0, 0, 0, 0, 0, 0, 0, 114, 0, 0], [0, 0, 0, 0, 0, 0, 0, 0, 106, 0], [0, 0, 0, 0, 0, 0, 0, 2, 0, 104]]}"
pen-based,euclidean,7,modified_plurality,RetentionPolicy.ALWAYS_RETAIN,0,10,9894,1098,0.0015185999945970252,0.21136439999827417,0.2128829999928712,0.9936247723132969,0.9937135305460139,0.9935934791860701,0.9936125891213825,0.9936884804269484,0.9936247723132969,0.9936156690305422,"{""labels"": [""0"", ""1"", ""2"", ""3"", ""4"", ""5"", ""6"", ""7"", ""8"", ""9""], ""matrix"": [[115, 0, 0, 0, 0, 0, 0, 0, 0, 0], [0, 112, 2, 0, 0, 0, 0, 0, 0, 0], [0, 0, 114, 0, 0, 0, 0, 0, 0, 0], [0, 0, 0, 105, 0, 0, 0, 0, 0, 0], [0, 0, 0, 0, 114, 1, 0, 0, 0, 0], [0, 0, 0, 0, 0, 105, 0, 0, 0, 0], [0, 0, 0, 0, 0, 0, 105, 0, 0, 0], [0, 0, 0, 0, 0, 0, 0, 114, 0, 0], [1, 0, 0, 0, 0, 1, 0, 1, 103, 0], [0, 0, 0, 0, 0, 0, 0, 0, 1, 104]]}"
pen-based,euclidean,7,modified_plurality,RetentionPolicy.ALWAYS_RETAIN,1,10,9893,1099,0.0018392000056337565,0.2124229999972158,0.21426220000284957,0.9899909008189263,0.9902023805719935,0.9900833502953447,0.9901230448177953,0.9900615374632407,0.9899909008189263,0.9900061551312062,"{""labels"": [""0"", ""1"", ""2"", ""3"", ""4"", ""5"", ""6"", ""7"", ""8"", ""9""], ""matrix"": [[114, 1, 0, 0, 0, 0, 0, 0, 0, 0], [0, 112, 2, 0, 0, 0, 0, 0, 0, 0], [0, 1, 113, 0, 0, 0, 0, 0, 0, 0], [0, 0, 0, 103, 0, 0, 0, 1, 0, 1], [0, 0, 0, 0, 114, 1, 0, 0, 0, 0], [0, 0, 0, 0, 0, 105, 0, 0, 0, 0], [0, 0, 0, 0, 0, 0, 105, 1, 0, 0], [0, 1, 1, 0, 0, 0, 0, 112, 0, 0], [0, 0, 0, 0, 0, 0, 0, 0, 105, 0], [0, 0, 0, 1, 0, 0, 0, 0, 0, 105]]}"
pen-based,euclidean,7,modified_plurality,RetentionPolicy.ALWAYS_RETAIN,2,10,9895,1097,0.0016574999972363003,0.20899110000027576,0.21064859999751206,0.9908842297174111,0.9909133725776835,0.9908673858559442,0.9908390556462197,0.9910002007975643,0.9908842297174111,0.9908925904325376,"{""labels"": [""0"", ""1"", ""2"", ""3"", ""4"", ""5"", ""6"", ""7"", ""8"", ""9""], ""matrix"": [[113, 0, 0, 0, 0, 0, 0, 0, 0, 1], [0, 113, 1, 0, 1, 0, 0, 0, 0, 0], [0, 0, 115, 0, 0, 0, 0, 0, 0, 0], [0, 0, 0, 104, 0, 1, 0, 0, 0, 0], [0, 0, 0, 0, 113, 1, 0, 0, 0, 0], [0, 0, 0, 0, 0, 105, 0, 0, 0, 0], [0, 0, 0, 0, 0, 0, 105, 0, 0, 0], [0, 1, 0, 0, 0, 0, 0, 113, 0, 0], [0, 0, 0, 0, 0, 0, 0, 1, 104, 0], [0, 0, 0, 1, 0, 2, 0, 0, 0, 102]]}"
pen-based,euclidean,7,modified_plurality,RetentionPolicy.ALWAYS_RETAIN,3,10,9892,1100,0.0018020999996224418,0.2108308999959263,0.21263299999554874,0.99,0.9901300793070623,0.9900157900904848,0.9900644371733336,0.99004923995978,0.99,0.9900163013777834,"{""labels"": [""0"", ""1"", ""2"", ""3"", ""4"", ""5"", ""6"", ""7"", ""8"", ""9""], ""matrix"": [[114, 0, 0, 0, 0, 0, 0, 0, 0, 0], [0, 111, 0, 2, 0, 0, 0, 1, 0, 0], [0, 0, 114, 0, 0, 0, 0, 1, 0, 0], [0, 1, 1, 103, 0, 0, 0, 0, 0, 0], [0, 0, 0, 0, 115, 0, 0, 0, 0, 0], [0, 0, 0, 1, 0, 104, 0, 0, 0, 0], [0, 0, 0, 0, 0, 0, 105, 0, 0, 0], [0, 2, 0, 0, 0, 0, 0, 113, 0, 0], [0, 0, 0, 0, 0, 0, 0, 1, 105, 0], [0, 0, 0, 0, 0, 1, 0, 0, 0, 105]]}"
pen-based,euclidean,7,modified_plurality,RetentionPolicy.ALWAYS_RETAIN,4,10,9894,1098,0.00181940000038594,0.20876290000160225,0.2105823000019882,0.9918032786885246,0.9919330199659122,0.991770176055397,0.9917957067308155,0.9919236518086777,0.9918032786885246,0.9918069068053017,"{""labels"": [""0"", ""1"", ""2"", ""3"", ""4"", ""5"", ""6"", ""7"", ""8"", ""9""], ""matrix"": [[114, 0, 0, 0, 0, 0, 0, 0, 0, 0], [0, 112, 2, 1, 0, 0, 0, 0, 0, 0], [0, 0, 114, 0, 0, 0, 0, 0, 0, 0], [0, 0, 1, 104, 0, 0, 0, 0, 0, 0], [0, 0, 0, 0, 113, 1, 0, 0, 0, 0], [0, 0, 0, 2, 0, 104, 0, 0, 0, 0], [0, 0, 0, 0, 0, 0, 106, 0, 0, 0], [0, 0, 0, 0, 0, 0, 0, 114, 0, 0], [0, 0, 0, 0, 0, 0, 0, 0, 105, 0], [0, 0, 0, 0, 1, 0, 0, 1, 0, 103]]}"
pen-based,euclidean,7,modified_plurality,RetentionPolicy.ALWAYS_RETAIN,5,10,9894,1098,0.0017380999997840263,0.20732459999999264,0.20906269999977667,0.9927140255009107,0.9927998530125157,0.9927568922305765,0.9927573883251638,0.992755711310608,0.9927140255009107,0.9927141776308673,"{""labels"": [""0"", ""1"", ""2"", ""3"", ""4"", ""5"", ""6"", ""7"", ""8"", ""9""], ""matrix"": [[114, 0, 0, 0, 0, 0, 0, 0, 0, 0], [0, 112, 0, 1, 1, 0, 0, 0, 0, 0], [0, 0, 114, 0, 0, 0, 0, 0, 0, 0], [0, 0, 0, 105, 0, 0, 0, 0, 0, 0], [0, 0, 0, 0, 112, 0, 0, 1, 0, 1], [0, 0, 0, 1, 0, 104, 0, 0, 0, 0], [0, 0, 0, 0, 0, 0, 108, 0, 0, 0], [0, 0, 1, 0, 0, 0, 0, 113, 0, 0], [0, 0, 0, 0, 0, 0, 0, 1, 104, 0], [0, 1, 0, 0, 0, 0, 0, 0, 0, 104]]}"
pen-based,euclidean,7,modified_plurality,RetentionPolicy.ALWAYS_RETAIN,6,10,9890,1102,0.0015148000020417385,0.2058861000041361,0.20740090000617784,0.9927404718693285,0.9929055883721947,0.9927491753080693,0.9927794314436831,0.9928284331683358,0.9927404718693285,0.9927358924621112,"{""labels"": [""0"", ""1"", ""2"", ""3"", ""4"", ""5"", ""6"", ""7"", ""8"", ""9""], ""matrix"": [[114, 0, 0, 0, 0, 0, 0, 0, 0, 0], [0, 112, 2, 1, 0, 0, 0, 0, 0, 0], [0, 0, 114, 0, 0, 0, 0, 0, 0, 0], [0, 0, 0, 108, 0, 0, 0, 0, 0, 0], [0, 0, 0, 0, 113, 0, 0, 1, 0, 0], [0, 0, 0, 1, 0, 105, 0, 0, 0, 0], [0, 0, 0, 0, 0, 1, 104, 0, 0, 0], [0, 0, 0, 0, 0, 0, 0, 114, 0, 0], [0, 0, 0, 0, 0, 0, 0, 0, 105, 0], [0, 0, 0, 0, 2, 0, 0, 0, 0, 105]]}"
pen-based,euclidean,7,modified_plurality,RetentionPolicy.ALWAYS_RETAIN,7,10,9892,1100,0.0015314999982365407,0.21215859999938402,0.21369009999762056,0.9945454545454545,0.9948423224285292,0.9945954508913794,0.9946764865464648,0.9946392305012994,0.9945454545454545,0.9945486826056498,"{""labels"": [""0"", ""1"", ""2"", ""3"", ""4"", ""5"", ""6"", ""7"", ""8"", ""9""], ""matrix"": [[112, 0, 0, 0, 2, 0, 0, 0, 0, 0], [0, 112, 2, 0, 0, 0, 0, 0, 0, 0], [0, 0, 114, 0, 0, 0, 0, 0, 0, 0], [0, 0, 0, 107, 0, 0, 0, 0, 0, 0], [0, 0, 0, 0, 114, 0, 0, 0, 0, 0], [0, 0, 0, 0, 0, 106, 0, 0, 0, 0], [0, 0, 0, 0, 0, 0, 105, 0, 0, 0], [0, 0, 0, 0, 0, 0, 0, 115, 0, 0], [0, 0, 0, 0, 0, 0, 0, 1, 105, 0], [0, 0, 0, 0, 0, 0, 0, 1, 0, 104]]}"
pen-based,euclidean,7,modified_plurality,RetentionPolicy.ALWAYS_RETAIN,8,10,9894,1098,0.001513600000180304,0.20998420000250917,0.21149780000268947,0.9927140255009107,0.9928366782855524,0.9926996737125833,0.9927236787895637,0.9927783049700424,0.9927140255009107,0.9927011334175933,"{""labels"": [""0"", ""1"", ""2"", ""3"", ""4"", ""5"", ""6"", ""7"", ""8"", ""9""], ""matrix"": [[113, 0, 0, 0, 0, 0, 1, 0, 0, 0], [0, 111, 1, 1, 0, 0, 0, 1, 0, 0], [0, 0, 115, 0, 0, 0, 0, 0, 0, 0], [0, 0, 0, 104, 1, 0, 0, 0, 0, 0], [0, 0, 0, 0, 114, 0, 0, 0, 0, 0], [0, 0, 0, 0, 0, 106, 0, 0, 0, 0], [0, 0, 0, 0, 0, 0, 105, 0, 0, 0], [0, 0, 0, 0, 0, 0, 0, 114, 0, 0], [1, 0, 0, 0, 0, 0, 0, 1, 104, 0], [0, 0, 0, 0, 0, 1, 0, 0, 0, 104]]}"
pen-based,euclidean,7,modified_plurality,RetentionPolicy.ALWAYS_RETAIN,9,10,9890,1102,0.0016895000007934868,0.2108963999999105,0.212585900000704,0.9900181488203267,0.9900753721908035,0.9899675562984573,0.9899912125138103,0.9900704597005522,0.9900181488203267,0.9900130824147665,"{""labels"": [""0"", ""1"", ""2"", ""3"", ""4"", ""5"", ""6"", ""7"", ""8"", ""9""], ""matrix"": [[113, 0, 0, 0, 1, 0, 0, 0, 0, 1], [0, 112, 1, 1, 0, 0, 0, 0, 0, 0], [0, 0, 115, 0, 0, 0, 0, 0, 0, 0], [0, 0, 0, 104, 0, 0, 0, 0, 0, 1], [0, 0, 0, 0, 114, 1, 0, 0, 0, 0], [0, 0, 0, 0, 0, 105, 0, 0, 1, 0], [0, 0, 0, 0, 0, 0, 106, 0, 0, 0], [0, 0, 0, 0, 0, 0, 0, 114, 0, 0], [0, 0, 0, 0, 0, 0, 0, 1, 105, 0], [0, 1, 0, 0, 0, 0, 0, 2, 0, 103]]}"
pen-based,euclidean,7,modified_plurality,RetentionPolicy.NEVER_RETAIN,0,10,9894,1098,0.0015474000028916635,0.18135069999698317,0.18289809999987483,0.9936247723132969,0.9937135305460139,0.9935934791860701,0.9936125891213825,0.9936884804269484,0.9936247723132969,0.9936156690305422,"{""labels"": [""0"", ""1"", ""2"", ""3"", ""4"", ""5"", ""6"", ""7"", ""8"", ""9""], ""matrix"": [[115, 0, 0, 0, 0, 0, 0, 0, 0, 0], [0, 112, 2, 0, 0, 0, 0, 0, 0, 0], [0, 0, 114, 0, 0, 0, 0, 0, 0, 0], [0, 0, 0, 105, 0, 0, 0, 0, 0, 0], [0, 0, 0, 0, 114, 1, 0, 0, 0, 0], [0, 0, 0, 0, 0, 105, 0, 0, 0, 0], [0, 0, 0, 0, 0, 0, 105, 0, 0, 0], [0, 0, 0, 0, 0, 0, 0, 114, 0, 0], [1, 0, 0, 0, 0, 1, 0, 1, 103, 0], [0, 0, 0, 0, 0, 0, 0, 0, 1, 104]]}"
pen-based,euclidean,7,modified_plurality,RetentionPolicy.NEVER_RETAIN,1,10,9893,1099,0.001658499997574836,0.1879655000011553,0.18962399999873014,0.9909008189262967,0.9910718107846934,0.9910267465217597,0.9910297785289129,0.9909634031979794,0.9909008189262967,0.9909122167679041,"{""labels"": [""0"", ""1"", ""2"", ""3"", ""4"", ""5"", ""6"", ""7"", ""8"", ""9""], ""matrix"": [[114, 1, 0, 0, 0, 0, 0, 0, 0, 0], [0, 112, 2, 0, 0, 0, 0, 0, 0, 0], [0, 1, 113, 0, 0, 0, 0, 0, 0, 0], [0, 0, 0, 103, 0, 0, 0, 1, 0, 1], [0, 0, 0, 0, 114, 1, 0, 0, 0, 0], [0, 0, 0, 0, 0, 105, 0, 0, 0, 0], [0, 0, 0, 0, 0, 0, 106, 0, 0, 0], [0, 1, 1, 0, 0, 0, 0, 112, 0, 0], [0, 0, 0, 0, 0, 0, 0, 0, 105, 0], [0, 0, 0, 1, 0, 0, 0, 0, 0, 105]]}"
pen-based,euclidean,7,modified_plurality,RetentionPolicy.NEVER_RETAIN,2,10,9895,1097,0.0015783999988343567,0.182240100002673,0.18381850000150735,0.99179580674567,0.9918687892928212,0.99189495477825,0.9918149557337361,0.9919860132588567,0.99179580674567,0.9918260448722498,"{""labels"": [""0"", ""1"", ""2"", ""3"", ""4"", ""5"", ""6"", ""7"", ""8"", ""9""], ""matrix"": [[113, 0, 0, 0, 0, 0, 0, 0, 0, 1], [0, 113, 1, 0, 1, 0, 0, 0, 0, 0], [0, 0, 115, 0, 0, 0, 0, 0, 0, 0], [0, 0, 0, 104, 0, 1, 0, 0, 0, 0], [0, 0, 0, 0, 112, 2, 0, 0, 0, 0], [0, 0, 0, 0, 0, 105, 0, 0, 0, 0], [0, 0, 0, 0, 0, 0, 105, 0, 0, 0], [0, 1, 0, 0, 0, 0, 0, 113, 0, 0], [0, 0, 0, 0, 0, 0, 0, 0, 105, 0], [0, 0, 0, 0, 0, 2, 0, 0, 0, 103]]}"
pen-based,euclidean,7,modified_plurality,RetentionPolicy.NEVER_RETAIN,3,10,9892,1100,0.0015666999970562756,0.18400580000161426,0.18557249999867054,0.9890909090909091,0.9891956678066132,0.9890723938640698,0.9891165698747553,0.9891573017093511,0.9890909090909091,0.9891071694354759,"{""labels"": [""0"", ""1"", ""2"", ""3"", ""4"", ""5"", ""6"", ""7"", ""8"", ""9""], ""matrix"": [[114, 0, 0, 0, 0, 0, 0, 0, 0, 0], [0, 111, 0, 2, 0, 0, 0, 1, 0, 0], [0, 0, 114, 0, 0, 0, 0, 1, 0, 0], [0, 1, 1, 103, 0, 0, 0, 0, 0, 0], [0, 0, 0, 0, 115, 0, 0, 0, 0, 0], [0, 0, 0, 1, 0, 104, 0, 0, 0, 0], [0, 0, 0, 0, 0, 0, 105, 0, 0, 0], [0, 2, 0, 0, 0, 0, 0, 113, 0, 0], [0, 0, 0, 0, 0, 0, 0, 1, 105, 0], [0, 0, 0, 0, 0, 2, 0, 0, 0, 104]]}"
pen-based,euclidean,7,modified_plurality,RetentionPolicy.NEVER_RETAIN,4,10,9894,1098,0.0014831000007689,0.18086939999921015,0.18235249999997905,0.9918032786885246,0.9919330199659122,0.991770176055397,0.9917957067308155,0.9919236518086777,0.9918032786885246,0.9918069068053017,"{""labels"": [""0"", ""1"", ""2"", ""3"", ""4"", ""5"", ""6"", ""7"", ""8"", ""9""], ""matrix"": [[114, 0, 0, 0, 0, 0, 0, 0, 0, 0], [0, 112, 2, 1, 0, 0, 0, 0, 0, 0], [0, 0, 114, 0, 0, 0, 0, 0, 0, 0], [0, 0, 1, 104, 0, 0, 0, 0, 0, 0], [0, 0, 0, 0, 113, 1, 0, 0, 0, 0], [0, 0, 0, 2, 0, 104, 0, 0, 0, 0], [0, 0, 0, 0, 0, 0, 106, 0, 0, 0], [0, 0, 0, 0, 0, 0, 0, 114, 0, 0], [0, 0, 0, 0, 0, 0, 0, 0, 105, 0], [0, 0, 0, 0, 1, 0, 0, 1, 0, 103]]}"
pen-based,euclidean,7,modified_plurality,RetentionPolicy.NEVER_RETAIN,5,10,9894,1098,0.0016251999986707233,0.18183110000245506,0.18345630000112578,0.9927140255009107,0.9927998530125157,0.9927568922305765,0.9927573883251638,0.992755711310608,0.9927140255009107,0.9927141776308673,"{""labels"": [""0"", ""1"", ""2"", ""3"", ""4"", ""5"", ""6"", ""7"", ""8"", ""9""], ""matrix"": [[114, 0, 0, 0, 0, 0, 0, 0, 0, 0], [0, 112, 0, 1, 1, 0, 0, 0, 0, 0], [0, 0, 114, 0, 0, 0, 0, 0, 0, 0], [0, 0, 0, 105, 0, 0, 0, 0, 0, 0], [0, 0, 0, 0, 112, 0, 0, 1, 0, 1], [0, 0, 0, 1, 0, 104, 0, 0, 0, 0], [0, 0, 0, 0, 0, 0, 108, 0, 0, 0], [0, 0, 1, 0, 0, 0, 0, 113, 0, 0], [0, 0, 0, 0, 0, 0, 0, 1, 104, 0], [0, 1, 0, 0, 0, 0, 0, 0, 0, 104]]}"
pen-based,euclidean,7,modified_plurality,RetentionPolicy.NEVER_RETAIN,6,10,9890,1102,0.0015342999977292493,0.18295370000123512,0.18448799999896437,0.9927404718693285,0.9929055883721947,0.9927491753080693,0.9927794314436831,0.9928284331683358,0.9927404718693285,0.9927358924621112,"{""labels"": [""0"", ""1"", ""2"", ""3"", ""4"", ""5"", ""6"", ""7"", ""8"", ""9""], ""matrix"": [[114, 0, 0, 0, 0, 0, 0, 0, 0, 0], [0, 112, 2, 1, 0, 0, 0, 0, 0, 0], [0, 0, 114, 0, 0, 0, 0, 0, 0, 0], [0, 0, 0, 108, 0, 0, 0, 0, 0, 0], [0, 0, 0, 0, 113, 0, 0, 1, 0, 0], [0, 0, 0, 1, 0, 105, 0, 0, 0, 0], [0, 0, 0, 0, 0, 1, 104, 0, 0, 0], [0, 0, 0, 0, 0, 0, 0, 114, 0, 0], [0, 0, 0, 0, 0, 0, 0, 0, 105, 0], [0, 0, 0, 0, 2, 0, 0, 0, 0, 105]]}"
pen-based,euclidean,7,modified_plurality,RetentionPolicy.NEVER_RETAIN,7,10,9892,1100,0.001803500003006775,0.18175389999669278,0.18355739999969956,0.9945454545454545,0.9948423224285292,0.9945954508913794,0.9946764865464648,0.9946392305012994,0.9945454545454545,0.9945486826056498,"{""labels"": [""0"", ""1"", ""2"", ""3"", ""4"", ""5"", ""6"", ""7"", ""8"", ""9""], ""matrix"": [[112, 0, 0, 0, 2, 0, 0, 0, 0, 0], [0, 112, 2, 0, 0, 0, 0, 0, 0, 0], [0, 0, 114, 0, 0, 0, 0, 0, 0, 0], [0, 0, 0, 107, 0, 0, 0, 0, 0, 0], [0, 0, 0, 0, 114, 0, 0, 0, 0, 0], [0, 0, 0, 0, 0, 106, 0, 0, 0, 0], [0, 0, 0, 0, 0, 0, 105, 0, 0, 0], [0, 0, 0, 0, 0, 0, 0, 115, 0, 0], [0, 0, 0, 0, 0, 0, 0, 1, 105, 0], [0, 0, 0, 0, 0, 0, 0, 1, 0, 104]]}"
pen-based,euclidean,7,modified_plurality,RetentionPolicy.NEVER_RETAIN,8,10,9894,1098,0.0014197999989846721,0.1846711000034702,0.18609090000245487,0.9936247723132969,0.9937138712680085,0.9936430699389984,0.9936387904407505,0.9936890517824285,0.9936247723132969,0.9936163897910956,"{""labels"": [""0"", ""1"", ""2"", ""3"", ""4"", ""5"", ""6"", ""7"", ""8"", ""9""], ""matrix"": [[113, 0, 0, 0, 0, 0, 1, 0, 0, 0], [0, 111, 1, 1, 0, 0, 0, 1, 0, 0], [0, 0, 115, 0, 0, 0, 0, 0, 0, 0], [0, 0, 0, 104, 1, 0, 0, 0, 0, 0], [0, 0, 0, 0, 114, 0, 0, 0, 0, 0], [0, 0, 0, 0, 0, 106, 0, 0, 0, 0], [0, 0, 0, 0, 0, 0, 105, 0, 0, 0], [0, 0, 0, 0, 0, 0, 0, 114, 0, 0], [0, 0, 0, 0, 0, 0, 0, 1, 105, 0], [0, 0, 0, 0, 0, 1, 0, 0, 0, 104]]}"
pen-based,euclidean,7,modified_plurality,RetentionPolicy.NEVER_RETAIN,9,10,9890,1102,0.00152679999882821,0.18030939999880502,0.18183619999763323,0.9891107078039928,0.9892207994771602,0.989097991081066,0.9891213829608496,0.9891710420353794,0.9891107078039928,0.9891014713923365,"{""labels"": [""0"", ""1"", ""2"", ""3"", ""4"", ""5"", ""6"", ""7"", ""8"", ""9""], ""matrix"": [[112, 0, 0, 0, 2, 0, 0, 0, 0, 1], [0, 112, 1, 1, 0, 0, 0, 0, 0, 0], [0, 0, 115, 0, 0, 0, 0, 0, 0, 0], [0, 0, 0, 104, 0, 0, 0, 0, 0, 1], [0, 0, 0, 0, 114, 1, 0, 0, 0, 0], [0, 0, 0, 0, 0, 105, 0, 0, 1, 0], [0, 0, 0, 0, 0, 0, 106, 0, 0, 0], [0, 0, 0, 0, 0, 0, 0, 114, 0, 0], [0, 0, 0, 0, 0, 0, 0, 1, 105, 0], [0, 1, 0, 0, 1, 0, 0, 1, 0, 103]]}"
pen-based,euclidean,7,modified_plurality,RetentionPolicy.DIFFERENT_CLASS_RETENTION,0,10,9894,1098,0.0015236000035656616,0.18344429999706335,0.18496790000062902,0.9936247723132969,0.9937135305460139,0.9935934791860701,0.9936125891213825,0.9936884804269484,0.9936247723132969,0.9936156690305422,"{""labels"": [""0"", ""1"", ""2"", ""3"", ""4"", ""5"", ""6"", ""7"", ""8"", ""9""], ""matrix"": [[115, 0, 0, 0, 0, 0, 0, 0, 0, 0], [0, 112, 2, 0, 0, 0, 0, 0, 0, 0], [0, 0, 114, 0, 0, 0, 0, 0, 0, 0], [0, 0, 0, 105, 0, 0, 0, 0, 0, 0], [0, 0, 0, 0, 114, 1, 0, 0, 0, 0], [0, 0, 0, 0, 0, 105, 0, 0, 0, 0], [0, 0, 0, 0, 0, 0, 105, 0, 0, 0], [0, 0, 0, 0, 0, 0, 0, 114, 0, 0], [1, 0, 0, 0, 0, 1, 0, 1, 103, 0], [0, 0, 0, 0, 0, 0, 0, 0, 1, 104]]}"
pen-based,euclidean,7,modified_plurality,RetentionPolicy.DIFFERENT_CLASS_RETENTION,1,10,9893,1099,0.0015915000039967708,0.18525729999964824,0.186848800003645,0.9909008189262967,0.9910718107846934,0.9910267465217597,0.9910297785289129,0.9909634031979794,0.9909008189262967,0.9909122167679041,"{""labels"": [""0"", ""1"", ""2"", ""3"", ""4"", ""5"", ""6"", ""7"", ""8"", ""9""], ""matrix"": [[114, 1, 0, 0, 0, 0, 0, 0, 0, 0], [0, 112, 2, 0, 0, 0, 0, 0, 0, 0], [0, 1, 113, 0, 0, 0, 0, 0, 0, 0], [0, 0, 0, 103, 0, 0, 0, 1, 0, 1], [0, 0, 0, 0, 114, 1, 0, 0, 0, 0], [0, 0, 0, 0, 0, 105, 0, 0, 0, 0], [0, 0, 0, 0, 0, 0, 106, 0, 0, 0], [0, 1, 1, 0, 0, 0, 0, 112, 0, 0], [0, 0, 0, 0, 0, 0, 0, 0, 105, 0], [0, 0, 0, 1, 0, 0, 0, 0, 0, 105]]}"
pen-based,euclidean,7,modified_plurality,RetentionPolicy.DIFFERENT_CLASS_RETENTION,2,10,9895,1097,0.0016266999955405481,0.18173080000269692,0.18335749999823747,0.9927073837739289,0.9927522818373898,0.9927721477607061,0.9927157711712079,0.9928322902151694,0.9927073837739289,0.9927247245187419,"{""labels"": [""0"", ""1"", ""2"", ""3"", ""4"", ""5"", ""6"", ""7"", ""8"", ""9""], ""matrix"": [[113, 0, 0, 0, 0, 0, 0, 0, 0, 1], [0, 113, 1, 0, 1, 0, 0, 0, 0, 0], [0, 0, 115, 0, 0, 0, 0, 0, 0, 0], [0, 0, 0, 104, 0, 1, 0, 0, 0, 0], [0, 0, 0, 0, 113, 1, 0, 0, 0, 0], [0, 0, 0, 0, 0, 105, 0, 0, 0, 0], [0, 0, 0, 0, 0, 0, 105, 0, 0, 0], [0, 1, 0, 0, 0, 0, 0, 113, 0, 0], [0, 0, 0, 0, 0, 0, 0, 0, 105, 0], [0, 0, 0, 0, 0, 2, 0, 0, 0, 103]]}"
pen-based,euclidean,7,modified_plurality,RetentionPolicy.DIFFERENT_CLASS_RETENTION,3,10,9892,1100,0.0015984999990905635,0.18620950000331504,0.1878080000024056,0.9890909090909091,0.9891956678066132,0.9890723938640698,0.9891165698747553,0.9891573017093511,0.9890909090909091,0.9891071694354759,"{""labels"": [""0"", ""1"", ""2"", ""3"", ""4"", ""5"", ""6"", ""7"", ""8"", ""9""], ""matrix"": [[114, 0, 0, 0, 0, 0, 0, 0, 0, 0], [0, 111, 0, 2, 0, 0, 0, 1, 0, 0], [0, 0, 114, 0, 0, 0, 0, 1, 0, 0], [0, 1, 1, 103, 0, 0, 0, 0, 0, 0], [0, 0, 0, 0, 115, 0, 0, 0, 0, 0], [0, 0, 0, 1, 0, 104, 0, 0, 0, 0], [0, 0, 0, 0, 0, 0, 105, 0, 0, 0], [0, 2, 0, 0, 0, 0, 0, 113, 0, 0], [0, 0, 0, 0, 0, 0, 0, 1, 105, 0], [0, 0, 0, 0, 0, 2, 0, 0, 0, 104]]}"
pen-based,euclidean,7,modified_plurality,RetentionPolicy.DIFFERENT_CLASS_RETENTION,4,10,9894,1098,0.0016373000034946017,0.18482879999646684,0.18646609999996144,0.9918032786885246,0.9919330199659122,0.991770176055397,0.9917957067308155,0.9919236518086777,0.9918032786885246,0.9918069068053017,"{""labels"": [""0"", ""1"", ""2"", ""3"", ""4"", ""5"", ""6"", ""7"", ""8"", ""9""], ""matrix"": [[114, 0, 0, 0, 0, 0, 0, 0, 0, 0], [0, 112, 2, 1, 0, 0, 0, 0, 0, 0], [0, 0, 114, 0, 0, 0, 0, 0, 0, 0], [0, 0, 1, 104, 0, 0, 0, 0, 0, 0], [0, 0, 0, 0, 113, 1, 0, 0, 0, 0], [0, 0, 0, 2, 0, 104, 0, 0, 0, 0], [0, 0, 0, 0, 0, 0, 106, 0, 0, 0], [0, 0, 0, 0, 0, 0, 0, 114, 0, 0], [0, 0, 0, 0, 0, 0, 0, 0, 105, 0], [0, 0, 0, 0, 1, 0, 0, 1, 0, 103]]}"
pen-based,euclidean,7,modified_plurality,RetentionPolicy.DIFFERENT_CLASS_RETENTION,5,10,9894,1098,0.0015633000002708286,0.18669450000015786,0.1882578000004287,0.9927140255009107,0.9927998530125157,0.9927568922305765,0.9927573883251638,0.992755711310608,0.9927140255009107,0.9927141776308673,"{""labels"": [""0"", ""1"", ""2"", ""3"", ""4"", ""5"", ""6"", ""7"", ""8"", ""9""], ""matrix"": [[114, 0, 0, 0, 0, 0, 0, 0, 0, 0], [0, 112, 0, 1, 1, 0, 0, 0, 0, 0], [0, 0, 114, 0, 0, 0, 0, 0, 0, 0], [0, 0, 0, 105, 0, 0, 0, 0, 0, 0], [0, 0, 0, 0, 112, 0, 0, 1, 0, 1], [0, 0, 0, 1, 0, 104, 0, 0, 0, 0], [0, 0, 0, 0, 0, 0, 108, 0, 0, 0], [0, 0, 1, 0, 0, 0, 0, 113, 0, 0], [0, 0, 0, 0, 0, 0, 0, 1, 104, 0], [0, 1, 0, 0, 0, 0, 0, 0, 0, 104]]}"
pen-based,euclidean,7,modified_plurality,RetentionPolicy.DIFFERENT_CLASS_RETENTION,6,10,9890,1102,0.0015949000007822178,0.18373040000005858,0.1853253000008408,0.9927404718693285,0.9929055883721947,0.9927491753080693,0.9927794314436831,0.9928284331683358,0.9927404718693285,0.9927358924621112,"{""labels"": [""0"", ""1"", ""2"", ""3"", ""4"", ""5"", ""6"", ""7"", ""8"", ""9""], ""matrix"": [[114, 0, 0, 0, 0, 0, 0, 0, 0, 0], [0, 112, 2, 1, 0, 0, 0, 0, 0, 0], [0, 0, 114, 0, 0, 0, 0, 0, 0, 0], [0, 0, 0, 108, 0, 0, 0, 0, 0, 0], [0, 0, 0, 0, 113, 0, 0, 1, 0, 0], [0, 0, 0, 1, 0, 105, 0, 0, 0, 0], [0, 0, 0, 0, 0, 1, 104, 0, 0, 0], [0, 0, 0, 0, 0, 0, 0, 114, 0, 0], [0, 0, 0, 0, 0, 0, 0, 0, 105, 0], [0, 0, 0, 0, 2, 0, 0, 0, 0, 105]]}"
pen-based,euclidean,7,modified_plurality,RetentionPolicy.DIFFERENT_CLASS_RETENTION,7,10,9892,1100,0.0018127999937860295,0.18503220000275178,0.1868449999965378,0.9945454545454545,0.9948423224285292,0.9945954508913794,0.9946764865464648,0.9946392305012994,0.9945454545454545,0.9945486826056498,"{""labels"": [""0"", ""1"", ""2"", ""3"", ""4"", ""5"", ""6"", ""7"", ""8"", ""9""], ""matrix"": [[112, 0, 0, 0, 2, 0, 0, 0, 0, 0], [0, 112, 2, 0, 0, 0, 0, 0, 0, 0], [0, 0, 114, 0, 0, 0, 0, 0, 0, 0], [0, 0, 0, 107, 0, 0, 0, 0, 0, 0], [0, 0, 0, 0, 114, 0, 0, 0, 0, 0], [0, 0, 0, 0, 0, 106, 0, 0, 0, 0], [0, 0, 0, 0, 0, 0, 105, 0, 0, 0], [0, 0, 0, 0, 0, 0, 0, 115, 0, 0], [0, 0, 0, 0, 0, 0, 0, 1, 105, 0], [0, 0, 0, 0, 0, 0, 0, 1, 0, 104]]}"
pen-based,euclidean,7,modified_plurality,RetentionPolicy.DIFFERENT_CLASS_RETENTION,8,10,9894,1098,0.0015071000016178004,0.18485259999579284,0.18635969999741064,0.9936247723132969,0.9937138712680085,0.9936430699389984,0.9936387904407505,0.9936890517824285,0.9936247723132969,0.9936163897910956,"{""labels"": [""0"", ""1"", ""2"", ""3"", ""4"", ""5"", ""6"", ""7"", ""8"", ""9""], ""matrix"": [[113, 0, 0, 0, 0, 0, 1, 0, 0, 0], [0, 111, 1, 1, 0, 0, 0, 1, 0, 0], [0, 0, 115, 0, 0, 0, 0, 0, 0, 0], [0, 0, 0, 104, 1, 0, 0, 0, 0, 0], [0, 0, 0, 0, 114, 0, 0, 0, 0, 0], [0, 0, 0, 0, 0, 106, 0, 0, 0, 0], [0, 0, 0, 0, 0, 0, 105, 0, 0, 0], [0, 0, 0, 0, 0, 0, 0, 114, 0, 0], [0, 0, 0, 0, 0, 0, 0, 1, 105, 0], [0, 0, 0, 0, 0, 1, 0, 0, 0, 104]]}"
pen-based,euclidean,7,modified_plurality,RetentionPolicy.DIFFERENT_CLASS_RETENTION,9,10,9890,1102,0.0015327000000979751,0.18297099999472266,0.18450369999482064,0.9900181488203267,0.9900607641102284,0.9899675562984573,0.9899912125138103,0.9900475931497428,0.9900181488203267,0.990009188257949,"{""labels"": [""0"", ""1"", ""2"", ""3"", ""4"", ""5"", ""6"", ""7"", ""8"", ""9""], ""matrix"": [[113, 0, 0, 0, 1, 0, 0, 0, 0, 1], [0, 112, 1, 1, 0, 0, 0, 0, 0, 0], [0, 0, 115, 0, 0, 0, 0, 0, 0, 0], [0, 0, 0, 104, 0, 0, 0, 0, 0, 1], [0, 0, 0, 0, 114, 1, 0, 0, 0, 0], [0, 0, 0, 0, 0, 105, 0, 0, 1, 0], [0, 0, 0, 0, 0, 0, 106, 0, 0, 0], [0, 0, 0, 0, 0, 0, 0, 114, 0, 0], [0, 0, 0, 0, 0, 0, 0, 1, 105, 0], [0, 1, 0, 0, 1, 0, 0, 1, 0, 103]]}"
pen-based,euclidean,7,modified_plurality,RetentionPolicy.DD_RETENTION,0,10,9894,1098,0.0016175999990082346,0.19095630000083474,0.19257389999984298,0.9936247723132969,0.9937135305460139,0.9935934791860701,0.9936125891213825,0.9936884804269484,0.9936247723132969,0.9936156690305422,"{""labels"": [""0"", ""1"", ""2"", ""3"", ""4"", ""5"", ""6"", ""7"", ""8"", ""9""], ""matrix"": [[115, 0, 0, 0, 0, 0, 0, 0, 0, 0], [0, 112, 2, 0, 0, 0, 0, 0, 0, 0], [0, 0, 114, 0, 0, 0, 0, 0, 0, 0], [0, 0, 0, 105, 0, 0, 0, 0, 0, 0], [0, 0, 0, 0, 114, 1, 0, 0, 0, 0], [0, 0, 0, 0, 0, 105, 0, 0, 0, 0], [0, 0, 0, 0, 0, 0, 105, 0, 0, 0], [0, 0, 0, 0, 0, 0, 0, 114, 0, 0], [1, 0, 0, 0, 0, 1, 0, 1, 103, 0], [0, 0, 0, 0, 0, 0, 0, 0, 1, 104]]}"
pen-based,euclidean,7,modified_plurality,RetentionPolicy.DD_RETENTION,1,10,9893,1099,0.0015453999949386343,0.19024740000168094,0.19179279999661958,0.9909008189262967,0.9910718107846934,0.9910267465217597,0.9910297785289129,0.9909634031979794,0.9909008189262967,0.9909122167679041,"{""labels"": [""0"", ""1"", ""2"", ""3"", ""4"", ""5"", ""6"", ""7"", ""8"", ""9""], ""matrix"": [[114, 1, 0, 0, 0, 0, 0, 0, 0, 0], [0, 112, 2, 0, 0, 0, 0, 0, 0, 0], [0, 1, 113, 0, 0, 0, 0, 0, 0, 0], [0, 0, 0, 103, 0, 0, 0, 1, 0, 1], [0, 0, 0, 0, 114, 1, 0, 0, 0, 0], [0, 0, 0, 0, 0, 105, 0, 0, 0, 0], [0, 0, 0, 0, 0, 0, 106, 0, 0, 0], [0, 1, 1, 0, 0, 0, 0, 112, 0, 0], [0, 0, 0, 0, 0, 0, 0, 0, 105, 0], [0, 0, 0, 1, 0, 0, 0, 0, 0, 105]]}"
pen-based,euclidean,7,modified_plurality,RetentionPolicy.DD_RETENTION,2,10,9895,1097,0.0015803999995114282,0.18796560000191675,0.18954600000142818,0.9927073837739289,0.9927522818373898,0.9927721477607061,0.9927157711712079,0.9928322902151694,0.9927073837739289,0.9927247245187419,"{""labels"": [""0"", ""1"", ""2"", ""3"", ""4"", ""5"", ""6"", ""7"", ""8"", ""9""], ""matrix"": [[113, 0, 0, 0, 0, 0, 0, 0, 0, 1], [0, 113, 1, 0, 1, 0, 0, 0, 0, 0], [0, 0, 115, 0, 0, 0, 0, 0, 0, 0], [0, 0, 0, 104, 0, 1, 0, 0, 0, 0], [0, 0, 0, 0, 113, 1, 0, 0, 0, 0], [0, 0, 0, 0, 0, 105, 0, 0, 0, 0], [0, 0, 0, 0, 0, 0, 105, 0, 0, 0], [0, 1, 0, 0, 0, 0, 0, 113, 0, 0], [0, 0, 0, 0, 0, 0, 0, 0, 105, 0], [0, 0, 0, 0, 0, 2, 0, 0, 0, 103]]}"
pen-based,euclidean,7,modified_plurality,RetentionPolicy.DD_RETENTION,3,10,9892,1100,0.0016028000027290545,0.19288680000317981,0.19448960000590887,0.9890909090909091,0.9891956678066132,0.9890723938640698,0.9891165698747553,0.9891573017093511,0.9890909090909091,0.9891071694354759,"{""labels"": [""0"", ""1"", ""2"", ""3"", ""4"", ""5"", ""6"", ""7"", ""8"", ""9""], ""matrix"": [[114, 0, 0, 0, 0, 0, 0, 0, 0, 0], [0, 111, 0, 2, 0, 0, 0, 1, 0, 0], [0, 0, 114, 0, 0, 0, 0, 1, 0, 0], [0, 1, 1, 103, 0, 0, 0, 0, 0, 0], [0, 0, 0, 0, 115, 0, 0, 0, 0, 0], [0, 0, 0, 1, 0, 104, 0, 0, 0, 0], [0, 0, 0, 0, 0, 0, 105, 0, 0, 0], [0, 2, 0, 0, 0, 0, 0, 113, 0, 0], [0, 0, 0, 0, 0, 0, 0, 1, 105, 0], [0, 0, 0, 0, 0, 2, 0, 0, 0, 104]]}"
pen-based,euclidean,7,modified_plurality,RetentionPolicy.DD_RETENTION,4,10,9894,1098,0.002154400004656054,0.18658049999794457,0.18873490000260063,0.9918032786885246,0.9919330199659122,0.991770176055397,0.9917957067308155,0.9919236518086777,0.9918032786885246,0.9918069068053017,"{""labels"": [""0"", ""1"", ""2"", ""3"", ""4"", ""5"", ""6"", ""7"", ""8"", ""9""], ""matrix"": [[114, 0, 0, 0, 0, 0, 0, 0, 0, 0], [0, 112, 2, 1, 0, 0, 0, 0, 0, 0], [0, 0, 114, 0, 0, 0, 0, 0, 0, 0], [0, 0, 1, 104, 0, 0, 0, 0, 0, 0], [0, 0, 0, 0, 113, 1, 0, 0, 0, 0], [0, 0, 0, 2, 0, 104, 0, 0, 0, 0], [0, 0, 0, 0, 0, 0, 106, 0, 0, 0], [0, 0, 0, 0, 0, 0, 0, 114, 0, 0], [0, 0, 0, 0, 0, 0, 0, 0, 105, 0], [0, 0, 0, 0, 1, 0, 0, 1, 0, 103]]}"
pen-based,euclidean,7,modified_plurality,RetentionPolicy.DD_RETENTION,5,10,9894,1098,0.0017874000041047111,0.1935273999988567,0.19531480000296142,0.9927140255009107,0.9927998530125157,0.9927568922305765,0.9927573883251638,0.992755711310608,0.9927140255009107,0.9927141776308673,"{""labels"": [""0"", ""1"", ""2"", ""3"", ""4"", ""5"", ""6"", ""7"", ""8"", ""9""], ""matrix"": [[114, 0, 0, 0, 0, 0, 0, 0, 0, 0], [0, 112, 0, 1, 1, 0, 0, 0, 0, 0], [0, 0, 114, 0, 0, 0, 0, 0, 0, 0], [0, 0, 0, 105, 0, 0, 0, 0, 0, 0], [0, 0, 0, 0, 112, 0, 0, 1, 0, 1], [0, 0, 0, 1, 0, 104, 0, 0, 0, 0], [0, 0, 0, 0, 0, 0, 108, 0, 0, 0], [0, 0, 1, 0, 0, 0, 0, 113, 0, 0], [0, 0, 0, 0, 0, 0, 0, 1, 104, 0], [0, 1, 0, 0, 0, 0, 0, 0, 0, 104]]}"
pen-based,euclidean,7,modified_plurality,RetentionPolicy.DD_RETENTION,6,10,9890,1102,0.0017496999935247004,0.19388930000422988,0.19563899999775458,0.9927404718693285,0.9929055883721947,0.9927491753080693,0.9927794314436831,0.9928284331683358,0.9927404718693285,0.9927358924621112,"{""labels"": [""0"", ""1"", ""2"", ""3"", ""4"", ""5"", ""6"", ""7"", ""8"", ""9""], ""matrix"": [[114, 0, 0, 0, 0, 0, 0, 0, 0, 0], [0, 112, 2, 1, 0, 0, 0, 0, 0, 0], [0, 0, 114, 0, 0, 0, 0, 0, 0, 0], [0, 0, 0, 108, 0, 0, 0, 0, 0, 0], [0, 0, 0, 0, 113, 0, 0, 1, 0, 0], [0, 0, 0, 1, 0, 105, 0, 0, 0, 0], [0, 0, 0, 0, 0, 1, 104, 0, 0, 0], [0, 0, 0, 0, 0, 0, 0, 114, 0, 0], [0, 0, 0, 0, 0, 0, 0, 0, 105, 0], [0, 0, 0, 0, 2, 0, 0, 0, 0, 105]]}"
pen-based,euclidean,7,modified_plurality,RetentionPolicy.DD_RETENTION,7,10,9892,1100,0.0015713999964646064,0.19142770000325982,0.19299909999972442,0.9945454545454545,0.9948423224285292,0.9945954508913794,0.9946764865464648,0.9946392305012994,0.9945454545454545,0.9945486826056498,"{""labels"": [""0"", ""1"", ""2"", ""3"", ""4"", ""5"", ""6"", ""7"", ""8"", ""9""], ""matrix"": [[112, 0, 0, 0, 2, 0, 0, 0, 0, 0], [0, 112, 2, 0, 0, 0, 0, 0, 0, 0], [0, 0, 114, 0, 0, 0, 0, 0, 0, 0], [0, 0, 0, 107, 0, 0, 0, 0, 0, 0], [0, 0, 0, 0, 114, 0, 0, 0, 0, 0], [0, 0, 0, 0, 0, 106, 0, 0, 0, 0], [0, 0, 0, 0, 0, 0, 105, 0, 0, 0], [0, 0, 0, 0, 0, 0, 0, 115, 0, 0], [0, 0, 0, 0, 0, 0, 0, 1, 105, 0], [0, 0, 0, 0, 0, 0, 0, 1, 0, 104]]}"
pen-based,euclidean,7,modified_plurality,RetentionPolicy.DD_RETENTION,8,10,9894,1098,0.0017230000012204982,0.19293399999878602,0.19465700000000652,0.9936247723132969,0.9937138712680085,0.9936430699389984,0.9936387904407505,0.9936890517824285,0.9936247723132969,0.9936163897910956,"{""labels"": [""0"", ""1"", ""2"", ""3"", ""4"", ""5"", ""6"", ""7"", ""8"", ""9""], ""matrix"": [[113, 0, 0, 0, 0, 0, 1, 0, 0, 0], [0, 111, 1, 1, 0, 0, 0, 1, 0, 0], [0, 0, 115, 0, 0, 0, 0, 0, 0, 0], [0, 0, 0, 104, 1, 0, 0, 0, 0, 0], [0, 0, 0, 0, 114, 0, 0, 0, 0, 0], [0, 0, 0, 0, 0, 106, 0, 0, 0, 0], [0, 0, 0, 0, 0, 0, 105, 0, 0, 0], [0, 0, 0, 0, 0, 0, 0, 114, 0, 0], [0, 0, 0, 0, 0, 0, 0, 1, 105, 0], [0, 0, 0, 0, 0, 1, 0, 0, 0, 104]]}"
pen-based,euclidean,7,modified_plurality,RetentionPolicy.DD_RETENTION,9,10,9890,1102,0.0019136000046273693,0.19134529999428196,0.19325889999890933,0.9900181488203267,0.9900607641102284,0.9899675562984573,0.9899912125138103,0.9900475931497428,0.9900181488203267,0.990009188257949,"{""labels"": [""0"", ""1"", ""2"", ""3"", ""4"", ""5"", ""6"", ""7"", ""8"", ""9""], ""matrix"": [[113, 0, 0, 0, 1, 0, 0, 0, 0, 1], [0, 112, 1, 1, 0, 0, 0, 0, 0, 0], [0, 0, 115, 0, 0, 0, 0, 0, 0, 0], [0, 0, 0, 104, 0, 0, 0, 0, 0, 1], [0, 0, 0, 0, 114, 1, 0, 0, 0, 0], [0, 0, 0, 0, 0, 105, 0, 0, 1, 0], [0, 0, 0, 0, 0, 0, 106, 0, 0, 0], [0, 0, 0, 0, 0, 0, 0, 114, 0, 0], [0, 0, 0, 0, 0, 0, 0, 1, 105, 0], [0, 1, 0, 0, 1, 0, 0, 1, 0, 103]]}"
pen-based,heom,3,borda,RetentionPolicy.ALWAYS_RETAIN,0,10,9894,1098,0.0015417999966302887,0.32366880000336096,0.32521059999999125,0.9918032786885246,0.9918444160634499,0.9917562774861682,0.9917747121836958,0.9918266843899861,0.9918032786885246,0.9917899053740561,"{""labels"": [""0"", ""1"", ""2"", ""3"", ""4"", ""5"", ""6"", ""7"", ""8"", ""9""], ""matrix"": [[115, 0, 0, 0, 0, 0, 0, 0, 0, 0], [0, 113, 1, 0, 0, 0, 0, 0, 0, 0], [0, 2, 112, 0, 0, 0, 0, 0, 0, 0], [0, 0, 0, 105, 0, 0, 0, 0, 0, 0], [0, 0, 0, 0, 115, 0, 0, 0, 0, 0], [0, 0, 0, 0, 0, 105, 0, 0, 0, 0], [0, 0, 0, 0, 0, 0, 105, 0, 0, 0], [0, 0, 0, 0, 0, 0, 0, 113, 0, 1], [1, 0, 0, 0, 0, 1, 0, 1, 103, 0], [0, 0, 0, 0, 0, 1, 0, 0, 1, 103]]}"
pen-based,heom,3,borda,RetentionPolicy.ALWAYS_RETAIN,1,10,9893,1099,0.0015837000028113835,0.3186425999956555,0.32022629999846686,0.9936305732484076,0.993703199126702,0.9937245287130871,0.9936804280599818,0.9936724341772446,0.9936305732484076,0.9936183661229235,"{""labels"": [""0"", ""1"", ""2"", ""3"", ""4"", ""5"", ""6"", ""7"", ""8"", ""9""], ""matrix"": [[114, 0, 0, 0, 1, 0, 0, 0, 0, 0], [0, 114, 0, 0, 0, 0, 0, 0, 0, 0], [0, 0, 114, 0, 0, 0, 0, 0, 0, 0], [0, 0, 0, 103, 0, 0, 0, 1, 0, 1], [0, 0, 0, 0, 114, 1, 0, 0, 0, 0], [0, 0, 0, 0, 0, 105, 0, 0, 0, 0], [0, 0, 0, 0, 0, 0, 106, 0, 0, 0], [0, 1, 1, 0, 0, 0, 0, 111, 0, 1], [0, 0, 0, 0, 0, 0, 0, 0, 105, 0], [0, 0, 0, 0, 0, 0, 0, 0, 0, 106]]}"
pen-based,heom,3,borda,RetentionPolicy.ALWAYS_RETAIN,2,10,9895,1097,0.0014747000022907741,0.3190526999969734,0.32052739999926416,0.9963536918869644,0.9963650923864213,0.9963484798953907,0.9963484414243485,0.9963702184270173,0.9963536918869644,0.9963536536797545,"{""labels"": [""0"", ""1"", ""2"", ""3"", ""4"", ""5"", ""6"", ""7"", ""8"", ""9""], ""matrix"": [[114, 0, 0, 0, 0, 0, 0, 0, 0, 0], [0, 114, 0, 0, 1, 0, 0, 0, 0, 0], [0, 0, 115, 0, 0, 0, 0, 0, 0, 0], [0, 0, 0, 104, 0, 1, 0, 0, 0, 0], [0, 0, 0, 0, 114, 0, 0, 0, 0, 0], [0, 0, 0, 0, 0, 105, 0, 0, 0, 0], [0, 0, 0, 0, 0, 0, 105, 0, 0, 0], [0, 1, 0, 0, 0, 0, 0, 113, 0, 0], [0, 0, 0, 0, 0, 0, 0, 0, 105, 0], [0, 0, 0, 1, 0, 0, 0, 0, 0, 104]]}"
pen-based,heom,3,borda,RetentionPolicy.ALWAYS_RETAIN,3,10,9892,1100,0.0017484999989392236,0.3173056000014185,0.3190541000003577,0.9927272727272727,0.9928199307898303,0.9927874032908358,0.9927842040105552,0.9927667007429812,0.9927272727272727,0.9927270931982196,"{""labels"": [""0"", ""1"", ""2"", ""3"", ""4"", ""5"", ""6"", ""7"", ""8"", ""9""], ""matrix"": [[114, 0, 0, 0, 0, 0, 0, 0, 0, 0], [0, 113, 0, 1, 0, 0, 0, 0, 0, 0], [0, 0, 114, 0, 0, 0, 0, 1, 0, 0], [0, 1, 1, 103, 0, 0, 0, 0, 0, 0], [0, 0, 0, 0, 115, 0, 0, 0, 0, 0], [0, 0, 0, 1, 0, 104, 0, 0, 0, 0], [0, 0, 0, 0, 0, 0, 105, 0, 0, 0], [0, 2, 0, 0, 0, 0, 0, 112, 1, 0], [0, 0, 0, 0, 0, 0, 0, 0, 106, 0], [0, 0, 0, 0, 0, 0, 0, 0, 0, 106]]}"
pen-based,heom,3,borda,RetentionPolicy.ALWAYS_RETAIN,4,10,9894,1098,0.0025498000031802803,0.3185003999969922,0.3210502000001725,0.9954462659380692,0.9955195043987441,0.9953388804250165,0.995404421537424,0.9955027744401849,0.9954462659380692,0.9954498073796829,"{""labels"": [""0"", ""1"", ""2"", ""3"", ""4"", ""5"", ""6"", ""7"", ""8"", ""9""], ""matrix"": [[114, 0, 0, 0, 0, 0, 0, 0, 0, 0], [0, 114, 1, 0, 0, 0, 0, 0, 0, 0], [0, 0, 114, 0, 0, 0, 0, 0, 0, 0], [0, 0, 1, 104, 0, 0, 0, 0, 0, 0], [0, 0, 0, 0, 114, 0, 0, 0, 0, 0], [0, 0, 0, 2, 0, 104, 0, 0, 0, 0], [0, 0, 0, 0, 0, 0, 106, 0, 0, 0], [0, 0, 0, 0, 0, 0, 0, 114, 0, 0], [0, 0, 0, 0, 0, 0, 0, 0, 105, 0], [0, 0, 0, 0, 1, 0, 0, 0, 0, 104]]}"
pen-based,heom,3,borda,RetentionPolicy.ALWAYS_RETAIN,5,10,9894,1098,0.0015191999991657212,0.32087630000023637,0.3223954999994021,0.9936247723132969,0.9936056518773333,0.9935588972431078,0.99354340001536,0.9937169428938377,0.9936247723132969,0.9936331523667447,"{""labels"": [""0"", ""1"", ""2"", ""3"", ""4"", ""5"", ""6"", ""7"", ""8"", ""9""], ""matrix"": [[114, 0, 0, 0, 0, 0, 0, 0, 0, 0], [0, 113, 0, 1, 0, 0, 0, 0, 0, 0], [0, 0, 113, 1, 0, 0, 0, 0, 0, 0], [0, 0, 0, 105, 0, 0, 0, 0, 0, 0], [0, 0, 0, 0, 113, 0, 0, 0, 0, 1], [0, 0, 0, 1, 0, 103, 1, 0, 0, 0], [0, 0, 0, 0, 0, 0, 108, 0, 0, 0], [0, 0, 0, 0, 0, 0, 0, 114, 0, 0], [0, 0, 0, 0, 0, 0, 0, 1, 104, 0], [0, 1, 0, 0, 0, 0, 0, 0, 0, 104]]}"
pen-based,heom,3,borda,RetentionPolicy.ALWAYS_RETAIN,6,10,9890,1102,0.001687700001639314,0.3169677999976557,0.318655499999295,0.9954627949183303,0.9955454694324984,0.995430512947169,0.9954643823903458,0.9955103019262443,0.9954627949183303,0.9954624968362888,"{""labels"": [""0"", ""1"", ""2"", ""3"", ""4"", ""5"", ""6"", ""7"", ""8"", ""9""], ""matrix"": [[114, 0, 0, 0, 0, 0, 0, 0, 0, 0], [0, 113, 2, 0, 0, 0, 0, 0, 0, 0], [0, 0, 114, 0, 0, 0, 0, 0, 0, 0], [0, 0, 0, 108, 0, 0, 0, 0, 0, 0], [0, 0, 0, 0, 114, 0, 0, 0, 0, 0], [0, 0, 0, 1, 0, 105, 0, 0, 0, 0], [0, 0, 0, 0, 0, 1, 104, 0, 0, 0], [0, 0, 0, 0, 0, 0, 0, 114, 0, 0], [0, 0, 0, 0, 0, 0, 0, 0, 105, 0], [0, 0, 0, 0, 1, 0, 0, 0, 0, 106]]}"
pen-based,heom,3,borda,RetentionPolicy.ALWAYS_RETAIN,7,10,9892,1100,0.0015084000042406842,0.31586749999405583,0.3173758999982965,0.9918181818181818,0.9921389816386068,0.9918886839740862,0.991973931174871,0.9918965089688477,0.9918181818181818,0.9918169746751947,"{""labels"": [""0"", ""1"", ""2"", ""3"", ""4"", ""5"", ""6"", ""7"", ""8"", ""9""], ""matrix"": [[113, 0, 0, 0, 1, 0, 0, 0, 0, 0], [0, 111, 3, 0, 0, 0, 0, 0, 0, 0], [0, 1, 112, 1, 0, 0, 0, 0, 0, 0], [0, 0, 0, 107, 0, 0, 0, 0, 0, 0], [0, 0, 0, 0, 114, 0, 0, 0, 0, 0], [0, 0, 0, 0, 0, 106, 0, 0, 0, 0], [0, 0, 0, 0, 0, 0, 105, 0, 0, 0], [0, 0, 0, 0, 0, 0, 0, 115, 0, 0], [0, 0, 0, 0, 0, 0, 0, 1, 105, 0], [0, 0, 0, 0, 1, 0, 0, 1, 0, 103]]}"
pen-based,heom,3,borda,RetentionPolicy.ALWAYS_RETAIN,8,10,9894,1098,0.00154570000449894,0.3197699000011198,0.32131560000561876,0.9927140255009107,0.9928214192639222,0.9927073014776482,0.9927399178407903,0.9927537202189485,0.9927140255009107,0.9927093732950387,"{""labels"": [""0"", ""1"", ""2"", ""3"", ""4"", ""5"", ""6"", ""7"", ""8"", ""9""], ""matrix"": [[113, 0, 0, 0, 0, 0, 1, 0, 0, 0], [0, 112, 1, 0, 0, 0, 0, 1, 0, 0], [0, 1, 114, 0, 0, 0, 0, 0, 0, 0], [0, 0, 0, 104, 1, 0, 0, 0, 0, 0], [0, 0, 0, 0, 114, 0, 0, 0, 0, 0], [0, 0, 0, 0, 0, 104, 0, 1, 1, 0], [0, 0, 0, 0, 0, 0, 105, 0, 0, 0], [0, 0, 0, 0, 0, 0, 0, 114, 0, 0], [0, 0, 0, 0, 0, 0, 0, 0, 106, 0], [0, 0, 0, 0, 0, 1, 0, 0, 0, 104]]}"
pen-based,heom,3,borda,RetentionPolicy.ALWAYS_RETAIN,9,10,9890,1102,0.001969900004041847,0.3187072000000626,0.32067710000410443,0.9936479128856625,0.9936501775814364,0.9936596824300292,0.9936232544814804,0.9936968914833594,0.9936479128856625,0.9936400626201852,"{""labels"": [""0"", ""1"", ""2"", ""3"", ""4"", ""5"", ""6"", ""7"", ""8"", ""9""], ""matrix"": [[114, 0, 0, 0, 1, 0, 0, 0, 0, 0], [0, 111, 1, 1, 0, 0, 0, 0, 0, 1], [0, 0, 115, 0, 0, 0, 0, 0, 0, 0], [0, 0, 0, 104, 0, 0, 0, 0, 0, 1], [0, 0, 0, 0, 115, 0, 0, 0, 0, 0], [0, 0, 0, 0, 0, 105, 0, 0, 1, 0], [0, 0, 0, 0, 0, 0, 106, 0, 0, 0], [0, 0, 0, 0, 0, 0, 0, 114, 0, 0], [0, 0, 0, 0, 0, 0, 0, 0, 106, 0], [0, 0, 0, 0, 0, 0, 0, 1, 0, 105]]}"
pen-based,heom,3,borda,RetentionPolicy.NEVER_RETAIN,0,10,9894,1098,0.001534800001536496,0.278111200001149,0.27964600000268547,0.9918032786885246,0.9918444160634499,0.9917562774861682,0.9917747121836958,0.9918266843899861,0.9918032786885246,0.9917899053740561,"{""labels"": [""0"", ""1"", ""2"", ""3"", ""4"", ""5"", ""6"", ""7"", ""8"", ""9""], ""matrix"": [[115, 0, 0, 0, 0, 0, 0, 0, 0, 0], [0, 113, 1, 0, 0, 0, 0, 0, 0, 0], [0, 2, 112, 0, 0, 0, 0, 0, 0, 0], [0, 0, 0, 105, 0, 0, 0, 0, 0, 0], [0, 0, 0, 0, 115, 0, 0, 0, 0, 0], [0, 0, 0, 0, 0, 105, 0, 0, 0, 0], [0, 0, 0, 0, 0, 0, 105, 0, 0, 0], [0, 0, 0, 0, 0, 0, 0, 113, 0, 1], [1, 0, 0, 0, 0, 1, 0, 1, 103, 0], [0, 0, 0, 0, 0, 1, 0, 0, 1, 103]]}"
pen-based,heom,3,borda,RetentionPolicy.NEVER_RETAIN,1,10,9893,1099,0.0015036999975563958,0.2811199000061606,0.282623600003717,0.9936305732484076,0.993703199126702,0.9937245287130871,0.9936804280599818,0.9936724341772446,0.9936305732484076,0.9936183661229235,"{""labels"": [""0"", ""1"", ""2"", ""3"", ""4"", ""5"", ""6"", ""7"", ""8"", ""9""], ""matrix"": [[114, 0, 0, 0, 1, 0, 0, 0, 0, 0], [0, 114, 0, 0, 0, 0, 0, 0, 0, 0], [0, 0, 114, 0, 0, 0, 0, 0, 0, 0], [0, 0, 0, 103, 0, 0, 0, 1, 0, 1], [0, 0, 0, 0, 114, 1, 0, 0, 0, 0], [0, 0, 0, 0, 0, 105, 0, 0, 0, 0], [0, 0, 0, 0, 0, 0, 106, 0, 0, 0], [0, 1, 1, 0, 0, 0, 0, 111, 0, 1], [0, 0, 0, 0, 0, 0, 0, 0, 105, 0], [0, 0, 0, 0, 0, 0, 0, 0, 0, 106]]}"
pen-based,heom,3,borda,RetentionPolicy.NEVER_RETAIN,2,10,9895,1097,0.0015261000007740222,0.2816043999991962,0.2831304999999702,0.9954421148587056,0.9954393297343318,0.9953960989430097,0.9953959092852054,0.9954841192613894,0.9954421148587056,0.9954419319421973,"{""labels"": [""0"", ""1"", ""2"", ""3"", ""4"", ""5"", ""6"", ""7"", ""8"", ""9""], ""matrix"": [[114, 0, 0, 0, 0, 0, 0, 0, 0, 0], [0, 114, 0, 0, 1, 0, 0, 0, 0, 0], [0, 0, 115, 0, 0, 0, 0, 0, 0, 0], [0, 0, 0, 104, 0, 1, 0, 0, 0, 0], [0, 0, 0, 0, 114, 0, 0, 0, 0, 0], [0, 0, 0, 0, 0, 105, 0, 0, 0, 0], [0, 0, 0, 0, 0, 0, 105, 0, 0, 0], [0, 1, 0, 0, 0, 0, 0, 113, 0, 0], [0, 0, 0, 0, 0, 0, 0, 0, 105, 0], [0, 0, 0, 1, 0, 1, 0, 0, 0, 103]]}"
pen-based,heom,3,borda,RetentionPolicy.NEVER_RETAIN,3,10,9892,1100,0.001453899996704422,0.27985310000076424,0.28130699999746867,0.9927272727272727,0.9928199307898303,0.9927874032908358,0.9927842040105552,0.9927667007429812,0.9927272727272727,0.9927270931982196,"{""labels"": [""0"", ""1"", ""2"", ""3"", ""4"", ""5"", ""6"", ""7"", ""8"", ""9""], ""matrix"": [[114, 0, 0, 0, 0, 0, 0, 0, 0, 0], [0, 113, 0, 1, 0, 0, 0, 0, 0, 0], [0, 0, 114, 0, 0, 0, 0, 1, 0, 0], [0, 1, 1, 103, 0, 0, 0, 0, 0, 0], [0, 0, 0, 0, 115, 0, 0, 0, 0, 0], [0, 0, 0, 1, 0, 104, 0, 0, 0, 0], [0, 0, 0, 0, 0, 0, 105, 0, 0, 0], [0, 2, 0, 0, 0, 0, 0, 112, 1, 0], [0, 0, 0, 0, 0, 0, 0, 0, 106, 0], [0, 0, 0, 0, 0, 0, 0, 0, 0, 106]]}"
pen-based,heom,3,borda,RetentionPolicy.NEVER_RETAIN,4,10,9894,1098,0.001629099999263417,0.2777831000057631,0.27941220000502653,0.9954462659380692,0.9955195043987441,0.9953388804250165,0.995404421537424,0.9955027744401849,0.9954462659380692,0.9954498073796829,"{""labels"": [""0"", ""1"", ""2"", ""3"", ""4"", ""5"", ""6"", ""7"", ""8"", ""9""], ""matrix"": [[114, 0, 0, 0, 0, 0, 0, 0, 0, 0], [0, 114, 1, 0, 0, 0, 0, 0, 0, 0], [0, 0, 114, 0, 0, 0, 0, 0, 0, 0], [0, 0, 1, 104, 0, 0, 0, 0, 0, 0], [0, 0, 0, 0, 114, 0, 0, 0, 0, 0], [0, 0, 0, 2, 0, 104, 0, 0, 0, 0], [0, 0, 0, 0, 0, 0, 106, 0, 0, 0], [0, 0, 0, 0, 0, 0, 0, 114, 0, 0], [0, 0, 0, 0, 0, 0, 0, 0, 105, 0], [0, 0, 0, 0, 1, 0, 0, 0, 0, 104]]}"
pen-based,heom,3,borda,RetentionPolicy.NEVER_RETAIN,5,10,9894,1098,0.0014869000006001443,0.2813093000004301,0.28279620000103023,0.9927140255009107,0.9927177538850277,0.9926065162907267,0.992632207581089,0.9927972095034641,0.9927140255009107,0.9927263139171141,"{""labels"": [""0"", ""1"", ""2"", ""3"", ""4"", ""5"", ""6"", ""7"", ""8"", ""9""], ""matrix"": [[114, 0, 0, 0, 0, 0, 0, 0, 0, 0], [0, 113, 0, 1, 0, 0, 0, 0, 0, 0], [0, 0, 113, 1, 0, 0, 0, 0, 0, 0], [0, 1, 0, 104, 0, 0, 0, 0, 0, 0], [0, 0, 0, 0, 113, 0, 0, 0, 0, 1], [0, 0, 0, 1, 0, 103, 1, 0, 0, 0], [0, 0, 0, 0, 0, 0, 108, 0, 0, 0], [0, 0, 0, 0, 0, 0, 0, 114, 0, 0], [0, 0, 0, 0, 0, 0, 0, 1, 104, 0], [0, 1, 0, 0, 0, 0, 0, 0, 0, 104]]}"
pen-based,heom,3,borda,RetentionPolicy.NEVER_RETAIN,6,10,9890,1102,0.0014645000046584755,0.28464009999879636,0.28610460000345483,0.9945553539019963,0.9946908967188554,0.9944959335079167,0.9945575857373221,0.9946262611879926,0.9945553539019963,0.9945545346780644,"{""labels"": [""0"", ""1"", ""2"", ""3"", ""4"", ""5"", ""6"", ""7"", ""8"", ""9""], ""matrix"": [[114, 0, 0, 0, 0, 0, 0, 0, 0, 0], [0, 113, 2, 0, 0, 0, 0, 0, 0, 0], [0, 0, 114, 0, 0, 0, 0, 0, 0, 0], [0, 0, 0, 108, 0, 0, 0, 0, 0, 0], [0, 0, 0, 0, 114, 0, 0, 0, 0, 0], [0, 0, 0, 1, 0, 105, 0, 0, 0, 0], [0, 0, 0, 0, 0, 1, 104, 0, 0, 0], [0, 0, 0, 0, 0, 0, 0, 114, 0, 0], [0, 0, 0, 0, 0, 0, 0, 0, 105, 0], [0, 0, 0, 0, 2, 0, 0, 0, 0, 105]]}"
pen-based,heom,3,borda,RetentionPolicy.NEVER_RETAIN,7,10,9892,1100,0.001861999997345265,0.2809737999996287,0.28283579999697395,0.99,0.9903671972509491,0.9901342980091739,0.9901913854950223,0.9901181374690549,0.99,0.989998933402697,"{""labels"": [""0"", ""1"", ""2"", ""3"", ""4"", ""5"", ""6"", ""7"", ""8"", ""9""], ""matrix"": [[112, 0, 0, 0, 2, 0, 0, 0, 0, 0], [0, 111, 3, 0, 0, 0, 0, 0, 0, 0], [0, 1, 111, 2, 0, 0, 0, 0, 0, 0], [0, 0, 0, 107, 0, 0, 0, 0, 0, 0], [0, 0, 0, 0, 114, 0, 0, 0, 0, 0], [0, 0, 0, 0, 0, 106, 0, 0, 0, 0], [0, 0, 0, 0, 0, 0, 105, 0, 0, 0], [0, 0, 0, 0, 0, 0, 0, 115, 0, 0], [0, 0, 0, 0, 0, 0, 0, 1, 105, 0], [0, 0, 0, 0, 1, 0, 0, 1, 0, 103]]}"
pen-based,heom,3,borda,RetentionPolicy.NEVER_RETAIN,8,10,9894,1098,0.001497599994763732,0.2744090000051074,0.2759065999998711,0.9927140255009107,0.9928214192639222,0.9927073014776482,0.9927399178407903,0.9927537202189485,0.9927140255009107,0.9927093732950387,"{""labels"": [""0"", ""1"", ""2"", ""3"", ""4"", ""5"", ""6"", ""7"", ""8"", ""9""], ""matrix"": [[113, 0, 0, 0, 0, 0, 1, 0, 0, 0], [0, 112, 1, 0, 0, 0, 0, 1, 0, 0], [0, 1, 114, 0, 0, 0, 0, 0, 0, 0], [0, 0, 0, 104, 1, 0, 0, 0, 0, 0], [0, 0, 0, 0, 114, 0, 0, 0, 0, 0], [0, 0, 0, 0, 0, 104, 0, 1, 1, 0], [0, 0, 0, 0, 0, 0, 105, 0, 0, 0], [0, 0, 0, 0, 0, 0, 0, 114, 0, 0], [0, 0, 0, 0, 0, 0, 0, 0, 106, 0], [0, 0, 0, 0, 0, 1, 0, 0, 0, 104]]}"
pen-based,heom,3,borda,RetentionPolicy.NEVER_RETAIN,9,10,9890,1102,0.0014996999962022528,0.28061230000457726,0.2821120000007795,0.9945553539019963,0.9945759402335259,0.9945368754124854,0.9945366865404116,0.9945873709853693,0.9945553539019963,0.9945512315756814,"{""labels"": [""0"", ""1"", ""2"", ""3"", ""4"", ""5"", ""6"", ""7"", ""8"", ""9""], ""matrix"": [[114, 0, 0, 0, 1, 0, 0, 0, 0, 0], [0, 112, 1, 1, 0, 0, 0, 0, 0, 0], [0, 0, 115, 0, 0, 0, 0, 0, 0, 0], [0, 0, 0, 104, 0, 0, 0, 0, 0, 1], [0, 0, 0, 0, 115, 0, 0, 0, 0, 0], [0, 0, 0, 0, 0, 105, 0, 0, 1, 0], [0, 0, 0, 0, 0, 0, 106, 0, 0, 0], [0, 0, 0, 0, 0, 0, 0, 114, 0, 0], [0, 0, 0, 0, 0, 0, 0, 0, 106, 0], [0, 0, 0, 0, 0, 0, 0, 1, 0, 105]]}"
pen-based,heom,3,borda,RetentionPolicy.DIFFERENT_CLASS_RETENTION,0,10,9894,1098,0.0015321999962907284,0.2812506000045687,0.2827828000008594,0.9918032786885246,0.9918444160634499,0.9917562774861682,0.9917747121836958,0.9918266843899861,0.9918032786885246,0.9917899053740561,"{""labels"": [""0"", ""1"", ""2"", ""3"", ""4"", ""5"", ""6"", ""7"", ""8"", ""9""], ""matrix"": [[115, 0, 0, 0, 0, 0, 0, 0, 0, 0], [0, 113, 1, 0, 0, 0, 0, 0, 0, 0], [0, 2, 112, 0, 0, 0, 0, 0, 0, 0], [0, 0, 0, 105, 0, 0, 0, 0, 0, 0], [0, 0, 0, 0, 115, 0, 0, 0, 0, 0], [0, 0, 0, 0, 0, 105, 0, 0, 0, 0], [0, 0, 0, 0, 0, 0, 105, 0, 0, 0], [0, 0, 0, 0, 0, 0, 0, 113, 0, 1], [1, 0, 0, 0, 0, 1, 0, 1, 103, 0], [0, 0, 0, 0, 0, 1, 0, 0, 1, 103]]}"
pen-based,heom,3,borda,RetentionPolicy.DIFFERENT_CLASS_RETENTION,1,10,9893,1099,0.001588600003742613,0.2849828000034904,0.286571400007233,0.9936305732484076,0.993703199126702,0.9937245287130871,0.9936804280599818,0.9936724341772446,0.9936305732484076,0.9936183661229235,"{""labels"": [""0"", ""1"", ""2"", ""3"", ""4"", ""5"", ""6"", ""7"", ""8"", ""9""], ""matrix"": [[114, 0, 0, 0, 1, 0, 0, 0, 0, 0], [0, 114, 0, 0, 0, 0, 0, 0, 0, 0], [0, 0, 114, 0, 0, 0, 0, 0, 0, 0], [0, 0, 0, 103, 0, 0, 0, 1, 0, 1], [0, 0, 0, 0, 114, 1, 0, 0, 0, 0], [0, 0, 0, 0, 0, 105, 0, 0, 0, 0], [0, 0, 0, 0, 0, 0, 106, 0, 0, 0], [0, 1, 1, 0, 0, 0, 0, 111, 0, 1], [0, 0, 0, 0, 0, 0, 0, 0, 105, 0], [0, 0, 0, 0, 0, 0, 0, 0, 0, 106]]}"
pen-based,heom,3,borda,RetentionPolicy.DIFFERENT_CLASS_RETENTION,2,10,9895,1097,0.0017114999936893582,0.2793893000052776,0.281100799998967,0.9954421148587056,0.9954393297343318,0.9953960989430097,0.9953959092852054,0.9954841192613894,0.9954421148587056,0.9954419319421973,"{""labels"": [""0"", ""1"", ""2"", ""3"", ""4"", ""5"", ""6"", ""7"", ""8"", ""9""], ""matrix"": [[114, 0, 0, 0, 0, 0, 0, 0, 0, 0], [0, 114, 0, 0, 1, 0, 0, 0, 0, 0], [0, 0, 115, 0, 0, 0, 0, 0, 0, 0], [0, 0, 0, 104, 0, 1, 0, 0, 0, 0], [0, 0, 0, 0, 114, 0, 0, 0, 0, 0], [0, 0, 0, 0, 0, 105, 0, 0, 0, 0], [0, 0, 0, 0, 0, 0, 105, 0, 0, 0], [0, 1, 0, 0, 0, 0, 0, 113, 0, 0], [0, 0, 0, 0, 0, 0, 0, 0, 105, 0], [0, 0, 0, 1, 0, 1, 0, 0, 0, 103]]}"
pen-based,heom,3,borda,RetentionPolicy.DIFFERENT_CLASS_RETENTION,3,10,9892,1100,0.0015732000028947368,0.280557799997041,0.28213099999993574,0.9927272727272727,0.9928199307898303,0.9927874032908358,0.9927842040105552,0.9927667007429812,0.9927272727272727,0.9927270931982196,"{""labels"": [""0"", ""1"", ""2"", ""3"", ""4"", ""5"", ""6"", ""7"", ""8"", ""9""], ""matrix"": [[114, 0, 0, 0, 0, 0, 0, 0, 0, 0], [0, 113, 0, 1, 0, 0, 0, 0, 0, 0], [0, 0, 114, 0, 0, 0, 0, 1, 0, 0], [0, 1, 1, 103, 0, 0, 0, 0, 0, 0], [0, 0, 0, 0, 115, 0, 0, 0, 0, 0], [0, 0, 0, 1, 0, 104, 0, 0, 0, 0], [0, 0, 0, 0, 0, 0, 105, 0, 0, 0], [0, 2, 0, 0, 0, 0, 0, 112, 1, 0], [0, 0, 0, 0, 0, 0, 0, 0, 106, 0], [0, 0, 0, 0, 0, 0, 0, 0, 0, 106]]}"
pen-based,heom,3,borda,RetentionPolicy.DIFFERENT_CLASS_RETENTION,4,10,9894,1098,0.0015819999971427023,0.2827499999984866,0.2843319999956293,0.9954462659380692,0.9955195043987441,0.9953388804250165,0.995404421537424,0.9955027744401849,0.9954462659380692,0.9954498073796829,"{""labels"": [""0"", ""1"", ""2"", ""3"", ""4"", ""5"", ""6"", ""7"", ""8"", ""9""], ""matrix"": [[114, 0, 0, 0, 0, 0, 0, 0, 0, 0], [0, 114, 1, 0, 0, 0, 0, 0, 0, 0], [0, 0, 114, 0, 0, 0, 0, 0, 0, 0], [0, 0, 1, 104, 0, 0, 0, 0, 0, 0], [0, 0, 0, 0, 114, 0, 0, 0, 0, 0], [0, 0, 0, 2, 0, 104, 0, 0, 0, 0], [0, 0, 0, 0, 0, 0, 106, 0, 0, 0], [0, 0, 0, 0, 0, 0, 0, 114, 0, 0], [0, 0, 0, 0, 0, 0, 0, 0, 105, 0], [0, 0, 0, 0, 1, 0, 0, 0, 0, 104]]}"
pen-based,heom,3,borda,RetentionPolicy.DIFFERENT_CLASS_RETENTION,5,10,9894,1098,0.0016971999939414673,0.2808199999999488,0.28251719999389024,0.9927140255009107,0.9927177538850277,0.9926065162907267,0.992632207581089,0.9927972095034641,0.9927140255009107,0.9927263139171141,"{""labels"": [""0"", ""1"", ""2"", ""3"", ""4"", ""5"", ""6"", ""7"", ""8"", ""9""], ""matrix"": [[114, 0, 0, 0, 0, 0, 0, 0, 0, 0], [0, 113, 0, 1, 0, 0, 0, 0, 0, 0], [0, 0, 113, 1, 0, 0, 0, 0, 0, 0], [0, 1, 0, 104, 0, 0, 0, 0, 0, 0], [0, 0, 0, 0, 113, 0, 0, 0, 0, 1], [0, 0, 0, 1, 0, 103, 1, 0, 0, 0], [0, 0, 0, 0, 0, 0, 108, 0, 0, 0], [0, 0, 0, 0, 0, 0, 0, 114, 0, 0], [0, 0, 0, 0, 0, 0, 0, 1, 104, 0], [0, 1, 0, 0, 0, 0, 0, 0, 0, 104]]}"
pen-based,heom,3,borda,RetentionPolicy.DIFFERENT_CLASS_RETENTION,6,10,9890,1102,0.0015745000055176206,0.2838841999982833,0.2854587000038009,0.9954627949183303,0.9955454694324984,0.995430512947169,0.9954643823903458,0.9955103019262443,0.9954627949183303,0.9954624968362888,"{""labels"": [""0"", ""1"", ""2"", ""3"", ""4"", ""5"", ""6"", ""7"", ""8"", ""9""], ""matrix"": [[114, 0, 0, 0, 0, 0, 0, 0, 0, 0], [0, 113, 2, 0, 0, 0, 0, 0, 0, 0], [0, 0, 114, 0, 0, 0, 0, 0, 0, 0], [0, 0, 0, 108, 0, 0, 0, 0, 0, 0], [0, 0, 0, 0, 114, 0, 0, 0, 0, 0], [0, 0, 0, 1, 0, 105, 0, 0, 0, 0], [0, 0, 0, 0, 0, 1, 104, 0, 0, 0], [0, 0, 0, 0, 0, 0, 0, 114, 0, 0], [0, 0, 0, 0, 0, 0, 0, 0, 105, 0], [0, 0, 0, 0, 1, 0, 0, 0, 0, 106]]}"
pen-based,heom,3,borda,RetentionPolicy.DIFFERENT_CLASS_RETENTION,7,10,9892,1100,0.00158940000255825,0.2999214999945252,0.30151089999708347,0.990909090909091,0.9912071618840171,0.9910114909916301,0.9910649486941836,0.9909886462705981,0.990909090909091,0.990904262536373,"{""labels"": [""0"", ""1"", ""2"", ""3"", ""4"", ""5"", ""6"", ""7"", ""8"", ""9""], ""matrix"": [[113, 0, 0, 0, 1, 0, 0, 0, 0, 0], [0, 111, 3, 0, 0, 0, 0, 0, 0, 0], [0, 1, 111, 2, 0, 0, 0, 0, 0, 0], [0, 0, 0, 107, 0, 0, 0, 0, 0, 0], [0, 0, 0, 0, 114, 0, 0, 0, 0, 0], [0, 0, 0, 0, 0, 106, 0, 0, 0, 0], [0, 0, 0, 0, 0, 0, 105, 0, 0, 0], [0, 0, 0, 0, 0, 0, 0, 115, 0, 0], [0, 0, 0, 0, 0, 0, 0, 1, 105, 0], [0, 0, 0, 0, 1, 0, 0, 1, 0, 103]]}"
pen-based,heom,3,borda,RetentionPolicy.DIFFERENT_CLASS_RETENTION,8,10,9894,1098,0.0018063000024994835,0.2893774000040139,0.2911837000065134,0.9927140255009107,0.9928214192639222,0.9927073014776482,0.9927399178407903,0.9927537202189485,0.9927140255009107,0.9927093732950387,"{""labels"": [""0"", ""1"", ""2"", ""3"", ""4"", ""5"", ""6"", ""7"", ""8"", ""9""], ""matrix"": [[113, 0, 0, 0, 0, 0, 1, 0, 0, 0], [0, 112, 1, 0, 0, 0, 0, 1, 0, 0], [0, 1, 114, 0, 0, 0, 0, 0, 0, 0], [0, 0, 0, 104, 1, 0, 0, 0, 0, 0], [0, 0, 0, 0, 114, 0, 0, 0, 0, 0], [0, 0, 0, 0, 0, 104, 0, 1, 1, 0], [0, 0, 0, 0, 0, 0, 105, 0, 0, 0], [0, 0, 0, 0, 0, 0, 0, 114, 0, 0], [0, 0, 0, 0, 0, 0, 0, 0, 106, 0], [0, 0, 0, 0, 0, 1, 0, 0, 0, 104]]}"
pen-based,heom,3,borda,RetentionPolicy.DIFFERENT_CLASS_RETENTION,9,10,9890,1102,0.0018995999998878688,0.2804885000005015,0.2823881000003894,0.9945553539019963,0.9945759402335259,0.9945368754124854,0.9945366865404116,0.9945873709853693,0.9945553539019963,0.9945512315756814,"{""labels"": [""0"", ""1"", ""2"", ""3"", ""4"", ""5"", ""6"", ""7"", ""8"", ""9""], ""matrix"": [[114, 0, 0, 0, 1, 0, 0, 0, 0, 0], [0, 112, 1, 1, 0, 0, 0, 0, 0, 0], [0, 0, 115, 0, 0, 0, 0, 0, 0, 0], [0, 0, 0, 104, 0, 0, 0, 0, 0, 1], [0, 0, 0, 0, 115, 0, 0, 0, 0, 0], [0, 0, 0, 0, 0, 105, 0, 0, 1, 0], [0, 0, 0, 0, 0, 0, 106, 0, 0, 0], [0, 0, 0, 0, 0, 0, 0, 114, 0, 0], [0, 0, 0, 0, 0, 0, 0, 0, 106, 0], [0, 0, 0, 0, 0, 0, 0, 1, 0, 105]]}"
pen-based,heom,3,borda,RetentionPolicy.DD_RETENTION,0,10,9894,1098,0.0017402000012225471,0.2888377000053879,0.29057790000661043,0.9918032786885246,0.9918444160634499,0.9917562774861682,0.9917747121836958,0.9918266843899861,0.9918032786885246,0.9917899053740561,"{""labels"": [""0"", ""1"", ""2"", ""3"", ""4"", ""5"", ""6"", ""7"", ""8"", ""9""], ""matrix"": [[115, 0, 0, 0, 0, 0, 0, 0, 0, 0], [0, 113, 1, 0, 0, 0, 0, 0, 0, 0], [0, 2, 112, 0, 0, 0, 0, 0, 0, 0], [0, 0, 0, 105, 0, 0, 0, 0, 0, 0], [0, 0, 0, 0, 115, 0, 0, 0, 0, 0], [0, 0, 0, 0, 0, 105, 0, 0, 0, 0], [0, 0, 0, 0, 0, 0, 105, 0, 0, 0], [0, 0, 0, 0, 0, 0, 0, 113, 0, 1], [1, 0, 0, 0, 0, 1, 0, 1, 103, 0], [0, 0, 0, 0, 0, 1, 0, 0, 1, 103]]}"
pen-based,heom,3,borda,RetentionPolicy.DD_RETENTION,1,10,9893,1099,0.001764499997079838,0.28532510000513867,0.2870896000022185,0.9936305732484076,0.993703199126702,0.9937245287130871,0.9936804280599818,0.9936724341772446,0.9936305732484076,0.9936183661229235,"{""labels"": [""0"", ""1"", ""2"", ""3"", ""4"", ""5"", ""6"", ""7"", ""8"", ""9""], ""matrix"": [[114, 0, 0, 0, 1, 0, 0, 0, 0, 0], [0, 114, 0, 0, 0, 0, 0, 0, 0, 0], [0, 0, 114, 0, 0, 0, 0, 0, 0, 0], [0, 0, 0, 103, 0, 0, 0, 1, 0, 1], [0, 0, 0, 0, 114, 1, 0, 0, 0, 0], [0, 0, 0, 0, 0, 105, 0, 0, 0, 0], [0, 0, 0, 0, 0, 0, 106, 0, 0, 0], [0, 1, 1, 0, 0, 0, 0, 111, 0, 1], [0, 0, 0, 0, 0, 0, 0, 0, 105, 0], [0, 0, 0, 0, 0, 0, 0, 0, 0, 106]]}"
pen-based,heom,3,borda,RetentionPolicy.DD_RETENTION,2,10,9895,1097,0.0015418000039062463,0.28955169999971986,0.2910935000036261,0.9963536918869644,0.9963650923864213,0.9963484798953907,0.9963484414243485,0.9963702184270173,0.9963536918869644,0.9963536536797545,"{""labels"": [""0"", ""1"", ""2"", ""3"", ""4"", ""5"", ""6"", ""7"", ""8"", ""9""], ""matrix"": [[114, 0, 0, 0, 0, 0, 0, 0, 0, 0], [0, 114, 0, 0, 1, 0, 0, 0, 0, 0], [0, 0, 115, 0, 0, 0, 0, 0, 0, 0], [0, 0, 0, 104, 0, 1, 0, 0, 0, 0], [0, 0, 0, 0, 114, 0, 0, 0, 0, 0], [0, 0, 0, 0, 0, 105, 0, 0, 0, 0], [0, 0, 0, 0, 0, 0, 105, 0, 0, 0], [0, 1, 0, 0, 0, 0, 0, 113, 0, 0], [0, 0, 0, 0, 0, 0, 0, 0, 105, 0], [0, 0, 0, 1, 0, 0, 0, 0, 0, 104]]}"
pen-based,heom,3,borda,RetentionPolicy.DD_RETENTION,3,10,9892,1100,0.0017883999971672893,0.29108909999922616,0.29287749999639345,0.9927272727272727,0.9928199307898303,0.9927874032908358,0.9927842040105552,0.9927667007429812,0.9927272727272727,0.9927270931982196,"{""labels"": [""0"", ""1"", ""2"", ""3"", ""4"", ""5"", ""6"", ""7"", ""8"", ""9""], ""matrix"": [[114, 0, 0, 0, 0, 0, 0, 0, 0, 0], [0, 113, 0, 1, 0, 0, 0, 0, 0, 0], [0, 0, 114, 0, 0, 0, 0, 1, 0, 0], [0, 1, 1, 103, 0, 0, 0, 0, 0, 0], [0, 0, 0, 0, 115, 0, 0, 0, 0, 0], [0, 0, 0, 1, 0, 104, 0, 0, 0, 0], [0, 0, 0, 0, 0, 0, 105, 0, 0, 0], [0, 2, 0, 0, 0, 0, 0, 112, 1, 0], [0, 0, 0, 0, 0, 0, 0, 0, 106, 0], [0, 0, 0, 0, 0, 0, 0, 0, 0, 106]]}"
pen-based,heom,3,borda,RetentionPolicy.DD_RETENTION,4,10,9894,1098,0.0015027999979793094,0.2876602999967872,0.2891630999947665,0.9954462659380692,0.9955195043987441,0.9953388804250165,0.995404421537424,0.9955027744401849,0.9954462659380692,0.9954498073796829,"{""labels"": [""0"", ""1"", ""2"", ""3"", ""4"", ""5"", ""6"", ""7"", ""8"", ""9""], ""matrix"": [[114, 0, 0, 0, 0, 0, 0, 0, 0, 0], [0, 114, 1, 0, 0, 0, 0, 0, 0, 0], [0, 0, 114, 0, 0, 0, 0, 0, 0, 0], [0, 0, 1, 104, 0, 0, 0, 0, 0, 0], [0, 0, 0, 0, 114, 0, 0, 0, 0, 0], [0, 0, 0, 2, 0, 104, 0, 0, 0, 0], [0, 0, 0, 0, 0, 0, 106, 0, 0, 0], [0, 0, 0, 0, 0, 0, 0, 114, 0, 0], [0, 0, 0, 0, 0, 0, 0, 0, 105, 0], [0, 0, 0, 0, 1, 0, 0, 0, 0, 104]]}"
pen-based,heom,3,borda,RetentionPolicy.DD_RETENTION,5,10,9894,1098,0.0018928000063169748,0.2893712999939453,0.29126410000026226,0.9927140255009107,0.9927177538850277,0.9926065162907267,0.992632207581089,0.9927972095034641,0.9927140255009107,0.9927263139171141,"{""labels"": [""0"", ""1"", ""2"", ""3"", ""4"", ""5"", ""6"", ""7"", ""8"", ""9""], ""matrix"": [[114, 0, 0, 0, 0, 0, 0, 0, 0, 0], [0, 113, 0, 1, 0, 0, 0, 0, 0, 0], [0, 0, 113, 1, 0, 0, 0, 0, 0, 0], [0, 1, 0, 104, 0, 0, 0, 0, 0, 0], [0, 0, 0, 0, 113, 0, 0, 0, 0, 1], [0, 0, 0, 1, 0, 103, 1, 0, 0, 0], [0, 0, 0, 0, 0, 0, 108, 0, 0, 0], [0, 0, 0, 0, 0, 0, 0, 114, 0, 0], [0, 0, 0, 0, 0, 0, 0, 1, 104, 0], [0, 1, 0, 0, 0, 0, 0, 0, 0, 104]]}"
pen-based,heom,3,borda,RetentionPolicy.DD_RETENTION,6,10,9890,1102,0.0018017999973380938,0.2861598000017693,0.2879615999991074,0.9945553539019963,0.9946908967188554,0.9944959335079167,0.9945575857373221,0.9946262611879926,0.9945553539019963,0.9945545346780644,"{""labels"": [""0"", ""1"", ""2"", ""3"", ""4"", ""5"", ""6"", ""7"", ""8"", ""9""], ""matrix"": [[114, 0, 0, 0, 0, 0, 0, 0, 0, 0], [0, 113, 2, 0, 0, 0, 0, 0, 0, 0], [0, 0, 114, 0, 0, 0, 0, 0, 0, 0], [0, 0, 0, 108, 0, 0, 0, 0, 0, 0], [0, 0, 0, 0, 114, 0, 0, 0, 0, 0], [0, 0, 0, 1, 0, 105, 0, 0, 0, 0], [0, 0, 0, 0, 0, 1, 104, 0, 0, 0], [0, 0, 0, 0, 0, 0, 0, 114, 0, 0], [0, 0, 0, 0, 0, 0, 0, 0, 105, 0], [0, 0, 0, 0, 2, 0, 0, 0, 0, 105]]}"
pen-based,heom,3,borda,RetentionPolicy.DD_RETENTION,7,10,9892,1100,0.002017300001170952,0.2881465000027674,0.2901638000039384,0.99,0.9903671972509491,0.9901342980091739,0.9901913854950223,0.9901181374690549,0.99,0.989998933402697,"{""labels"": [""0"", ""1"", ""2"", ""3"", ""4"", ""5"", ""6"", ""7"", ""8"", ""9""], ""matrix"": [[112, 0, 0, 0, 2, 0, 0, 0, 0, 0], [0, 111, 3, 0, 0, 0, 0, 0, 0, 0], [0, 1, 111, 2, 0, 0, 0, 0, 0, 0], [0, 0, 0, 107, 0, 0, 0, 0, 0, 0], [0, 0, 0, 0, 114, 0, 0, 0, 0, 0], [0, 0, 0, 0, 0, 106, 0, 0, 0, 0], [0, 0, 0, 0, 0, 0, 105, 0, 0, 0], [0, 0, 0, 0, 0, 0, 0, 115, 0, 0], [0, 0, 0, 0, 0, 0, 0, 1, 105, 0], [0, 0, 0, 0, 1, 0, 0, 1, 0, 103]]}"
pen-based,heom,3,borda,RetentionPolicy.DD_RETENTION,8,10,9894,1098,0.0017978000032599084,0.28700709999975516,0.28880490000301506,0.9927140255009107,0.9928214192639222,0.9927073014776482,0.9927399178407903,0.9927537202189485,0.9927140255009107,0.9927093732950387,"{""labels"": [""0"", ""1"", ""2"", ""3"", ""4"", ""5"", ""6"", ""7"", ""8"", ""9""], ""matrix"": [[113, 0, 0, 0, 0, 0, 1, 0, 0, 0], [0, 112, 1, 0, 0, 0, 0, 1, 0, 0], [0, 1, 114, 0, 0, 0, 0, 0, 0, 0], [0, 0, 0, 104, 1, 0, 0, 0, 0, 0], [0, 0, 0, 0, 114, 0, 0, 0, 0, 0], [0, 0, 0, 0, 0, 104, 0, 1, 1, 0], [0, 0, 0, 0, 0, 0, 105, 0, 0, 0], [0, 0, 0, 0, 0, 0, 0, 114, 0, 0], [0, 0, 0, 0, 0, 0, 0, 0, 106, 0], [0, 0, 0, 0, 0, 1, 0, 0, 0, 104]]}"
pen-based,heom,3,borda,RetentionPolicy.DD_RETENTION,9,10,9890,1102,0.0015731000021332875,0.2936695999960648,0.2952426999981981,0.9936479128856625,0.9936501775814364,0.9936596824300292,0.9936232544814804,0.9936968914833594,0.9936479128856625,0.9936400626201852,"{""labels"": [""0"", ""1"", ""2"", ""3"", ""4"", ""5"", ""6"", ""7"", ""8"", ""9""], ""matrix"": [[114, 0, 0, 0, 1, 0, 0, 0, 0, 0], [0, 111, 1, 1, 0, 0, 0, 0, 0, 1], [0, 0, 115, 0, 0, 0, 0, 0, 0, 0], [0, 0, 0, 104, 0, 0, 0, 0, 0, 1], [0, 0, 0, 0, 115, 0, 0, 0, 0, 0], [0, 0, 0, 0, 0, 105, 0, 0, 1, 0], [0, 0, 0, 0, 0, 0, 106, 0, 0, 0], [0, 0, 0, 0, 0, 0, 0, 114, 0, 0], [0, 0, 0, 0, 0, 0, 0, 0, 106, 0], [0, 0, 0, 0, 0, 0, 0, 1, 0, 105]]}"
pen-based,heom,3,modified_plurality,RetentionPolicy.ALWAYS_RETAIN,0,10,9894,1098,0.0014804000020376407,0.3376577000017278,0.33913810000376543,0.9963570127504554,0.9962897729033058,0.9962836336123327,0.996278455383201,0.996364782187974,0.9963570127504554,0.9963526616780509,"{""labels"": [""0"", ""1"", ""2"", ""3"", ""4"", ""5"", ""6"", ""7"", ""8"", ""9""], ""matrix"": [[115, 0, 0, 0, 0, 0, 0, 0, 0, 0], [0, 114, 0, 0, 0, 0, 0, 0, 0, 0], [0, 0, 114, 0, 0, 0, 0, 0, 0, 0], [0, 0, 0, 105, 0, 0, 0, 0, 0, 0], [0, 0, 0, 0, 115, 0, 0, 0, 0, 0], [0, 0, 0, 0, 0, 105, 0, 0, 0, 0], [0, 0, 0, 0, 0, 0, 105, 0, 0, 0], [0, 0, 0, 0, 0, 0, 0, 113, 0, 1], [1, 0, 0, 0, 0, 1, 0, 0, 104, 0], [0, 0, 0, 0, 0, 0, 0, 0, 1, 104]]}"
pen-based,heom,3,modified_plurality,RetentionPolicy.ALWAYS_RETAIN,1,10,9893,1099,0.0014759000041522086,0.3344418999986374,0.3359178000027896,0.991810737033667,0.9919715720514912,0.9919039395042158,0.9919004002978964,0.9918841182413333,0.991810737033667,0.9918103696562381,"{""labels"": [""0"", ""1"", ""2"", ""3"", ""4"", ""5"", ""6"", ""7"", ""8"", ""9""], ""matrix"": [[114, 1, 0, 0, 0, 0, 0, 0, 0, 0], [0, 113, 1, 0, 0, 0, 0, 0, 0, 0], [0, 0, 114, 0, 0, 0, 0, 0, 0, 0], [0, 0, 0, 103, 0, 0, 0, 1, 0, 1], [0, 0, 0, 0, 114, 1, 0, 0, 0, 0], [0, 0, 0, 0, 0, 105, 0, 0, 0, 0], [0, 0, 0, 0, 0, 0, 105, 1, 0, 0], [0, 1, 1, 0, 0, 0, 0, 111, 0, 1], [0, 0, 0, 0, 0, 0, 0, 0, 105, 0], [0, 0, 0, 0, 0, 0, 0, 0, 0, 106]]}"
pen-based,heom,3,modified_plurality,RetentionPolicy.ALWAYS_RETAIN,2,10,9895,1097,0.0015050999936647713,0.3414399000030244,0.34294499999668915,0.9954421148587056,0.9953911185432924,0.9953960989430097,0.9953637826179124,0.9955172412040947,0.9954421148587056,0.9954506424242489,"{""labels"": [""0"", ""1"", ""2"", ""3"", ""4"", ""5"", ""6"", ""7"", ""8"", ""9""], ""matrix"": [[113, 0, 0, 0, 0, 0, 0, 0, 0, 1], [0, 114, 0, 0, 1, 0, 0, 0, 0, 0], [0, 0, 115, 0, 0, 0, 0, 0, 0, 0], [0, 0, 0, 104, 0, 1, 0, 0, 0, 0], [0, 0, 0, 0, 114, 0, 0, 0, 0, 0], [0, 0, 0, 0, 0, 105, 0, 0, 0, 0], [0, 0, 0, 0, 0, 0, 105, 0, 0, 0], [0, 0, 0, 0, 0, 0, 0, 114, 0, 0], [0, 0, 0, 0, 0, 0, 0, 0, 105, 0], [0, 0, 0, 0, 0, 2, 0, 0, 0, 103]]}"
pen-based,heom,3,modified_plurality,RetentionPolicy.ALWAYS_RETAIN,3,10,9892,1100,0.0017152000000351109,0.33805450000363635,0.33976970000367146,0.99,0.9900749617161846,0.9900882641386074,0.9900450755718211,0.9900577600882945,0.99,0.9899920897107106,"{""labels"": [""0"", ""1"", ""2"", ""3"", ""4"", ""5"", ""6"", ""7"", ""8"", ""9""], ""matrix"": [[114, 0, 0, 0, 0, 0, 0, 0, 0, 0], [0, 112, 0, 2, 0, 0, 0, 0, 0, 0], [0, 0, 114, 0, 0, 0, 0, 1, 0, 0], [0, 1, 1, 103, 0, 0, 0, 0, 0, 0], [0, 0, 0, 0, 115, 0, 0, 0, 0, 0], [0, 0, 0, 1, 0, 103, 0, 0, 0, 1], [0, 0, 0, 0, 0, 0, 105, 0, 0, 0], [0, 2, 1, 0, 0, 0, 0, 111, 1, 0], [0, 0, 0, 0, 0, 0, 0, 0, 106, 0], [0, 0, 0, 0, 0, 0, 0, 0, 0, 106]]}"
pen-based,heom,3,modified_plurality,RetentionPolicy.ALWAYS_RETAIN,4,10,9894,1098,0.0015889999995124526,0.33611409999866737,0.3377030999981798,0.994535519125683,0.9946499391813527,0.9943864994726356,0.9944846707526998,0.9945999471652976,0.994535519125683,0.9945344707366918,"{""labels"": [""0"", ""1"", ""2"", ""3"", ""4"", ""5"", ""6"", ""7"", ""8"", ""9""], ""matrix"": [[114, 0, 0, 0, 0, 0, 0, 0, 0, 0], [0, 114, 1, 0, 0, 0, 0, 0, 0, 0], [0, 0, 114, 0, 0, 0, 0, 0, 0, 0], [0, 0, 1, 104, 0, 0, 0, 0, 0, 0], [0, 0, 0, 0, 114, 0, 0, 0, 0, 0], [0, 0, 0, 2, 0, 104, 0, 0, 0, 0], [0, 0, 0, 0, 0, 0, 106, 0, 0, 0], [0, 0, 0, 0, 0, 0, 0, 114, 0, 0], [0, 0, 0, 0, 0, 0, 0, 0, 105, 0], [0, 0, 0, 0, 1, 0, 0, 1, 0, 103]]}"
pen-based,heom,3,modified_plurality,RetentionPolicy.ALWAYS_RETAIN,5,10,9894,1098,0.0014922999980626628,0.33540809999976773,0.3369003999978304,0.9954462659380692,0.995431701969267,0.9953884711779448,0.9953928821826361,0.995488232085377,0.9954462659380692,0.9954504827287894,"{""labels"": [""0"", ""1"", ""2"", ""3"", ""4"", ""5"", ""6"", ""7"", ""8"", ""9""], ""matrix"": [[114, 0, 0, 0, 0, 0, 0, 0, 0, 0], [0, 113, 0, 1, 0, 0, 0, 0, 0, 0], [0, 0, 114, 0, 0, 0, 0, 0, 0, 0], [0, 0, 0, 105, 0, 0, 0, 0, 0, 0], [0, 0, 0, 0, 113, 0, 0, 0, 0, 1], [0, 0, 0, 1, 0, 104, 0, 0, 0, 0], [0, 0, 0, 0, 0, 0, 108, 0, 0, 0], [0, 0, 0, 0, 0, 0, 0, 114, 0, 0], [0, 0, 0, 0, 0, 0, 0, 1, 104, 0], [0, 1, 0, 0, 0, 0, 0, 0, 0, 104]]}"
pen-based,heom,3,modified_plurality,RetentionPolicy.ALWAYS_RETAIN,6,10,9890,1102,0.00185090000013588,0.33935200000269106,0.34120290000282694,0.9945553539019963,0.9946908967188554,0.9944959335079167,0.9945575857373221,0.9946262611879926,0.9945553539019963,0.9945545346780644,"{""labels"": [""0"", ""1"", ""2"", ""3"", ""4"", ""5"", ""6"", ""7"", ""8"", ""9""], ""matrix"": [[114, 0, 0, 0, 0, 0, 0, 0, 0, 0], [0, 113, 2, 0, 0, 0, 0, 0, 0, 0], [0, 0, 114, 0, 0, 0, 0, 0, 0, 0], [0, 0, 0, 108, 0, 0, 0, 0, 0, 0], [0, 0, 0, 0, 114, 0, 0, 0, 0, 0], [0, 0, 0, 1, 0, 105, 0, 0, 0, 0], [0, 0, 0, 0, 0, 1, 104, 0, 0, 0], [0, 0, 0, 0, 0, 0, 0, 114, 0, 0], [0, 0, 0, 0, 0, 0, 0, 0, 105, 0], [0, 0, 0, 0, 2, 0, 0, 0, 0, 105]]}"
pen-based,heom,3,modified_plurality,RetentionPolicy.ALWAYS_RETAIN,7,10,9892,1100,0.0015599000034853816,0.33347499999945285,0.33503490000293823,0.9927272727272727,0.9930873963201549,0.9928410649264672,0.9929219655768611,0.9928204888980752,0.9927272727272727,0.992730360873515,"{""labels"": [""0"", ""1"", ""2"", ""3"", ""4"", ""5"", ""6"", ""7"", ""8"", ""9""], ""matrix"": [[112, 0, 0, 0, 2, 0, 0, 0, 0, 0], [0, 111, 3, 0, 0, 0, 0, 0, 0, 0], [0, 1, 113, 0, 0, 0, 0, 0, 0, 0], [0, 0, 0, 107, 0, 0, 0, 0, 0, 0], [0, 0, 0, 0, 114, 0, 0, 0, 0, 0], [0, 0, 0, 0, 0, 106, 0, 0, 0, 0], [0, 0, 0, 0, 0, 0, 105, 0, 0, 0], [0, 0, 0, 0, 0, 0, 0, 115, 0, 0], [0, 0, 0, 0, 0, 0, 0, 1, 105, 0], [0, 0, 0, 0, 0, 0, 0, 1, 0, 104]]}"
pen-based,heom,3,modified_plurality,RetentionPolicy.ALWAYS_RETAIN,8,10,9894,1098,0.001770599999872502,0.33880340000177966,0.34057400000165217,0.994535519125683,0.9946574354332267,0.9944540596774957,0.994531594534242,0.9945912869423623,0.994535519125683,0.9945390287660411,"{""labels"": [""0"", ""1"", ""2"", ""3"", ""4"", ""5"", ""6"", ""7"", ""8"", ""9""], ""matrix"": [[113, 0, 0, 0, 0, 0, 1, 0, 0, 0], [0, 113, 1, 0, 0, 0, 0, 0, 0, 0], [0, 0, 115, 0, 0, 0, 0, 0, 0, 0], [0, 0, 0, 104, 1, 0, 0, 0, 0, 0], [0, 0, 0, 0, 114, 0, 0, 0, 0, 0], [0, 0, 0, 0, 0, 105, 0, 1, 0, 0], [0, 0, 0, 0, 0, 0, 105, 0, 0, 0], [0, 0, 0, 0, 0, 0, 0, 114, 0, 0], [0, 0, 0, 0, 0, 0, 0, 1, 105, 0], [0, 0, 0, 0, 0, 1, 0, 0, 0, 104]]}"
pen-based,heom,3,modified_plurality,RetentionPolicy.ALWAYS_RETAIN,9,10,9890,1102,0.002075099997455254,0.3442429000060656,0.34631800000352086,0.9927404718693285,0.9928028448375519,0.9927901172126379,0.9927535741891148,0.9928126513241332,0.9927404718693285,0.9927325015165368,"{""labels"": [""0"", ""1"", ""2"", ""3"", ""4"", ""5"", ""6"", ""7"", ""8"", ""9""], ""matrix"": [[113, 0, 0, 0, 1, 0, 0, 0, 0, 1], [0, 111, 2, 1, 0, 0, 0, 0, 0, 0], [0, 0, 115, 0, 0, 0, 0, 0, 0, 0], [0, 0, 0, 104, 0, 0, 0, 0, 0, 1], [0, 0, 0, 0, 115, 0, 0, 0, 0, 0], [0, 0, 0, 0, 0, 105, 0, 0, 1, 0], [0, 0, 0, 0, 0, 0, 106, 0, 0, 0], [0, 0, 0, 0, 0, 0, 0, 114, 0, 0], [0, 0, 0, 0, 0, 0, 0, 0, 106, 0], [0, 0, 0, 0, 0, 0, 0, 1, 0, 105]]}"
pen-based,heom,3,modified_plurality,RetentionPolicy.NEVER_RETAIN,0,10,9894,1098,0.0016983999958029017,0.29845080000086455,0.30014919999666745,0.9954462659380692,0.995364010251216,0.9954140683949415,0.9953723115833675,0.9954794900343363,0.9954462659380692,0.9954463601187651,"{""labels"": [""0"", ""1"", ""2"", ""3"", ""4"", ""5"", ""6"", ""7"", ""8"", ""9""], ""matrix"": [[115, 0, 0, 0, 0, 0, 0, 0, 0, 0], [0, 114, 0, 0, 0, 0, 0, 0, 0, 0], [0, 0, 114, 0, 0, 0, 0, 0, 0, 0], [0, 0, 0, 105, 0, 0, 0, 0, 0, 0], [0, 0, 0, 0, 114, 1, 0, 0, 0, 0], [0, 0, 0, 0, 0, 105, 0, 0, 0, 0], [0, 0, 0, 0, 0, 0, 105, 0, 0, 0], [0, 0, 0, 0, 0, 0, 0, 113, 0, 1], [1, 0, 0, 0, 0, 1, 0, 0, 104, 0], [0, 0, 0, 0, 0, 0, 0, 0, 1, 104]]}"
pen-based,heom,3,modified_plurality,RetentionPolicy.NEVER_RETAIN,1,10,9893,1099,0.0017177999980049208,0.3020611000029021,0.303778900000907,0.991810737033667,0.991993406249861,0.9919701427481747,0.991933587236467,0.9919067670003341,0.991810737033667,0.9918102954233238,"{""labels"": [""0"", ""1"", ""2"", ""3"", ""4"", ""5"", ""6"", ""7"", ""8"", ""9""], ""matrix"": [[114, 1, 0, 0, 0, 0, 0, 0, 0, 0], [0, 112, 2, 0, 0, 0, 0, 0, 0, 0], [0, 0, 114, 0, 0, 0, 0, 0, 0, 0], [0, 0, 0, 103, 0, 0, 0, 1, 0, 1], [0, 0, 0, 0, 114, 1, 0, 0, 0, 0], [0, 0, 0, 0, 0, 105, 0, 0, 0, 0], [0, 0, 0, 0, 0, 0, 106, 0, 0, 0], [0, 1, 1, 0, 0, 0, 0, 111, 0, 1], [0, 0, 0, 0, 0, 0, 0, 0, 105, 0], [0, 0, 0, 0, 0, 0, 0, 0, 0, 106]]}"
pen-based,heom,3,modified_plurality,RetentionPolicy.NEVER_RETAIN,2,10,9895,1097,0.001633599997148849,0.305698800002574,0.30733239999972284,0.9954421148587056,0.9953911185432924,0.9953960989430097,0.9953637826179124,0.9955172412040947,0.9954421148587056,0.9954506424242489,"{""labels"": [""0"", ""1"", ""2"", ""3"", ""4"", ""5"", ""6"", ""7"", ""8"", ""9""], ""matrix"": [[113, 0, 0, 0, 0, 0, 0, 0, 0, 1], [0, 114, 0, 0, 1, 0, 0, 0, 0, 0], [0, 0, 115, 0, 0, 0, 0, 0, 0, 0], [0, 0, 0, 104, 0, 1, 0, 0, 0, 0], [0, 0, 0, 0, 114, 0, 0, 0, 0, 0], [0, 0, 0, 0, 0, 105, 0, 0, 0, 0], [0, 0, 0, 0, 0, 0, 105, 0, 0, 0], [0, 0, 0, 0, 0, 0, 0, 114, 0, 0], [0, 0, 0, 0, 0, 0, 0, 0, 105, 0], [0, 0, 0, 0, 0, 2, 0, 0, 0, 103]]}"
pen-based,heom,3,modified_plurality,RetentionPolicy.NEVER_RETAIN,3,10,9892,1100,0.001596999994944781,0.2967181999993045,0.29831519999424927,0.99,0.9900749617161846,0.9900882641386074,0.9900450755718211,0.9900577600882945,0.99,0.9899920897107106,"{""labels"": [""0"", ""1"", ""2"", ""3"", ""4"", ""5"", ""6"", ""7"", ""8"", ""9""], ""matrix"": [[114, 0, 0, 0, 0, 0, 0, 0, 0, 0], [0, 112, 0, 2, 0, 0, 0, 0, 0, 0], [0, 0, 114, 0, 0, 0, 0, 1, 0, 0], [0, 1, 1, 103, 0, 0, 0, 0, 0, 0], [0, 0, 0, 0, 115, 0, 0, 0, 0, 0], [0, 0, 0, 1, 0, 103, 0, 0, 0, 1], [0, 0, 0, 0, 0, 0, 105, 0, 0, 0], [0, 2, 1, 0, 0, 0, 0, 111, 1, 0], [0, 0, 0, 0, 0, 0, 0, 0, 106, 0], [0, 0, 0, 0, 0, 0, 0, 0, 0, 106]]}"
pen-based,heom,3,modified_plurality,RetentionPolicy.NEVER_RETAIN,4,10,9894,1098,0.0015095000053406693,0.30527239999355515,0.3067818999988958,0.9936247723132969,0.9938099745482847,0.9935169342552443,0.9936150229116409,0.9937278527375221,0.9936247723132969,0.993627545730859,"{""labels"": [""0"", ""1"", ""2"", ""3"", ""4"", ""5"", ""6"", ""7"", ""8"", ""9""], ""matrix"": [[114, 0, 0, 0, 0, 0, 0, 0, 0, 0], [0, 113, 2, 0, 0, 0, 0, 0, 0, 0], [0, 0, 114, 0, 0, 0, 0, 0, 0, 0], [0, 0, 1, 104, 0, 0, 0, 0, 0, 0], [0, 0, 0, 0, 114, 0, 0, 0, 0, 0], [0, 0, 0, 2, 0, 104, 0, 0, 0, 0], [0, 0, 0, 0, 0, 0, 106, 0, 0, 0], [0, 0, 0, 0, 0, 0, 0, 114, 0, 0], [0, 0, 0, 0, 0, 0, 0, 0, 105, 0], [0, 0, 0, 0, 1, 0, 0, 1, 0, 103]]}"
pen-based,heom,3,modified_plurality,RetentionPolicy.NEVER_RETAIN,5,10,9894,1098,0.001455300000088755,0.29786520000197925,0.299320500002068,0.9963570127504554,0.9963650923864213,0.996265664160401,0.9963028565195108,0.9963814437765136,0.9963570127504554,0.9963567842880752,"{""labels"": [""0"", ""1"", ""2"", ""3"", ""4"", ""5"", ""6"", ""7"", ""8"", ""9""], ""matrix"": [[114, 0, 0, 0, 0, 0, 0, 0, 0, 0], [0, 114, 0, 0, 0, 0, 0, 0, 0, 0], [0, 0, 114, 0, 0, 0, 0, 0, 0, 0], [0, 0, 0, 105, 0, 0, 0, 0, 0, 0], [0, 0, 0, 0, 113, 0, 0, 0, 0, 1], [0, 0, 0, 1, 0, 104, 0, 0, 0, 0], [0, 0, 0, 0, 0, 0, 108, 0, 0, 0], [0, 0, 0, 0, 0, 0, 0, 114, 0, 0], [0, 0, 0, 0, 0, 0, 0, 1, 104, 0], [0, 1, 0, 0, 0, 0, 0, 0, 0, 104]]}"
pen-based,heom,3,modified_plurality,RetentionPolicy.NEVER_RETAIN,6,10,9890,1102,0.0015598000027239323,0.30169970000133617,0.3032595000040601,0.9945553539019963,0.9946908967188554,0.9944959335079167,0.9945575857373221,0.9946262611879926,0.9945553539019963,0.9945545346780644,"{""labels"": [""0"", ""1"", ""2"", ""3"", ""4"", ""5"", ""6"", ""7"", ""8"", ""9""], ""matrix"": [[114, 0, 0, 0, 0, 0, 0, 0, 0, 0], [0, 113, 2, 0, 0, 0, 0, 0, 0, 0], [0, 0, 114, 0, 0, 0, 0, 0, 0, 0], [0, 0, 0, 108, 0, 0, 0, 0, 0, 0], [0, 0, 0, 0, 114, 0, 0, 0, 0, 0], [0, 0, 0, 1, 0, 105, 0, 0, 0, 0], [0, 0, 0, 0, 0, 1, 104, 0, 0, 0], [0, 0, 0, 0, 0, 0, 0, 114, 0, 0], [0, 0, 0, 0, 0, 0, 0, 0, 105, 0], [0, 0, 0, 0, 2, 0, 0, 0, 0, 105]]}"
pen-based,heom,3,modified_plurality,RetentionPolicy.NEVER_RETAIN,7,10,9892,1100,0.0014393000019481406,0.30006139999750303,0.30150069999945117,0.9927272727272727,0.9930873963201549,0.9928410649264672,0.9929219655768611,0.9928204888980752,0.9927272727272727,0.992730360873515,"{""labels"": [""0"", ""1"", ""2"", ""3"", ""4"", ""5"", ""6"", ""7"", ""8"", ""9""], ""matrix"": [[112, 0, 0, 0, 2, 0, 0, 0, 0, 0], [0, 111, 3, 0, 0, 0, 0, 0, 0, 0], [0, 1, 113, 0, 0, 0, 0, 0, 0, 0], [0, 0, 0, 107, 0, 0, 0, 0, 0, 0], [0, 0, 0, 0, 114, 0, 0, 0, 0, 0], [0, 0, 0, 0, 0, 106, 0, 0, 0, 0], [0, 0, 0, 0, 0, 0, 105, 0, 0, 0], [0, 0, 0, 0, 0, 0, 0, 115, 0, 0], [0, 0, 0, 0, 0, 0, 0, 1, 105, 0], [0, 0, 0, 0, 0, 0, 0, 1, 0, 104]]}"
pen-based,heom,3,modified_plurality,RetentionPolicy.NEVER_RETAIN,8,10,9894,1098,0.001607700003660284,0.3008782999968389,0.3024860000004992,0.994535519125683,0.9946574354332267,0.9944540596774957,0.994531594534242,0.9945912869423623,0.994535519125683,0.9945390287660411,"{""labels"": [""0"", ""1"", ""2"", ""3"", ""4"", ""5"", ""6"", ""7"", ""8"", ""9""], ""matrix"": [[113, 0, 0, 0, 0, 0, 1, 0, 0, 0], [0, 113, 1, 0, 0, 0, 0, 0, 0, 0], [0, 0, 115, 0, 0, 0, 0, 0, 0, 0], [0, 0, 0, 104, 1, 0, 0, 0, 0, 0], [0, 0, 0, 0, 114, 0, 0, 0, 0, 0], [0, 0, 0, 0, 0, 105, 0, 1, 0, 0], [0, 0, 0, 0, 0, 0, 105, 0, 0, 0], [0, 0, 0, 0, 0, 0, 0, 114, 0, 0], [0, 0, 0, 0, 0, 0, 0, 1, 105, 0], [0, 0, 0, 0, 0, 1, 0, 0, 0, 104]]}"
pen-based,heom,3,modified_plurality,RetentionPolicy.NEVER_RETAIN,9,10,9890,1102,0.0015096999995876104,0.29887350000353763,0.30038320000312524,0.9927404718693285,0.9928028448375519,0.9927901172126379,0.9927535741891148,0.9928126513241332,0.9927404718693285,0.9927325015165368,"{""labels"": [""0"", ""1"", ""2"", ""3"", ""4"", ""5"", ""6"", ""7"", ""8"", ""9""], ""matrix"": [[113, 0, 0, 0, 1, 0, 0, 0, 0, 1], [0, 111, 2, 1, 0, 0, 0, 0, 0, 0], [0, 0, 115, 0, 0, 0, 0, 0, 0, 0], [0, 0, 0, 104, 0, 0, 0, 0, 0, 1], [0, 0, 0, 0, 115, 0, 0, 0, 0, 0], [0, 0, 0, 0, 0, 105, 0, 0, 1, 0], [0, 0, 0, 0, 0, 0, 106, 0, 0, 0], [0, 0, 0, 0, 0, 0, 0, 114, 0, 0], [0, 0, 0, 0, 0, 0, 0, 0, 106, 0], [0, 0, 0, 0, 0, 0, 0, 1, 0, 105]]}"
pen-based,heom,3,modified_plurality,RetentionPolicy.DIFFERENT_CLASS_RETENTION,0,10,9894,1098,0.00203719999990426,0.3023570000004838,0.3043942000003881,0.9954462659380692,0.995364010251216,0.9954140683949415,0.9953723115833675,0.9954794900343363,0.9954462659380692,0.9954463601187651,"{""labels"": [""0"", ""1"", ""2"", ""3"", ""4"", ""5"", ""6"", ""7"", ""8"", ""9""], ""matrix"": [[115, 0, 0, 0, 0, 0, 0, 0, 0, 0], [0, 114, 0, 0, 0, 0, 0, 0, 0, 0], [0, 0, 114, 0, 0, 0, 0, 0, 0, 0], [0, 0, 0, 105, 0, 0, 0, 0, 0, 0], [0, 0, 0, 0, 114, 1, 0, 0, 0, 0], [0, 0, 0, 0, 0, 105, 0, 0, 0, 0], [0, 0, 0, 0, 0, 0, 105, 0, 0, 0], [0, 0, 0, 0, 0, 0, 0, 113, 0, 1], [1, 0, 0, 0, 0, 1, 0, 0, 104, 0], [0, 0, 0, 0, 0, 0, 0, 0, 1, 104]]}"
pen-based,heom,3,modified_plurality,RetentionPolicy.DIFFERENT_CLASS_RETENTION,1,10,9893,1099,0.0015599999969708733,0.2942553000029875,0.29581529999995837,0.991810737033667,0.991993406249861,0.9919701427481747,0.991933587236467,0.9919067670003341,0.991810737033667,0.9918102954233238,"{""labels"": [""0"", ""1"", ""2"", ""3"", ""4"", ""5"", ""6"", ""7"", ""8"", ""9""], ""matrix"": [[114, 1, 0, 0, 0, 0, 0, 0, 0, 0], [0, 112, 2, 0, 0, 0, 0, 0, 0, 0], [0, 0, 114, 0, 0, 0, 0, 0, 0, 0], [0, 0, 0, 103, 0, 0, 0, 1, 0, 1], [0, 0, 0, 0, 114, 1, 0, 0, 0, 0], [0, 0, 0, 0, 0, 105, 0, 0, 0, 0], [0, 0, 0, 0, 0, 0, 106, 0, 0, 0], [0, 1, 1, 0, 0, 0, 0, 111, 0, 1], [0, 0, 0, 0, 0, 0, 0, 0, 105, 0], [0, 0, 0, 0, 0, 0, 0, 0, 0, 106]]}"
pen-based,heom,3,modified_plurality,RetentionPolicy.DIFFERENT_CLASS_RETENTION,2,10,9895,1097,0.001462500003981404,0.3007071999963955,0.3021697000003769,0.9954421148587056,0.9953911185432924,0.9953960989430097,0.9953637826179124,0.9955172412040947,0.9954421148587056,0.9954506424242489,"{""labels"": [""0"", ""1"", ""2"", ""3"", ""4"", ""5"", ""6"", ""7"", ""8"", ""9""], ""matrix"": [[113, 0, 0, 0, 0, 0, 0, 0, 0, 1], [0, 114, 0, 0, 1, 0, 0, 0, 0, 0], [0, 0, 115, 0, 0, 0, 0, 0, 0, 0], [0, 0, 0, 104, 0, 1, 0, 0, 0, 0], [0, 0, 0, 0, 114, 0, 0, 0, 0, 0], [0, 0, 0, 0, 0, 105, 0, 0, 0, 0], [0, 0, 0, 0, 0, 0, 105, 0, 0, 0], [0, 0, 0, 0, 0, 0, 0, 114, 0, 0], [0, 0, 0, 0, 0, 0, 0, 0, 105, 0], [0, 0, 0, 0, 0, 2, 0, 0, 0, 103]]}"
pen-based,heom,3,modified_plurality,RetentionPolicy.DIFFERENT_CLASS_RETENTION,3,10,9892,1100,0.0015398000032291748,0.30165560000023106,0.30319540000346024,0.99,0.9900749617161846,0.9900882641386074,0.9900450755718211,0.9900577600882945,0.99,0.9899920897107106,"{""labels"": [""0"", ""1"", ""2"", ""3"", ""4"", ""5"", ""6"", ""7"", ""8"", ""9""], ""matrix"": [[114, 0, 0, 0, 0, 0, 0, 0, 0, 0], [0, 112, 0, 2, 0, 0, 0, 0, 0, 0], [0, 0, 114, 0, 0, 0, 0, 1, 0, 0], [0, 1, 1, 103, 0, 0, 0, 0, 0, 0], [0, 0, 0, 0, 115, 0, 0, 0, 0, 0], [0, 0, 0, 1, 0, 103, 0, 0, 0, 1], [0, 0, 0, 0, 0, 0, 105, 0, 0, 0], [0, 2, 1, 0, 0, 0, 0, 111, 1, 0], [0, 0, 0, 0, 0, 0, 0, 0, 106, 0], [0, 0, 0, 0, 0, 0, 0, 0, 0, 106]]}"
pen-based,heom,3,modified_plurality,RetentionPolicy.DIFFERENT_CLASS_RETENTION,4,10,9894,1098,0.001690299999609124,0.2992378999988432,0.30092819999845233,0.9936247723132969,0.9938099745482847,0.9935169342552443,0.9936150229116409,0.9937278527375221,0.9936247723132969,0.993627545730859,"{""labels"": [""0"", ""1"", ""2"", ""3"", ""4"", ""5"", ""6"", ""7"", ""8"", ""9""], ""matrix"": [[114, 0, 0, 0, 0, 0, 0, 0, 0, 0], [0, 113, 2, 0, 0, 0, 0, 0, 0, 0], [0, 0, 114, 0, 0, 0, 0, 0, 0, 0], [0, 0, 1, 104, 0, 0, 0, 0, 0, 0], [0, 0, 0, 0, 114, 0, 0, 0, 0, 0], [0, 0, 0, 2, 0, 104, 0, 0, 0, 0], [0, 0, 0, 0, 0, 0, 106, 0, 0, 0], [0, 0, 0, 0, 0, 0, 0, 114, 0, 0], [0, 0, 0, 0, 0, 0, 0, 0, 105, 0], [0, 0, 0, 0, 1, 0, 0, 1, 0, 103]]}"
pen-based,heom,3,modified_plurality,RetentionPolicy.DIFFERENT_CLASS_RETENTION,5,10,9894,1098,0.0015074000039021485,0.2978727000008803,0.29938010000478243,0.9954462659380692,0.995431701969267,0.9953884711779448,0.9953928821826361,0.995488232085377,0.9954462659380692,0.9954504827287894,"{""labels"": [""0"", ""1"", ""2"", ""3"", ""4"", ""5"", ""6"", ""7"", ""8"", ""9""], ""matrix"": [[114, 0, 0, 0, 0, 0, 0, 0, 0, 0], [0, 113, 0, 1, 0, 0, 0, 0, 0, 0], [0, 0, 114, 0, 0, 0, 0, 0, 0, 0], [0, 0, 0, 105, 0, 0, 0, 0, 0, 0], [0, 0, 0, 0, 113, 0, 0, 0, 0, 1], [0, 0, 0, 1, 0, 104, 0, 0, 0, 0], [0, 0, 0, 0, 0, 0, 108, 0, 0, 0], [0, 0, 0, 0, 0, 0, 0, 114, 0, 0], [0, 0, 0, 0, 0, 0, 0, 1, 104, 0], [0, 1, 0, 0, 0, 0, 0, 0, 0, 104]]}"
pen-based,heom,3,modified_plurality,RetentionPolicy.DIFFERENT_CLASS_RETENTION,6,10,9890,1102,0.0016124000030686148,0.30672149999736575,0.30833390000043437,0.9954627949183303,0.9955454694324984,0.995430512947169,0.9954643823903458,0.9955103019262443,0.9954627949183303,0.9954624968362888,"{""labels"": [""0"", ""1"", ""2"", ""3"", ""4"", ""5"", ""6"", ""7"", ""8"", ""9""], ""matrix"": [[114, 0, 0, 0, 0, 0, 0, 0, 0, 0], [0, 113, 2, 0, 0, 0, 0, 0, 0, 0], [0, 0, 114, 0, 0, 0, 0, 0, 0, 0], [0, 0, 0, 108, 0, 0, 0, 0, 0, 0], [0, 0, 0, 0, 114, 0, 0, 0, 0, 0], [0, 0, 0, 1, 0, 105, 0, 0, 0, 0], [0, 0, 0, 0, 0, 1, 104, 0, 0, 0], [0, 0, 0, 0, 0, 0, 0, 114, 0, 0], [0, 0, 0, 0, 0, 0, 0, 0, 105, 0], [0, 0, 0, 0, 1, 0, 0, 0, 0, 106]]}"
pen-based,heom,3,modified_plurality,RetentionPolicy.DIFFERENT_CLASS_RETENTION,7,10,9892,1100,0.0016322000010404736,0.3004665999978897,0.3020987999989302,0.9927272727272727,0.9930873963201549,0.9928410649264672,0.9929219655768611,0.9928204888980752,0.9927272727272727,0.992730360873515,"{""labels"": [""0"", ""1"", ""2"", ""3"", ""4"", ""5"", ""6"", ""7"", ""8"", ""9""], ""matrix"": [[112, 0, 0, 0, 2, 0, 0, 0, 0, 0], [0, 111, 3, 0, 0, 0, 0, 0, 0, 0], [0, 1, 113, 0, 0, 0, 0, 0, 0, 0], [0, 0, 0, 107, 0, 0, 0, 0, 0, 0], [0, 0, 0, 0, 114, 0, 0, 0, 0, 0], [0, 0, 0, 0, 0, 106, 0, 0, 0, 0], [0, 0, 0, 0, 0, 0, 105, 0, 0, 0], [0, 0, 0, 0, 0, 0, 0, 115, 0, 0], [0, 0, 0, 0, 0, 0, 0, 1, 105, 0], [0, 0, 0, 0, 0, 0, 0, 1, 0, 104]]}"
pen-based,heom,3,modified_plurality,RetentionPolicy.DIFFERENT_CLASS_RETENTION,8,10,9894,1098,0.0016512000001966953,0.29439750000165077,0.29604870000184746,0.994535519125683,0.9946574354332267,0.9944540596774957,0.994531594534242,0.9945912869423623,0.994535519125683,0.9945390287660411,"{""labels"": [""0"", ""1"", ""2"", ""3"", ""4"", ""5"", ""6"", ""7"", ""8"", ""9""], ""matrix"": [[113, 0, 0, 0, 0, 0, 1, 0, 0, 0], [0, 113, 1, 0, 0, 0, 0, 0, 0, 0], [0, 0, 115, 0, 0, 0, 0, 0, 0, 0], [0, 0, 0, 104, 1, 0, 0, 0, 0, 0], [0, 0, 0, 0, 114, 0, 0, 0, 0, 0], [0, 0, 0, 0, 0, 105, 0, 1, 0, 0], [0, 0, 0, 0, 0, 0, 105, 0, 0, 0], [0, 0, 0, 0, 0, 0, 0, 114, 0, 0], [0, 0, 0, 0, 0, 0, 0, 1, 105, 0], [0, 0, 0, 0, 0, 1, 0, 0, 0, 104]]}"
pen-based,heom,3,modified_plurality,RetentionPolicy.DIFFERENT_CLASS_RETENTION,9,10,9890,1102,0.001771700000972487,0.29930000000604196,0.30107170000701444,0.9927404718693285,0.9928028448375519,0.9927901172126379,0.9927535741891148,0.9928126513241332,0.9927404718693285,0.9927325015165368,"{""labels"": [""0"", ""1"", ""2"", ""3"", ""4"", ""5"", ""6"", ""7"", ""8"", ""9""], ""matrix"": [[113, 0, 0, 0, 1, 0, 0, 0, 0, 1], [0, 111, 2, 1, 0, 0, 0, 0, 0, 0], [0, 0, 115, 0, 0, 0, 0, 0, 0, 0], [0, 0, 0, 104, 0, 0, 0, 0, 0, 1], [0, 0, 0, 0, 115, 0, 0, 0, 0, 0], [0, 0, 0, 0, 0, 105, 0, 0, 1, 0], [0, 0, 0, 0, 0, 0, 106, 0, 0, 0], [0, 0, 0, 0, 0, 0, 0, 114, 0, 0], [0, 0, 0, 0, 0, 0, 0, 0, 106, 0], [0, 0, 0, 0, 0, 0, 0, 1, 0, 105]]}"
pen-based,heom,3,modified_plurality,RetentionPolicy.DD_RETENTION,0,10,9894,1098,0.0015096999995876104,0.30664290000277106,0.30815260000235867,0.9954462659380692,0.995364010251216,0.9954140683949415,0.9953723115833675,0.9954794900343363,0.9954462659380692,0.9954463601187651,"{""labels"": [""0"", ""1"", ""2"", ""3"", ""4"", ""5"", ""6"", ""7"", ""8"", ""9""], ""matrix"": [[115, 0, 0, 0, 0, 0, 0, 0, 0, 0], [0, 114, 0, 0, 0, 0, 0, 0, 0, 0], [0, 0, 114, 0, 0, 0, 0, 0, 0, 0], [0, 0, 0, 105, 0, 0, 0, 0, 0, 0], [0, 0, 0, 0, 114, 1, 0, 0, 0, 0], [0, 0, 0, 0, 0, 105, 0, 0, 0, 0], [0, 0, 0, 0, 0, 0, 105, 0, 0, 0], [0, 0, 0, 0, 0, 0, 0, 113, 0, 1], [1, 0, 0, 0, 0, 1, 0, 0, 104, 0], [0, 0, 0, 0, 0, 0, 0, 0, 1, 104]]}"
pen-based,heom,3,modified_plurality,RetentionPolicy.DD_RETENTION,1,10,9893,1099,0.001905999997688923,0.30441699999937555,0.30632299999706447,0.991810737033667,0.991993406249861,0.9919701427481747,0.991933587236467,0.9919067670003341,0.991810737033667,0.9918102954233238,"{""labels"": [""0"", ""1"", ""2"", ""3"", ""4"", ""5"", ""6"", ""7"", ""8"", ""9""], ""matrix"": [[114, 1, 0, 0, 0, 0, 0, 0, 0, 0], [0, 112, 2, 0, 0, 0, 0, 0, 0, 0], [0, 0, 114, 0, 0, 0, 0, 0, 0, 0], [0, 0, 0, 103, 0, 0, 0, 1, 0, 1], [0, 0, 0, 0, 114, 1, 0, 0, 0, 0], [0, 0, 0, 0, 0, 105, 0, 0, 0, 0], [0, 0, 0, 0, 0, 0, 106, 0, 0, 0], [0, 1, 1, 0, 0, 0, 0, 111, 0, 1], [0, 0, 0, 0, 0, 0, 0, 0, 105, 0], [0, 0, 0, 0, 0, 0, 0, 0, 0, 106]]}"
pen-based,heom,3,modified_plurality,RetentionPolicy.DD_RETENTION,2,10,9895,1097,0.0017158999980892986,0.2991818000009516,0.3008976999990409,0.9954421148587056,0.9953911185432924,0.9953960989430097,0.9953637826179124,0.9955172412040947,0.9954421148587056,0.9954506424242489,"{""labels"": [""0"", ""1"", ""2"", ""3"", ""4"", ""5"", ""6"", ""7"", ""8"", ""9""], ""matrix"": [[113, 0, 0, 0, 0, 0, 0, 0, 0, 1], [0, 114, 0, 0, 1, 0, 0, 0, 0, 0], [0, 0, 115, 0, 0, 0, 0, 0, 0, 0], [0, 0, 0, 104, 0, 1, 0, 0, 0, 0], [0, 0, 0, 0, 114, 0, 0, 0, 0, 0], [0, 0, 0, 0, 0, 105, 0, 0, 0, 0], [0, 0, 0, 0, 0, 0, 105, 0, 0, 0], [0, 0, 0, 0, 0, 0, 0, 114, 0, 0], [0, 0, 0, 0, 0, 0, 0, 0, 105, 0], [0, 0, 0, 0, 0, 2, 0, 0, 0, 103]]}"
pen-based,heom,3,modified_plurality,RetentionPolicy.DD_RETENTION,3,10,9892,1100,0.0014792000001762062,0.30618220000178553,0.30766140000196174,0.99,0.9900749617161846,0.9900882641386074,0.9900450755718211,0.9900577600882945,0.99,0.9899920897107106,"{""labels"": [""0"", ""1"", ""2"", ""3"", ""4"", ""5"", ""6"", ""7"", ""8"", ""9""], ""matrix"": [[114, 0, 0, 0, 0, 0, 0, 0, 0, 0], [0, 112, 0, 2, 0, 0, 0, 0, 0, 0], [0, 0, 114, 0, 0, 0, 0, 1, 0, 0], [0, 1, 1, 103, 0, 0, 0, 0, 0, 0], [0, 0, 0, 0, 115, 0, 0, 0, 0, 0], [0, 0, 0, 1, 0, 103, 0, 0, 0, 1], [0, 0, 0, 0, 0, 0, 105, 0, 0, 0], [0, 2, 1, 0, 0, 0, 0, 111, 1, 0], [0, 0, 0, 0, 0, 0, 0, 0, 106, 0], [0, 0, 0, 0, 0, 0, 0, 0, 0, 106]]}"
pen-based,heom,3,modified_plurality,RetentionPolicy.DD_RETENTION,4,10,9894,1098,0.0018347000004723668,0.3027100999970571,0.3045447999975295,0.994535519125683,0.9946499391813527,0.9943864994726356,0.9944846707526998,0.9945999471652976,0.994535519125683,0.9945344707366918,"{""labels"": [""0"", ""1"", ""2"", ""3"", ""4"", ""5"", ""6"", ""7"", ""8"", ""9""], ""matrix"": [[114, 0, 0, 0, 0, 0, 0, 0, 0, 0], [0, 114, 1, 0, 0, 0, 0, 0, 0, 0], [0, 0, 114, 0, 0, 0, 0, 0, 0, 0], [0, 0, 1, 104, 0, 0, 0, 0, 0, 0], [0, 0, 0, 0, 114, 0, 0, 0, 0, 0], [0, 0, 0, 2, 0, 104, 0, 0, 0, 0], [0, 0, 0, 0, 0, 0, 106, 0, 0, 0], [0, 0, 0, 0, 0, 0, 0, 114, 0, 0], [0, 0, 0, 0, 0, 0, 0, 0, 105, 0], [0, 0, 0, 0, 1, 0, 0, 1, 0, 103]]}"
pen-based,heom,3,modified_plurality,RetentionPolicy.DD_RETENTION,5,10,9894,1098,0.0015309000009438023,0.30866669999522856,0.31019759999617236,0.9954462659380692,0.995431701969267,0.9953884711779448,0.9953928821826361,0.995488232085377,0.9954462659380692,0.9954504827287894,"{""labels"": [""0"", ""1"", ""2"", ""3"", ""4"", ""5"", ""6"", ""7"", ""8"", ""9""], ""matrix"": [[114, 0, 0, 0, 0, 0, 0, 0, 0, 0], [0, 113, 0, 1, 0, 0, 0, 0, 0, 0], [0, 0, 114, 0, 0, 0, 0, 0, 0, 0], [0, 0, 0, 105, 0, 0, 0, 0, 0, 0], [0, 0, 0, 0, 113, 0, 0, 0, 0, 1], [0, 0, 0, 1, 0, 104, 0, 0, 0, 0], [0, 0, 0, 0, 0, 0, 108, 0, 0, 0], [0, 0, 0, 0, 0, 0, 0, 114, 0, 0], [0, 0, 0, 0, 0, 0, 0, 1, 104, 0], [0, 1, 0, 0, 0, 0, 0, 0, 0, 104]]}"
pen-based,heom,3,modified_plurality,RetentionPolicy.DD_RETENTION,6,10,9890,1102,0.0014830000000074506,0.30627629999798955,0.307759299997997,0.9945553539019963,0.9946908967188554,0.9944959335079167,0.9945575857373221,0.9946262611879926,0.9945553539019963,0.9945545346780644,"{""labels"": [""0"", ""1"", ""2"", ""3"", ""4"", ""5"", ""6"", ""7"", ""8"", ""9""], ""matrix"": [[114, 0, 0, 0, 0, 0, 0, 0, 0, 0], [0, 113, 2, 0, 0, 0, 0, 0, 0, 0], [0, 0, 114, 0, 0, 0, 0, 0, 0, 0], [0, 0, 0, 108, 0, 0, 0, 0, 0, 0], [0, 0, 0, 0, 114, 0, 0, 0, 0, 0], [0, 0, 0, 1, 0, 105, 0, 0, 0, 0], [0, 0, 0, 0, 0, 1, 104, 0, 0, 0], [0, 0, 0, 0, 0, 0, 0, 114, 0, 0], [0, 0, 0, 0, 0, 0, 0, 0, 105, 0], [0, 0, 0, 0, 2, 0, 0, 0, 0, 105]]}"
pen-based,heom,3,modified_plurality,RetentionPolicy.DD_RETENTION,7,10,9892,1100,0.0015152999985730276,0.30786369999987073,0.30937899999844376,0.9927272727272727,0.9930873963201549,0.9928410649264672,0.9929219655768611,0.9928204888980752,0.9927272727272727,0.992730360873515,"{""labels"": [""0"", ""1"", ""2"", ""3"", ""4"", ""5"", ""6"", ""7"", ""8"", ""9""], ""matrix"": [[112, 0, 0, 0, 2, 0, 0, 0, 0, 0], [0, 111, 3, 0, 0, 0, 0, 0, 0, 0], [0, 1, 113, 0, 0, 0, 0, 0, 0, 0], [0, 0, 0, 107, 0, 0, 0, 0, 0, 0], [0, 0, 0, 0, 114, 0, 0, 0, 0, 0], [0, 0, 0, 0, 0, 106, 0, 0, 0, 0], [0, 0, 0, 0, 0, 0, 105, 0, 0, 0], [0, 0, 0, 0, 0, 0, 0, 115, 0, 0], [0, 0, 0, 0, 0, 0, 0, 1, 105, 0], [0, 0, 0, 0, 0, 0, 0, 1, 0, 104]]}"
pen-based,heom,3,modified_plurality,RetentionPolicy.DD_RETENTION,8,10,9894,1098,0.0016447000016341917,0.30136209999909624,0.30300680000073044,0.994535519125683,0.9946574354332267,0.9944540596774957,0.994531594534242,0.9945912869423623,0.994535519125683,0.9945390287660411,"{""labels"": [""0"", ""1"", ""2"", ""3"", ""4"", ""5"", ""6"", ""7"", ""8"", ""9""], ""matrix"": [[113, 0, 0, 0, 0, 0, 1, 0, 0, 0], [0, 113, 1, 0, 0, 0, 0, 0, 0, 0], [0, 0, 115, 0, 0, 0, 0, 0, 0, 0], [0, 0, 0, 104, 1, 0, 0, 0, 0, 0], [0, 0, 0, 0, 114, 0, 0, 0, 0, 0], [0, 0, 0, 0, 0, 105, 0, 1, 0, 0], [0, 0, 0, 0, 0, 0, 105, 0, 0, 0], [0, 0, 0, 0, 0, 0, 0, 114, 0, 0], [0, 0, 0, 0, 0, 0, 0, 1, 105, 0], [0, 0, 0, 0, 0, 1, 0, 0, 0, 104]]}"
pen-based,heom,3,modified_plurality,RetentionPolicy.DD_RETENTION,9,10,9890,1102,0.0021705999970436096,0.3096210000003339,0.3117915999973775,0.9927404718693285,0.9928028448375519,0.9927901172126379,0.9927535741891148,0.9928126513241332,0.9927404718693285,0.9927325015165368,"{""labels"": [""0"", ""1"", ""2"", ""3"", ""4"", ""5"", ""6"", ""7"", ""8"", ""9""], ""matrix"": [[113, 0, 0, 0, 1, 0, 0, 0, 0, 1], [0, 111, 2, 1, 0, 0, 0, 0, 0, 0], [0, 0, 115, 0, 0, 0, 0, 0, 0, 0], [0, 0, 0, 104, 0, 0, 0, 0, 0, 1], [0, 0, 0, 0, 115, 0, 0, 0, 0, 0], [0, 0, 0, 0, 0, 105, 0, 0, 1, 0], [0, 0, 0, 0, 0, 0, 106, 0, 0, 0], [0, 0, 0, 0, 0, 0, 0, 114, 0, 0], [0, 0, 0, 0, 0, 0, 0, 0, 106, 0], [0, 0, 0, 0, 0, 0, 0, 1, 0, 105]]}"
pen-based,heom,5,borda,RetentionPolicy.ALWAYS_RETAIN,0,10,9894,1098,0.0015382000055979006,0.3218427999963751,0.323381000001973,0.9963570127504554,0.9962897729033058,0.9962836336123327,0.996278455383201,0.996364782187974,0.9963570127504554,0.9963526616780509,"{""labels"": [""0"", ""1"", ""2"", ""3"", ""4"", ""5"", ""6"", ""7"", ""8"", ""9""], ""matrix"": [[115, 0, 0, 0, 0, 0, 0, 0, 0, 0], [0, 114, 0, 0, 0, 0, 0, 0, 0, 0], [0, 0, 114, 0, 0, 0, 0, 0, 0, 0], [0, 0, 0, 105, 0, 0, 0, 0, 0, 0], [0, 0, 0, 0, 115, 0, 0, 0, 0, 0], [0, 0, 0, 0, 0, 105, 0, 0, 0, 0], [0, 0, 0, 0, 0, 0, 105, 0, 0, 0], [0, 0, 0, 0, 0, 0, 0, 113, 0, 1], [1, 0, 0, 0, 0, 1, 0, 0, 104, 0], [0, 0, 0, 0, 0, 0, 0, 0, 1, 104]]}"
pen-based,heom,5,borda,RetentionPolicy.ALWAYS_RETAIN,1,10,9893,1099,0.0017968000029213727,0.3193276000019978,0.32112440000491915,0.991810737033667,0.9919715720514912,0.9919039395042158,0.9919004002978964,0.9918841182413333,0.991810737033667,0.9918103696562381,"{""labels"": [""0"", ""1"", ""2"", ""3"", ""4"", ""5"", ""6"", ""7"", ""8"", ""9""], ""matrix"": [[114, 1, 0, 0, 0, 0, 0, 0, 0, 0], [0, 113, 1, 0, 0, 0, 0, 0, 0, 0], [0, 0, 114, 0, 0, 0, 0, 0, 0, 0], [0, 0, 0, 103, 0, 0, 0, 1, 0, 1], [0, 0, 0, 0, 114, 1, 0, 0, 0, 0], [0, 0, 0, 0, 0, 105, 0, 0, 0, 0], [0, 0, 0, 0, 0, 0, 105, 1, 0, 0], [0, 1, 1, 0, 0, 0, 0, 111, 0, 1], [0, 0, 0, 0, 0, 0, 0, 0, 105, 0], [0, 0, 0, 0, 0, 0, 0, 0, 0, 106]]}"
pen-based,heom,5,borda,RetentionPolicy.ALWAYS_RETAIN,2,10,9895,1097,0.0015961000026436523,0.3120774999988498,0.31367360000149347,0.9936189608021878,0.9935598370486509,0.9935665250081727,0.9935287877114956,0.9936851517864896,0.9936189608021878,0.993618663729355,"{""labels"": [""0"", ""1"", ""2"", ""3"", ""4"", ""5"", ""6"", ""7"", ""8"", ""9""], ""matrix"": [[113, 0, 0, 0, 0, 0, 0, 0, 0, 1], [0, 114, 0, 0, 1, 0, 0, 0, 0, 0], [0, 0, 115, 0, 0, 0, 0, 0, 0, 0], [0, 0, 0, 104, 0, 1, 0, 0, 0, 0], [0, 0, 0, 0, 114, 0, 0, 0, 0, 0], [0, 0, 0, 0, 0, 105, 0, 0, 0, 0], [0, 0, 0, 0, 0, 0, 105, 0, 0, 0], [0, 1, 0, 0, 0, 0, 0, 113, 0, 0], [0, 0, 0, 0, 0, 0, 0, 0, 105, 0], [0, 0, 0, 1, 0, 2, 0, 0, 0, 102]]}"
pen-based,heom,5,borda,RetentionPolicy.ALWAYS_RETAIN,3,10,9892,1100,0.0014668000003439374,0.31815220000135014,0.3196190000016941,0.9918181818181818,0.9918853513505781,0.9918350223384549,0.9918316508804631,0.9918661060106109,0.9918181818181818,0.9918135699052402,"{""labels"": [""0"", ""1"", ""2"", ""3"", ""4"", ""5"", ""6"", ""7"", ""8"", ""9""], ""matrix"": [[114, 0, 0, 0, 0, 0, 0, 0, 0, 0], [0, 113, 0, 1, 0, 0, 0, 0, 0, 0], [0, 0, 114, 0, 0, 0, 0, 1, 0, 0], [0, 1, 1, 103, 0, 0, 0, 0, 0, 0], [0, 0, 0, 0, 115, 0, 0, 0, 0, 0], [0, 0, 0, 1, 0, 103, 0, 0, 0, 1], [0, 0, 0, 0, 0, 0, 105, 0, 0, 0], [0, 2, 0, 0, 0, 0, 0, 112, 1, 0], [0, 0, 0, 0, 0, 0, 0, 0, 106, 0], [0, 0, 0, 0, 0, 0, 0, 0, 0, 106]]}"
pen-based,heom,5,borda,RetentionPolicy.ALWAYS_RETAIN,4,10,9894,1098,0.0014617999986512586,0.32422159999987343,0.3256833999985247,0.994535519125683,0.9946499391813527,0.9943864994726356,0.9944846707526998,0.9945999471652976,0.994535519125683,0.9945344707366918,"{""labels"": [""0"", ""1"", ""2"", ""3"", ""4"", ""5"", ""6"", ""7"", ""8"", ""9""], ""matrix"": [[114, 0, 0, 0, 0, 0, 0, 0, 0, 0], [0, 114, 1, 0, 0, 0, 0, 0, 0, 0], [0, 0, 114, 0, 0, 0, 0, 0, 0, 0], [0, 0, 1, 104, 0, 0, 0, 0, 0, 0], [0, 0, 0, 0, 114, 0, 0, 0, 0, 0], [0, 0, 0, 2, 0, 104, 0, 0, 0, 0], [0, 0, 0, 0, 0, 0, 106, 0, 0, 0], [0, 0, 0, 0, 0, 0, 0, 114, 0, 0], [0, 0, 0, 0, 0, 0, 0, 0, 105, 0], [0, 0, 0, 0, 1, 0, 0, 1, 0, 103]]}"
pen-based,heom,5,borda,RetentionPolicy.ALWAYS_RETAIN,5,10,9894,1098,0.001613699998415541,0.3195082000020193,0.32112190000043483,0.9963570127504554,0.9963012671866582,0.9963408521303257,0.9963080323048651,0.9963910593602642,0.9963570127504554,0.9963614198311428,"{""labels"": [""0"", ""1"", ""2"", ""3"", ""4"", ""5"", ""6"", ""7"", ""8"", ""9""], ""matrix"": [[114, 0, 0, 0, 0, 0, 0, 0, 0, 0], [0, 113, 0, 1, 0, 0, 0, 0, 0, 0], [0, 0, 114, 0, 0, 0, 0, 0, 0, 0], [0, 0, 0, 105, 0, 0, 0, 0, 0, 0], [0, 0, 0, 0, 113, 0, 0, 0, 0, 1], [0, 0, 0, 1, 0, 104, 0, 0, 0, 0], [0, 0, 0, 0, 0, 0, 108, 0, 0, 0], [0, 0, 0, 0, 0, 0, 0, 114, 0, 0], [0, 0, 0, 0, 0, 0, 0, 0, 105, 0], [0, 1, 0, 0, 0, 0, 0, 0, 0, 104]]}"
pen-based,heom,5,borda,RetentionPolicy.ALWAYS_RETAIN,6,10,9890,1102,0.0014424999972106889,0.3187097999980324,0.3201522999952431,0.9954627949183303,0.9955454694324984,0.995430512947169,0.9954643823903458,0.9955103019262443,0.9954627949183303,0.9954624968362888,"{""labels"": [""0"", ""1"", ""2"", ""3"", ""4"", ""5"", ""6"", ""7"", ""8"", ""9""], ""matrix"": [[114, 0, 0, 0, 0, 0, 0, 0, 0, 0], [0, 113, 2, 0, 0, 0, 0, 0, 0, 0], [0, 0, 114, 0, 0, 0, 0, 0, 0, 0], [0, 0, 0, 108, 0, 0, 0, 0, 0, 0], [0, 0, 0, 0, 114, 0, 0, 0, 0, 0], [0, 0, 0, 1, 0, 105, 0, 0, 0, 0], [0, 0, 0, 0, 0, 1, 104, 0, 0, 0], [0, 0, 0, 0, 0, 0, 0, 114, 0, 0], [0, 0, 0, 0, 0, 0, 0, 0, 105, 0], [0, 0, 0, 0, 1, 0, 0, 0, 0, 106]]}"
pen-based,heom,5,borda,RetentionPolicy.ALWAYS_RETAIN,7,10,9892,1100,0.0015716999987489544,0.3193678999959957,0.32093959999474464,0.9927272727272727,0.9930873963201549,0.9928410649264672,0.9929219655768611,0.9928204888980752,0.9927272727272727,0.992730360873515,"{""labels"": [""0"", ""1"", ""2"", ""3"", ""4"", ""5"", ""6"", ""7"", ""8"", ""9""], ""matrix"": [[112, 0, 0, 0, 2, 0, 0, 0, 0, 0], [0, 111, 3, 0, 0, 0, 0, 0, 0, 0], [0, 1, 113, 0, 0, 0, 0, 0, 0, 0], [0, 0, 0, 107, 0, 0, 0, 0, 0, 0], [0, 0, 0, 0, 114, 0, 0, 0, 0, 0], [0, 0, 0, 0, 0, 106, 0, 0, 0, 0], [0, 0, 0, 0, 0, 0, 105, 0, 0, 0], [0, 0, 0, 0, 0, 0, 0, 115, 0, 0], [0, 0, 0, 0, 0, 0, 0, 1, 105, 0], [0, 0, 0, 0, 0, 0, 0, 1, 0, 104]]}"
pen-based,heom,5,borda,RetentionPolicy.ALWAYS_RETAIN,8,10,9894,1098,0.0016209000023081899,0.320384999999078,0.3220059000013862,0.9954462659380692,0.9955120081468699,0.9953974559039107,0.9954384121782149,0.9954785482297516,0.9954462659380692,0.9954460027388881,"{""labels"": [""0"", ""1"", ""2"", ""3"", ""4"", ""5"", ""6"", ""7"", ""8"", ""9""], ""matrix"": [[113, 0, 0, 0, 0, 0, 1, 0, 0, 0], [0, 113, 1, 0, 0, 0, 0, 0, 0, 0], [0, 0, 115, 0, 0, 0, 0, 0, 0, 0], [0, 0, 0, 104, 1, 0, 0, 0, 0, 0], [0, 0, 0, 0, 114, 0, 0, 0, 0, 0], [0, 0, 0, 0, 0, 105, 0, 1, 0, 0], [0, 0, 0, 0, 0, 0, 105, 0, 0, 0], [0, 0, 0, 0, 0, 0, 0, 114, 0, 0], [0, 0, 0, 0, 0, 0, 0, 0, 106, 0], [0, 0, 0, 0, 0, 1, 0, 0, 0, 104]]}"
pen-based,heom,5,borda,RetentionPolicy.ALWAYS_RETAIN,9,10,9890,1102,0.0014722999985679053,0.32826439999917056,0.32973669999773847,0.9927404718693285,0.9928028448375519,0.9927901172126379,0.9927535741891148,0.9928126513241332,0.9927404718693285,0.9927325015165368,"{""labels"": [""0"", ""1"", ""2"", ""3"", ""4"", ""5"", ""6"", ""7"", ""8"", ""9""], ""matrix"": [[113, 0, 0, 0, 1, 0, 0, 0, 0, 1], [0, 111, 2, 1, 0, 0, 0, 0, 0, 0], [0, 0, 115, 0, 0, 0, 0, 0, 0, 0], [0, 0, 0, 104, 0, 0, 0, 0, 0, 1], [0, 0, 0, 0, 115, 0, 0, 0, 0, 0], [0, 0, 0, 0, 0, 105, 0, 0, 1, 0], [0, 0, 0, 0, 0, 0, 106, 0, 0, 0], [0, 0, 0, 0, 0, 0, 0, 114, 0, 0], [0, 0, 0, 0, 0, 0, 0, 0, 106, 0], [0, 0, 0, 0, 0, 0, 0, 1, 0, 105]]}"
pen-based,heom,5,borda,RetentionPolicy.NEVER_RETAIN,0,10,9894,1098,0.0015430999992531724,0.2827471999989939,0.28429029999824706,0.9963570127504554,0.9962897729033058,0.9962836336123327,0.996278455383201,0.996364782187974,0.9963570127504554,0.9963526616780509,"{""labels"": [""0"", ""1"", ""2"", ""3"", ""4"", ""5"", ""6"", ""7"", ""8"", ""9""], ""matrix"": [[115, 0, 0, 0, 0, 0, 0, 0, 0, 0], [0, 114, 0, 0, 0, 0, 0, 0, 0, 0], [0, 0, 114, 0, 0, 0, 0, 0, 0, 0], [0, 0, 0, 105, 0, 0, 0, 0, 0, 0], [0, 0, 0, 0, 115, 0, 0, 0, 0, 0], [0, 0, 0, 0, 0, 105, 0, 0, 0, 0], [0, 0, 0, 0, 0, 0, 105, 0, 0, 0], [0, 0, 0, 0, 0, 0, 0, 113, 0, 1], [1, 0, 0, 0, 0, 1, 0, 0, 104, 0], [0, 0, 0, 0, 0, 0, 0, 0, 1, 104]]}"
pen-based,heom,5,borda,RetentionPolicy.NEVER_RETAIN,1,10,9893,1099,0.0014524999933200888,0.28165670000453247,0.28310919999785256,0.9927206551410374,0.9928486264130587,0.9928473357306309,0.9928070656145669,0.9927938925563353,0.9927206551410374,0.9927163603469216,"{""labels"": [""0"", ""1"", ""2"", ""3"", ""4"", ""5"", ""6"", ""7"", ""8"", ""9""], ""matrix"": [[114, 1, 0, 0, 0, 0, 0, 0, 0, 0], [0, 113, 1, 0, 0, 0, 0, 0, 0, 0], [0, 0, 114, 0, 0, 0, 0, 0, 0, 0], [0, 0, 0, 103, 0, 0, 0, 1, 0, 1], [0, 0, 0, 0, 114, 1, 0, 0, 0, 0], [0, 0, 0, 0, 0, 105, 0, 0, 0, 0], [0, 0, 0, 0, 0, 0, 106, 0, 0, 0], [0, 1, 1, 0, 0, 0, 0, 111, 0, 1], [0, 0, 0, 0, 0, 0, 0, 0, 105, 0], [0, 0, 0, 0, 0, 0, 0, 0, 0, 106]]}"
pen-based,heom,5,borda,RetentionPolicy.NEVER_RETAIN,2,10,9895,1097,0.0015820999979041517,0.28595230000064475,0.2875343999985489,0.9936189608021878,0.9935598370486509,0.9935665250081727,0.9935287877114956,0.9936851517864896,0.9936189608021878,0.993618663729355,"{""labels"": [""0"", ""1"", ""2"", ""3"", ""4"", ""5"", ""6"", ""7"", ""8"", ""9""], ""matrix"": [[113, 0, 0, 0, 0, 0, 0, 0, 0, 1], [0, 114, 0, 0, 1, 0, 0, 0, 0, 0], [0, 0, 115, 0, 0, 0, 0, 0, 0, 0], [0, 0, 0, 104, 0, 1, 0, 0, 0, 0], [0, 0, 0, 0, 114, 0, 0, 0, 0, 0], [0, 0, 0, 0, 0, 105, 0, 0, 0, 0], [0, 0, 0, 0, 0, 0, 105, 0, 0, 0], [0, 1, 0, 0, 0, 0, 0, 113, 0, 0], [0, 0, 0, 0, 0, 0, 0, 0, 105, 0], [0, 0, 0, 1, 0, 2, 0, 0, 0, 102]]}"
pen-based,heom,5,borda,RetentionPolicy.NEVER_RETAIN,3,10,9892,1100,0.0014836000045761466,0.27749199999379925,0.2789755999983754,0.9927272727272727,0.9928199307898303,0.9927874032908358,0.9927842040105552,0.9927667007429812,0.9927272727272727,0.9927270931982196,"{""labels"": [""0"", ""1"", ""2"", ""3"", ""4"", ""5"", ""6"", ""7"", ""8"", ""9""], ""matrix"": [[114, 0, 0, 0, 0, 0, 0, 0, 0, 0], [0, 113, 0, 1, 0, 0, 0, 0, 0, 0], [0, 0, 114, 0, 0, 0, 0, 1, 0, 0], [0, 1, 1, 103, 0, 0, 0, 0, 0, 0], [0, 0, 0, 0, 115, 0, 0, 0, 0, 0], [0, 0, 0, 1, 0, 104, 0, 0, 0, 0], [0, 0, 0, 0, 0, 0, 105, 0, 0, 0], [0, 2, 0, 0, 0, 0, 0, 112, 1, 0], [0, 0, 0, 0, 0, 0, 0, 0, 106, 0], [0, 0, 0, 0, 0, 0, 0, 0, 0, 106]]}"
pen-based,heom,5,borda,RetentionPolicy.NEVER_RETAIN,4,10,9894,1098,0.0014221999954315834,0.2801727000041865,0.28159489999961806,0.994535519125683,0.9946499391813527,0.9943864994726356,0.9944846707526998,0.9945999471652976,0.994535519125683,0.9945344707366918,"{""labels"": [""0"", ""1"", ""2"", ""3"", ""4"", ""5"", ""6"", ""7"", ""8"", ""9""], ""matrix"": [[114, 0, 0, 0, 0, 0, 0, 0, 0, 0], [0, 114, 1, 0, 0, 0, 0, 0, 0, 0], [0, 0, 114, 0, 0, 0, 0, 0, 0, 0], [0, 0, 1, 104, 0, 0, 0, 0, 0, 0], [0, 0, 0, 0, 114, 0, 0, 0, 0, 0], [0, 0, 0, 2, 0, 104, 0, 0, 0, 0], [0, 0, 0, 0, 0, 0, 106, 0, 0, 0], [0, 0, 0, 0, 0, 0, 0, 114, 0, 0], [0, 0, 0, 0, 0, 0, 0, 0, 105, 0], [0, 0, 0, 0, 1, 0, 0, 1, 0, 103]]}"
pen-based,heom,5,borda,RetentionPolicy.NEVER_RETAIN,5,10,9894,1098,0.001578499999595806,0.28036340000107884,0.28194190000067465,0.9972677595628415,0.9972346576038127,0.9972180451127819,0.9972180066417398,0.9972842710514008,0.9972677595628415,0.9972677213904286,"{""labels"": [""0"", ""1"", ""2"", ""3"", ""4"", ""5"", ""6"", ""7"", ""8"", ""9""], ""matrix"": [[114, 0, 0, 0, 0, 0, 0, 0, 0, 0], [0, 114, 0, 0, 0, 0, 0, 0, 0, 0], [0, 0, 114, 0, 0, 0, 0, 0, 0, 0], [0, 0, 0, 105, 0, 0, 0, 0, 0, 0], [0, 0, 0, 0, 113, 0, 0, 0, 0, 1], [0, 0, 0, 1, 0, 104, 0, 0, 0, 0], [0, 0, 0, 0, 0, 0, 108, 0, 0, 0], [0, 0, 0, 0, 0, 0, 0, 114, 0, 0], [0, 0, 0, 0, 0, 0, 0, 0, 105, 0], [0, 1, 0, 0, 0, 0, 0, 0, 0, 104]]}"
pen-based,heom,5,borda,RetentionPolicy.NEVER_RETAIN,6,10,9890,1102,0.0015260000000125729,0.2806579000025522,0.28218390000256477,0.9945553539019963,0.9946908967188554,0.9944959335079167,0.9945575857373221,0.9946262611879926,0.9945553539019963,0.9945545346780644,"{""labels"": [""0"", ""1"", ""2"", ""3"", ""4"", ""5"", ""6"", ""7"", ""8"", ""9""], ""matrix"": [[114, 0, 0, 0, 0, 0, 0, 0, 0, 0], [0, 113, 2, 0, 0, 0, 0, 0, 0, 0], [0, 0, 114, 0, 0, 0, 0, 0, 0, 0], [0, 0, 0, 108, 0, 0, 0, 0, 0, 0], [0, 0, 0, 0, 114, 0, 0, 0, 0, 0], [0, 0, 0, 1, 0, 105, 0, 0, 0, 0], [0, 0, 0, 0, 0, 1, 104, 0, 0, 0], [0, 0, 0, 0, 0, 0, 0, 114, 0, 0], [0, 0, 0, 0, 0, 0, 0, 0, 105, 0], [0, 0, 0, 0, 2, 0, 0, 0, 0, 105]]}"
pen-based,heom,5,borda,RetentionPolicy.NEVER_RETAIN,7,10,9892,1100,0.0014386999973794445,0.2766687000039383,0.27810740000131773,0.9927272727272727,0.9930873963201549,0.9928410649264672,0.9929219655768611,0.9928204888980752,0.9927272727272727,0.992730360873515,"{""labels"": [""0"", ""1"", ""2"", ""3"", ""4"", ""5"", ""6"", ""7"", ""8"", ""9""], ""matrix"": [[112, 0, 0, 0, 2, 0, 0, 0, 0, 0], [0, 111, 3, 0, 0, 0, 0, 0, 0, 0], [0, 1, 113, 0, 0, 0, 0, 0, 0, 0], [0, 0, 0, 107, 0, 0, 0, 0, 0, 0], [0, 0, 0, 0, 114, 0, 0, 0, 0, 0], [0, 0, 0, 0, 0, 106, 0, 0, 0, 0], [0, 0, 0, 0, 0, 0, 105, 0, 0, 0], [0, 0, 0, 0, 0, 0, 0, 115, 0, 0], [0, 0, 0, 0, 0, 0, 0, 1, 105, 0], [0, 0, 0, 0, 0, 0, 0, 1, 0, 104]]}"
pen-based,heom,5,borda,RetentionPolicy.NEVER_RETAIN,8,10,9894,1098,0.001470099996367935,0.2838061000002199,0.2852761999965878,0.9954462659380692,0.9955120081468699,0.9953974559039107,0.9954384121782149,0.9954785482297516,0.9954462659380692,0.9954460027388881,"{""labels"": [""0"", ""1"", ""2"", ""3"", ""4"", ""5"", ""6"", ""7"", ""8"", ""9""], ""matrix"": [[113, 0, 0, 0, 0, 0, 1, 0, 0, 0], [0, 113, 1, 0, 0, 0, 0, 0, 0, 0], [0, 0, 115, 0, 0, 0, 0, 0, 0, 0], [0, 0, 0, 104, 1, 0, 0, 0, 0, 0], [0, 0, 0, 0, 114, 0, 0, 0, 0, 0], [0, 0, 0, 0, 0, 105, 0, 1, 0, 0], [0, 0, 0, 0, 0, 0, 105, 0, 0, 0], [0, 0, 0, 0, 0, 0, 0, 114, 0, 0], [0, 0, 0, 0, 0, 0, 0, 0, 106, 0], [0, 0, 0, 0, 0, 1, 0, 0, 0, 104]]}"
pen-based,heom,5,borda,RetentionPolicy.NEVER_RETAIN,9,10,9890,1102,0.0016153999968082644,0.2798785000049975,0.28149390000180574,0.9927404718693285,0.9928028448375519,0.9927901172126379,0.9927535741891148,0.9928126513241332,0.9927404718693285,0.9927325015165368,"{""labels"": [""0"", ""1"", ""2"", ""3"", ""4"", ""5"", ""6"", ""7"", ""8"", ""9""], ""matrix"": [[113, 0, 0, 0, 1, 0, 0, 0, 0, 1], [0, 111, 2, 1, 0, 0, 0, 0, 0, 0], [0, 0, 115, 0, 0, 0, 0, 0, 0, 0], [0, 0, 0, 104, 0, 0, 0, 0, 0, 1], [0, 0, 0, 0, 115, 0, 0, 0, 0, 0], [0, 0, 0, 0, 0, 105, 0, 0, 1, 0], [0, 0, 0, 0, 0, 0, 106, 0, 0, 0], [0, 0, 0, 0, 0, 0, 0, 114, 0, 0], [0, 0, 0, 0, 0, 0, 0, 0, 106, 0], [0, 0, 0, 0, 0, 0, 0, 1, 0, 105]]}"
pen-based,heom,5,borda,RetentionPolicy.DIFFERENT_CLASS_RETENTION,0,10,9894,1098,0.0014654999977210537,0.2768190999995568,0.27828459999727784,0.9963570127504554,0.9962897729033058,0.9962836336123327,0.996278455383201,0.996364782187974,0.9963570127504554,0.9963526616780509,"{""labels"": [""0"", ""1"", ""2"", ""3"", ""4"", ""5"", ""6"", ""7"", ""8"", ""9""], ""matrix"": [[115, 0, 0, 0, 0, 0, 0, 0, 0, 0], [0, 114, 0, 0, 0, 0, 0, 0, 0, 0], [0, 0, 114, 0, 0, 0, 0, 0, 0, 0], [0, 0, 0, 105, 0, 0, 0, 0, 0, 0], [0, 0, 0, 0, 115, 0, 0, 0, 0, 0], [0, 0, 0, 0, 0, 105, 0, 0, 0, 0], [0, 0, 0, 0, 0, 0, 105, 0, 0, 0], [0, 0, 0, 0, 0, 0, 0, 113, 0, 1], [1, 0, 0, 0, 0, 1, 0, 0, 104, 0], [0, 0, 0, 0, 0, 0, 0, 0, 1, 104]]}"
pen-based,heom,5,borda,RetentionPolicy.DIFFERENT_CLASS_RETENTION,1,10,9893,1099,0.0015848000039113685,0.28581280000071274,0.2873976000046241,0.9927206551410374,0.9928486264130587,0.9928473357306309,0.9928070656145669,0.9927938925563353,0.9927206551410374,0.9927163603469216,"{""labels"": [""0"", ""1"", ""2"", ""3"", ""4"", ""5"", ""6"", ""7"", ""8"", ""9""], ""matrix"": [[114, 1, 0, 0, 0, 0, 0, 0, 0, 0], [0, 113, 1, 0, 0, 0, 0, 0, 0, 0], [0, 0, 114, 0, 0, 0, 0, 0, 0, 0], [0, 0, 0, 103, 0, 0, 0, 1, 0, 1], [0, 0, 0, 0, 114, 1, 0, 0, 0, 0], [0, 0, 0, 0, 0, 105, 0, 0, 0, 0], [0, 0, 0, 0, 0, 0, 106, 0, 0, 0], [0, 1, 1, 0, 0, 0, 0, 111, 0, 1], [0, 0, 0, 0, 0, 0, 0, 0, 105, 0], [0, 0, 0, 0, 0, 0, 0, 0, 0, 106]]}"
pen-based,heom,5,borda,RetentionPolicy.DIFFERENT_CLASS_RETENTION,2,10,9895,1097,0.0014681000029668212,0.28303849999792874,0.28450660000089556,0.9936189608021878,0.9935598370486509,0.9935665250081727,0.9935287877114956,0.9936851517864896,0.9936189608021878,0.993618663729355,"{""labels"": [""0"", ""1"", ""2"", ""3"", ""4"", ""5"", ""6"", ""7"", ""8"", ""9""], ""matrix"": [[113, 0, 0, 0, 0, 0, 0, 0, 0, 1], [0, 114, 0, 0, 1, 0, 0, 0, 0, 0], [0, 0, 115, 0, 0, 0, 0, 0, 0, 0], [0, 0, 0, 104, 0, 1, 0, 0, 0, 0], [0, 0, 0, 0, 114, 0, 0, 0, 0, 0], [0, 0, 0, 0, 0, 105, 0, 0, 0, 0], [0, 0, 0, 0, 0, 0, 105, 0, 0, 0], [0, 1, 0, 0, 0, 0, 0, 113, 0, 0], [0, 0, 0, 0, 0, 0, 0, 0, 105, 0], [0, 0, 0, 1, 0, 2, 0, 0, 0, 102]]}"
pen-based,heom,5,borda,RetentionPolicy.DIFFERENT_CLASS_RETENTION,3,10,9892,1100,0.0017138000039267354,0.28096199999708915,0.2826758000010159,0.9927272727272727,0.9928199307898303,0.9927874032908358,0.9927842040105552,0.9927667007429812,0.9927272727272727,0.9927270931982196,"{""labels"": [""0"", ""1"", ""2"", ""3"", ""4"", ""5"", ""6"", ""7"", ""8"", ""9""], ""matrix"": [[114, 0, 0, 0, 0, 0, 0, 0, 0, 0], [0, 113, 0, 1, 0, 0, 0, 0, 0, 0], [0, 0, 114, 0, 0, 0, 0, 1, 0, 0], [0, 1, 1, 103, 0, 0, 0, 0, 0, 0], [0, 0, 0, 0, 115, 0, 0, 0, 0, 0], [0, 0, 0, 1, 0, 104, 0, 0, 0, 0], [0, 0, 0, 0, 0, 0, 105, 0, 0, 0], [0, 2, 0, 0, 0, 0, 0, 112, 1, 0], [0, 0, 0, 0, 0, 0, 0, 0, 106, 0], [0, 0, 0, 0, 0, 0, 0, 0, 0, 106]]}"
pen-based,heom,5,borda,RetentionPolicy.DIFFERENT_CLASS_RETENTION,4,10,9894,1098,0.0017291999974986538,0.27707550000195624,0.2788046999994549,0.994535519125683,0.9946499391813527,0.9943864994726356,0.9944846707526998,0.9945999471652976,0.994535519125683,0.9945344707366918,"{""labels"": [""0"", ""1"", ""2"", ""3"", ""4"", ""5"", ""6"", ""7"", ""8"", ""9""], ""matrix"": [[114, 0, 0, 0, 0, 0, 0, 0, 0, 0], [0, 114, 1, 0, 0, 0, 0, 0, 0, 0], [0, 0, 114, 0, 0, 0, 0, 0, 0, 0], [0, 0, 1, 104, 0, 0, 0, 0, 0, 0], [0, 0, 0, 0, 114, 0, 0, 0, 0, 0], [0, 0, 0, 2, 0, 104, 0, 0, 0, 0], [0, 0, 0, 0, 0, 0, 106, 0, 0, 0], [0, 0, 0, 0, 0, 0, 0, 114, 0, 0], [0, 0, 0, 0, 0, 0, 0, 0, 105, 0], [0, 0, 0, 0, 1, 0, 0, 1, 0, 103]]}"
pen-based,heom,5,borda,RetentionPolicy.DIFFERENT_CLASS_RETENTION,5,10,9894,1098,0.001564500002132263,0.2883068999944953,0.2898713999966276,0.9963570127504554,0.9963012671866582,0.9963408521303257,0.9963080323048651,0.9963910593602642,0.9963570127504554,0.9963614198311428,"{""labels"": [""0"", ""1"", ""2"", ""3"", ""4"", ""5"", ""6"", ""7"", ""8"", ""9""], ""matrix"": [[114, 0, 0, 0, 0, 0, 0, 0, 0, 0], [0, 113, 0, 1, 0, 0, 0, 0, 0, 0], [0, 0, 114, 0, 0, 0, 0, 0, 0, 0], [0, 0, 0, 105, 0, 0, 0, 0, 0, 0], [0, 0, 0, 0, 113, 0, 0, 0, 0, 1], [0, 0, 0, 1, 0, 104, 0, 0, 0, 0], [0, 0, 0, 0, 0, 0, 108, 0, 0, 0], [0, 0, 0, 0, 0, 0, 0, 114, 0, 0], [0, 0, 0, 0, 0, 0, 0, 0, 105, 0], [0, 1, 0, 0, 0, 0, 0, 0, 0, 104]]}"
pen-based,heom,5,borda,RetentionPolicy.DIFFERENT_CLASS_RETENTION,6,10,9890,1102,0.0016322000010404736,0.28559349999704864,0.2872256999980891,0.9954627949183303,0.9955454694324984,0.995430512947169,0.9954643823903458,0.9955103019262443,0.9954627949183303,0.9954624968362888,"{""labels"": [""0"", ""1"", ""2"", ""3"", ""4"", ""5"", ""6"", ""7"", ""8"", ""9""], ""matrix"": [[114, 0, 0, 0, 0, 0, 0, 0, 0, 0], [0, 113, 2, 0, 0, 0, 0, 0, 0, 0], [0, 0, 114, 0, 0, 0, 0, 0, 0, 0], [0, 0, 0, 108, 0, 0, 0, 0, 0, 0], [0, 0, 0, 0, 114, 0, 0, 0, 0, 0], [0, 0, 0, 1, 0, 105, 0, 0, 0, 0], [0, 0, 0, 0, 0, 1, 104, 0, 0, 0], [0, 0, 0, 0, 0, 0, 0, 114, 0, 0], [0, 0, 0, 0, 0, 0, 0, 0, 105, 0], [0, 0, 0, 0, 1, 0, 0, 0, 0, 106]]}"
pen-based,heom,5,borda,RetentionPolicy.DIFFERENT_CLASS_RETENTION,7,10,9892,1100,0.0016114999962155707,0.2817587000026833,0.2833701999988989,0.9927272727272727,0.9930873963201549,0.9928410649264672,0.9929219655768611,0.9928204888980752,0.9927272727272727,0.992730360873515,"{""labels"": [""0"", ""1"", ""2"", ""3"", ""4"", ""5"", ""6"", ""7"", ""8"", ""9""], ""matrix"": [[112, 0, 0, 0, 2, 0, 0, 0, 0, 0], [0, 111, 3, 0, 0, 0, 0, 0, 0, 0], [0, 1, 113, 0, 0, 0, 0, 0, 0, 0], [0, 0, 0, 107, 0, 0, 0, 0, 0, 0], [0, 0, 0, 0, 114, 0, 0, 0, 0, 0], [0, 0, 0, 0, 0, 106, 0, 0, 0, 0], [0, 0, 0, 0, 0, 0, 105, 0, 0, 0], [0, 0, 0, 0, 0, 0, 0, 115, 0, 0], [0, 0, 0, 0, 0, 0, 0, 1, 105, 0], [0, 0, 0, 0, 0, 0, 0, 1, 0, 104]]}"
pen-based,heom,5,borda,RetentionPolicy.DIFFERENT_CLASS_RETENTION,8,10,9894,1098,0.0015000999992480502,0.28306850000080885,0.2845686000000569,0.9954462659380692,0.9955120081468699,0.9953974559039107,0.9954384121782149,0.9954785482297516,0.9954462659380692,0.9954460027388881,"{""labels"": [""0"", ""1"", ""2"", ""3"", ""4"", ""5"", ""6"", ""7"", ""8"", ""9""], ""matrix"": [[113, 0, 0, 0, 0, 0, 1, 0, 0, 0], [0, 113, 1, 0, 0, 0, 0, 0, 0, 0], [0, 0, 115, 0, 0, 0, 0, 0, 0, 0], [0, 0, 0, 104, 1, 0, 0, 0, 0, 0], [0, 0, 0, 0, 114, 0, 0, 0, 0, 0], [0, 0, 0, 0, 0, 105, 0, 1, 0, 0], [0, 0, 0, 0, 0, 0, 105, 0, 0, 0], [0, 0, 0, 0, 0, 0, 0, 114, 0, 0], [0, 0, 0, 0, 0, 0, 0, 0, 106, 0], [0, 0, 0, 0, 0, 1, 0, 0, 0, 104]]}"
pen-based,heom,5,borda,RetentionPolicy.DIFFERENT_CLASS_RETENTION,9,10,9890,1102,0.0014966000017011538,0.2883769999971264,0.28987359999882756,0.9927404718693285,0.9928028448375519,0.9927901172126379,0.9927535741891148,0.9928126513241332,0.9927404718693285,0.9927325015165368,"{""labels"": [""0"", ""1"", ""2"", ""3"", ""4"", ""5"", ""6"", ""7"", ""8"", ""9""], ""matrix"": [[113, 0, 0, 0, 1, 0, 0, 0, 0, 1], [0, 111, 2, 1, 0, 0, 0, 0, 0, 0], [0, 0, 115, 0, 0, 0, 0, 0, 0, 0], [0, 0, 0, 104, 0, 0, 0, 0, 0, 1], [0, 0, 0, 0, 115, 0, 0, 0, 0, 0], [0, 0, 0, 0, 0, 105, 0, 0, 1, 0], [0, 0, 0, 0, 0, 0, 106, 0, 0, 0], [0, 0, 0, 0, 0, 0, 0, 114, 0, 0], [0, 0, 0, 0, 0, 0, 0, 0, 106, 0], [0, 0, 0, 0, 0, 0, 0, 1, 0, 105]]}"
pen-based,heom,5,borda,RetentionPolicy.DD_RETENTION,0,10,9894,1098,0.0015769000019645318,0.2856603999971412,0.28723729999910574,0.9963570127504554,0.9962897729033058,0.9962836336123327,0.996278455383201,0.996364782187974,0.9963570127504554,0.9963526616780509,"{""labels"": [""0"", ""1"", ""2"", ""3"", ""4"", ""5"", ""6"", ""7"", ""8"", ""9""], ""matrix"": [[115, 0, 0, 0, 0, 0, 0, 0, 0, 0], [0, 114, 0, 0, 0, 0, 0, 0, 0, 0], [0, 0, 114, 0, 0, 0, 0, 0, 0, 0], [0, 0, 0, 105, 0, 0, 0, 0, 0, 0], [0, 0, 0, 0, 115, 0, 0, 0, 0, 0], [0, 0, 0, 0, 0, 105, 0, 0, 0, 0], [0, 0, 0, 0, 0, 0, 105, 0, 0, 0], [0, 0, 0, 0, 0, 0, 0, 113, 0, 1], [1, 0, 0, 0, 0, 1, 0, 0, 104, 0], [0, 0, 0, 0, 0, 0, 0, 0, 1, 104]]}"
pen-based,heom,5,borda,RetentionPolicy.DD_RETENTION,1,10,9893,1099,0.0022163000030559488,0.2900988999972469,0.29231520000030287,0.9927206551410374,0.9928486264130587,0.9928473357306309,0.9928070656145669,0.9927938925563353,0.9927206551410374,0.9927163603469216,"{""labels"": [""0"", ""1"", ""2"", ""3"", ""4"", ""5"", ""6"", ""7"", ""8"", ""9""], ""matrix"": [[114, 1, 0, 0, 0, 0, 0, 0, 0, 0], [0, 113, 1, 0, 0, 0, 0, 0, 0, 0], [0, 0, 114, 0, 0, 0, 0, 0, 0, 0], [0, 0, 0, 103, 0, 0, 0, 1, 0, 1], [0, 0, 0, 0, 114, 1, 0, 0, 0, 0], [0, 0, 0, 0, 0, 105, 0, 0, 0, 0], [0, 0, 0, 0, 0, 0, 106, 0, 0, 0], [0, 1, 1, 0, 0, 0, 0, 111, 0, 1], [0, 0, 0, 0, 0, 0, 0, 0, 105, 0], [0, 0, 0, 0, 0, 0, 0, 0, 0, 106]]}"
pen-based,heom,5,borda,RetentionPolicy.DD_RETENTION,2,10,9895,1097,0.0016700999985914677,0.283839399999124,0.28550949999771547,0.9936189608021878,0.9935598370486509,0.9935665250081727,0.9935287877114956,0.9936851517864896,0.9936189608021878,0.993618663729355,"{""labels"": [""0"", ""1"", ""2"", ""3"", ""4"", ""5"", ""6"", ""7"", ""8"", ""9""], ""matrix"": [[113, 0, 0, 0, 0, 0, 0, 0, 0, 1], [0, 114, 0, 0, 1, 0, 0, 0, 0, 0], [0, 0, 115, 0, 0, 0, 0, 0, 0, 0], [0, 0, 0, 104, 0, 1, 0, 0, 0, 0], [0, 0, 0, 0, 114, 0, 0, 0, 0, 0], [0, 0, 0, 0, 0, 105, 0, 0, 0, 0], [0, 0, 0, 0, 0, 0, 105, 0, 0, 0], [0, 1, 0, 0, 0, 0, 0, 113, 0, 0], [0, 0, 0, 0, 0, 0, 0, 0, 105, 0], [0, 0, 0, 1, 0, 2, 0, 0, 0, 102]]}"
pen-based,heom,5,borda,RetentionPolicy.DD_RETENTION,3,10,9892,1100,0.0015042000013636425,0.2970897999985027,0.29859399999986636,0.9927272727272727,0.9928199307898303,0.9927874032908358,0.9927842040105552,0.9927667007429812,0.9927272727272727,0.9927270931982196,"{""labels"": [""0"", ""1"", ""2"", ""3"", ""4"", ""5"", ""6"", ""7"", ""8"", ""9""], ""matrix"": [[114, 0, 0, 0, 0, 0, 0, 0, 0, 0], [0, 113, 0, 1, 0, 0, 0, 0, 0, 0], [0, 0, 114, 0, 0, 0, 0, 1, 0, 0], [0, 1, 1, 103, 0, 0, 0, 0, 0, 0], [0, 0, 0, 0, 115, 0, 0, 0, 0, 0], [0, 0, 0, 1, 0, 104, 0, 0, 0, 0], [0, 0, 0, 0, 0, 0, 105, 0, 0, 0], [0, 2, 0, 0, 0, 0, 0, 112, 1, 0], [0, 0, 0, 0, 0, 0, 0, 0, 106, 0], [0, 0, 0, 0, 0, 0, 0, 0, 0, 106]]}"
pen-based,heom,5,borda,RetentionPolicy.DD_RETENTION,4,10,9894,1098,0.0016106999973999336,0.2909004000030109,0.2925111000004108,0.994535519125683,0.9946499391813527,0.9943864994726356,0.9944846707526998,0.9945999471652976,0.994535519125683,0.9945344707366918,"{""labels"": [""0"", ""1"", ""2"", ""3"", ""4"", ""5"", ""6"", ""7"", ""8"", ""9""], ""matrix"": [[114, 0, 0, 0, 0, 0, 0, 0, 0, 0], [0, 114, 1, 0, 0, 0, 0, 0, 0, 0], [0, 0, 114, 0, 0, 0, 0, 0, 0, 0], [0, 0, 1, 104, 0, 0, 0, 0, 0, 0], [0, 0, 0, 0, 114, 0, 0, 0, 0, 0], [0, 0, 0, 2, 0, 104, 0, 0, 0, 0], [0, 0, 0, 0, 0, 0, 106, 0, 0, 0], [0, 0, 0, 0, 0, 0, 0, 114, 0, 0], [0, 0, 0, 0, 0, 0, 0, 0, 105, 0], [0, 0, 0, 0, 1, 0, 0, 1, 0, 103]]}"
pen-based,heom,5,borda,RetentionPolicy.DD_RETENTION,5,10,9894,1098,0.0016561000011279248,0.28309859999717446,0.2847546999983024,0.9963570127504554,0.9963012671866582,0.9963408521303257,0.9963080323048651,0.9963910593602642,0.9963570127504554,0.9963614198311428,"{""labels"": [""0"", ""1"", ""2"", ""3"", ""4"", ""5"", ""6"", ""7"", ""8"", ""9""], ""matrix"": [[114, 0, 0, 0, 0, 0, 0, 0, 0, 0], [0, 113, 0, 1, 0, 0, 0, 0, 0, 0], [0, 0, 114, 0, 0, 0, 0, 0, 0, 0], [0, 0, 0, 105, 0, 0, 0, 0, 0, 0], [0, 0, 0, 0, 113, 0, 0, 0, 0, 1], [0, 0, 0, 1, 0, 104, 0, 0, 0, 0], [0, 0, 0, 0, 0, 0, 108, 0, 0, 0], [0, 0, 0, 0, 0, 0, 0, 114, 0, 0], [0, 0, 0, 0, 0, 0, 0, 0, 105, 0], [0, 1, 0, 0, 0, 0, 0, 0, 0, 104]]}"
pen-based,heom,5,borda,RetentionPolicy.DD_RETENTION,6,10,9890,1102,0.0014707000009366311,0.2905620000019553,0.29203270000289194,0.9945553539019963,0.9946908967188554,0.9944959335079167,0.9945575857373221,0.9946262611879926,0.9945553539019963,0.9945545346780644,"{""labels"": [""0"", ""1"", ""2"", ""3"", ""4"", ""5"", ""6"", ""7"", ""8"", ""9""], ""matrix"": [[114, 0, 0, 0, 0, 0, 0, 0, 0, 0], [0, 113, 2, 0, 0, 0, 0, 0, 0, 0], [0, 0, 114, 0, 0, 0, 0, 0, 0, 0], [0, 0, 0, 108, 0, 0, 0, 0, 0, 0], [0, 0, 0, 0, 114, 0, 0, 0, 0, 0], [0, 0, 0, 1, 0, 105, 0, 0, 0, 0], [0, 0, 0, 0, 0, 1, 104, 0, 0, 0], [0, 0, 0, 0, 0, 0, 0, 114, 0, 0], [0, 0, 0, 0, 0, 0, 0, 0, 105, 0], [0, 0, 0, 0, 2, 0, 0, 0, 0, 105]]}"
pen-based,heom,5,borda,RetentionPolicy.DD_RETENTION,7,10,9892,1100,0.0017730000035953708,0.287569899999653,0.28934290000324836,0.9927272727272727,0.9930873963201549,0.9928410649264672,0.9929219655768611,0.9928204888980752,0.9927272727272727,0.992730360873515,"{""labels"": [""0"", ""1"", ""2"", ""3"", ""4"", ""5"", ""6"", ""7"", ""8"", ""9""], ""matrix"": [[112, 0, 0, 0, 2, 0, 0, 0, 0, 0], [0, 111, 3, 0, 0, 0, 0, 0, 0, 0], [0, 1, 113, 0, 0, 0, 0, 0, 0, 0], [0, 0, 0, 107, 0, 0, 0, 0, 0, 0], [0, 0, 0, 0, 114, 0, 0, 0, 0, 0], [0, 0, 0, 0, 0, 106, 0, 0, 0, 0], [0, 0, 0, 0, 0, 0, 105, 0, 0, 0], [0, 0, 0, 0, 0, 0, 0, 115, 0, 0], [0, 0, 0, 0, 0, 0, 0, 1, 105, 0], [0, 0, 0, 0, 0, 0, 0, 1, 0, 104]]}"
pen-based,heom,5,borda,RetentionPolicy.DD_RETENTION,8,10,9894,1098,0.0016081000067060813,0.28413609999552136,0.28574420000222744,0.9954462659380692,0.9955120081468699,0.9953974559039107,0.9954384121782149,0.9954785482297516,0.9954462659380692,0.9954460027388881,"{""labels"": [""0"", ""1"", ""2"", ""3"", ""4"", ""5"", ""6"", ""7"", ""8"", ""9""], ""matrix"": [[113, 0, 0, 0, 0, 0, 1, 0, 0, 0], [0, 113, 1, 0, 0, 0, 0, 0, 0, 0], [0, 0, 115, 0, 0, 0, 0, 0, 0, 0], [0, 0, 0, 104, 1, 0, 0, 0, 0, 0], [0, 0, 0, 0, 114, 0, 0, 0, 0, 0], [0, 0, 0, 0, 0, 105, 0, 1, 0, 0], [0, 0, 0, 0, 0, 0, 105, 0, 0, 0], [0, 0, 0, 0, 0, 0, 0, 114, 0, 0], [0, 0, 0, 0, 0, 0, 0, 0, 106, 0], [0, 0, 0, 0, 0, 1, 0, 0, 0, 104]]}"
pen-based,heom,5,borda,RetentionPolicy.DD_RETENTION,9,10,9890,1102,0.0015242999943438917,0.28648729999986244,0.28801159999420634,0.9927404718693285,0.9928028448375519,0.9927901172126379,0.9927535741891148,0.9928126513241332,0.9927404718693285,0.9927325015165368,"{""labels"": [""0"", ""1"", ""2"", ""3"", ""4"", ""5"", ""6"", ""7"", ""8"", ""9""], ""matrix"": [[113, 0, 0, 0, 1, 0, 0, 0, 0, 1], [0, 111, 2, 1, 0, 0, 0, 0, 0, 0], [0, 0, 115, 0, 0, 0, 0, 0, 0, 0], [0, 0, 0, 104, 0, 0, 0, 0, 0, 1], [0, 0, 0, 0, 115, 0, 0, 0, 0, 0], [0, 0, 0, 0, 0, 105, 0, 0, 1, 0], [0, 0, 0, 0, 0, 0, 106, 0, 0, 0], [0, 0, 0, 0, 0, 0, 0, 114, 0, 0], [0, 0, 0, 0, 0, 0, 0, 0, 106, 0], [0, 0, 0, 0, 0, 0, 0, 1, 0, 105]]}"
pen-based,heom,5,modified_plurality,RetentionPolicy.ALWAYS_RETAIN,0,10,9894,1098,0.001669700002821628,0.3346715999941807,0.33634129999700235,0.994535519125683,0.9945922532725626,0.9945368754124854,0.9945322313009844,0.9946001482844464,0.994535519125683,0.9945353003676959,"{""labels"": [""0"", ""1"", ""2"", ""3"", ""4"", ""5"", ""6"", ""7"", ""8"", ""9""], ""matrix"": [[115, 0, 0, 0, 0, 0, 0, 0, 0, 0], [0, 112, 2, 0, 0, 0, 0, 0, 0, 0], [0, 0, 114, 0, 0, 0, 0, 0, 0, 0], [0, 0, 0, 105, 0, 0, 0, 0, 0, 0], [0, 0, 0, 0, 114, 1, 0, 0, 0, 0], [0, 0, 0, 0, 0, 105, 0, 0, 0, 0], [0, 0, 0, 0, 0, 0, 105, 0, 0, 0], [0, 0, 0, 0, 0, 0, 0, 114, 0, 0], [1, 0, 0, 0, 0, 1, 0, 0, 104, 0], [0, 0, 0, 0, 0, 0, 0, 0, 1, 104]]}"
pen-based,heom,5,modified_plurality,RetentionPolicy.ALWAYS_RETAIN,1,10,9893,1099,0.001800799996999558,0.33573210000031395,0.3375328999973135,0.989080982711556,0.9893403116064763,0.9892061573128885,0.9892534796004039,0.989167307599101,0.989080982711556,0.9891041493552042,"{""labels"": [""0"", ""1"", ""2"", ""3"", ""4"", ""5"", ""6"", ""7"", ""8"", ""9""], ""matrix"": [[114, 1, 0, 0, 0, 0, 0, 0, 0, 0], [0, 112, 2, 0, 0, 0, 0, 0, 0, 0], [0, 2, 112, 0, 0, 0, 0, 0, 0, 0], [0, 0, 0, 103, 0, 0, 0, 1, 0, 1], [0, 0, 0, 0, 114, 1, 0, 0, 0, 0], [0, 0, 0, 0, 0, 105, 0, 0, 0, 0], [0, 0, 0, 0, 0, 0, 105, 1, 0, 0], [0, 1, 1, 0, 0, 0, 0, 112, 0, 0], [0, 0, 0, 0, 0, 0, 0, 0, 105, 0], [0, 0, 0, 1, 0, 0, 0, 0, 0, 105]]}"
pen-based,heom,5,modified_plurality,RetentionPolicy.ALWAYS_RETAIN,2,10,9895,1097,0.0016203000050154515,0.3313925999973435,0.33301290000235895,0.9927073837739289,0.9926602622907217,0.9926893320257164,0.9926275677774674,0.9928234927211463,0.9927073837739289,0.9927199153345448,"{""labels"": [""0"", ""1"", ""2"", ""3"", ""4"", ""5"", ""6"", ""7"", ""8"", ""9""], ""matrix"": [[113, 0, 0, 0, 0, 0, 0, 0, 0, 1], [0, 114, 0, 0, 1, 0, 0, 0, 0, 0], [0, 0, 115, 0, 0, 0, 0, 0, 0, 0], [0, 0, 0, 104, 0, 1, 0, 0, 0, 0], [0, 0, 0, 0, 113, 1, 0, 0, 0, 0], [0, 0, 0, 0, 0, 105, 0, 0, 0, 0], [0, 0, 0, 0, 0, 0, 105, 0, 0, 0], [0, 1, 0, 0, 0, 0, 0, 113, 0, 0], [0, 0, 0, 0, 0, 0, 0, 0, 105, 0], [0, 0, 0, 1, 0, 2, 0, 0, 0, 102]]}"
pen-based,heom,5,modified_plurality,RetentionPolicy.ALWAYS_RETAIN,3,10,9892,1100,0.001596199996129144,0.33487470000545727,0.3364709000015864,0.990909090909091,0.9909949572819601,0.9909502015909339,0.9909590351243984,0.9909433160738046,0.990909090909091,0.9909132548858701,"{""labels"": [""0"", ""1"", ""2"", ""3"", ""4"", ""5"", ""6"", ""7"", ""8"", ""9""], ""matrix"": [[114, 0, 0, 0, 0, 0, 0, 0, 0, 0], [0, 111, 0, 2, 0, 0, 0, 1, 0, 0], [0, 0, 114, 0, 0, 0, 0, 1, 0, 0], [0, 1, 1, 103, 0, 0, 0, 0, 0, 0], [0, 0, 0, 0, 115, 0, 0, 0, 0, 0], [0, 0, 0, 1, 0, 103, 0, 0, 0, 1], [0, 0, 0, 0, 0, 0, 105, 0, 0, 0], [0, 2, 0, 0, 0, 0, 0, 113, 0, 0], [0, 0, 0, 0, 0, 0, 0, 0, 106, 0], [0, 0, 0, 0, 0, 0, 0, 0, 0, 106]]}"
pen-based,heom,5,modified_plurality,RetentionPolicy.ALWAYS_RETAIN,4,10,9894,1098,0.001704900001641363,0.3362388000023202,0.33794370000396157,0.994535519125683,0.9946499391813527,0.9944603304816594,0.9945226062960428,0.9945999471652976,0.994535519125683,0.9945349858710872,"{""labels"": [""0"", ""1"", ""2"", ""3"", ""4"", ""5"", ""6"", ""7"", ""8"", ""9""], ""matrix"": [[114, 0, 0, 0, 0, 0, 0, 0, 0, 0], [0, 113, 1, 1, 0, 0, 0, 0, 0, 0], [0, 0, 114, 0, 0, 0, 0, 0, 0, 0], [0, 0, 1, 104, 0, 0, 0, 0, 0, 0], [0, 0, 0, 0, 114, 0, 0, 0, 0, 0], [0, 0, 0, 1, 0, 105, 0, 0, 0, 0], [0, 0, 0, 0, 0, 0, 106, 0, 0, 0], [0, 0, 0, 0, 0, 0, 0, 114, 0, 0], [0, 0, 0, 0, 0, 0, 0, 0, 105, 0], [0, 0, 0, 0, 1, 0, 0, 1, 0, 103]]}"
pen-based,heom,5,modified_plurality,RetentionPolicy.ALWAYS_RETAIN,5,10,9894,1098,0.001704900001641363,0.3308016000009957,0.33250650000263704,0.9954462659380692,0.9954393297343318,0.9954636591478696,0.9954346529848376,0.995496151622876,0.9954462659380692,0.995454632558983,"{""labels"": [""0"", ""1"", ""2"", ""3"", ""4"", ""5"", ""6"", ""7"", ""8"", ""9""], ""matrix"": [[114, 0, 0, 0, 0, 0, 0, 0, 0, 0], [0, 113, 0, 1, 0, 0, 0, 0, 0, 0], [0, 0, 114, 0, 0, 0, 0, 0, 0, 0], [0, 0, 0, 105, 0, 0, 0, 0, 0, 0], [0, 0, 0, 0, 113, 0, 0, 0, 0, 1], [0, 0, 0, 1, 0, 104, 0, 0, 0, 0], [0, 0, 0, 0, 0, 0, 108, 0, 0, 0], [0, 1, 0, 0, 0, 0, 0, 113, 0, 0], [0, 0, 0, 0, 0, 0, 0, 0, 105, 0], [0, 1, 0, 0, 0, 0, 0, 0, 0, 104]]}"
pen-based,heom,5,modified_plurality,RetentionPolicy.ALWAYS_RETAIN,6,10,9890,1102,0.0017682000034255907,0.3322178999951575,0.3339860999985831,0.9927404718693285,0.9929055883721947,0.9927491753080693,0.9927794314436831,0.9928284331683358,0.9927404718693285,0.9927358924621112,"{""labels"": [""0"", ""1"", ""2"", ""3"", ""4"", ""5"", ""6"", ""7"", ""8"", ""9""], ""matrix"": [[114, 0, 0, 0, 0, 0, 0, 0, 0, 0], [0, 112, 2, 1, 0, 0, 0, 0, 0, 0], [0, 0, 114, 0, 0, 0, 0, 0, 0, 0], [0, 0, 0, 108, 0, 0, 0, 0, 0, 0], [0, 0, 0, 0, 113, 0, 0, 1, 0, 0], [0, 0, 0, 1, 0, 105, 0, 0, 0, 0], [0, 0, 0, 0, 0, 1, 104, 0, 0, 0], [0, 0, 0, 0, 0, 0, 0, 114, 0, 0], [0, 0, 0, 0, 0, 0, 0, 0, 105, 0], [0, 0, 0, 0, 2, 0, 0, 0, 0, 105]]}"
pen-based,heom,5,modified_plurality,RetentionPolicy.ALWAYS_RETAIN,7,10,9892,1100,0.0015583000058541074,0.3392820999943069,0.340840400000161,0.9936363636363637,0.9939016602809707,0.9937258856739881,0.993774737934211,0.9937231510507373,0.9936363636363637,0.9936397720585896,"{""labels"": [""0"", ""1"", ""2"", ""3"", ""4"", ""5"", ""6"", ""7"", ""8"", ""9""], ""matrix"": [[112, 0, 0, 0, 2, 0, 0, 0, 0, 0], [0, 112, 2, 0, 0, 0, 0, 0, 0, 0], [0, 0, 114, 0, 0, 0, 0, 0, 0, 0], [0, 0, 0, 107, 0, 0, 0, 0, 0, 0], [0, 0, 0, 0, 114, 0, 0, 0, 0, 0], [0, 0, 0, 0, 0, 106, 0, 0, 0, 0], [0, 0, 0, 0, 0, 0, 105, 0, 0, 0], [0, 0, 0, 1, 0, 0, 0, 114, 0, 0], [0, 0, 0, 0, 0, 0, 0, 1, 105, 0], [0, 0, 0, 0, 0, 0, 0, 1, 0, 104]]}"
pen-based,heom,5,modified_plurality,RetentionPolicy.ALWAYS_RETAIN,8,10,9894,1098,0.001659100002143532,0.32952929999737535,0.3311883999995189,0.9927140255009107,0.9928650898477777,0.9926996737125833,0.9927357417011006,0.9928084457022006,0.9927140255009107,0.9927133273589155,"{""labels"": [""0"", ""1"", ""2"", ""3"", ""4"", ""5"", ""6"", ""7"", ""8"", ""9""], ""matrix"": [[113, 0, 0, 0, 0, 0, 1, 0, 0, 0], [0, 111, 1, 1, 0, 0, 0, 1, 0, 0], [0, 0, 115, 0, 0, 0, 0, 0, 0, 0], [0, 0, 0, 104, 1, 0, 0, 0, 0, 0], [0, 0, 0, 0, 114, 0, 0, 0, 0, 0], [0, 0, 0, 0, 0, 105, 0, 1, 0, 0], [0, 0, 0, 0, 0, 0, 105, 0, 0, 0], [0, 0, 0, 0, 0, 0, 0, 114, 0, 0], [0, 0, 0, 0, 0, 0, 0, 1, 105, 0], [0, 0, 0, 0, 0, 1, 0, 0, 0, 104]]}"
pen-based,heom,5,modified_plurality,RetentionPolicy.ALWAYS_RETAIN,9,10,9890,1102,0.0017961999983526766,0.33711089999997057,0.33890709999832325,0.9900181488203267,0.9900753721908035,0.9899675562984573,0.9899912125138103,0.9900704597005522,0.9900181488203267,0.9900130824147665,"{""labels"": [""0"", ""1"", ""2"", ""3"", ""4"", ""5"", ""6"", ""7"", ""8"", ""9""], ""matrix"": [[113, 0, 0, 0, 1, 0, 0, 0, 0, 1], [0, 112, 1, 1, 0, 0, 0, 0, 0, 0], [0, 0, 115, 0, 0, 0, 0, 0, 0, 0], [0, 0, 0, 104, 0, 0, 0, 0, 0, 1], [0, 0, 0, 0, 114, 1, 0, 0, 0, 0], [0, 0, 0, 0, 0, 105, 0, 0, 1, 0], [0, 0, 0, 0, 0, 0, 106, 0, 0, 0], [0, 0, 0, 0, 0, 0, 0, 114, 0, 0], [0, 0, 0, 0, 0, 0, 0, 1, 105, 0], [0, 1, 0, 0, 0, 0, 0, 2, 0, 103]]}"
pen-based,heom,5,modified_plurality,RetentionPolicy.NEVER_RETAIN,0,10,9894,1098,0.001683899994532112,0.2959901000067475,0.29767400000127964,0.994535519125683,0.9945922532725626,0.9945368754124854,0.9945322313009844,0.9946001482844464,0.994535519125683,0.9945353003676959,"{""labels"": [""0"", ""1"", ""2"", ""3"", ""4"", ""5"", ""6"", ""7"", ""8"", ""9""], ""matrix"": [[115, 0, 0, 0, 0, 0, 0, 0, 0, 0], [0, 112, 2, 0, 0, 0, 0, 0, 0, 0], [0, 0, 114, 0, 0, 0, 0, 0, 0, 0], [0, 0, 0, 105, 0, 0, 0, 0, 0, 0], [0, 0, 0, 0, 114, 1, 0, 0, 0, 0], [0, 0, 0, 0, 0, 105, 0, 0, 0, 0], [0, 0, 0, 0, 0, 0, 105, 0, 0, 0], [0, 0, 0, 0, 0, 0, 0, 114, 0, 0], [1, 0, 0, 0, 0, 1, 0, 0, 104, 0], [0, 0, 0, 0, 0, 0, 0, 0, 1, 104]]}"
pen-based,heom,5,modified_plurality,RetentionPolicy.NEVER_RETAIN,1,10,9893,1099,0.0014359999986481853,0.29843049999908544,0.2998664999977336,0.9899909008189263,0.9902097418191762,0.9901495535393036,0.9901602133115217,0.9900691733338397,0.9899909008189263,0.9900102109919023,"{""labels"": [""0"", ""1"", ""2"", ""3"", ""4"", ""5"", ""6"", ""7"", ""8"", ""9""], ""matrix"": [[114, 1, 0, 0, 0, 0, 0, 0, 0, 0], [0, 112, 2, 0, 0, 0, 0, 0, 0, 0], [0, 2, 112, 0, 0, 0, 0, 0, 0, 0], [0, 0, 0, 103, 0, 0, 0, 1, 0, 1], [0, 0, 0, 0, 114, 1, 0, 0, 0, 0], [0, 0, 0, 0, 0, 105, 0, 0, 0, 0], [0, 0, 0, 0, 0, 0, 106, 0, 0, 0], [0, 1, 1, 0, 0, 0, 0, 112, 0, 0], [0, 0, 0, 0, 0, 0, 0, 0, 105, 0], [0, 0, 0, 1, 0, 0, 0, 0, 0, 105]]}"
pen-based,heom,5,modified_plurality,RetentionPolicy.NEVER_RETAIN,2,10,9895,1097,0.0019720999989658594,0.2998855000041658,0.30185760000313167,0.99179580674567,0.9917961712066236,0.9917369510733355,0.9917060496820364,0.9919185219739565,0.99179580674567,0.991798759811907,"{""labels"": [""0"", ""1"", ""2"", ""3"", ""4"", ""5"", ""6"", ""7"", ""8"", ""9""], ""matrix"": [[113, 0, 0, 0, 0, 0, 0, 0, 0, 1], [0, 114, 0, 0, 1, 0, 0, 0, 0, 0], [0, 0, 115, 0, 0, 0, 0, 0, 0, 0], [0, 0, 0, 104, 0, 1, 0, 0, 0, 0], [0, 0, 0, 0, 113, 1, 0, 0, 0, 0], [0, 0, 0, 0, 0, 105, 0, 0, 0, 0], [0, 0, 0, 0, 0, 0, 105, 0, 0, 0], [0, 1, 0, 0, 0, 0, 0, 113, 0, 0], [0, 0, 0, 0, 0, 0, 0, 0, 105, 0], [0, 1, 0, 1, 0, 2, 0, 0, 0, 101]]}"
pen-based,heom,5,modified_plurality,RetentionPolicy.NEVER_RETAIN,3,10,9892,1100,0.0015350999965448864,0.29220799999893643,0.2937430999954813,0.990909090909091,0.9909771557688314,0.9909591863168998,0.9909637425523421,0.990934819897084,0.990909090909091,0.9909177078845325,"{""labels"": [""0"", ""1"", ""2"", ""3"", ""4"", ""5"", ""6"", ""7"", ""8"", ""9""], ""matrix"": [[114, 0, 0, 0, 0, 0, 0, 0, 0, 0], [0, 111, 0, 2, 0, 0, 0, 1, 0, 0], [0, 0, 114, 0, 0, 0, 0, 1, 0, 0], [0, 1, 1, 103, 0, 0, 0, 0, 0, 0], [0, 0, 0, 0, 115, 0, 0, 0, 0, 0], [0, 0, 0, 1, 0, 104, 0, 0, 0, 0], [0, 0, 0, 0, 0, 0, 105, 0, 0, 0], [0, 2, 0, 0, 0, 0, 0, 113, 0, 0], [0, 0, 0, 0, 0, 0, 0, 0, 106, 0], [0, 0, 0, 0, 0, 1, 0, 0, 0, 105]]}"
pen-based,heom,5,modified_plurality,RetentionPolicy.NEVER_RETAIN,4,10,9894,1098,0.0016601000024820678,0.2990137999950093,0.3006738999974914,0.9927140255009107,0.9928589505568046,0.992713572281812,0.9927391029572306,0.9928091863876369,0.9927140255009107,0.9927134187223785,"{""labels"": [""0"", ""1"", ""2"", ""3"", ""4"", ""5"", ""6"", ""7"", ""8"", ""9""], ""matrix"": [[114, 0, 0, 0, 0, 0, 0, 0, 0, 0], [0, 112, 2, 1, 0, 0, 0, 0, 0, 0], [0, 0, 114, 0, 0, 0, 0, 0, 0, 0], [0, 0, 1, 104, 0, 0, 0, 0, 0, 0], [0, 0, 0, 0, 113, 1, 0, 0, 0, 0], [0, 0, 0, 1, 0, 105, 0, 0, 0, 0], [0, 0, 0, 0, 0, 0, 106, 0, 0, 0], [0, 0, 0, 0, 0, 0, 0, 114, 0, 0], [0, 0, 0, 0, 0, 0, 0, 0, 105, 0], [0, 0, 0, 0, 1, 0, 0, 1, 0, 103]]}"
pen-based,heom,5,modified_plurality,RetentionPolicy.NEVER_RETAIN,5,10,9894,1098,0.0017525000002933666,0.2998011999952723,0.3015536999955657,0.9963570127504554,0.9963650923864213,0.9963408521303257,0.9963407967846711,0.9963814437765136,0.9963570127504554,0.996356957057953,"{""labels"": [""0"", ""1"", ""2"", ""3"", ""4"", ""5"", ""6"", ""7"", ""8"", ""9""], ""matrix"": [[114, 0, 0, 0, 0, 0, 0, 0, 0, 0], [0, 114, 0, 0, 0, 0, 0, 0, 0, 0], [0, 0, 114, 0, 0, 0, 0, 0, 0, 0], [0, 0, 0, 105, 0, 0, 0, 0, 0, 0], [0, 0, 0, 0, 113, 0, 0, 0, 0, 1], [0, 0, 0, 1, 0, 104, 0, 0, 0, 0], [0, 0, 0, 0, 0, 0, 108, 0, 0, 0], [0, 0, 1, 0, 0, 0, 0, 113, 0, 0], [0, 0, 0, 0, 0, 0, 0, 0, 105, 0], [0, 1, 0, 0, 0, 0, 0, 0, 0, 104]]}"
pen-based,heom,5,modified_plurality,RetentionPolicy.NEVER_RETAIN,6,10,9890,1102,0.0014465999993262812,0.2940881999966223,0.29553479999594856,0.9927404718693285,0.9929055883721947,0.9927491753080693,0.9927794314436831,0.9928284331683358,0.9927404718693285,0.9927358924621112,"{""labels"": [""0"", ""1"", ""2"", ""3"", ""4"", ""5"", ""6"", ""7"", ""8"", ""9""], ""matrix"": [[114, 0, 0, 0, 0, 0, 0, 0, 0, 0], [0, 112, 2, 1, 0, 0, 0, 0, 0, 0], [0, 0, 114, 0, 0, 0, 0, 0, 0, 0], [0, 0, 0, 108, 0, 0, 0, 0, 0, 0], [0, 0, 0, 0, 113, 0, 0, 1, 0, 0], [0, 0, 0, 1, 0, 105, 0, 0, 0, 0], [0, 0, 0, 0, 0, 1, 104, 0, 0, 0], [0, 0, 0, 0, 0, 0, 0, 114, 0, 0], [0, 0, 0, 0, 0, 0, 0, 0, 105, 0], [0, 0, 0, 0, 2, 0, 0, 0, 0, 105]]}"
pen-based,heom,5,modified_plurality,RetentionPolicy.NEVER_RETAIN,7,10,9892,1100,0.001483599997300189,0.2957490000044345,0.2972326000017347,0.9927272727272727,0.9930017120250101,0.9928486926915319,0.9928976293326086,0.992790477403651,0.9927272727272727,0.9927307685987471,"{""labels"": [""0"", ""1"", ""2"", ""3"", ""4"", ""5"", ""6"", ""7"", ""8"", ""9""], ""matrix"": [[112, 0, 0, 0, 2, 0, 0, 0, 0, 0], [0, 112, 2, 0, 0, 0, 0, 0, 0, 0], [0, 1, 113, 0, 0, 0, 0, 0, 0, 0], [0, 0, 0, 107, 0, 0, 0, 0, 0, 0], [0, 0, 0, 0, 114, 0, 0, 0, 0, 0], [0, 0, 0, 0, 0, 106, 0, 0, 0, 0], [0, 0, 0, 0, 0, 0, 105, 0, 0, 0], [0, 0, 0, 1, 0, 0, 0, 114, 0, 0], [0, 0, 0, 0, 0, 0, 0, 1, 105, 0], [0, 0, 0, 0, 0, 0, 0, 1, 0, 104]]}"
pen-based,heom,5,modified_plurality,RetentionPolicy.NEVER_RETAIN,8,10,9894,1098,0.001589100000273902,0.2971677000023192,0.2987568000025931,0.9927140255009107,0.9928650898477777,0.9926996737125833,0.9927357417011006,0.9928084457022006,0.9927140255009107,0.9927133273589155,"{""labels"": [""0"", ""1"", ""2"", ""3"", ""4"", ""5"", ""6"", ""7"", ""8"", ""9""], ""matrix"": [[113, 0, 0, 0, 0, 0, 1, 0, 0, 0], [0, 111, 1, 1, 0, 0, 0, 1, 0, 0], [0, 0, 115, 0, 0, 0, 0, 0, 0, 0], [0, 0, 0, 104, 1, 0, 0, 0, 0, 0], [0, 0, 0, 0, 114, 0, 0, 0, 0, 0], [0, 0, 0, 0, 0, 105, 0, 1, 0, 0], [0, 0, 0, 0, 0, 0, 105, 0, 0, 0], [0, 0, 0, 0, 0, 0, 0, 114, 0, 0], [0, 0, 0, 0, 0, 0, 0, 1, 105, 0], [0, 0, 0, 0, 0, 1, 0, 0, 0, 104]]}"
pen-based,heom,5,modified_plurality,RetentionPolicy.NEVER_RETAIN,9,10,9890,1102,0.0016449000031570904,0.2963489999965532,0.29799389999971027,0.9900181488203267,0.9900753721908035,0.9899675562984573,0.9899912125138103,0.9900704597005522,0.9900181488203267,0.9900130824147665,"{""labels"": [""0"", ""1"", ""2"", ""3"", ""4"", ""5"", ""6"", ""7"", ""8"", ""9""], ""matrix"": [[113, 0, 0, 0, 1, 0, 0, 0, 0, 1], [0, 112, 1, 1, 0, 0, 0, 0, 0, 0], [0, 0, 115, 0, 0, 0, 0, 0, 0, 0], [0, 0, 0, 104, 0, 0, 0, 0, 0, 1], [0, 0, 0, 0, 114, 1, 0, 0, 0, 0], [0, 0, 0, 0, 0, 105, 0, 0, 1, 0], [0, 0, 0, 0, 0, 0, 106, 0, 0, 0], [0, 0, 0, 0, 0, 0, 0, 114, 0, 0], [0, 0, 0, 0, 0, 0, 0, 1, 105, 0], [0, 1, 0, 0, 0, 0, 0, 2, 0, 103]]}"
pen-based,heom,5,modified_plurality,RetentionPolicy.DIFFERENT_CLASS_RETENTION,0,10,9894,1098,0.001546200001030229,0.303340800004662,0.30488700000569224,0.994535519125683,0.9945922532725626,0.9945368754124854,0.9945322313009844,0.9946001482844464,0.994535519125683,0.9945353003676959,"{""labels"": [""0"", ""1"", ""2"", ""3"", ""4"", ""5"", ""6"", ""7"", ""8"", ""9""], ""matrix"": [[115, 0, 0, 0, 0, 0, 0, 0, 0, 0], [0, 112, 2, 0, 0, 0, 0, 0, 0, 0], [0, 0, 114, 0, 0, 0, 0, 0, 0, 0], [0, 0, 0, 105, 0, 0, 0, 0, 0, 0], [0, 0, 0, 0, 114, 1, 0, 0, 0, 0], [0, 0, 0, 0, 0, 105, 0, 0, 0, 0], [0, 0, 0, 0, 0, 0, 105, 0, 0, 0], [0, 0, 0, 0, 0, 0, 0, 114, 0, 0], [1, 0, 0, 0, 0, 1, 0, 0, 104, 0], [0, 0, 0, 0, 0, 0, 0, 0, 1, 104]]}"
pen-based,heom,5,modified_plurality,RetentionPolicy.DIFFERENT_CLASS_RETENTION,1,10,9893,1099,0.0019494000007398427,0.30083680000097957,0.3027862000017194,0.9899909008189263,0.9902097418191762,0.9901495535393036,0.9901602133115217,0.9900691733338397,0.9899909008189263,0.9900102109919023,"{""labels"": [""0"", ""1"", ""2"", ""3"", ""4"", ""5"", ""6"", ""7"", ""8"", ""9""], ""matrix"": [[114, 1, 0, 0, 0, 0, 0, 0, 0, 0], [0, 112, 2, 0, 0, 0, 0, 0, 0, 0], [0, 2, 112, 0, 0, 0, 0, 0, 0, 0], [0, 0, 0, 103, 0, 0, 0, 1, 0, 1], [0, 0, 0, 0, 114, 1, 0, 0, 0, 0], [0, 0, 0, 0, 0, 105, 0, 0, 0, 0], [0, 0, 0, 0, 0, 0, 106, 0, 0, 0], [0, 1, 1, 0, 0, 0, 0, 112, 0, 0], [0, 0, 0, 0, 0, 0, 0, 0, 105, 0], [0, 0, 0, 1, 0, 0, 0, 0, 0, 105]]}"
pen-based,heom,5,modified_plurality,RetentionPolicy.DIFFERENT_CLASS_RETENTION,2,10,9895,1097,0.0018367000011494383,0.29735490000166465,0.2991916000028141,0.99179580674567,0.9917961712066236,0.9917369510733355,0.9917060496820364,0.9919185219739565,0.99179580674567,0.991798759811907,"{""labels"": [""0"", ""1"", ""2"", ""3"", ""4"", ""5"", ""6"", ""7"", ""8"", ""9""], ""matrix"": [[113, 0, 0, 0, 0, 0, 0, 0, 0, 1], [0, 114, 0, 0, 1, 0, 0, 0, 0, 0], [0, 0, 115, 0, 0, 0, 0, 0, 0, 0], [0, 0, 0, 104, 0, 1, 0, 0, 0, 0], [0, 0, 0, 0, 113, 1, 0, 0, 0, 0], [0, 0, 0, 0, 0, 105, 0, 0, 0, 0], [0, 0, 0, 0, 0, 0, 105, 0, 0, 0], [0, 1, 0, 0, 0, 0, 0, 113, 0, 0], [0, 0, 0, 0, 0, 0, 0, 0, 105, 0], [0, 1, 0, 1, 0, 2, 0, 0, 0, 101]]}"
pen-based,heom,5,modified_plurality,RetentionPolicy.DIFFERENT_CLASS_RETENTION,3,10,9892,1100,0.0016073000006144866,0.30313729999761563,0.3047445999982301,0.990909090909091,0.9909771557688314,0.9909591863168998,0.9909637425523421,0.990934819897084,0.990909090909091,0.9909177078845325,"{""labels"": [""0"", ""1"", ""2"", ""3"", ""4"", ""5"", ""6"", ""7"", ""8"", ""9""], ""matrix"": [[114, 0, 0, 0, 0, 0, 0, 0, 0, 0], [0, 111, 0, 2, 0, 0, 0, 1, 0, 0], [0, 0, 114, 0, 0, 0, 0, 1, 0, 0], [0, 1, 1, 103, 0, 0, 0, 0, 0, 0], [0, 0, 0, 0, 115, 0, 0, 0, 0, 0], [0, 0, 0, 1, 0, 104, 0, 0, 0, 0], [0, 0, 0, 0, 0, 0, 105, 0, 0, 0], [0, 2, 0, 0, 0, 0, 0, 113, 0, 0], [0, 0, 0, 0, 0, 0, 0, 0, 106, 0], [0, 0, 0, 0, 0, 1, 0, 0, 0, 105]]}"
pen-based,heom,5,modified_plurality,RetentionPolicy.DIFFERENT_CLASS_RETENTION,4,10,9894,1098,0.001524999999674037,0.29546729999856325,0.2969922999982373,0.9927140255009107,0.9928589505568046,0.992713572281812,0.9927391029572306,0.9928091863876369,0.9927140255009107,0.9927134187223785,"{""labels"": [""0"", ""1"", ""2"", ""3"", ""4"", ""5"", ""6"", ""7"", ""8"", ""9""], ""matrix"": [[114, 0, 0, 0, 0, 0, 0, 0, 0, 0], [0, 112, 2, 1, 0, 0, 0, 0, 0, 0], [0, 0, 114, 0, 0, 0, 0, 0, 0, 0], [0, 0, 1, 104, 0, 0, 0, 0, 0, 0], [0, 0, 0, 0, 113, 1, 0, 0, 0, 0], [0, 0, 0, 1, 0, 105, 0, 0, 0, 0], [0, 0, 0, 0, 0, 0, 106, 0, 0, 0], [0, 0, 0, 0, 0, 0, 0, 114, 0, 0], [0, 0, 0, 0, 0, 0, 0, 0, 105, 0], [0, 0, 0, 0, 1, 0, 0, 1, 0, 103]]}"
pen-based,heom,5,modified_plurality,RetentionPolicy.DIFFERENT_CLASS_RETENTION,5,10,9894,1098,0.001523899998574052,0.2996884999956819,0.301212399994256,0.9963570127504554,0.9963650923864213,0.9963408521303257,0.9963407967846711,0.9963814437765136,0.9963570127504554,0.996356957057953,"{""labels"": [""0"", ""1"", ""2"", ""3"", ""4"", ""5"", ""6"", ""7"", ""8"", ""9""], ""matrix"": [[114, 0, 0, 0, 0, 0, 0, 0, 0, 0], [0, 114, 0, 0, 0, 0, 0, 0, 0, 0], [0, 0, 114, 0, 0, 0, 0, 0, 0, 0], [0, 0, 0, 105, 0, 0, 0, 0, 0, 0], [0, 0, 0, 0, 113, 0, 0, 0, 0, 1], [0, 0, 0, 1, 0, 104, 0, 0, 0, 0], [0, 0, 0, 0, 0, 0, 108, 0, 0, 0], [0, 0, 1, 0, 0, 0, 0, 113, 0, 0], [0, 0, 0, 0, 0, 0, 0, 0, 105, 0], [0, 1, 0, 0, 0, 0, 0, 0, 0, 104]]}"
pen-based,heom,5,modified_plurality,RetentionPolicy.DIFFERENT_CLASS_RETENTION,6,10,9890,1102,0.001920599999721162,0.2981419999996433,0.30006259999936447,0.9936479128856625,0.9937675258245212,0.9936837547473216,0.9936861947876892,0.993720092601777,0.9936479128856625,0.9936438201627312,"{""labels"": [""0"", ""1"", ""2"", ""3"", ""4"", ""5"", ""6"", ""7"", ""8"", ""9""], ""matrix"": [[114, 0, 0, 0, 0, 0, 0, 0, 0, 0], [0, 112, 2, 1, 0, 0, 0, 0, 0, 0], [0, 0, 114, 0, 0, 0, 0, 0, 0, 0], [0, 0, 0, 108, 0, 0, 0, 0, 0, 0], [0, 0, 0, 0, 113, 0, 0, 1, 0, 0], [0, 0, 0, 1, 0, 105, 0, 0, 0, 0], [0, 0, 0, 0, 0, 1, 104, 0, 0, 0], [0, 0, 0, 0, 0, 0, 0, 114, 0, 0], [0, 0, 0, 0, 0, 0, 0, 0, 105, 0], [0, 0, 0, 0, 1, 0, 0, 0, 0, 106]]}"
pen-based,heom,5,modified_plurality,RetentionPolicy.DIFFERENT_CLASS_RETENTION,7,10,9892,1100,0.0016269999978248961,0.29837769999721786,0.30000469999504276,0.9927272727272727,0.9930017120250101,0.9928486926915319,0.9928976293326086,0.992790477403651,0.9927272727272727,0.9927307685987471,"{""labels"": [""0"", ""1"", ""2"", ""3"", ""4"", ""5"", ""6"", ""7"", ""8"", ""9""], ""matrix"": [[112, 0, 0, 0, 2, 0, 0, 0, 0, 0], [0, 112, 2, 0, 0, 0, 0, 0, 0, 0], [0, 1, 113, 0, 0, 0, 0, 0, 0, 0], [0, 0, 0, 107, 0, 0, 0, 0, 0, 0], [0, 0, 0, 0, 114, 0, 0, 0, 0, 0], [0, 0, 0, 0, 0, 106, 0, 0, 0, 0], [0, 0, 0, 0, 0, 0, 105, 0, 0, 0], [0, 0, 0, 1, 0, 0, 0, 114, 0, 0], [0, 0, 0, 0, 0, 0, 0, 1, 105, 0], [0, 0, 0, 0, 0, 0, 0, 1, 0, 104]]}"
pen-based,heom,5,modified_plurality,RetentionPolicy.DIFFERENT_CLASS_RETENTION,8,10,9894,1098,0.0018118000007234514,0.29565560000628466,0.2974674000070081,0.9927140255009107,0.9928650898477777,0.9926996737125833,0.9927357417011006,0.9928084457022006,0.9927140255009107,0.9927133273589155,"{""labels"": [""0"", ""1"", ""2"", ""3"", ""4"", ""5"", ""6"", ""7"", ""8"", ""9""], ""matrix"": [[113, 0, 0, 0, 0, 0, 1, 0, 0, 0], [0, 111, 1, 1, 0, 0, 0, 1, 0, 0], [0, 0, 115, 0, 0, 0, 0, 0, 0, 0], [0, 0, 0, 104, 1, 0, 0, 0, 0, 0], [0, 0, 0, 0, 114, 0, 0, 0, 0, 0], [0, 0, 0, 0, 0, 105, 0, 1, 0, 0], [0, 0, 0, 0, 0, 0, 105, 0, 0, 0], [0, 0, 0, 0, 0, 0, 0, 114, 0, 0], [0, 0, 0, 0, 0, 0, 0, 1, 105, 0], [0, 0, 0, 0, 0, 1, 0, 0, 0, 104]]}"
pen-based,heom,5,modified_plurality,RetentionPolicy.DIFFERENT_CLASS_RETENTION,9,10,9890,1102,0.0016953000013018027,0.2985545999981696,0.3002498999994714,0.9900181488203267,0.9900753721908035,0.9899675562984573,0.9899912125138103,0.9900704597005522,0.9900181488203267,0.9900130824147665,"{""labels"": [""0"", ""1"", ""2"", ""3"", ""4"", ""5"", ""6"", ""7"", ""8"", ""9""], ""matrix"": [[113, 0, 0, 0, 1, 0, 0, 0, 0, 1], [0, 112, 1, 1, 0, 0, 0, 0, 0, 0], [0, 0, 115, 0, 0, 0, 0, 0, 0, 0], [0, 0, 0, 104, 0, 0, 0, 0, 0, 1], [0, 0, 0, 0, 114, 1, 0, 0, 0, 0], [0, 0, 0, 0, 0, 105, 0, 0, 1, 0], [0, 0, 0, 0, 0, 0, 106, 0, 0, 0], [0, 0, 0, 0, 0, 0, 0, 114, 0, 0], [0, 0, 0, 0, 0, 0, 0, 1, 105, 0], [0, 1, 0, 0, 0, 0, 0, 2, 0, 103]]}"
pen-based,heom,5,modified_plurality,RetentionPolicy.DD_RETENTION,0,10,9894,1098,0.0016825000056996942,0.30656399999861605,0.30824650000431575,0.994535519125683,0.9945922532725626,0.9945368754124854,0.9945322313009844,0.9946001482844464,0.994535519125683,0.9945353003676959,"{""labels"": [""0"", ""1"", ""2"", ""3"", ""4"", ""5"", ""6"", ""7"", ""8"", ""9""], ""matrix"": [[115, 0, 0, 0, 0, 0, 0, 0, 0, 0], [0, 112, 2, 0, 0, 0, 0, 0, 0, 0], [0, 0, 114, 0, 0, 0, 0, 0, 0, 0], [0, 0, 0, 105, 0, 0, 0, 0, 0, 0], [0, 0, 0, 0, 114, 1, 0, 0, 0, 0], [0, 0, 0, 0, 0, 105, 0, 0, 0, 0], [0, 0, 0, 0, 0, 0, 105, 0, 0, 0], [0, 0, 0, 0, 0, 0, 0, 114, 0, 0], [1, 0, 0, 0, 0, 1, 0, 0, 104, 0], [0, 0, 0, 0, 0, 0, 0, 0, 1, 104]]}"
pen-based,heom,5,modified_plurality,RetentionPolicy.DD_RETENTION,1,10,9893,1099,0.0015173000065260567,0.3062170999983209,0.307734400004847,0.9899909008189263,0.9902097418191762,0.9901495535393036,0.9901602133115217,0.9900691733338397,0.9899909008189263,0.9900102109919023,"{""labels"": [""0"", ""1"", ""2"", ""3"", ""4"", ""5"", ""6"", ""7"", ""8"", ""9""], ""matrix"": [[114, 1, 0, 0, 0, 0, 0, 0, 0, 0], [0, 112, 2, 0, 0, 0, 0, 0, 0, 0], [0, 2, 112, 0, 0, 0, 0, 0, 0, 0], [0, 0, 0, 103, 0, 0, 0, 1, 0, 1], [0, 0, 0, 0, 114, 1, 0, 0, 0, 0], [0, 0, 0, 0, 0, 105, 0, 0, 0, 0], [0, 0, 0, 0, 0, 0, 106, 0, 0, 0], [0, 1, 1, 0, 0, 0, 0, 112, 0, 0], [0, 0, 0, 0, 0, 0, 0, 0, 105, 0], [0, 0, 0, 1, 0, 0, 0, 0, 0, 105]]}"
pen-based,heom,5,modified_plurality,RetentionPolicy.DD_RETENTION,2,10,9895,1097,0.0014730999973835424,0.3042434000017238,0.3057164999991073,0.99179580674567,0.9917961712066236,0.9917369510733355,0.9917060496820364,0.9919185219739565,0.99179580674567,0.991798759811907,"{""labels"": [""0"", ""1"", ""2"", ""3"", ""4"", ""5"", ""6"", ""7"", ""8"", ""9""], ""matrix"": [[113, 0, 0, 0, 0, 0, 0, 0, 0, 1], [0, 114, 0, 0, 1, 0, 0, 0, 0, 0], [0, 0, 115, 0, 0, 0, 0, 0, 0, 0], [0, 0, 0, 104, 0, 1, 0, 0, 0, 0], [0, 0, 0, 0, 113, 1, 0, 0, 0, 0], [0, 0, 0, 0, 0, 105, 0, 0, 0, 0], [0, 0, 0, 0, 0, 0, 105, 0, 0, 0], [0, 1, 0, 0, 0, 0, 0, 113, 0, 0], [0, 0, 0, 0, 0, 0, 0, 0, 105, 0], [0, 1, 0, 1, 0, 2, 0, 0, 0, 101]]}"
pen-based,heom,5,modified_plurality,RetentionPolicy.DD_RETENTION,3,10,9892,1100,0.0016601000024820678,0.3044618999992963,0.30612200000177836,0.9918181818181818,0.9919295367212124,0.9919025825433149,0.9919115882544907,0.991843910806175,0.9918181818181818,0.9918267781788497,"{""labels"": [""0"", ""1"", ""2"", ""3"", ""4"", ""5"", ""6"", ""7"", ""8"", ""9""], ""matrix"": [[114, 0, 0, 0, 0, 0, 0, 0, 0, 0], [0, 111, 0, 2, 0, 0, 0, 1, 0, 0], [0, 0, 114, 0, 0, 0, 0, 1, 0, 0], [0, 1, 1, 103, 0, 0, 0, 0, 0, 0], [0, 0, 0, 0, 115, 0, 0, 0, 0, 0], [0, 0, 0, 1, 0, 104, 0, 0, 0, 0], [0, 0, 0, 0, 0, 0, 105, 0, 0, 0], [0, 2, 0, 0, 0, 0, 0, 113, 0, 0], [0, 0, 0, 0, 0, 0, 0, 0, 106, 0], [0, 0, 0, 0, 0, 0, 0, 0, 0, 106]]}"
pen-based,heom,5,modified_plurality,RetentionPolicy.DD_RETENTION,4,10,9894,1098,0.0016729999988456257,0.30989899999985937,0.311571999998705,0.9927140255009107,0.9928589505568046,0.992713572281812,0.9927391029572306,0.9928091863876369,0.9927140255009107,0.9927134187223785,"{""labels"": [""0"", ""1"", ""2"", ""3"", ""4"", ""5"", ""6"", ""7"", ""8"", ""9""], ""matrix"": [[114, 0, 0, 0, 0, 0, 0, 0, 0, 0], [0, 112, 2, 1, 0, 0, 0, 0, 0, 0], [0, 0, 114, 0, 0, 0, 0, 0, 0, 0], [0, 0, 1, 104, 0, 0, 0, 0, 0, 0], [0, 0, 0, 0, 113, 1, 0, 0, 0, 0], [0, 0, 0, 1, 0, 105, 0, 0, 0, 0], [0, 0, 0, 0, 0, 0, 106, 0, 0, 0], [0, 0, 0, 0, 0, 0, 0, 114, 0, 0], [0, 0, 0, 0, 0, 0, 0, 0, 105, 0], [0, 0, 0, 0, 1, 0, 0, 1, 0, 103]]}"
pen-based,heom,5,modified_plurality,RetentionPolicy.DD_RETENTION,5,10,9894,1098,0.0015399999974761158,0.30986680000205524,0.31140679999953136,0.9954462659380692,0.995431701969267,0.9954636591478696,0.9954308224477965,0.9954882320853772,0.9954462659380692,0.9954506554986672,"{""labels"": [""0"", ""1"", ""2"", ""3"", ""4"", ""5"", ""6"", ""7"", ""8"", ""9""], ""matrix"": [[114, 0, 0, 0, 0, 0, 0, 0, 0, 0], [0, 113, 0, 1, 0, 0, 0, 0, 0, 0], [0, 0, 114, 0, 0, 0, 0, 0, 0, 0], [0, 0, 0, 105, 0, 0, 0, 0, 0, 0], [0, 0, 0, 0, 113, 0, 0, 0, 0, 1], [0, 0, 0, 1, 0, 104, 0, 0, 0, 0], [0, 0, 0, 0, 0, 0, 108, 0, 0, 0], [0, 0, 1, 0, 0, 0, 0, 113, 0, 0], [0, 0, 0, 0, 0, 0, 0, 0, 105, 0], [0, 1, 0, 0, 0, 0, 0, 0, 0, 104]]}"
pen-based,heom,5,modified_plurality,RetentionPolicy.DD_RETENTION,6,10,9890,1102,0.001736000005621463,0.30280459999630693,0.3045406000019284,0.9927404718693285,0.9929055883721947,0.9927491753080693,0.9927794314436831,0.9928284331683358,0.9927404718693285,0.9927358924621112,"{""labels"": [""0"", ""1"", ""2"", ""3"", ""4"", ""5"", ""6"", ""7"", ""8"", ""9""], ""matrix"": [[114, 0, 0, 0, 0, 0, 0, 0, 0, 0], [0, 112, 2, 1, 0, 0, 0, 0, 0, 0], [0, 0, 114, 0, 0, 0, 0, 0, 0, 0], [0, 0, 0, 108, 0, 0, 0, 0, 0, 0], [0, 0, 0, 0, 113, 0, 0, 1, 0, 0], [0, 0, 0, 1, 0, 105, 0, 0, 0, 0], [0, 0, 0, 0, 0, 1, 104, 0, 0, 0], [0, 0, 0, 0, 0, 0, 0, 114, 0, 0], [0, 0, 0, 0, 0, 0, 0, 0, 105, 0], [0, 0, 0, 0, 2, 0, 0, 0, 0, 105]]}"
pen-based,heom,5,modified_plurality,RetentionPolicy.DD_RETENTION,7,10,9892,1100,0.0014851999949314632,0.3047059000018635,0.30619109999679495,0.9927272727272727,0.9930017120250101,0.9928486926915319,0.9928976293326086,0.992790477403651,0.9927272727272727,0.9927307685987471,"{""labels"": [""0"", ""1"", ""2"", ""3"", ""4"", ""5"", ""6"", ""7"", ""8"", ""9""], ""matrix"": [[112, 0, 0, 0, 2, 0, 0, 0, 0, 0], [0, 112, 2, 0, 0, 0, 0, 0, 0, 0], [0, 1, 113, 0, 0, 0, 0, 0, 0, 0], [0, 0, 0, 107, 0, 0, 0, 0, 0, 0], [0, 0, 0, 0, 114, 0, 0, 0, 0, 0], [0, 0, 0, 0, 0, 106, 0, 0, 0, 0], [0, 0, 0, 0, 0, 0, 105, 0, 0, 0], [0, 0, 0, 1, 0, 0, 0, 114, 0, 0], [0, 0, 0, 0, 0, 0, 0, 1, 105, 0], [0, 0, 0, 0, 0, 0, 0, 1, 0, 104]]}"
pen-based,heom,5,modified_plurality,RetentionPolicy.DD_RETENTION,8,10,9894,1098,0.0017107000021496788,0.30988020000222605,0.3115909000043757,0.9927140255009107,0.9928650898477777,0.9926996737125833,0.9927357417011006,0.9928084457022006,0.9927140255009107,0.9927133273589155,"{""labels"": [""0"", ""1"", ""2"", ""3"", ""4"", ""5"", ""6"", ""7"", ""8"", ""9""], ""matrix"": [[113, 0, 0, 0, 0, 0, 1, 0, 0, 0], [0, 111, 1, 1, 0, 0, 0, 1, 0, 0], [0, 0, 115, 0, 0, 0, 0, 0, 0, 0], [0, 0, 0, 104, 1, 0, 0, 0, 0, 0], [0, 0, 0, 0, 114, 0, 0, 0, 0, 0], [0, 0, 0, 0, 0, 105, 0, 1, 0, 0], [0, 0, 0, 0, 0, 0, 105, 0, 0, 0], [0, 0, 0, 0, 0, 0, 0, 114, 0, 0], [0, 0, 0, 0, 0, 0, 0, 1, 105, 0], [0, 0, 0, 0, 0, 1, 0, 0, 0, 104]]}"
pen-based,heom,5,modified_plurality,RetentionPolicy.DD_RETENTION,9,10,9890,1102,0.0015244000023812987,0.30561170000146376,0.30713610000384506,0.9900181488203267,0.9900753721908035,0.9899675562984573,0.9899912125138103,0.9900704597005522,0.9900181488203267,0.9900130824147665,"{""labels"": [""0"", ""1"", ""2"", ""3"", ""4"", ""5"", ""6"", ""7"", ""8"", ""9""], ""matrix"": [[113, 0, 0, 0, 1, 0, 0, 0, 0, 1], [0, 112, 1, 1, 0, 0, 0, 0, 0, 0], [0, 0, 115, 0, 0, 0, 0, 0, 0, 0], [0, 0, 0, 104, 0, 0, 0, 0, 0, 1], [0, 0, 0, 0, 114, 1, 0, 0, 0, 0], [0, 0, 0, 0, 0, 105, 0, 0, 1, 0], [0, 0, 0, 0, 0, 0, 106, 0, 0, 0], [0, 0, 0, 0, 0, 0, 0, 114, 0, 0], [0, 0, 0, 0, 0, 0, 0, 1, 105, 0], [0, 1, 0, 0, 0, 0, 0, 2, 0, 103]]}"
pen-based,heom,7,borda,RetentionPolicy.ALWAYS_RETAIN,0,10,9894,1098,0.0016756000040913932,0.3217348999969545,0.3234105000010459,0.9963570127504554,0.9963725886382955,0.9962836336123327,0.9963156862133529,0.9963727017254731,0.9963570127504554,0.9963524713880837,"{""labels"": [""0"", ""1"", ""2"", ""3"", ""4"", ""5"", ""6"", ""7"", ""8"", ""9""], ""matrix"": [[115, 0, 0, 0, 0, 0, 0, 0, 0, 0], [0, 113, 1, 0, 0, 0, 0, 0, 0, 0], [0, 0, 114, 0, 0, 0, 0, 0, 0, 0], [0, 0, 0, 105, 0, 0, 0, 0, 0, 0], [0, 0, 0, 0, 115, 0, 0, 0, 0, 0], [0, 0, 0, 0, 0, 105, 0, 0, 0, 0], [0, 0, 0, 0, 0, 0, 105, 0, 0, 0], [0, 0, 0, 0, 0, 0, 0, 114, 0, 0], [1, 0, 0, 0, 0, 1, 0, 0, 104, 0], [0, 0, 0, 0, 0, 0, 0, 0, 1, 104]]}"
pen-based,heom,7,borda,RetentionPolicy.ALWAYS_RETAIN,1,10,9893,1099,0.0015392000059364364,0.3211671999961254,0.32270640000206186,0.991810737033667,0.992042301038086,0.9919039395042158,0.9919441881585762,0.9918907144667295,0.991810737033667,0.99182193516259,"{""labels"": [""0"", ""1"", ""2"", ""3"", ""4"", ""5"", ""6"", ""7"", ""8"", ""9""], ""matrix"": [[114, 1, 0, 0, 0, 0, 0, 0, 0, 0], [0, 113, 1, 0, 0, 0, 0, 0, 0, 0], [0, 1, 113, 0, 0, 0, 0, 0, 0, 0], [0, 0, 0, 103, 0, 0, 0, 1, 0, 1], [0, 0, 0, 0, 114, 1, 0, 0, 0, 0], [0, 0, 0, 0, 0, 105, 0, 0, 0, 0], [0, 0, 0, 0, 0, 0, 105, 1, 0, 0], [0, 1, 1, 0, 0, 0, 0, 112, 0, 0], [0, 0, 0, 0, 0, 0, 0, 0, 105, 0], [0, 0, 0, 0, 0, 0, 0, 0, 0, 106]]}"
pen-based,heom,7,borda,RetentionPolicy.ALWAYS_RETAIN,2,10,9895,1097,0.0015152999985730276,0.32170070000574924,0.32321600000432227,0.9936189608021878,0.9935598370486509,0.9935665250081727,0.9935287877114956,0.9936851517864896,0.9936189608021878,0.993618663729355,"{""labels"": [""0"", ""1"", ""2"", ""3"", ""4"", ""5"", ""6"", ""7"", ""8"", ""9""], ""matrix"": [[113, 0, 0, 0, 0, 0, 0, 0, 0, 1], [0, 114, 0, 0, 1, 0, 0, 0, 0, 0], [0, 0, 115, 0, 0, 0, 0, 0, 0, 0], [0, 0, 0, 104, 0, 1, 0, 0, 0, 0], [0, 0, 0, 0, 114, 0, 0, 0, 0, 0], [0, 0, 0, 0, 0, 105, 0, 0, 0, 0], [0, 0, 0, 0, 0, 0, 105, 0, 0, 0], [0, 1, 0, 0, 0, 0, 0, 113, 0, 0], [0, 0, 0, 0, 0, 0, 0, 0, 105, 0], [0, 0, 0, 1, 0, 2, 0, 0, 0, 102]]}"
pen-based,heom,7,borda,RetentionPolicy.ALWAYS_RETAIN,3,10,9892,1100,0.0019240000037825666,0.3198827000014717,0.32180670000525424,0.990909090909091,0.9909374358204724,0.9909578293559986,0.9909224688600251,0.9909594375609591,0.990909090909091,0.9909093645120147,"{""labels"": [""0"", ""1"", ""2"", ""3"", ""4"", ""5"", ""6"", ""7"", ""8"", ""9""], ""matrix"": [[114, 0, 0, 0, 0, 0, 0, 0, 0, 0], [0, 112, 0, 2, 0, 0, 0, 0, 0, 0], [0, 0, 114, 0, 0, 0, 0, 1, 0, 0], [0, 1, 1, 103, 0, 0, 0, 0, 0, 0], [0, 0, 0, 0, 115, 0, 0, 0, 0, 0], [0, 0, 0, 1, 0, 103, 0, 0, 0, 1], [0, 0, 0, 0, 0, 0, 105, 0, 0, 0], [0, 2, 0, 0, 0, 0, 0, 112, 1, 0], [0, 0, 0, 0, 0, 0, 0, 0, 106, 0], [0, 0, 0, 0, 0, 0, 0, 0, 0, 106]]}"
pen-based,heom,7,borda,RetentionPolicy.ALWAYS_RETAIN,4,10,9894,1098,0.0014900000023772009,0.31454389999998966,0.31603390000236686,0.9954462659380692,0.9955843506818021,0.9953298956990508,0.995432538051278,0.9954935100755634,0.9954462659380692,0.9954452586570361,"{""labels"": [""0"", ""1"", ""2"", ""3"", ""4"", ""5"", ""6"", ""7"", ""8"", ""9""], ""matrix"": [[114, 0, 0, 0, 0, 0, 0, 0, 0, 0], [0, 114, 1, 0, 0, 0, 0, 0, 0, 0], [0, 0, 114, 0, 0, 0, 0, 0, 0, 0], [0, 0, 1, 104, 0, 0, 0, 0, 0, 0], [0, 0, 0, 0, 114, 0, 0, 0, 0, 0], [0, 0, 0, 1, 0, 105, 0, 0, 0, 0], [0, 0, 0, 0, 0, 0, 106, 0, 0, 0], [0, 0, 0, 0, 0, 0, 0, 114, 0, 0], [0, 0, 0, 0, 0, 0, 0, 0, 105, 0], [0, 0, 0, 0, 1, 0, 0, 1, 0, 103]]}"
pen-based,heom,7,borda,RetentionPolicy.ALWAYS_RETAIN,5,10,9894,1098,0.0018342999974265695,0.3164894000001368,0.3183236999975634,0.9954462659380692,0.9954393297343318,0.9954636591478696,0.9954346529848376,0.995496151622876,0.9954462659380692,0.995454632558983,"{""labels"": [""0"", ""1"", ""2"", ""3"", ""4"", ""5"", ""6"", ""7"", ""8"", ""9""], ""matrix"": [[114, 0, 0, 0, 0, 0, 0, 0, 0, 0], [0, 113, 0, 1, 0, 0, 0, 0, 0, 0], [0, 0, 114, 0, 0, 0, 0, 0, 0, 0], [0, 0, 0, 105, 0, 0, 0, 0, 0, 0], [0, 0, 0, 0, 113, 0, 0, 0, 0, 1], [0, 0, 0, 1, 0, 104, 0, 0, 0, 0], [0, 0, 0, 0, 0, 0, 108, 0, 0, 0], [0, 1, 0, 0, 0, 0, 0, 113, 0, 0], [0, 0, 0, 0, 0, 0, 0, 0, 105, 0], [0, 1, 0, 0, 0, 0, 0, 0, 0, 104]]}"
pen-based,heom,7,borda,RetentionPolicy.ALWAYS_RETAIN,6,10,9890,1102,0.0015100000018719584,0.31988129999808734,0.3213912999999593,0.9936479128856625,0.993806338997716,0.9936187405254607,0.9936804260638837,0.9937112014764691,0.9936479128856625,0.993647128119335,"{""labels"": [""0"", ""1"", ""2"", ""3"", ""4"", ""5"", ""6"", ""7"", ""8"", ""9""], ""matrix"": [[114, 0, 0, 0, 0, 0, 0, 0, 0, 0], [0, 113, 2, 0, 0, 0, 0, 0, 0, 0], [0, 0, 114, 0, 0, 0, 0, 0, 0, 0], [0, 0, 0, 108, 0, 0, 0, 0, 0, 0], [0, 0, 0, 0, 113, 0, 0, 1, 0, 0], [0, 0, 0, 1, 0, 105, 0, 0, 0, 0], [0, 0, 0, 0, 0, 1, 104, 0, 0, 0], [0, 0, 0, 0, 0, 0, 0, 114, 0, 0], [0, 0, 0, 0, 0, 0, 0, 0, 105, 0], [0, 0, 0, 0, 2, 0, 0, 0, 0, 105]]}"
pen-based,heom,7,borda,RetentionPolicy.ALWAYS_RETAIN,7,10,9892,1100,0.0017405999969923869,0.3168283000049996,0.318568900001992,0.9936363636363637,0.9939423741725688,0.9937182579089232,0.9937993779448625,0.9937065568542132,0.9936363636363637,0.9936396791458074,"{""labels"": [""0"", ""1"", ""2"", ""3"", ""4"", ""5"", ""6"", ""7"", ""8"", ""9""], ""matrix"": [[112, 0, 0, 0, 2, 0, 0, 0, 0, 0], [0, 112, 2, 0, 0, 0, 0, 0, 0, 0], [0, 1, 113, 0, 0, 0, 0, 0, 0, 0], [0, 0, 0, 107, 0, 0, 0, 0, 0, 0], [0, 0, 0, 0, 114, 0, 0, 0, 0, 0], [0, 0, 0, 0, 0, 106, 0, 0, 0, 0], [0, 0, 0, 0, 0, 0, 105, 0, 0, 0], [0, 0, 0, 0, 0, 0, 0, 115, 0, 0], [0, 0, 0, 0, 0, 0, 0, 1, 105, 0], [0, 0, 0, 0, 0, 0, 0, 1, 0, 104]]}"
pen-based,heom,7,borda,RetentionPolicy.ALWAYS_RETAIN,8,10,9894,1098,0.0015952000030665658,0.32243469999957597,0.32402990000264253,0.994535519125683,0.9946574354332267,0.9944540596774957,0.994531594534242,0.9945912869423623,0.994535519125683,0.9945390287660411,"{""labels"": [""0"", ""1"", ""2"", ""3"", ""4"", ""5"", ""6"", ""7"", ""8"", ""9""], ""matrix"": [[113, 0, 0, 0, 0, 0, 1, 0, 0, 0], [0, 113, 1, 0, 0, 0, 0, 0, 0, 0], [0, 0, 115, 0, 0, 0, 0, 0, 0, 0], [0, 0, 0, 104, 1, 0, 0, 0, 0, 0], [0, 0, 0, 0, 114, 0, 0, 0, 0, 0], [0, 0, 0, 0, 0, 105, 0, 1, 0, 0], [0, 0, 0, 0, 0, 0, 105, 0, 0, 0], [0, 0, 0, 0, 0, 0, 0, 114, 0, 0], [0, 0, 0, 0, 0, 0, 0, 1, 105, 0], [0, 0, 0, 0, 0, 1, 0, 0, 0, 104]]}"
pen-based,heom,7,borda,RetentionPolicy.ALWAYS_RETAIN,9,10,9890,1102,0.0015611999988323078,0.3215404000002309,0.3231015999990632,0.9927404718693285,0.9927779712934676,0.992723913968679,0.992719894559564,0.9927958892307837,0.9927404718693285,0.9927362803255447,"{""labels"": [""0"", ""1"", ""2"", ""3"", ""4"", ""5"", ""6"", ""7"", ""8"", ""9""], ""matrix"": [[113, 0, 0, 0, 1, 0, 0, 0, 0, 1], [0, 112, 1, 1, 0, 0, 0, 0, 0, 0], [0, 0, 115, 0, 0, 0, 0, 0, 0, 0], [0, 0, 0, 104, 0, 0, 0, 0, 0, 1], [0, 0, 0, 0, 115, 0, 0, 0, 0, 0], [0, 0, 0, 0, 0, 105, 0, 0, 1, 0], [0, 0, 0, 0, 0, 0, 106, 0, 0, 0], [0, 0, 0, 0, 0, 0, 0, 114, 0, 0], [0, 0, 0, 0, 0, 0, 0, 0, 106, 0], [0, 0, 0, 0, 0, 0, 0, 2, 0, 104]]}"
pen-based,heom,7,borda,RetentionPolicy.NEVER_RETAIN,0,10,9894,1098,0.0017539000036776997,0.27951649999886286,0.28127040000254055,0.9954462659380692,0.9954468259862057,0.9954140683949415,0.9954095424135195,0.9954874095718355,0.9954462659380692,0.9954461698287979,"{""labels"": [""0"", ""1"", ""2"", ""3"", ""4"", ""5"", ""6"", ""7"", ""8"", ""9""], ""matrix"": [[115, 0, 0, 0, 0, 0, 0, 0, 0, 0], [0, 113, 1, 0, 0, 0, 0, 0, 0, 0], [0, 0, 114, 0, 0, 0, 0, 0, 0, 0], [0, 0, 0, 105, 0, 0, 0, 0, 0, 0], [0, 0, 0, 0, 114, 1, 0, 0, 0, 0], [0, 0, 0, 0, 0, 105, 0, 0, 0, 0], [0, 0, 0, 0, 0, 0, 105, 0, 0, 0], [0, 0, 0, 0, 0, 0, 0, 114, 0, 0], [1, 0, 0, 0, 0, 1, 0, 0, 104, 0], [0, 0, 0, 0, 0, 0, 0, 0, 1, 104]]}"
pen-based,heom,7,borda,RetentionPolicy.NEVER_RETAIN,1,10,9893,1099,0.0014542999997502193,0.28106929999921704,0.28252359999896726,0.9927206551410374,0.9929117312507859,0.9928473357306309,0.9928509218696938,0.9927925802014682,0.9927206551410374,0.9927279967992879,"{""labels"": [""0"", ""1"", ""2"", ""3"", ""4"", ""5"", ""6"", ""7"", ""8"", ""9""], ""matrix"": [[114, 1, 0, 0, 0, 0, 0, 0, 0, 0], [0, 113, 1, 0, 0, 0, 0, 0, 0, 0], [0, 1, 113, 0, 0, 0, 0, 0, 0, 0], [0, 0, 0, 103, 0, 0, 0, 1, 0, 1], [0, 0, 0, 0, 114, 1, 0, 0, 0, 0], [0, 0, 0, 0, 0, 105, 0, 0, 0, 0], [0, 0, 0, 0, 0, 0, 106, 0, 0, 0], [0, 1, 1, 0, 0, 0, 0, 112, 0, 0], [0, 0, 0, 0, 0, 0, 0, 0, 105, 0], [0, 0, 0, 0, 0, 0, 0, 0, 0, 106]]}"
pen-based,heom,7,borda,RetentionPolicy.NEVER_RETAIN,2,10,9895,1097,0.0014416999983950518,0.2862042999986443,0.2876459999970393,0.9936189608021878,0.9935598370486509,0.9935665250081727,0.9935287877114956,0.9936851517864896,0.9936189608021878,0.993618663729355,"{""labels"": [""0"", ""1"", ""2"", ""3"", ""4"", ""5"", ""6"", ""7"", ""8"", ""9""], ""matrix"": [[113, 0, 0, 0, 0, 0, 0, 0, 0, 1], [0, 114, 0, 0, 1, 0, 0, 0, 0, 0], [0, 0, 115, 0, 0, 0, 0, 0, 0, 0], [0, 0, 0, 104, 0, 1, 0, 0, 0, 0], [0, 0, 0, 0, 114, 0, 0, 0, 0, 0], [0, 0, 0, 0, 0, 105, 0, 0, 0, 0], [0, 0, 0, 0, 0, 0, 105, 0, 0, 0], [0, 1, 0, 0, 0, 0, 0, 113, 0, 0], [0, 0, 0, 0, 0, 0, 0, 0, 105, 0], [0, 0, 0, 1, 0, 2, 0, 0, 0, 102]]}"
pen-based,heom,7,borda,RetentionPolicy.NEVER_RETAIN,3,10,9892,1100,0.0014461000027949922,0.27812169999378966,0.27956779999658465,0.9918181818181818,0.9918720152597247,0.9919102103083797,0.991875021990117,0.9918600322933294,0.9918181818181818,0.9918228878049943,"{""labels"": [""0"", ""1"", ""2"", ""3"", ""4"", ""5"", ""6"", ""7"", ""8"", ""9""], ""matrix"": [[114, 0, 0, 0, 0, 0, 0, 0, 0, 0], [0, 112, 0, 2, 0, 0, 0, 0, 0, 0], [0, 0, 114, 0, 0, 0, 0, 1, 0, 0], [0, 1, 1, 103, 0, 0, 0, 0, 0, 0], [0, 0, 0, 0, 115, 0, 0, 0, 0, 0], [0, 0, 0, 1, 0, 104, 0, 0, 0, 0], [0, 0, 0, 0, 0, 0, 105, 0, 0, 0], [0, 2, 0, 0, 0, 0, 0, 112, 1, 0], [0, 0, 0, 0, 0, 0, 0, 0, 106, 0], [0, 0, 0, 0, 0, 0, 0, 0, 0, 106]]}"
pen-based,heom,7,borda,RetentionPolicy.NEVER_RETAIN,4,10,9894,1098,0.0015834000005270354,0.2831302999984473,0.28471369999897433,0.994535519125683,0.9947443860487339,0.9944603304816594,0.9945628902102192,0.9946214156477878,0.994535519125683,0.9945383336512034,"{""labels"": [""0"", ""1"", ""2"", ""3"", ""4"", ""5"", ""6"", ""7"", ""8"", ""9""], ""matrix"": [[114, 0, 0, 0, 0, 0, 0, 0, 0, 0], [0, 113, 2, 0, 0, 0, 0, 0, 0, 0], [0, 0, 114, 0, 0, 0, 0, 0, 0, 0], [0, 0, 1, 104, 0, 0, 0, 0, 0, 0], [0, 0, 0, 0, 114, 0, 0, 0, 0, 0], [0, 0, 0, 1, 0, 105, 0, 0, 0, 0], [0, 0, 0, 0, 0, 0, 106, 0, 0, 0], [0, 0, 0, 0, 0, 0, 0, 114, 0, 0], [0, 0, 0, 0, 0, 0, 0, 0, 105, 0], [0, 0, 0, 0, 1, 0, 0, 1, 0, 103]]}"
pen-based,heom,7,borda,RetentionPolicy.NEVER_RETAIN,5,10,9894,1098,0.001483599997300189,0.28145170000061626,0.28293529999791645,0.9963570127504554,0.9963650923864213,0.9963408521303257,0.9963407967846711,0.9963814437765136,0.9963570127504554,0.996356957057953,"{""labels"": [""0"", ""1"", ""2"", ""3"", ""4"", ""5"", ""6"", ""7"", ""8"", ""9""], ""matrix"": [[114, 0, 0, 0, 0, 0, 0, 0, 0, 0], [0, 114, 0, 0, 0, 0, 0, 0, 0, 0], [0, 0, 114, 0, 0, 0, 0, 0, 0, 0], [0, 0, 0, 105, 0, 0, 0, 0, 0, 0], [0, 0, 0, 0, 113, 0, 0, 0, 0, 1], [0, 0, 0, 1, 0, 104, 0, 0, 0, 0], [0, 0, 0, 0, 0, 0, 108, 0, 0, 0], [0, 0, 1, 0, 0, 0, 0, 113, 0, 0], [0, 0, 0, 0, 0, 0, 0, 0, 105, 0], [0, 1, 0, 0, 0, 0, 0, 0, 0, 104]]}"
pen-based,heom,7,borda,RetentionPolicy.NEVER_RETAIN,6,10,9890,1102,0.001658000001043547,0.28071060000365833,0.2823686000047019,0.9936479128856625,0.993806338997716,0.9936187405254607,0.9936804260638837,0.9937112014764691,0.9936479128856625,0.993647128119335,"{""labels"": [""0"", ""1"", ""2"", ""3"", ""4"", ""5"", ""6"", ""7"", ""8"", ""9""], ""matrix"": [[114, 0, 0, 0, 0, 0, 0, 0, 0, 0], [0, 113, 2, 0, 0, 0, 0, 0, 0, 0], [0, 0, 114, 0, 0, 0, 0, 0, 0, 0], [0, 0, 0, 108, 0, 0, 0, 0, 0, 0], [0, 0, 0, 0, 113, 0, 0, 1, 0, 0], [0, 0, 0, 1, 0, 105, 0, 0, 0, 0], [0, 0, 0, 0, 0, 1, 104, 0, 0, 0], [0, 0, 0, 0, 0, 0, 0, 114, 0, 0], [0, 0, 0, 0, 0, 0, 0, 0, 105, 0], [0, 0, 0, 0, 2, 0, 0, 0, 0, 105]]}"
pen-based,heom,7,borda,RetentionPolicy.NEVER_RETAIN,7,10,9892,1100,0.001905999997688923,0.2806542000034824,0.2825602000011713,0.9936363636363637,0.9939423741725688,0.9937182579089232,0.9937993779448625,0.9937065568542132,0.9936363636363637,0.9936396791458074,"{""labels"": [""0"", ""1"", ""2"", ""3"", ""4"", ""5"", ""6"", ""7"", ""8"", ""9""], ""matrix"": [[112, 0, 0, 0, 2, 0, 0, 0, 0, 0], [0, 112, 2, 0, 0, 0, 0, 0, 0, 0], [0, 1, 113, 0, 0, 0, 0, 0, 0, 0], [0, 0, 0, 107, 0, 0, 0, 0, 0, 0], [0, 0, 0, 0, 114, 0, 0, 0, 0, 0], [0, 0, 0, 0, 0, 106, 0, 0, 0, 0], [0, 0, 0, 0, 0, 0, 105, 0, 0, 0], [0, 0, 0, 0, 0, 0, 0, 115, 0, 0], [0, 0, 0, 0, 0, 0, 0, 1, 105, 0], [0, 0, 0, 0, 0, 0, 0, 1, 0, 104]]}"
pen-based,heom,7,borda,RetentionPolicy.NEVER_RETAIN,8,10,9894,1098,0.0015357000011135824,0.2823426000031759,0.2838783000042895,0.994535519125683,0.9946574354332267,0.9944540596774957,0.994531594534242,0.9945912869423623,0.994535519125683,0.9945390287660411,"{""labels"": [""0"", ""1"", ""2"", ""3"", ""4"", ""5"", ""6"", ""7"", ""8"", ""9""], ""matrix"": [[113, 0, 0, 0, 0, 0, 1, 0, 0, 0], [0, 113, 1, 0, 0, 0, 0, 0, 0, 0], [0, 0, 115, 0, 0, 0, 0, 0, 0, 0], [0, 0, 0, 104, 1, 0, 0, 0, 0, 0], [0, 0, 0, 0, 114, 0, 0, 0, 0, 0], [0, 0, 0, 0, 0, 105, 0, 1, 0, 0], [0, 0, 0, 0, 0, 0, 105, 0, 0, 0], [0, 0, 0, 0, 0, 0, 0, 114, 0, 0], [0, 0, 0, 0, 0, 0, 0, 1, 105, 0], [0, 0, 0, 0, 0, 1, 0, 0, 0, 104]]}"
pen-based,heom,7,borda,RetentionPolicy.NEVER_RETAIN,9,10,9890,1102,0.0014220000011846423,0.2860196000037831,0.28744160000496777,0.9927404718693285,0.9927779712934676,0.992723913968679,0.992719894559564,0.9927958892307837,0.9927404718693285,0.9927362803255447,"{""labels"": [""0"", ""1"", ""2"", ""3"", ""4"", ""5"", ""6"", ""7"", ""8"", ""9""], ""matrix"": [[113, 0, 0, 0, 1, 0, 0, 0, 0, 1], [0, 112, 1, 1, 0, 0, 0, 0, 0, 0], [0, 0, 115, 0, 0, 0, 0, 0, 0, 0], [0, 0, 0, 104, 0, 0, 0, 0, 0, 1], [0, 0, 0, 0, 115, 0, 0, 0, 0, 0], [0, 0, 0, 0, 0, 105, 0, 0, 1, 0], [0, 0, 0, 0, 0, 0, 106, 0, 0, 0], [0, 0, 0, 0, 0, 0, 0, 114, 0, 0], [0, 0, 0, 0, 0, 0, 0, 0, 106, 0], [0, 0, 0, 0, 0, 0, 0, 2, 0, 104]]}"
pen-based,heom,7,borda,RetentionPolicy.DIFFERENT_CLASS_RETENTION,0,10,9894,1098,0.0017158000046038069,0.28610979999939445,0.28782560000399826,0.9954462659380692,0.9954468259862057,0.9954140683949415,0.9954095424135195,0.9954874095718355,0.9954462659380692,0.9954461698287979,"{""labels"": [""0"", ""1"", ""2"", ""3"", ""4"", ""5"", ""6"", ""7"", ""8"", ""9""], ""matrix"": [[115, 0, 0, 0, 0, 0, 0, 0, 0, 0], [0, 113, 1, 0, 0, 0, 0, 0, 0, 0], [0, 0, 114, 0, 0, 0, 0, 0, 0, 0], [0, 0, 0, 105, 0, 0, 0, 0, 0, 0], [0, 0, 0, 0, 114, 1, 0, 0, 0, 0], [0, 0, 0, 0, 0, 105, 0, 0, 0, 0], [0, 0, 0, 0, 0, 0, 105, 0, 0, 0], [0, 0, 0, 0, 0, 0, 0, 114, 0, 0], [1, 0, 0, 0, 0, 1, 0, 0, 104, 0], [0, 0, 0, 0, 0, 0, 0, 0, 1, 104]]}"
pen-based,heom,7,borda,RetentionPolicy.DIFFERENT_CLASS_RETENTION,1,10,9893,1099,0.0015514000042458065,0.28517830000055255,0.28672970000479836,0.9927206551410374,0.9929117312507859,0.9928473357306309,0.9928509218696938,0.9927925802014682,0.9927206551410374,0.9927279967992879,"{""labels"": [""0"", ""1"", ""2"", ""3"", ""4"", ""5"", ""6"", ""7"", ""8"", ""9""], ""matrix"": [[114, 1, 0, 0, 0, 0, 0, 0, 0, 0], [0, 113, 1, 0, 0, 0, 0, 0, 0, 0], [0, 1, 113, 0, 0, 0, 0, 0, 0, 0], [0, 0, 0, 103, 0, 0, 0, 1, 0, 1], [0, 0, 0, 0, 114, 1, 0, 0, 0, 0], [0, 0, 0, 0, 0, 105, 0, 0, 0, 0], [0, 0, 0, 0, 0, 0, 106, 0, 0, 0], [0, 1, 1, 0, 0, 0, 0, 112, 0, 0], [0, 0, 0, 0, 0, 0, 0, 0, 105, 0], [0, 0, 0, 0, 0, 0, 0, 0, 0, 106]]}"
pen-based,heom,7,borda,RetentionPolicy.DIFFERENT_CLASS_RETENTION,2,10,9895,1097,0.001635099994018674,0.28280960000120103,0.2844446999952197,0.9936189608021878,0.9935598370486509,0.9935665250081727,0.9935287877114956,0.9936851517864896,0.9936189608021878,0.993618663729355,"{""labels"": [""0"", ""1"", ""2"", ""3"", ""4"", ""5"", ""6"", ""7"", ""8"", ""9""], ""matrix"": [[113, 0, 0, 0, 0, 0, 0, 0, 0, 1], [0, 114, 0, 0, 1, 0, 0, 0, 0, 0], [0, 0, 115, 0, 0, 0, 0, 0, 0, 0], [0, 0, 0, 104, 0, 1, 0, 0, 0, 0], [0, 0, 0, 0, 114, 0, 0, 0, 0, 0], [0, 0, 0, 0, 0, 105, 0, 0, 0, 0], [0, 0, 0, 0, 0, 0, 105, 0, 0, 0], [0, 1, 0, 0, 0, 0, 0, 113, 0, 0], [0, 0, 0, 0, 0, 0, 0, 0, 105, 0], [0, 0, 0, 1, 0, 2, 0, 0, 0, 102]]}"
pen-based,heom,7,borda,RetentionPolicy.DIFFERENT_CLASS_RETENTION,3,10,9892,1100,0.0015217999971355312,0.2846016000039526,0.28612340000108816,0.9918181818181818,0.9918720152597247,0.9919102103083797,0.991875021990117,0.9918600322933294,0.9918181818181818,0.9918228878049943,"{""labels"": [""0"", ""1"", ""2"", ""3"", ""4"", ""5"", ""6"", ""7"", ""8"", ""9""], ""matrix"": [[114, 0, 0, 0, 0, 0, 0, 0, 0, 0], [0, 112, 0, 2, 0, 0, 0, 0, 0, 0], [0, 0, 114, 0, 0, 0, 0, 1, 0, 0], [0, 1, 1, 103, 0, 0, 0, 0, 0, 0], [0, 0, 0, 0, 115, 0, 0, 0, 0, 0], [0, 0, 0, 1, 0, 104, 0, 0, 0, 0], [0, 0, 0, 0, 0, 0, 105, 0, 0, 0], [0, 2, 0, 0, 0, 0, 0, 112, 1, 0], [0, 0, 0, 0, 0, 0, 0, 0, 106, 0], [0, 0, 0, 0, 0, 0, 0, 0, 0, 106]]}"
pen-based,heom,7,borda,RetentionPolicy.DIFFERENT_CLASS_RETENTION,4,10,9894,1098,0.0015064000035636127,0.2854102999990573,0.28691670000262093,0.994535519125683,0.9947443860487339,0.9944603304816594,0.9945628902102192,0.9946214156477878,0.994535519125683,0.9945383336512034,"{""labels"": [""0"", ""1"", ""2"", ""3"", ""4"", ""5"", ""6"", ""7"", ""8"", ""9""], ""matrix"": [[114, 0, 0, 0, 0, 0, 0, 0, 0, 0], [0, 113, 2, 0, 0, 0, 0, 0, 0, 0], [0, 0, 114, 0, 0, 0, 0, 0, 0, 0], [0, 0, 1, 104, 0, 0, 0, 0, 0, 0], [0, 0, 0, 0, 114, 0, 0, 0, 0, 0], [0, 0, 0, 1, 0, 105, 0, 0, 0, 0], [0, 0, 0, 0, 0, 0, 106, 0, 0, 0], [0, 0, 0, 0, 0, 0, 0, 114, 0, 0], [0, 0, 0, 0, 0, 0, 0, 0, 105, 0], [0, 0, 0, 0, 1, 0, 0, 1, 0, 103]]}"
pen-based,heom,7,borda,RetentionPolicy.DIFFERENT_CLASS_RETENTION,5,10,9894,1098,0.0019000000029336661,0.2848422999959439,0.28674229999887757,0.9963570127504554,0.9963650923864213,0.9963408521303257,0.9963407967846711,0.9963814437765136,0.9963570127504554,0.996356957057953,"{""labels"": [""0"", ""1"", ""2"", ""3"", ""4"", ""5"", ""6"", ""7"", ""8"", ""9""], ""matrix"": [[114, 0, 0, 0, 0, 0, 0, 0, 0, 0], [0, 114, 0, 0, 0, 0, 0, 0, 0, 0], [0, 0, 114, 0, 0, 0, 0, 0, 0, 0], [0, 0, 0, 105, 0, 0, 0, 0, 0, 0], [0, 0, 0, 0, 113, 0, 0, 0, 0, 1], [0, 0, 0, 1, 0, 104, 0, 0, 0, 0], [0, 0, 0, 0, 0, 0, 108, 0, 0, 0], [0, 0, 1, 0, 0, 0, 0, 113, 0, 0], [0, 0, 0, 0, 0, 0, 0, 0, 105, 0], [0, 1, 0, 0, 0, 0, 0, 0, 0, 104]]}"
pen-based,heom,7,borda,RetentionPolicy.DIFFERENT_CLASS_RETENTION,6,10,9890,1102,0.0015130000028875656,0.28259959999559214,0.2841125999984797,0.9945553539019963,0.9946682764500425,0.994553319964713,0.9945871894078897,0.9946028609099103,0.9945553539019963,0.994555055819955,"{""labels"": [""0"", ""1"", ""2"", ""3"", ""4"", ""5"", ""6"", ""7"", ""8"", ""9""], ""matrix"": [[114, 0, 0, 0, 0, 0, 0, 0, 0, 0], [0, 113, 2, 0, 0, 0, 0, 0, 0, 0], [0, 0, 114, 0, 0, 0, 0, 0, 0, 0], [0, 0, 0, 108, 0, 0, 0, 0, 0, 0], [0, 0, 0, 0, 113, 0, 0, 1, 0, 0], [0, 0, 0, 1, 0, 105, 0, 0, 0, 0], [0, 0, 0, 0, 0, 1, 104, 0, 0, 0], [0, 0, 0, 0, 0, 0, 0, 114, 0, 0], [0, 0, 0, 0, 0, 0, 0, 0, 105, 0], [0, 0, 0, 0, 1, 0, 0, 0, 0, 106]]}"
pen-based,heom,7,borda,RetentionPolicy.DIFFERENT_CLASS_RETENTION,7,10,9892,1100,0.0015428999977302738,0.28475730000354815,0.2863002000012784,0.9936363636363637,0.9939423741725688,0.9937182579089232,0.9937993779448625,0.9937065568542132,0.9936363636363637,0.9936396791458074,"{""labels"": [""0"", ""1"", ""2"", ""3"", ""4"", ""5"", ""6"", ""7"", ""8"", ""9""], ""matrix"": [[112, 0, 0, 0, 2, 0, 0, 0, 0, 0], [0, 112, 2, 0, 0, 0, 0, 0, 0, 0], [0, 1, 113, 0, 0, 0, 0, 0, 0, 0], [0, 0, 0, 107, 0, 0, 0, 0, 0, 0], [0, 0, 0, 0, 114, 0, 0, 0, 0, 0], [0, 0, 0, 0, 0, 106, 0, 0, 0, 0], [0, 0, 0, 0, 0, 0, 105, 0, 0, 0], [0, 0, 0, 0, 0, 0, 0, 115, 0, 0], [0, 0, 0, 0, 0, 0, 0, 1, 105, 0], [0, 0, 0, 0, 0, 0, 0, 1, 0, 104]]}"
pen-based,heom,7,borda,RetentionPolicy.DIFFERENT_CLASS_RETENTION,8,10,9894,1098,0.0016527999978279695,0.2841970000008587,0.28584979999868665,0.994535519125683,0.9946574354332267,0.9944540596774957,0.994531594534242,0.9945912869423623,0.994535519125683,0.9945390287660411,"{""labels"": [""0"", ""1"", ""2"", ""3"", ""4"", ""5"", ""6"", ""7"", ""8"", ""9""], ""matrix"": [[113, 0, 0, 0, 0, 0, 1, 0, 0, 0], [0, 113, 1, 0, 0, 0, 0, 0, 0, 0], [0, 0, 115, 0, 0, 0, 0, 0, 0, 0], [0, 0, 0, 104, 1, 0, 0, 0, 0, 0], [0, 0, 0, 0, 114, 0, 0, 0, 0, 0], [0, 0, 0, 0, 0, 105, 0, 1, 0, 0], [0, 0, 0, 0, 0, 0, 105, 0, 0, 0], [0, 0, 0, 0, 0, 0, 0, 114, 0, 0], [0, 0, 0, 0, 0, 0, 0, 1, 105, 0], [0, 0, 0, 0, 0, 1, 0, 0, 0, 104]]}"
pen-based,heom,7,borda,RetentionPolicy.DIFFERENT_CLASS_RETENTION,9,10,9890,1102,0.0019391000023460947,0.28259539999999106,0.28453450000233715,0.9927404718693285,0.9927779712934676,0.992723913968679,0.992719894559564,0.9927958892307837,0.9927404718693285,0.9927362803255447,"{""labels"": [""0"", ""1"", ""2"", ""3"", ""4"", ""5"", ""6"", ""7"", ""8"", ""9""], ""matrix"": [[113, 0, 0, 0, 1, 0, 0, 0, 0, 1], [0, 112, 1, 1, 0, 0, 0, 0, 0, 0], [0, 0, 115, 0, 0, 0, 0, 0, 0, 0], [0, 0, 0, 104, 0, 0, 0, 0, 0, 1], [0, 0, 0, 0, 115, 0, 0, 0, 0, 0], [0, 0, 0, 0, 0, 105, 0, 0, 1, 0], [0, 0, 0, 0, 0, 0, 106, 0, 0, 0], [0, 0, 0, 0, 0, 0, 0, 114, 0, 0], [0, 0, 0, 0, 0, 0, 0, 0, 106, 0], [0, 0, 0, 0, 0, 0, 0, 2, 0, 104]]}"
pen-based,heom,7,borda,RetentionPolicy.DD_RETENTION,0,10,9894,1098,0.0014664999980595894,0.29047669999999925,0.29194319999805884,0.9954462659380692,0.9954468259862057,0.9954140683949415,0.9954095424135195,0.9954874095718355,0.9954462659380692,0.9954461698287979,"{""labels"": [""0"", ""1"", ""2"", ""3"", ""4"", ""5"", ""6"", ""7"", ""8"", ""9""], ""matrix"": [[115, 0, 0, 0, 0, 0, 0, 0, 0, 0], [0, 113, 1, 0, 0, 0, 0, 0, 0, 0], [0, 0, 114, 0, 0, 0, 0, 0, 0, 0], [0, 0, 0, 105, 0, 0, 0, 0, 0, 0], [0, 0, 0, 0, 114, 1, 0, 0, 0, 0], [0, 0, 0, 0, 0, 105, 0, 0, 0, 0], [0, 0, 0, 0, 0, 0, 105, 0, 0, 0], [0, 0, 0, 0, 0, 0, 0, 114, 0, 0], [1, 0, 0, 0, 0, 1, 0, 0, 104, 0], [0, 0, 0, 0, 0, 0, 0, 0, 1, 104]]}"
pen-based,heom,7,borda,RetentionPolicy.DD_RETENTION,1,10,9893,1099,0.0014990999989095144,0.2936855000007199,0.2951845999996294,0.9927206551410374,0.9929117312507859,0.9928473357306309,0.9928509218696938,0.9927925802014682,0.9927206551410374,0.9927279967992879,"{""labels"": [""0"", ""1"", ""2"", ""3"", ""4"", ""5"", ""6"", ""7"", ""8"", ""9""], ""matrix"": [[114, 1, 0, 0, 0, 0, 0, 0, 0, 0], [0, 113, 1, 0, 0, 0, 0, 0, 0, 0], [0, 1, 113, 0, 0, 0, 0, 0, 0, 0], [0, 0, 0, 103, 0, 0, 0, 1, 0, 1], [0, 0, 0, 0, 114, 1, 0, 0, 0, 0], [0, 0, 0, 0, 0, 105, 0, 0, 0, 0], [0, 0, 0, 0, 0, 0, 106, 0, 0, 0], [0, 1, 1, 0, 0, 0, 0, 112, 0, 0], [0, 0, 0, 0, 0, 0, 0, 0, 105, 0], [0, 0, 0, 0, 0, 0, 0, 0, 0, 106]]}"
pen-based,heom,7,borda,RetentionPolicy.DD_RETENTION,2,10,9895,1097,0.0018072999955620617,0.29173810000065714,0.2935453999962192,0.9936189608021878,0.9935598370486509,0.9935665250081727,0.9935287877114956,0.9936851517864896,0.9936189608021878,0.993618663729355,"{""labels"": [""0"", ""1"", ""2"", ""3"", ""4"", ""5"", ""6"", ""7"", ""8"", ""9""], ""matrix"": [[113, 0, 0, 0, 0, 0, 0, 0, 0, 1], [0, 114, 0, 0, 1, 0, 0, 0, 0, 0], [0, 0, 115, 0, 0, 0, 0, 0, 0, 0], [0, 0, 0, 104, 0, 1, 0, 0, 0, 0], [0, 0, 0, 0, 114, 0, 0, 0, 0, 0], [0, 0, 0, 0, 0, 105, 0, 0, 0, 0], [0, 0, 0, 0, 0, 0, 105, 0, 0, 0], [0, 1, 0, 0, 0, 0, 0, 113, 0, 0], [0, 0, 0, 0, 0, 0, 0, 0, 105, 0], [0, 0, 0, 1, 0, 2, 0, 0, 0, 102]]}"
pen-based,heom,7,borda,RetentionPolicy.DD_RETENTION,3,10,9892,1100,0.0018759000013233162,0.2852576999939629,0.2871335999952862,0.9918181818181818,0.9918720152597247,0.9919102103083797,0.991875021990117,0.9918600322933294,0.9918181818181818,0.9918228878049943,"{""labels"": [""0"", ""1"", ""2"", ""3"", ""4"", ""5"", ""6"", ""7"", ""8"", ""9""], ""matrix"": [[114, 0, 0, 0, 0, 0, 0, 0, 0, 0], [0, 112, 0, 2, 0, 0, 0, 0, 0, 0], [0, 0, 114, 0, 0, 0, 0, 1, 0, 0], [0, 1, 1, 103, 0, 0, 0, 0, 0, 0], [0, 0, 0, 0, 115, 0, 0, 0, 0, 0], [0, 0, 0, 1, 0, 104, 0, 0, 0, 0], [0, 0, 0, 0, 0, 0, 105, 0, 0, 0], [0, 2, 0, 0, 0, 0, 0, 112, 1, 0], [0, 0, 0, 0, 0, 0, 0, 0, 106, 0], [0, 0, 0, 0, 0, 0, 0, 0, 0, 106]]}"
pen-based,heom,7,borda,RetentionPolicy.DD_RETENTION,4,10,9894,1098,0.0017583000008016825,0.2936485999962315,0.2954068999970332,0.9954462659380692,0.9955843506818021,0.9953298956990508,0.995432538051278,0.9954935100755634,0.9954462659380692,0.9954452586570361,"{""labels"": [""0"", ""1"", ""2"", ""3"", ""4"", ""5"", ""6"", ""7"", ""8"", ""9""], ""matrix"": [[114, 0, 0, 0, 0, 0, 0, 0, 0, 0], [0, 114, 1, 0, 0, 0, 0, 0, 0, 0], [0, 0, 114, 0, 0, 0, 0, 0, 0, 0], [0, 0, 1, 104, 0, 0, 0, 0, 0, 0], [0, 0, 0, 0, 114, 0, 0, 0, 0, 0], [0, 0, 0, 1, 0, 105, 0, 0, 0, 0], [0, 0, 0, 0, 0, 0, 106, 0, 0, 0], [0, 0, 0, 0, 0, 0, 0, 114, 0, 0], [0, 0, 0, 0, 0, 0, 0, 0, 105, 0], [0, 0, 0, 0, 1, 0, 0, 1, 0, 103]]}"
pen-based,heom,7,borda,RetentionPolicy.DD_RETENTION,5,10,9894,1098,0.0015712000022176653,0.28827109999838285,0.2898423000006005,0.9963570127504554,0.9963650923864213,0.9963408521303257,0.9963407967846711,0.9963814437765136,0.9963570127504554,0.996356957057953,"{""labels"": [""0"", ""1"", ""2"", ""3"", ""4"", ""5"", ""6"", ""7"", ""8"", ""9""], ""matrix"": [[114, 0, 0, 0, 0, 0, 0, 0, 0, 0], [0, 114, 0, 0, 0, 0, 0, 0, 0, 0], [0, 0, 114, 0, 0, 0, 0, 0, 0, 0], [0, 0, 0, 105, 0, 0, 0, 0, 0, 0], [0, 0, 0, 0, 113, 0, 0, 0, 0, 1], [0, 0, 0, 1, 0, 104, 0, 0, 0, 0], [0, 0, 0, 0, 0, 0, 108, 0, 0, 0], [0, 0, 1, 0, 0, 0, 0, 113, 0, 0], [0, 0, 0, 0, 0, 0, 0, 0, 105, 0], [0, 1, 0, 0, 0, 0, 0, 0, 0, 104]]}"
pen-based,heom,7,borda,RetentionPolicy.DD_RETENTION,6,10,9890,1102,0.0018188999965786934,0.28879330000199843,0.2906121999985771,0.9945553539019963,0.9946682764500425,0.994553319964713,0.9945871894078897,0.9946028609099103,0.9945553539019963,0.994555055819955,"{""labels"": [""0"", ""1"", ""2"", ""3"", ""4"", ""5"", ""6"", ""7"", ""8"", ""9""], ""matrix"": [[114, 0, 0, 0, 0, 0, 0, 0, 0, 0], [0, 113, 2, 0, 0, 0, 0, 0, 0, 0], [0, 0, 114, 0, 0, 0, 0, 0, 0, 0], [0, 0, 0, 108, 0, 0, 0, 0, 0, 0], [0, 0, 0, 0, 113, 0, 0, 1, 0, 0], [0, 0, 0, 1, 0, 105, 0, 0, 0, 0], [0, 0, 0, 0, 0, 1, 104, 0, 0, 0], [0, 0, 0, 0, 0, 0, 0, 114, 0, 0], [0, 0, 0, 0, 0, 0, 0, 0, 105, 0], [0, 0, 0, 0, 1, 0, 0, 0, 0, 106]]}"
pen-based,heom,7,borda,RetentionPolicy.DD_RETENTION,7,10,9892,1100,0.001499300000432413,0.2850382000033278,0.2865375000037602,0.9936363636363637,0.9939423741725688,0.9937182579089232,0.9937993779448625,0.9937065568542132,0.9936363636363637,0.9936396791458074,"{""labels"": [""0"", ""1"", ""2"", ""3"", ""4"", ""5"", ""6"", ""7"", ""8"", ""9""], ""matrix"": [[112, 0, 0, 0, 2, 0, 0, 0, 0, 0], [0, 112, 2, 0, 0, 0, 0, 0, 0, 0], [0, 1, 113, 0, 0, 0, 0, 0, 0, 0], [0, 0, 0, 107, 0, 0, 0, 0, 0, 0], [0, 0, 0, 0, 114, 0, 0, 0, 0, 0], [0, 0, 0, 0, 0, 106, 0, 0, 0, 0], [0, 0, 0, 0, 0, 0, 105, 0, 0, 0], [0, 0, 0, 0, 0, 0, 0, 115, 0, 0], [0, 0, 0, 0, 0, 0, 0, 1, 105, 0], [0, 0, 0, 0, 0, 0, 0, 1, 0, 104]]}"
pen-based,heom,7,borda,RetentionPolicy.DD_RETENTION,8,10,9894,1098,0.0014884999982314184,0.2867751000012504,0.2882635999994818,0.994535519125683,0.9946574354332267,0.9944540596774957,0.994531594534242,0.9945912869423623,0.994535519125683,0.9945390287660411,"{""labels"": [""0"", ""1"", ""2"", ""3"", ""4"", ""5"", ""6"", ""7"", ""8"", ""9""], ""matrix"": [[113, 0, 0, 0, 0, 0, 1, 0, 0, 0], [0, 113, 1, 0, 0, 0, 0, 0, 0, 0], [0, 0, 115, 0, 0, 0, 0, 0, 0, 0], [0, 0, 0, 104, 1, 0, 0, 0, 0, 0], [0, 0, 0, 0, 114, 0, 0, 0, 0, 0], [0, 0, 0, 0, 0, 105, 0, 1, 0, 0], [0, 0, 0, 0, 0, 0, 105, 0, 0, 0], [0, 0, 0, 0, 0, 0, 0, 114, 0, 0], [0, 0, 0, 0, 0, 0, 0, 1, 105, 0], [0, 0, 0, 0, 0, 1, 0, 0, 0, 104]]}"
pen-based,heom,7,borda,RetentionPolicy.DD_RETENTION,9,10,9890,1102,0.0015598000027239323,0.28822789999685483,0.28978769999957876,0.9927404718693285,0.9927779712934676,0.992723913968679,0.992719894559564,0.9927958892307837,0.9927404718693285,0.9927362803255447,"{""labels"": [""0"", ""1"", ""2"", ""3"", ""4"", ""5"", ""6"", ""7"", ""8"", ""9""], ""matrix"": [[113, 0, 0, 0, 1, 0, 0, 0, 0, 1], [0, 112, 1, 1, 0, 0, 0, 0, 0, 0], [0, 0, 115, 0, 0, 0, 0, 0, 0, 0], [0, 0, 0, 104, 0, 0, 0, 0, 0, 1], [0, 0, 0, 0, 115, 0, 0, 0, 0, 0], [0, 0, 0, 0, 0, 105, 0, 0, 1, 0], [0, 0, 0, 0, 0, 0, 106, 0, 0, 0], [0, 0, 0, 0, 0, 0, 0, 114, 0, 0], [0, 0, 0, 0, 0, 0, 0, 0, 106, 0], [0, 0, 0, 0, 0, 0, 0, 2, 0, 104]]}"
pen-based,heom,7,modified_plurality,RetentionPolicy.ALWAYS_RETAIN,0,10,9894,1098,0.0016715999954612926,0.33881700000347337,0.34048859999893466,0.9936247723132969,0.9937135305460139,0.9935934791860701,0.9936125891213825,0.9936884804269484,0.9936247723132969,0.9936156690305422,"{""labels"": [""0"", ""1"", ""2"", ""3"", ""4"", ""5"", ""6"", ""7"", ""8"", ""9""], ""matrix"": [[115, 0, 0, 0, 0, 0, 0, 0, 0, 0], [0, 112, 2, 0, 0, 0, 0, 0, 0, 0], [0, 0, 114, 0, 0, 0, 0, 0, 0, 0], [0, 0, 0, 105, 0, 0, 0, 0, 0, 0], [0, 0, 0, 0, 114, 1, 0, 0, 0, 0], [0, 0, 0, 0, 0, 105, 0, 0, 0, 0], [0, 0, 0, 0, 0, 0, 105, 0, 0, 0], [0, 0, 0, 0, 0, 0, 0, 114, 0, 0], [1, 0, 0, 0, 0, 1, 0, 1, 103, 0], [0, 0, 0, 0, 0, 0, 0, 0, 1, 104]]}"
pen-based,heom,7,modified_plurality,RetentionPolicy.ALWAYS_RETAIN,1,10,9893,1099,0.0016274000008706935,0.3307222000003094,0.3323496000011801,0.9899909008189263,0.9902023805719935,0.9900833502953447,0.9901230448177953,0.9900615374632407,0.9899909008189263,0.9900061551312062,"{""labels"": [""0"", ""1"", ""2"", ""3"", ""4"", ""5"", ""6"", ""7"", ""8"", ""9""], ""matrix"": [[114, 1, 0, 0, 0, 0, 0, 0, 0, 0], [0, 112, 2, 0, 0, 0, 0, 0, 0, 0], [0, 1, 113, 0, 0, 0, 0, 0, 0, 0], [0, 0, 0, 103, 0, 0, 0, 1, 0, 1], [0, 0, 0, 0, 114, 1, 0, 0, 0, 0], [0, 0, 0, 0, 0, 105, 0, 0, 0, 0], [0, 0, 0, 0, 0, 0, 105, 1, 0, 0], [0, 1, 1, 0, 0, 0, 0, 112, 0, 0], [0, 0, 0, 0, 0, 0, 0, 0, 105, 0], [0, 0, 0, 1, 0, 0, 0, 0, 0, 105]]}"
pen-based,heom,7,modified_plurality,RetentionPolicy.ALWAYS_RETAIN,2,10,9895,1097,0.001465900000766851,0.3367459000000963,0.33821180000086315,0.9908842297174111,0.9909133725776835,0.9908673858559442,0.9908390556462197,0.9910002007975643,0.9908842297174111,0.9908925904325376,"{""labels"": [""0"", ""1"", ""2"", ""3"", ""4"", ""5"", ""6"", ""7"", ""8"", ""9""], ""matrix"": [[113, 0, 0, 0, 0, 0, 0, 0, 0, 1], [0, 113, 1, 0, 1, 0, 0, 0, 0, 0], [0, 0, 115, 0, 0, 0, 0, 0, 0, 0], [0, 0, 0, 104, 0, 1, 0, 0, 0, 0], [0, 0, 0, 0, 113, 1, 0, 0, 0, 0], [0, 0, 0, 0, 0, 105, 0, 0, 0, 0], [0, 0, 0, 0, 0, 0, 105, 0, 0, 0], [0, 1, 0, 0, 0, 0, 0, 113, 0, 0], [0, 0, 0, 0, 0, 0, 0, 1, 104, 0], [0, 0, 0, 1, 0, 2, 0, 0, 0, 102]]}"
pen-based,heom,7,modified_plurality,RetentionPolicy.ALWAYS_RETAIN,3,10,9892,1100,0.001545099999930244,0.3344509999951697,0.33599609999509994,0.99,0.9901300793070623,0.9900157900904848,0.9900644371733336,0.99004923995978,0.99,0.9900163013777834,"{""labels"": [""0"", ""1"", ""2"", ""3"", ""4"", ""5"", ""6"", ""7"", ""8"", ""9""], ""matrix"": [[114, 0, 0, 0, 0, 0, 0, 0, 0, 0], [0, 111, 0, 2, 0, 0, 0, 1, 0, 0], [0, 0, 114, 0, 0, 0, 0, 1, 0, 0], [0, 1, 1, 103, 0, 0, 0, 0, 0, 0], [0, 0, 0, 0, 115, 0, 0, 0, 0, 0], [0, 0, 0, 1, 0, 104, 0, 0, 0, 0], [0, 0, 0, 0, 0, 0, 105, 0, 0, 0], [0, 2, 0, 0, 0, 0, 0, 113, 0, 0], [0, 0, 0, 0, 0, 0, 0, 1, 105, 0], [0, 0, 0, 0, 0, 1, 0, 0, 0, 105]]}"
pen-based,heom,7,modified_plurality,RetentionPolicy.ALWAYS_RETAIN,4,10,9894,1098,0.0017518999957246706,0.3355076000007102,0.3372594999964349,0.9918032786885246,0.9919330199659122,0.991770176055397,0.9917957067308155,0.9919236518086777,0.9918032786885246,0.9918069068053017,"{""labels"": [""0"", ""1"", ""2"", ""3"", ""4"", ""5"", ""6"", ""7"", ""8"", ""9""], ""matrix"": [[114, 0, 0, 0, 0, 0, 0, 0, 0, 0], [0, 112, 2, 1, 0, 0, 0, 0, 0, 0], [0, 0, 114, 0, 0, 0, 0, 0, 0, 0], [0, 0, 1, 104, 0, 0, 0, 0, 0, 0], [0, 0, 0, 0, 113, 1, 0, 0, 0, 0], [0, 0, 0, 2, 0, 104, 0, 0, 0, 0], [0, 0, 0, 0, 0, 0, 106, 0, 0, 0], [0, 0, 0, 0, 0, 0, 0, 114, 0, 0], [0, 0, 0, 0, 0, 0, 0, 0, 105, 0], [0, 0, 0, 0, 1, 0, 0, 1, 0, 103]]}"
pen-based,heom,7,modified_plurality,RetentionPolicy.ALWAYS_RETAIN,5,10,9894,1098,0.0015109999949345365,0.3400231000050553,0.34153409999998985,0.9927140255009107,0.9927998530125157,0.9927568922305765,0.9927573883251638,0.992755711310608,0.9927140255009107,0.9927141776308673,"{""labels"": [""0"", ""1"", ""2"", ""3"", ""4"", ""5"", ""6"", ""7"", ""8"", ""9""], ""matrix"": [[114, 0, 0, 0, 0, 0, 0, 0, 0, 0], [0, 112, 0, 1, 1, 0, 0, 0, 0, 0], [0, 0, 114, 0, 0, 0, 0, 0, 0, 0], [0, 0, 0, 105, 0, 0, 0, 0, 0, 0], [0, 0, 0, 0, 112, 0, 0, 1, 0, 1], [0, 0, 0, 1, 0, 104, 0, 0, 0, 0], [0, 0, 0, 0, 0, 0, 108, 0, 0, 0], [0, 0, 1, 0, 0, 0, 0, 113, 0, 0], [0, 0, 0, 0, 0, 0, 0, 1, 104, 0], [0, 1, 0, 0, 0, 0, 0, 0, 0, 104]]}"
pen-based,heom,7,modified_plurality,RetentionPolicy.ALWAYS_RETAIN,6,10,9890,1102,0.001523700004327111,0.3388379999960307,0.3403617000003578,0.9927404718693285,0.9929055883721947,0.9927491753080693,0.9927794314436831,0.9928284331683358,0.9927404718693285,0.9927358924621112,"{""labels"": [""0"", ""1"", ""2"", ""3"", ""4"", ""5"", ""6"", ""7"", ""8"", ""9""], ""matrix"": [[114, 0, 0, 0, 0, 0, 0, 0, 0, 0], [0, 112, 2, 1, 0, 0, 0, 0, 0, 0], [0, 0, 114, 0, 0, 0, 0, 0, 0, 0], [0, 0, 0, 108, 0, 0, 0, 0, 0, 0], [0, 0, 0, 0, 113, 0, 0, 1, 0, 0], [0, 0, 0, 1, 0, 105, 0, 0, 0, 0], [0, 0, 0, 0, 0, 1, 104, 0, 0, 0], [0, 0, 0, 0, 0, 0, 0, 114, 0, 0], [0, 0, 0, 0, 0, 0, 0, 0, 105, 0], [0, 0, 0, 0, 2, 0, 0, 0, 0, 105]]}"
pen-based,heom,7,modified_plurality,RetentionPolicy.ALWAYS_RETAIN,7,10,9892,1100,0.001665200004936196,0.33207519999996293,0.33374040000489913,0.9945454545454545,0.9948423224285292,0.9945954508913794,0.9946764865464648,0.9946392305012994,0.9945454545454545,0.9945486826056498,"{""labels"": [""0"", ""1"", ""2"", ""3"", ""4"", ""5"", ""6"", ""7"", ""8"", ""9""], ""matrix"": [[112, 0, 0, 0, 2, 0, 0, 0, 0, 0], [0, 112, 2, 0, 0, 0, 0, 0, 0, 0], [0, 0, 114, 0, 0, 0, 0, 0, 0, 0], [0, 0, 0, 107, 0, 0, 0, 0, 0, 0], [0, 0, 0, 0, 114, 0, 0, 0, 0, 0], [0, 0, 0, 0, 0, 106, 0, 0, 0, 0], [0, 0, 0, 0, 0, 0, 105, 0, 0, 0], [0, 0, 0, 0, 0, 0, 0, 115, 0, 0], [0, 0, 0, 0, 0, 0, 0, 1, 105, 0], [0, 0, 0, 0, 0, 0, 0, 1, 0, 104]]}"
pen-based,heom,7,modified_plurality,RetentionPolicy.ALWAYS_RETAIN,8,10,9894,1098,0.0015369999964605086,0.3392602000021725,0.340797199998633,0.9927140255009107,0.9928366782855524,0.9926996737125833,0.9927236787895637,0.9927783049700424,0.9927140255009107,0.9927011334175933,"{""labels"": [""0"", ""1"", ""2"", ""3"", ""4"", ""5"", ""6"", ""7"", ""8"", ""9""], ""matrix"": [[113, 0, 0, 0, 0, 0, 1, 0, 0, 0], [0, 111, 1, 1, 0, 0, 0, 1, 0, 0], [0, 0, 115, 0, 0, 0, 0, 0, 0, 0], [0, 0, 0, 104, 1, 0, 0, 0, 0, 0], [0, 0, 0, 0, 114, 0, 0, 0, 0, 0], [0, 0, 0, 0, 0, 106, 0, 0, 0, 0], [0, 0, 0, 0, 0, 0, 105, 0, 0, 0], [0, 0, 0, 0, 0, 0, 0, 114, 0, 0], [1, 0, 0, 0, 0, 0, 0, 1, 104, 0], [0, 0, 0, 0, 0, 1, 0, 0, 0, 104]]}"
pen-based,heom,7,modified_plurality,RetentionPolicy.ALWAYS_RETAIN,9,10,9890,1102,0.0017433000029996037,0.33582580000074813,0.33756910000374774,0.9900181488203267,0.9900753721908035,0.9899675562984573,0.9899912125138103,0.9900704597005522,0.9900181488203267,0.9900130824147665,"{""labels"": [""0"", ""1"", ""2"", ""3"", ""4"", ""5"", ""6"", ""7"", ""8"", ""9""], ""matrix"": [[113, 0, 0, 0, 1, 0, 0, 0, 0, 1], [0, 112, 1, 1, 0, 0, 0, 0, 0, 0], [0, 0, 115, 0, 0, 0, 0, 0, 0, 0], [0, 0, 0, 104, 0, 0, 0, 0, 0, 1], [0, 0, 0, 0, 114, 1, 0, 0, 0, 0], [0, 0, 0, 0, 0, 105, 0, 0, 1, 0], [0, 0, 0, 0, 0, 0, 106, 0, 0, 0], [0, 0, 0, 0, 0, 0, 0, 114, 0, 0], [0, 0, 0, 0, 0, 0, 0, 1, 105, 0], [0, 1, 0, 0, 0, 0, 0, 2, 0, 103]]}"
pen-based,heom,7,modified_plurality,RetentionPolicy.NEVER_RETAIN,0,10,9894,1098,0.0015572000047541223,0.29267519999848446,0.2942324000032386,0.9936247723132969,0.9937135305460139,0.9935934791860701,0.9936125891213825,0.9936884804269484,0.9936247723132969,0.9936156690305422,"{""labels"": [""0"", ""1"", ""2"", ""3"", ""4"", ""5"", ""6"", ""7"", ""8"", ""9""], ""matrix"": [[115, 0, 0, 0, 0, 0, 0, 0, 0, 0], [0, 112, 2, 0, 0, 0, 0, 0, 0, 0], [0, 0, 114, 0, 0, 0, 0, 0, 0, 0], [0, 0, 0, 105, 0, 0, 0, 0, 0, 0], [0, 0, 0, 0, 114, 1, 0, 0, 0, 0], [0, 0, 0, 0, 0, 105, 0, 0, 0, 0], [0, 0, 0, 0, 0, 0, 105, 0, 0, 0], [0, 0, 0, 0, 0, 0, 0, 114, 0, 0], [1, 0, 0, 0, 0, 1, 0, 1, 103, 0], [0, 0, 0, 0, 0, 0, 0, 0, 1, 104]]}"
pen-based,heom,7,modified_plurality,RetentionPolicy.NEVER_RETAIN,1,10,9893,1099,0.0014679000014439225,0.29915929999697255,0.30062719999841647,0.9909008189262967,0.9910718107846934,0.9910267465217597,0.9910297785289129,0.9909634031979794,0.9909008189262967,0.9909122167679041,"{""labels"": [""0"", ""1"", ""2"", ""3"", ""4"", ""5"", ""6"", ""7"", ""8"", ""9""], ""matrix"": [[114, 1, 0, 0, 0, 0, 0, 0, 0, 0], [0, 112, 2, 0, 0, 0, 0, 0, 0, 0], [0, 1, 113, 0, 0, 0, 0, 0, 0, 0], [0, 0, 0, 103, 0, 0, 0, 1, 0, 1], [0, 0, 0, 0, 114, 1, 0, 0, 0, 0], [0, 0, 0, 0, 0, 105, 0, 0, 0, 0], [0, 0, 0, 0, 0, 0, 106, 0, 0, 0], [0, 1, 1, 0, 0, 0, 0, 112, 0, 0], [0, 0, 0, 0, 0, 0, 0, 0, 105, 0], [0, 0, 0, 1, 0, 0, 0, 0, 0, 105]]}"
pen-based,heom,7,modified_plurality,RetentionPolicy.NEVER_RETAIN,2,10,9895,1097,0.001555399998323992,0.29975130000093486,0.30130669999925885,0.99179580674567,0.9918687892928212,0.99189495477825,0.9918149557337361,0.9919860132588567,0.99179580674567,0.9918260448722498,"{""labels"": [""0"", ""1"", ""2"", ""3"", ""4"", ""5"", ""6"", ""7"", ""8"", ""9""], ""matrix"": [[113, 0, 0, 0, 0, 0, 0, 0, 0, 1], [0, 113, 1, 0, 1, 0, 0, 0, 0, 0], [0, 0, 115, 0, 0, 0, 0, 0, 0, 0], [0, 0, 0, 104, 0, 1, 0, 0, 0, 0], [0, 0, 0, 0, 112, 2, 0, 0, 0, 0], [0, 0, 0, 0, 0, 105, 0, 0, 0, 0], [0, 0, 0, 0, 0, 0, 105, 0, 0, 0], [0, 1, 0, 0, 0, 0, 0, 113, 0, 0], [0, 0, 0, 0, 0, 0, 0, 0, 105, 0], [0, 0, 0, 0, 0, 2, 0, 0, 0, 103]]}"
pen-based,heom,7,modified_plurality,RetentionPolicy.NEVER_RETAIN,3,10,9892,1100,0.0016391000026487745,0.3012243999983184,0.3028635000009672,0.9890909090909091,0.9891956678066132,0.9890723938640698,0.9891165698747553,0.9891573017093511,0.9890909090909091,0.9891071694354759,"{""labels"": [""0"", ""1"", ""2"", ""3"", ""4"", ""5"", ""6"", ""7"", ""8"", ""9""], ""matrix"": [[114, 0, 0, 0, 0, 0, 0, 0, 0, 0], [0, 111, 0, 2, 0, 0, 0, 1, 0, 0], [0, 0, 114, 0, 0, 0, 0, 1, 0, 0], [0, 1, 1, 103, 0, 0, 0, 0, 0, 0], [0, 0, 0, 0, 115, 0, 0, 0, 0, 0], [0, 0, 0, 1, 0, 104, 0, 0, 0, 0], [0, 0, 0, 0, 0, 0, 105, 0, 0, 0], [0, 2, 0, 0, 0, 0, 0, 113, 0, 0], [0, 0, 0, 0, 0, 0, 0, 1, 105, 0], [0, 0, 0, 0, 0, 2, 0, 0, 0, 104]]}"
pen-based,heom,7,modified_plurality,RetentionPolicy.NEVER_RETAIN,4,10,9894,1098,0.001498199999332428,0.29682429999957094,0.29832249999890337,0.9918032786885246,0.9919330199659122,0.991770176055397,0.9917957067308155,0.9919236518086777,0.9918032786885246,0.9918069068053017,"{""labels"": [""0"", ""1"", ""2"", ""3"", ""4"", ""5"", ""6"", ""7"", ""8"", ""9""], ""matrix"": [[114, 0, 0, 0, 0, 0, 0, 0, 0, 0], [0, 112, 2, 1, 0, 0, 0, 0, 0, 0], [0, 0, 114, 0, 0, 0, 0, 0, 0, 0], [0, 0, 1, 104, 0, 0, 0, 0, 0, 0], [0, 0, 0, 0, 113, 1, 0, 0, 0, 0], [0, 0, 0, 2, 0, 104, 0, 0, 0, 0], [0, 0, 0, 0, 0, 0, 106, 0, 0, 0], [0, 0, 0, 0, 0, 0, 0, 114, 0, 0], [0, 0, 0, 0, 0, 0, 0, 0, 105, 0], [0, 0, 0, 0, 1, 0, 0, 1, 0, 103]]}"
pen-based,heom,7,modified_plurality,RetentionPolicy.NEVER_RETAIN,5,10,9894,1098,0.0015253000019583851,0.29644610000104876,0.29797140000300715,0.9927140255009107,0.9927998530125157,0.9927568922305765,0.9927573883251638,0.992755711310608,0.9927140255009107,0.9927141776308673,"{""labels"": [""0"", ""1"", ""2"", ""3"", ""4"", ""5"", ""6"", ""7"", ""8"", ""9""], ""matrix"": [[114, 0, 0, 0, 0, 0, 0, 0, 0, 0], [0, 112, 0, 1, 1, 0, 0, 0, 0, 0], [0, 0, 114, 0, 0, 0, 0, 0, 0, 0], [0, 0, 0, 105, 0, 0, 0, 0, 0, 0], [0, 0, 0, 0, 112, 0, 0, 1, 0, 1], [0, 0, 0, 1, 0, 104, 0, 0, 0, 0], [0, 0, 0, 0, 0, 0, 108, 0, 0, 0], [0, 0, 1, 0, 0, 0, 0, 113, 0, 0], [0, 0, 0, 0, 0, 0, 0, 1, 104, 0], [0, 1, 0, 0, 0, 0, 0, 0, 0, 104]]}"
pen-based,heom,7,modified_plurality,RetentionPolicy.NEVER_RETAIN,6,10,9890,1102,0.0014627999989897944,0.29874060000292957,0.30020340000191936,0.9927404718693285,0.9929055883721947,0.9927491753080693,0.9927794314436831,0.9928284331683358,0.9927404718693285,0.9927358924621112,"{""labels"": [""0"", ""1"", ""2"", ""3"", ""4"", ""5"", ""6"", ""7"", ""8"", ""9""], ""matrix"": [[114, 0, 0, 0, 0, 0, 0, 0, 0, 0], [0, 112, 2, 1, 0, 0, 0, 0, 0, 0], [0, 0, 114, 0, 0, 0, 0, 0, 0, 0], [0, 0, 0, 108, 0, 0, 0, 0, 0, 0], [0, 0, 0, 0, 113, 0, 0, 1, 0, 0], [0, 0, 0, 1, 0, 105, 0, 0, 0, 0], [0, 0, 0, 0, 0, 1, 104, 0, 0, 0], [0, 0, 0, 0, 0, 0, 0, 114, 0, 0], [0, 0, 0, 0, 0, 0, 0, 0, 105, 0], [0, 0, 0, 0, 2, 0, 0, 0, 0, 105]]}"
pen-based,heom,7,modified_plurality,RetentionPolicy.NEVER_RETAIN,7,10,9892,1100,0.001597599999513477,0.2976338000007672,0.2992314000002807,0.9945454545454545,0.9948423224285292,0.9945954508913794,0.9946764865464648,0.9946392305012994,0.9945454545454545,0.9945486826056498,"{""labels"": [""0"", ""1"", ""2"", ""3"", ""4"", ""5"", ""6"", ""7"", ""8"", ""9""], ""matrix"": [[112, 0, 0, 0, 2, 0, 0, 0, 0, 0], [0, 112, 2, 0, 0, 0, 0, 0, 0, 0], [0, 0, 114, 0, 0, 0, 0, 0, 0, 0], [0, 0, 0, 107, 0, 0, 0, 0, 0, 0], [0, 0, 0, 0, 114, 0, 0, 0, 0, 0], [0, 0, 0, 0, 0, 106, 0, 0, 0, 0], [0, 0, 0, 0, 0, 0, 105, 0, 0, 0], [0, 0, 0, 0, 0, 0, 0, 115, 0, 0], [0, 0, 0, 0, 0, 0, 0, 1, 105, 0], [0, 0, 0, 0, 0, 0, 0, 1, 0, 104]]}"
pen-based,heom,7,modified_plurality,RetentionPolicy.NEVER_RETAIN,8,10,9894,1098,0.0014771999994991347,0.29779509999934817,0.2992722999988473,0.9936247723132969,0.9937138712680085,0.9936430699389984,0.9936387904407505,0.9936890517824285,0.9936247723132969,0.9936163897910956,"{""labels"": [""0"", ""1"", ""2"", ""3"", ""4"", ""5"", ""6"", ""7"", ""8"", ""9""], ""matrix"": [[113, 0, 0, 0, 0, 0, 1, 0, 0, 0], [0, 111, 1, 1, 0, 0, 0, 1, 0, 0], [0, 0, 115, 0, 0, 0, 0, 0, 0, 0], [0, 0, 0, 104, 1, 0, 0, 0, 0, 0], [0, 0, 0, 0, 114, 0, 0, 0, 0, 0], [0, 0, 0, 0, 0, 106, 0, 0, 0, 0], [0, 0, 0, 0, 0, 0, 105, 0, 0, 0], [0, 0, 0, 0, 0, 0, 0, 114, 0, 0], [0, 0, 0, 0, 0, 0, 0, 1, 105, 0], [0, 0, 0, 0, 0, 1, 0, 0, 0, 104]]}"
pen-based,heom,7,modified_plurality,RetentionPolicy.NEVER_RETAIN,9,10,9890,1102,0.0017279999956372194,0.29561090000061085,0.2973388999962481,0.9891107078039928,0.9892207994771602,0.989097991081066,0.9891213829608496,0.9891710420353794,0.9891107078039928,0.9891014713923365,"{""labels"": [""0"", ""1"", ""2"", ""3"", ""4"", ""5"", ""6"", ""7"", ""8"", ""9""], ""matrix"": [[112, 0, 0, 0, 2, 0, 0, 0, 0, 1], [0, 112, 1, 1, 0, 0, 0, 0, 0, 0], [0, 0, 115, 0, 0, 0, 0, 0, 0, 0], [0, 0, 0, 104, 0, 0, 0, 0, 0, 1], [0, 0, 0, 0, 114, 1, 0, 0, 0, 0], [0, 0, 0, 0, 0, 105, 0, 0, 1, 0], [0, 0, 0, 0, 0, 0, 106, 0, 0, 0], [0, 0, 0, 0, 0, 0, 0, 114, 0, 0], [0, 0, 0, 0, 0, 0, 0, 1, 105, 0], [0, 1, 0, 0, 1, 0, 0, 1, 0, 103]]}"
pen-based,heom,7,modified_plurality,RetentionPolicy.DIFFERENT_CLASS_RETENTION,0,10,9894,1098,0.001806899999792222,0.3010347000017646,0.3028416000015568,0.9936247723132969,0.9937135305460139,0.9935934791860701,0.9936125891213825,0.9936884804269484,0.9936247723132969,0.9936156690305422,"{""labels"": [""0"", ""1"", ""2"", ""3"", ""4"", ""5"", ""6"", ""7"", ""8"", ""9""], ""matrix"": [[115, 0, 0, 0, 0, 0, 0, 0, 0, 0], [0, 112, 2, 0, 0, 0, 0, 0, 0, 0], [0, 0, 114, 0, 0, 0, 0, 0, 0, 0], [0, 0, 0, 105, 0, 0, 0, 0, 0, 0], [0, 0, 0, 0, 114, 1, 0, 0, 0, 0], [0, 0, 0, 0, 0, 105, 0, 0, 0, 0], [0, 0, 0, 0, 0, 0, 105, 0, 0, 0], [0, 0, 0, 0, 0, 0, 0, 114, 0, 0], [1, 0, 0, 0, 0, 1, 0, 1, 103, 0], [0, 0, 0, 0, 0, 0, 0, 0, 1, 104]]}"
pen-based,heom,7,modified_plurality,RetentionPolicy.DIFFERENT_CLASS_RETENTION,1,10,9893,1099,0.001676300002145581,0.30327959999704035,0.30495589999918593,0.9909008189262967,0.9910718107846934,0.9910267465217597,0.9910297785289129,0.9909634031979794,0.9909008189262967,0.9909122167679041,"{""labels"": [""0"", ""1"", ""2"", ""3"", ""4"", ""5"", ""6"", ""7"", ""8"", ""9""], ""matrix"": [[114, 1, 0, 0, 0, 0, 0, 0, 0, 0], [0, 112, 2, 0, 0, 0, 0, 0, 0, 0], [0, 1, 113, 0, 0, 0, 0, 0, 0, 0], [0, 0, 0, 103, 0, 0, 0, 1, 0, 1], [0, 0, 0, 0, 114, 1, 0, 0, 0, 0], [0, 0, 0, 0, 0, 105, 0, 0, 0, 0], [0, 0, 0, 0, 0, 0, 106, 0, 0, 0], [0, 1, 1, 0, 0, 0, 0, 112, 0, 0], [0, 0, 0, 0, 0, 0, 0, 0, 105, 0], [0, 0, 0, 1, 0, 0, 0, 0, 0, 105]]}"
pen-based,heom,7,modified_plurality,RetentionPolicy.DIFFERENT_CLASS_RETENTION,2,10,9895,1097,0.0017249000011361204,0.30063159999554045,0.3023564999966766,0.9927073837739289,0.9927522818373898,0.9927721477607061,0.9927157711712079,0.9928322902151694,0.9927073837739289,0.9927247245187419,"{""labels"": [""0"", ""1"", ""2"", ""3"", ""4"", ""5"", ""6"", ""7"", ""8"", ""9""], ""matrix"": [[113, 0, 0, 0, 0, 0, 0, 0, 0, 1], [0, 113, 1, 0, 1, 0, 0, 0, 0, 0], [0, 0, 115, 0, 0, 0, 0, 0, 0, 0], [0, 0, 0, 104, 0, 1, 0, 0, 0, 0], [0, 0, 0, 0, 113, 1, 0, 0, 0, 0], [0, 0, 0, 0, 0, 105, 0, 0, 0, 0], [0, 0, 0, 0, 0, 0, 105, 0, 0, 0], [0, 1, 0, 0, 0, 0, 0, 113, 0, 0], [0, 0, 0, 0, 0, 0, 0, 0, 105, 0], [0, 0, 0, 0, 0, 2, 0, 0, 0, 103]]}"
pen-based,heom,7,modified_plurality,RetentionPolicy.DIFFERENT_CLASS_RETENTION,3,10,9892,1100,0.0015119000017875805,0.2986922999989474,0.300204200000735,0.9890909090909091,0.9891956678066132,0.9890723938640698,0.9891165698747553,0.9891573017093511,0.9890909090909091,0.9891071694354759,"{""labels"": [""0"", ""1"", ""2"", ""3"", ""4"", ""5"", ""6"", ""7"", ""8"", ""9""], ""matrix"": [[114, 0, 0, 0, 0, 0, 0, 0, 0, 0], [0, 111, 0, 2, 0, 0, 0, 1, 0, 0], [0, 0, 114, 0, 0, 0, 0, 1, 0, 0], [0, 1, 1, 103, 0, 0, 0, 0, 0, 0], [0, 0, 0, 0, 115, 0, 0, 0, 0, 0], [0, 0, 0, 1, 0, 104, 0, 0, 0, 0], [0, 0, 0, 0, 0, 0, 105, 0, 0, 0], [0, 2, 0, 0, 0, 0, 0, 113, 0, 0], [0, 0, 0, 0, 0, 0, 0, 1, 105, 0], [0, 0, 0, 0, 0, 2, 0, 0, 0, 104]]}"
pen-based,heom,7,modified_plurality,RetentionPolicy.DIFFERENT_CLASS_RETENTION,4,10,9894,1098,0.0016161000021384098,0.2977307999972254,0.2993468999993638,0.9918032786885246,0.9919330199659122,0.991770176055397,0.9917957067308155,0.9919236518086777,0.9918032786885246,0.9918069068053017,"{""labels"": [""0"", ""1"", ""2"", ""3"", ""4"", ""5"", ""6"", ""7"", ""8"", ""9""], ""matrix"": [[114, 0, 0, 0, 0, 0, 0, 0, 0, 0], [0, 112, 2, 1, 0, 0, 0, 0, 0, 0], [0, 0, 114, 0, 0, 0, 0, 0, 0, 0], [0, 0, 1, 104, 0, 0, 0, 0, 0, 0], [0, 0, 0, 0, 113, 1, 0, 0, 0, 0], [0, 0, 0, 2, 0, 104, 0, 0, 0, 0], [0, 0, 0, 0, 0, 0, 106, 0, 0, 0], [0, 0, 0, 0, 0, 0, 0, 114, 0, 0], [0, 0, 0, 0, 0, 0, 0, 0, 105, 0], [0, 0, 0, 0, 1, 0, 0, 1, 0, 103]]}"
pen-based,heom,7,modified_plurality,RetentionPolicy.DIFFERENT_CLASS_RETENTION,5,10,9894,1098,0.0018057999986922368,0.30205820000264794,0.3038640000013402,0.9927140255009107,0.9927998530125157,0.9927568922305765,0.9927573883251638,0.992755711310608,0.9927140255009107,0.9927141776308673,"{""labels"": [""0"", ""1"", ""2"", ""3"", ""4"", ""5"", ""6"", ""7"", ""8"", ""9""], ""matrix"": [[114, 0, 0, 0, 0, 0, 0, 0, 0, 0], [0, 112, 0, 1, 1, 0, 0, 0, 0, 0], [0, 0, 114, 0, 0, 0, 0, 0, 0, 0], [0, 0, 0, 105, 0, 0, 0, 0, 0, 0], [0, 0, 0, 0, 112, 0, 0, 1, 0, 1], [0, 0, 0, 1, 0, 104, 0, 0, 0, 0], [0, 0, 0, 0, 0, 0, 108, 0, 0, 0], [0, 0, 1, 0, 0, 0, 0, 113, 0, 0], [0, 0, 0, 0, 0, 0, 0, 1, 104, 0], [0, 1, 0, 0, 0, 0, 0, 0, 0, 104]]}"
pen-based,heom,7,modified_plurality,RetentionPolicy.DIFFERENT_CLASS_RETENTION,6,10,9890,1102,0.0017642999955569394,0.3030478000000585,0.3048120999956154,0.9927404718693285,0.9929055883721947,0.9927491753080693,0.9927794314436831,0.9928284331683358,0.9927404718693285,0.9927358924621112,"{""labels"": [""0"", ""1"", ""2"", ""3"", ""4"", ""5"", ""6"", ""7"", ""8"", ""9""], ""matrix"": [[114, 0, 0, 0, 0, 0, 0, 0, 0, 0], [0, 112, 2, 1, 0, 0, 0, 0, 0, 0], [0, 0, 114, 0, 0, 0, 0, 0, 0, 0], [0, 0, 0, 108, 0, 0, 0, 0, 0, 0], [0, 0, 0, 0, 113, 0, 0, 1, 0, 0], [0, 0, 0, 1, 0, 105, 0, 0, 0, 0], [0, 0, 0, 0, 0, 1, 104, 0, 0, 0], [0, 0, 0, 0, 0, 0, 0, 114, 0, 0], [0, 0, 0, 0, 0, 0, 0, 0, 105, 0], [0, 0, 0, 0, 2, 0, 0, 0, 0, 105]]}"
pen-based,heom,7,modified_plurality,RetentionPolicy.DIFFERENT_CLASS_RETENTION,7,10,9892,1100,0.0016651999976602383,0.30309439999837196,0.3047595999960322,0.9945454545454545,0.9948423224285292,0.9945954508913794,0.9946764865464648,0.9946392305012994,0.9945454545454545,0.9945486826056498,"{""labels"": [""0"", ""1"", ""2"", ""3"", ""4"", ""5"", ""6"", ""7"", ""8"", ""9""], ""matrix"": [[112, 0, 0, 0, 2, 0, 0, 0, 0, 0], [0, 112, 2, 0, 0, 0, 0, 0, 0, 0], [0, 0, 114, 0, 0, 0, 0, 0, 0, 0], [0, 0, 0, 107, 0, 0, 0, 0, 0, 0], [0, 0, 0, 0, 114, 0, 0, 0, 0, 0], [0, 0, 0, 0, 0, 106, 0, 0, 0, 0], [0, 0, 0, 0, 0, 0, 105, 0, 0, 0], [0, 0, 0, 0, 0, 0, 0, 115, 0, 0], [0, 0, 0, 0, 0, 0, 0, 1, 105, 0], [0, 0, 0, 0, 0, 0, 0, 1, 0, 104]]}"
pen-based,heom,7,modified_plurality,RetentionPolicy.DIFFERENT_CLASS_RETENTION,8,10,9894,1098,0.0015041000006021932,0.30249000000185333,0.3039941000024555,0.9936247723132969,0.9937138712680085,0.9936430699389984,0.9936387904407505,0.9936890517824285,0.9936247723132969,0.9936163897910956,"{""labels"": [""0"", ""1"", ""2"", ""3"", ""4"", ""5"", ""6"", ""7"", ""8"", ""9""], ""matrix"": [[113, 0, 0, 0, 0, 0, 1, 0, 0, 0], [0, 111, 1, 1, 0, 0, 0, 1, 0, 0], [0, 0, 115, 0, 0, 0, 0, 0, 0, 0], [0, 0, 0, 104, 1, 0, 0, 0, 0, 0], [0, 0, 0, 0, 114, 0, 0, 0, 0, 0], [0, 0, 0, 0, 0, 106, 0, 0, 0, 0], [0, 0, 0, 0, 0, 0, 105, 0, 0, 0], [0, 0, 0, 0, 0, 0, 0, 114, 0, 0], [0, 0, 0, 0, 0, 0, 0, 1, 105, 0], [0, 0, 0, 0, 0, 1, 0, 0, 0, 104]]}"
pen-based,heom,7,modified_plurality,RetentionPolicy.DIFFERENT_CLASS_RETENTION,9,10,9890,1102,0.0016006000005290844,0.2991991000017151,0.3007997000022442,0.9900181488203267,0.9900607641102284,0.9899675562984573,0.9899912125138103,0.9900475931497428,0.9900181488203267,0.990009188257949,"{""labels"": [""0"", ""1"", ""2"", ""3"", ""4"", ""5"", ""6"", ""7"", ""8"", ""9""], ""matrix"": [[113, 0, 0, 0, 1, 0, 0, 0, 0, 1], [0, 112, 1, 1, 0, 0, 0, 0, 0, 0], [0, 0, 115, 0, 0, 0, 0, 0, 0, 0], [0, 0, 0, 104, 0, 0, 0, 0, 0, 1], [0, 0, 0, 0, 114, 1, 0, 0, 0, 0], [0, 0, 0, 0, 0, 105, 0, 0, 1, 0], [0, 0, 0, 0, 0, 0, 106, 0, 0, 0], [0, 0, 0, 0, 0, 0, 0, 114, 0, 0], [0, 0, 0, 0, 0, 0, 0, 1, 105, 0], [0, 1, 0, 0, 1, 0, 0, 1, 0, 103]]}"
pen-based,heom,7,modified_plurality,RetentionPolicy.DD_RETENTION,0,10,9894,1098,0.0018959000008180737,0.30833450000500306,0.31023040000582114,0.9936247723132969,0.9937135305460139,0.9935934791860701,0.9936125891213825,0.9936884804269484,0.9936247723132969,0.9936156690305422,"{""labels"": [""0"", ""1"", ""2"", ""3"", ""4"", ""5"", ""6"", ""7"", ""8"", ""9""], ""matrix"": [[115, 0, 0, 0, 0, 0, 0, 0, 0, 0], [0, 112, 2, 0, 0, 0, 0, 0, 0, 0], [0, 0, 114, 0, 0, 0, 0, 0, 0, 0], [0, 0, 0, 105, 0, 0, 0, 0, 0, 0], [0, 0, 0, 0, 114, 1, 0, 0, 0, 0], [0, 0, 0, 0, 0, 105, 0, 0, 0, 0], [0, 0, 0, 0, 0, 0, 105, 0, 0, 0], [0, 0, 0, 0, 0, 0, 0, 114, 0, 0], [1, 0, 0, 0, 0, 1, 0, 1, 103, 0], [0, 0, 0, 0, 0, 0, 0, 0, 1, 104]]}"
pen-based,heom,7,modified_plurality,RetentionPolicy.DD_RETENTION,1,10,9893,1099,0.0016670999975758605,0.3107852000030107,0.31245230000058655,0.9909008189262967,0.9910718107846934,0.9910267465217597,0.9910297785289129,0.9909634031979794,0.9909008189262967,0.9909122167679041,"{""labels"": [""0"", ""1"", ""2"", ""3"", ""4"", ""5"", ""6"", ""7"", ""8"", ""9""], ""matrix"": [[114, 1, 0, 0, 0, 0, 0, 0, 0, 0], [0, 112, 2, 0, 0, 0, 0, 0, 0, 0], [0, 1, 113, 0, 0, 0, 0, 0, 0, 0], [0, 0, 0, 103, 0, 0, 0, 1, 0, 1], [0, 0, 0, 0, 114, 1, 0, 0, 0, 0], [0, 0, 0, 0, 0, 105, 0, 0, 0, 0], [0, 0, 0, 0, 0, 0, 106, 0, 0, 0], [0, 1, 1, 0, 0, 0, 0, 112, 0, 0], [0, 0, 0, 0, 0, 0, 0, 0, 105, 0], [0, 0, 0, 1, 0, 0, 0, 0, 0, 105]]}"
pen-based,heom,7,modified_plurality,RetentionPolicy.DD_RETENTION,2,10,9895,1097,0.0018172999989474192,0.3063006000011228,0.3081179000000702,0.9927073837739289,0.9927522818373898,0.9927721477607061,0.9927157711712079,0.9928322902151694,0.9927073837739289,0.9927247245187419,"{""labels"": [""0"", ""1"", ""2"", ""3"", ""4"", ""5"", ""6"", ""7"", ""8"", ""9""], ""matrix"": [[113, 0, 0, 0, 0, 0, 0, 0, 0, 1], [0, 113, 1, 0, 1, 0, 0, 0, 0, 0], [0, 0, 115, 0, 0, 0, 0, 0, 0, 0], [0, 0, 0, 104, 0, 1, 0, 0, 0, 0], [0, 0, 0, 0, 113, 1, 0, 0, 0, 0], [0, 0, 0, 0, 0, 105, 0, 0, 0, 0], [0, 0, 0, 0, 0, 0, 105, 0, 0, 0], [0, 1, 0, 0, 0, 0, 0, 113, 0, 0], [0, 0, 0, 0, 0, 0, 0, 0, 105, 0], [0, 0, 0, 0, 0, 2, 0, 0, 0, 103]]}"
pen-based,heom,7,modified_plurality,RetentionPolicy.DD_RETENTION,3,10,9892,1100,0.0015863000007811934,0.3031762000027811,0.3047625000035623,0.9890909090909091,0.9891956678066132,0.9890723938640698,0.9891165698747553,0.9891573017093511,0.9890909090909091,0.9891071694354759,"{""labels"": [""0"", ""1"", ""2"", ""3"", ""4"", ""5"", ""6"", ""7"", ""8"", ""9""], ""matrix"": [[114, 0, 0, 0, 0, 0, 0, 0, 0, 0], [0, 111, 0, 2, 0, 0, 0, 1, 0, 0], [0, 0, 114, 0, 0, 0, 0, 1, 0, 0], [0, 1, 1, 103, 0, 0, 0, 0, 0, 0], [0, 0, 0, 0, 115, 0, 0, 0, 0, 0], [0, 0, 0, 1, 0, 104, 0, 0, 0, 0], [0, 0, 0, 0, 0, 0, 105, 0, 0, 0], [0, 2, 0, 0, 0, 0, 0, 113, 0, 0], [0, 0, 0, 0, 0, 0, 0, 1, 105, 0], [0, 0, 0, 0, 0, 2, 0, 0, 0, 104]]}"
pen-based,heom,7,modified_plurality,RetentionPolicy.DD_RETENTION,4,10,9894,1098,0.001535900002636481,0.3091414000009536,0.31067730000359006,0.9918032786885246,0.9919330199659122,0.991770176055397,0.9917957067308155,0.9919236518086777,0.9918032786885246,0.9918069068053017,"{""labels"": [""0"", ""1"", ""2"", ""3"", ""4"", ""5"", ""6"", ""7"", ""8"", ""9""], ""matrix"": [[114, 0, 0, 0, 0, 0, 0, 0, 0, 0], [0, 112, 2, 1, 0, 0, 0, 0, 0, 0], [0, 0, 114, 0, 0, 0, 0, 0, 0, 0], [0, 0, 1, 104, 0, 0, 0, 0, 0, 0], [0, 0, 0, 0, 113, 1, 0, 0, 0, 0], [0, 0, 0, 2, 0, 104, 0, 0, 0, 0], [0, 0, 0, 0, 0, 0, 106, 0, 0, 0], [0, 0, 0, 0, 0, 0, 0, 114, 0, 0], [0, 0, 0, 0, 0, 0, 0, 0, 105, 0], [0, 0, 0, 0, 1, 0, 0, 1, 0, 103]]}"
pen-based,heom,7,modified_plurality,RetentionPolicy.DD_RETENTION,5,10,9894,1098,0.001691899997240398,0.30760459999874,0.3092964999959804,0.9927140255009107,0.9927998530125157,0.9927568922305765,0.9927573883251638,0.992755711310608,0.9927140255009107,0.9927141776308673,"{""labels"": [""0"", ""1"", ""2"", ""3"", ""4"", ""5"", ""6"", ""7"", ""8"", ""9""], ""matrix"": [[114, 0, 0, 0, 0, 0, 0, 0, 0, 0], [0, 112, 0, 1, 1, 0, 0, 0, 0, 0], [0, 0, 114, 0, 0, 0, 0, 0, 0, 0], [0, 0, 0, 105, 0, 0, 0, 0, 0, 0], [0, 0, 0, 0, 112, 0, 0, 1, 0, 1], [0, 0, 0, 1, 0, 104, 0, 0, 0, 0], [0, 0, 0, 0, 0, 0, 108, 0, 0, 0], [0, 0, 1, 0, 0, 0, 0, 113, 0, 0], [0, 0, 0, 0, 0, 0, 0, 1, 104, 0], [0, 1, 0, 0, 0, 0, 0, 0, 0, 104]]}"
pen-based,heom,7,modified_plurality,RetentionPolicy.DD_RETENTION,6,10,9890,1102,0.001698799998848699,0.30853960000240477,0.31023840000125347,0.9927404718693285,0.9929055883721947,0.9927491753080693,0.9927794314436831,0.9928284331683358,0.9927404718693285,0.9927358924621112,"{""labels"": [""0"", ""1"", ""2"", ""3"", ""4"", ""5"", ""6"", ""7"", ""8"", ""9""], ""matrix"": [[114, 0, 0, 0, 0, 0, 0, 0, 0, 0], [0, 112, 2, 1, 0, 0, 0, 0, 0, 0], [0, 0, 114, 0, 0, 0, 0, 0, 0, 0], [0, 0, 0, 108, 0, 0, 0, 0, 0, 0], [0, 0, 0, 0, 113, 0, 0, 1, 0, 0], [0, 0, 0, 1, 0, 105, 0, 0, 0, 0], [0, 0, 0, 0, 0, 1, 104, 0, 0, 0], [0, 0, 0, 0, 0, 0, 0, 114, 0, 0], [0, 0, 0, 0, 0, 0, 0, 0, 105, 0], [0, 0, 0, 0, 2, 0, 0, 0, 0, 105]]}"
pen-based,heom,7,modified_plurality,RetentionPolicy.DD_RETENTION,7,10,9892,1100,0.001512999995611608,0.30796859999827575,0.30948159999388736,0.9945454545454545,0.9948423224285292,0.9945954508913794,0.9946764865464648,0.9946392305012994,0.9945454545454545,0.9945486826056498,"{""labels"": [""0"", ""1"", ""2"", ""3"", ""4"", ""5"", ""6"", ""7"", ""8"", ""9""], ""matrix"": [[112, 0, 0, 0, 2, 0, 0, 0, 0, 0], [0, 112, 2, 0, 0, 0, 0, 0, 0, 0], [0, 0, 114, 0, 0, 0, 0, 0, 0, 0], [0, 0, 0, 107, 0, 0, 0, 0, 0, 0], [0, 0, 0, 0, 114, 0, 0, 0, 0, 0], [0, 0, 0, 0, 0, 106, 0, 0, 0, 0], [0, 0, 0, 0, 0, 0, 105, 0, 0, 0], [0, 0, 0, 0, 0, 0, 0, 115, 0, 0], [0, 0, 0, 0, 0, 0, 0, 1, 105, 0], [0, 0, 0, 0, 0, 0, 0, 1, 0, 104]]}"
pen-based,heom,7,modified_plurality,RetentionPolicy.DD_RETENTION,8,10,9894,1098,0.0016452999989269301,0.30455760000040755,0.3062028999993345,0.9936247723132969,0.9937138712680085,0.9936430699389984,0.9936387904407505,0.9936890517824285,0.9936247723132969,0.9936163897910956,"{""labels"": [""0"", ""1"", ""2"", ""3"", ""4"", ""5"", ""6"", ""7"", ""8"", ""9""], ""matrix"": [[113, 0, 0, 0, 0, 0, 1, 0, 0, 0], [0, 111, 1, 1, 0, 0, 0, 1, 0, 0], [0, 0, 115, 0, 0, 0, 0, 0, 0, 0], [0, 0, 0, 104, 1, 0, 0, 0, 0, 0], [0, 0, 0, 0, 114, 0, 0, 0, 0, 0], [0, 0, 0, 0, 0, 106, 0, 0, 0, 0], [0, 0, 0, 0, 0, 0, 105, 0, 0, 0], [0, 0, 0, 0, 0, 0, 0, 114, 0, 0], [0, 0, 0, 0, 0, 0, 0, 1, 105, 0], [0, 0, 0, 0, 0, 1, 0, 0, 0, 104]]}"
pen-based,heom,7,modified_plurality,RetentionPolicy.DD_RETENTION,9,10,9890,1102,0.0015504000039072707,0.3067663999972865,0.30831680000119377,0.9900181488203267,0.9900607641102284,0.9899675562984573,0.9899912125138103,0.9900475931497428,0.9900181488203267,0.990009188257949,"{""labels"": [""0"", ""1"", ""2"", ""3"", ""4"", ""5"", ""6"", ""7"", ""8"", ""9""], ""matrix"": [[113, 0, 0, 0, 1, 0, 0, 0, 0, 1], [0, 112, 1, 1, 0, 0, 0, 0, 0, 0], [0, 0, 115, 0, 0, 0, 0, 0, 0, 0], [0, 0, 0, 104, 0, 0, 0, 0, 0, 1], [0, 0, 0, 0, 114, 1, 0, 0, 0, 0], [0, 0, 0, 0, 0, 105, 0, 0, 1, 0], [0, 0, 0, 0, 0, 0, 106, 0, 0, 0], [0, 0, 0, 0, 0, 0, 0, 114, 0, 0], [0, 0, 0, 0, 0, 0, 0, 1, 105, 0], [0, 1, 0, 0, 1, 0, 0, 1, 0, 103]]}"
