config_id,metric,k,vote,retention,fold_id,num_folds,n_train,n_test,fit_time_s,predict_time_s,total_time_s,accuracy,precision_macro,recall_macro,f1_macro,precision_weighted,recall_weighted,f1_weighted,confusion_matrix_json
c-k3-b-AR,cosine,3,borda,RetentionPolicy.ALWAYS_RETAIN,0,10,9894,1098,0.0017225000046892,0.2320469999976921,0.2337695000023814,0.9908925318761383,0.9909011926202264,0.990886712268777,0.9908686757547912,0.9909246947584884,0.9908925318761383,0.9908837064918878,"{""labels"": [""0"", ""1"", ""2"", ""3"", ""4"", ""5"", ""6"", ""7"", ""8"", ""9""], ""matrix"": [[115, 0, 0, 0, 0, 0, 0, 0, 0, 0], [0, 113, 1, 0, 0, 0, 0, 0, 0, 0], [0, 2, 112, 0, 0, 0, 0, 0, 0, 0], [0, 0, 0, 105, 0, 0, 0, 0, 0, 0], [0, 0, 0, 0, 114, 0, 0, 0, 0, 1], [0, 0, 0, 0, 0, 105, 0, 0, 0, 0], [0, 0, 0, 0, 0, 0, 105, 0, 0, 0], [0, 0, 0, 0, 0, 0, 0, 113, 0, 1], [1, 0, 0, 0, 0, 1, 0, 1, 103, 0], [0, 0, 0, 0, 0, 1, 0, 0, 1, 103]]}"
c-k3-b-AR,cosine,3,borda,RetentionPolicy.ALWAYS_RETAIN,1,10,9893,1099,0.0022900999974808,0.2325410999983432,0.2348311999958241,0.9936305732484076,0.993703199126702,0.9937245287130873,0.9936804280599818,0.9936724341772446,0.9936305732484076,0.9936183661229236,"{""labels"": [""0"", ""1"", ""2"", ""3"", ""4"", ""5"", ""6"", ""7"", ""8"", ""9""], ""matrix"": [[114, 0, 0, 0, 1, 0, 0, 0, 0, 0], [0, 114, 0, 0, 0, 0, 0, 0, 0, 0], [0, 0, 114, 0, 0, 0, 0, 0, 0, 0], [0, 0, 0, 103, 0, 0, 0, 1, 0, 1], [0, 0, 0, 0, 114, 1, 0, 0, 0, 0], [0, 0, 0, 0, 0, 105, 0, 0, 0, 0], [0, 0, 0, 0, 0, 0, 106, 0, 0, 0], [0, 1, 1, 0, 0, 0, 0, 111, 0, 1], [0, 0, 0, 0, 0, 0, 0, 0, 105, 0], [0, 0, 0, 0, 0, 0, 0, 0, 0, 106]]}"
c-k3-b-AR,cosine,3,borda,RetentionPolicy.ALWAYS_RETAIN,2,10,9895,1097,0.0014539000039803,0.2307620999999926,0.232216000003973,0.9972652689152234,0.9972436423297784,0.9973008608477716,0.9972597727221242,0.9972903952385618,0.9972652689152234,0.997265400500295,"{""labels"": [""0"", ""1"", ""2"", ""3"", ""4"", ""5"", ""6"", ""7"", ""8"", ""9""], ""matrix"": [[114, 0, 0, 0, 0, 0, 0, 0, 0, 0], [0, 114, 0, 0, 1, 0, 0, 0, 0, 0], [0, 0, 115, 0, 0, 0, 0, 0, 0, 0], [0, 0, 0, 104, 0, 1, 0, 0, 0, 0], [0, 0, 0, 0, 114, 0, 0, 0, 0, 0], [0, 0, 0, 0, 0, 105, 0, 0, 0, 0], [0, 0, 0, 0, 0, 0, 105, 0, 0, 0], [0, 0, 0, 0, 0, 0, 0, 113, 1, 0], [0, 0, 0, 0, 0, 0, 0, 0, 105, 0], [0, 0, 0, 0, 0, 0, 0, 0, 0, 105]]}"
c-k3-b-AR,cosine,3,borda,RetentionPolicy.ALWAYS_RETAIN,3,10,9892,1100,0.001573699999426,0.2292062999986228,0.2307799999980488,0.9927272727272728,0.9928199307898304,0.9927874032908358,0.9927842040105552,0.9927667007429812,0.9927272727272728,0.9927270931982196,"{""labels"": [""0"", ""1"", ""2"", ""3"", ""4"", ""5"", ""6"", ""7"", ""8"", ""9""], ""matrix"": [[114, 0, 0, 0, 0, 0, 0, 0, 0, 0], [0, 113, 0, 1, 0, 0, 0, 0, 0, 0], [0, 0, 114, 0, 0, 0, 0, 1, 0, 0], [0, 1, 1, 103, 0, 0, 0, 0, 0, 0], [0, 0, 0, 0, 115, 0, 0, 0, 0, 0], [0, 0, 0, 1, 0, 104, 0, 0, 0, 0], [0, 0, 0, 0, 0, 0, 105, 0, 0, 0], [0, 2, 0, 0, 0, 0, 0, 112, 1, 0], [0, 0, 0, 0, 0, 0, 0, 0, 106, 0], [0, 0, 0, 0, 0, 0, 0, 0, 0, 106]]}"
c-k3-b-AR,cosine,3,borda,RetentionPolicy.ALWAYS_RETAIN,4,10,9894,1098,0.0014463000043178,0.2294423999992432,0.2308887000035611,0.9963570127504554,0.9964539158991932,0.9962822766514318,0.9963522888360024,0.9963963373504504,0.9963570127504554,0.9963605953000272,"{""labels"": [""0"", ""1"", ""2"", ""3"", ""4"", ""5"", ""6"", ""7"", ""8"", ""9""], ""matrix"": [[114, 0, 0, 0, 0, 0, 0, 0, 0, 0], [0, 114, 1, 0, 0, 0, 0, 0, 0, 0], [0, 0, 114, 0, 0, 0, 0, 0, 0, 0], [0, 0, 1, 104, 0, 0, 0, 0, 0, 0], [0, 0, 0, 0, 114, 0, 0, 0, 0, 0], [0, 0, 0, 1, 0, 105, 0, 0, 0, 0], [0, 0, 0, 0, 0, 0, 106, 0, 0, 0], [0, 0, 0, 0, 0, 0, 0, 114, 0, 0], [0, 0, 0, 0, 0, 0, 0, 0, 105, 0], [0, 0, 0, 0, 1, 0, 0, 0, 0, 104]]}"
c-k3-b-AR,cosine,3,borda,RetentionPolicy.ALWAYS_RETAIN,5,10,9894,1098,0.0016391999961342,0.2278774000005796,0.2295165999967139,0.9927140255009108,0.9927208311298124,0.9926817042606516,0.9926662239075166,0.9927982765439526,0.9927140255009108,0.9927224230744482,"{""labels"": [""0"", ""1"", ""2"", ""3"", ""4"", ""5"", ""6"", ""7"", ""8"", ""9""], ""matrix"": [[114, 0, 0, 0, 0, 0, 0, 0, 0, 0], [0, 113, 0, 1, 0, 0, 0, 0, 0, 0], [0, 0, 113, 1, 0, 0, 0, 0, 0, 0], [0, 0, 0, 105, 0, 0, 0, 0, 0, 0], [0, 0, 0, 0, 113, 0, 0, 0, 0, 1], [0, 0, 0, 1, 0, 103, 1, 0, 0, 0], [0, 0, 0, 0, 0, 0, 108, 0, 0, 0], [0, 0, 1, 0, 0, 0, 0, 113, 0, 0], [0, 0, 0, 0, 0, 0, 0, 1, 104, 0], [0, 1, 0, 0, 0, 0, 0, 0, 0, 104]]}"
c-k3-b-AR,cosine,3,borda,RetentionPolicy.ALWAYS_RETAIN,6,10,9890,1102,0.0015029999995022,0.2291025000013178,0.23060550000082,0.9954627949183305,0.9955750700168216,0.99549552716903,0.9954970181791908,0.995540923220372,0.9954627949183305,0.995462403388296,"{""labels"": [""0"", ""1"", ""2"", ""3"", ""4"", ""5"", ""6"", ""7"", ""8"", ""9""], ""matrix"": [[114, 0, 0, 0, 0, 0, 0, 0, 0, 0], [0, 112, 3, 0, 0, 0, 0, 0, 0, 0], [0, 0, 114, 0, 0, 0, 0, 0, 0, 0], [0, 0, 0, 108, 0, 0, 0, 0, 0, 0], [0, 0, 0, 0, 114, 0, 0, 0, 0, 0], [0, 0, 0, 1, 0, 105, 0, 0, 0, 0], [0, 0, 0, 0, 0, 1, 104, 0, 0, 0], [0, 0, 0, 0, 0, 0, 0, 114, 0, 0], [0, 0, 0, 0, 0, 0, 0, 0, 105, 0], [0, 0, 0, 0, 0, 0, 0, 0, 0, 107]]}"
c-k3-b-AR,cosine,3,borda,RetentionPolicy.ALWAYS_RETAIN,7,10,9892,1100,0.0015032000010251,0.2292157999982009,0.230718999999226,0.9918181818181818,0.9921389816386068,0.9918886839740862,0.991973931174871,0.9918965089688476,0.9918181818181818,0.9918169746751948,"{""labels"": [""0"", ""1"", ""2"", ""3"", ""4"", ""5"", ""6"", ""7"", ""8"", ""9""], ""matrix"": [[113, 0, 0, 0, 1, 0, 0, 0, 0, 0], [0, 111, 3, 0, 0, 0, 0, 0, 0, 0], [0, 1, 112, 1, 0, 0, 0, 0, 0, 0], [0, 0, 0, 107, 0, 0, 0, 0, 0, 0], [0, 0, 0, 0, 114, 0, 0, 0, 0, 0], [0, 0, 0, 0, 0, 106, 0, 0, 0, 0], [0, 0, 0, 0, 0, 0, 105, 0, 0, 0], [0, 0, 0, 0, 0, 0, 0, 115, 0, 0], [0, 0, 0, 0, 0, 0, 0, 1, 105, 0], [0, 0, 0, 0, 1, 0, 0, 1, 0, 103]]}"
c-k3-b-AR,cosine,3,borda,RetentionPolicy.ALWAYS_RETAIN,8,10,9894,1098,0.0014515000002575,0.2278411999941454,0.2292926999944029,0.9936247723132968,0.9936851117082226,0.9936506977040632,0.9936550877178052,0.9936497954543082,0.9936247723132968,0.9936246932240742,"{""labels"": [""0"", ""1"", ""2"", ""3"", ""4"", ""5"", ""6"", ""7"", ""8"", ""9""], ""matrix"": [[113, 0, 0, 0, 0, 0, 1, 0, 0, 0], [0, 112, 1, 0, 0, 0, 0, 1, 0, 0], [0, 1, 114, 0, 0, 0, 0, 0, 0, 0], [0, 1, 0, 104, 0, 0, 0, 0, 0, 0], [0, 0, 0, 0, 114, 0, 0, 0, 0, 0], [0, 0, 0, 0, 0, 105, 0, 0, 1, 0], [0, 0, 0, 0, 0, 0, 105, 0, 0, 0], [0, 0, 0, 0, 0, 0, 0, 114, 0, 0], [0, 0, 0, 0, 0, 0, 0, 0, 106, 0], [0, 0, 0, 0, 0, 1, 0, 0, 0, 104]]}"
c-k3-b-AR,cosine,3,borda,RetentionPolicy.ALWAYS_RETAIN,9,10,9890,1102,0.0018967999931192,0.2272592000008444,0.2291559999939636,0.9945553539019965,0.994575940233526,0.9945368754124854,0.9945366865404116,0.9945873709853692,0.9945553539019965,0.9945512315756814,"{""labels"": [""0"", ""1"", ""2"", ""3"", ""4"", ""5"", ""6"", ""7"", ""8"", ""9""], ""matrix"": [[114, 0, 0, 0, 1, 0, 0, 0, 0, 0], [0, 112, 1, 1, 0, 0, 0, 0, 0, 0], [0, 0, 115, 0, 0, 0, 0, 0, 0, 0], [0, 0, 0, 104, 0, 0, 0, 0, 0, 1], [0, 0, 0, 0, 115, 0, 0, 0, 0, 0], [0, 0, 0, 0, 0, 105, 0, 0, 1, 0], [0, 0, 0, 0, 0, 0, 106, 0, 0, 0], [0, 0, 0, 0, 0, 0, 0, 114, 0, 0], [0, 0, 0, 0, 0, 0, 0, 0, 106, 0], [0, 0, 0, 0, 0, 0, 0, 1, 0, 105]]}"
c-k3-b-DD,cosine,3,borda,RetentionPolicy.DD_RETENTION,0,10,9894,1098,0.0014436000055866,0.2062682999967364,0.2077119000023231,0.9908925318761383,0.9909011926202264,0.990886712268777,0.9908686757547912,0.9909246947584884,0.9908925318761383,0.9908837064918878,"{""labels"": [""0"", ""1"", ""2"", ""3"", ""4"", ""5"", ""6"", ""7"", ""8"", ""9""], ""matrix"": [[115, 0, 0, 0, 0, 0, 0, 0, 0, 0], [0, 113, 1, 0, 0, 0, 0, 0, 0, 0], [0, 2, 112, 0, 0, 0, 0, 0, 0, 0], [0, 0, 0, 105, 0, 0, 0, 0, 0, 0], [0, 0, 0, 0, 114, 0, 0, 0, 0, 1], [0, 0, 0, 0, 0, 105, 0, 0, 0, 0], [0, 0, 0, 0, 0, 0, 105, 0, 0, 0], [0, 0, 0, 0, 0, 0, 0, 113, 0, 1], [1, 0, 0, 0, 0, 1, 0, 1, 103, 0], [0, 0, 0, 0, 0, 1, 0, 0, 1, 103]]}"
c-k3-b-DD,cosine,3,borda,RetentionPolicy.DD_RETENTION,1,10,9893,1099,0.0020094999999855,0.2054975999999442,0.2075070999999297,0.9936305732484076,0.993703199126702,0.9937245287130873,0.9936804280599818,0.9936724341772446,0.9936305732484076,0.9936183661229236,"{""labels"": [""0"", ""1"", ""2"", ""3"", ""4"", ""5"", ""6"", ""7"", ""8"", ""9""], ""matrix"": [[114, 0, 0, 0, 1, 0, 0, 0, 0, 0], [0, 114, 0, 0, 0, 0, 0, 0, 0, 0], [0, 0, 114, 0, 0, 0, 0, 0, 0, 0], [0, 0, 0, 103, 0, 0, 0, 1, 0, 1], [0, 0, 0, 0, 114, 1, 0, 0, 0, 0], [0, 0, 0, 0, 0, 105, 0, 0, 0, 0], [0, 0, 0, 0, 0, 0, 106, 0, 0, 0], [0, 1, 1, 0, 0, 0, 0, 111, 0, 1], [0, 0, 0, 0, 0, 0, 0, 0, 105, 0], [0, 0, 0, 0, 0, 0, 0, 0, 0, 106]]}"
c-k3-b-DD,cosine,3,borda,RetentionPolicy.DD_RETENTION,2,10,9895,1097,0.001705700000457,0.2050918999957502,0.2067975999962072,0.9972652689152234,0.9972436423297784,0.9973008608477716,0.9972597727221242,0.9972903952385618,0.9972652689152234,0.997265400500295,"{""labels"": [""0"", ""1"", ""2"", ""3"", ""4"", ""5"", ""6"", ""7"", ""8"", ""9""], ""matrix"": [[114, 0, 0, 0, 0, 0, 0, 0, 0, 0], [0, 114, 0, 0, 1, 0, 0, 0, 0, 0], [0, 0, 115, 0, 0, 0, 0, 0, 0, 0], [0, 0, 0, 104, 0, 1, 0, 0, 0, 0], [0, 0, 0, 0, 114, 0, 0, 0, 0, 0], [0, 0, 0, 0, 0, 105, 0, 0, 0, 0], [0, 0, 0, 0, 0, 0, 105, 0, 0, 0], [0, 0, 0, 0, 0, 0, 0, 113, 1, 0], [0, 0, 0, 0, 0, 0, 0, 0, 105, 0], [0, 0, 0, 0, 0, 0, 0, 0, 0, 105]]}"
c-k3-b-DD,cosine,3,borda,RetentionPolicy.DD_RETENTION,3,10,9892,1100,0.001752000003762,0.2108379999990575,0.2125900000028195,0.9927272727272728,0.9928199307898304,0.9927874032908358,0.9927842040105552,0.9927667007429812,0.9927272727272728,0.9927270931982196,"{""labels"": [""0"", ""1"", ""2"", ""3"", ""4"", ""5"", ""6"", ""7"", ""8"", ""9""], ""matrix"": [[114, 0, 0, 0, 0, 0, 0, 0, 0, 0], [0, 113, 0, 1, 0, 0, 0, 0, 0, 0], [0, 0, 114, 0, 0, 0, 0, 1, 0, 0], [0, 1, 1, 103, 0, 0, 0, 0, 0, 0], [0, 0, 0, 0, 115, 0, 0, 0, 0, 0], [0, 0, 0, 1, 0, 104, 0, 0, 0, 0], [0, 0, 0, 0, 0, 0, 105, 0, 0, 0], [0, 2, 0, 0, 0, 0, 0, 112, 1, 0], [0, 0, 0, 0, 0, 0, 0, 0, 106, 0], [0, 0, 0, 0, 0, 0, 0, 0, 0, 106]]}"
c-k3-b-DD,cosine,3,borda,RetentionPolicy.DD_RETENTION,4,10,9894,1098,0.0015657000039936,0.2058881999982986,0.2074539000022923,0.9963570127504554,0.9964539158991932,0.9962822766514318,0.9963522888360024,0.9963963373504504,0.9963570127504554,0.9963605953000272,"{""labels"": [""0"", ""1"", ""2"", ""3"", ""4"", ""5"", ""6"", ""7"", ""8"", ""9""], ""matrix"": [[114, 0, 0, 0, 0, 0, 0, 0, 0, 0], [0, 114, 1, 0, 0, 0, 0, 0, 0, 0], [0, 0, 114, 0, 0, 0, 0, 0, 0, 0], [0, 0, 1, 104, 0, 0, 0, 0, 0, 0], [0, 0, 0, 0, 114, 0, 0, 0, 0, 0], [0, 0, 0, 1, 0, 105, 0, 0, 0, 0], [0, 0, 0, 0, 0, 0, 106, 0, 0, 0], [0, 0, 0, 0, 0, 0, 0, 114, 0, 0], [0, 0, 0, 0, 0, 0, 0, 0, 105, 0], [0, 0, 0, 0, 1, 0, 0, 0, 0, 104]]}"
c-k3-b-DD,cosine,3,borda,RetentionPolicy.DD_RETENTION,5,10,9894,1098,0.0016622000039205,0.2148024999987683,0.2164647000026889,0.9918032786885246,0.9918329331375066,0.9917293233082706,0.9917550314732456,0.9918785431535788,0.9918032786885246,0.9918155846248174,"{""labels"": [""0"", ""1"", ""2"", ""3"", ""4"", ""5"", ""6"", ""7"", ""8"", ""9""], ""matrix"": [[114, 0, 0, 0, 0, 0, 0, 0, 0, 0], [0, 113, 0, 1, 0, 0, 0, 0, 0, 0], [0, 0, 113, 1, 0, 0, 0, 0, 0, 0], [0, 1, 0, 104, 0, 0, 0, 0, 0, 0], [0, 0, 0, 0, 113, 0, 0, 0, 0, 1], [0, 0, 0, 1, 0, 103, 1, 0, 0, 0], [0, 0, 0, 0, 0, 0, 108, 0, 0, 0], [0, 0, 1, 0, 0, 0, 0, 113, 0, 0], [0, 0, 0, 0, 0, 0, 0, 1, 104, 0], [0, 1, 0, 0, 0, 0, 0, 0, 0, 104]]}"
c-k3-b-DD,cosine,3,borda,RetentionPolicy.DD_RETENTION,6,10,9890,1102,0.0017192000013892,0.2126447999980882,0.2143639999994775,0.9954627949183305,0.9955750700168216,0.99549552716903,0.9954970181791908,0.995540923220372,0.9954627949183305,0.995462403388296,"{""labels"": [""0"", ""1"", ""2"", ""3"", ""4"", ""5"", ""6"", ""7"", ""8"", ""9""], ""matrix"": [[114, 0, 0, 0, 0, 0, 0, 0, 0, 0], [0, 112, 3, 0, 0, 0, 0, 0, 0, 0], [0, 0, 114, 0, 0, 0, 0, 0, 0, 0], [0, 0, 0, 108, 0, 0, 0, 0, 0, 0], [0, 0, 0, 0, 114, 0, 0, 0, 0, 0], [0, 0, 0, 1, 0, 105, 0, 0, 0, 0], [0, 0, 0, 0, 0, 1, 104, 0, 0, 0], [0, 0, 0, 0, 0, 0, 0, 114, 0, 0], [0, 0, 0, 0, 0, 0, 0, 0, 105, 0], [0, 0, 0, 0, 0, 0, 0, 0, 0, 107]]}"
c-k3-b-DD,cosine,3,borda,RetentionPolicy.DD_RETENTION,7,10,9892,1100,0.0018909999998868,0.2069770999951288,0.2088680999950156,0.99,0.9903671972509492,0.990134298009174,0.9901913854950224,0.9901181374690547,0.99,0.989998933402697,"{""labels"": [""0"", ""1"", ""2"", ""3"", ""4"", ""5"", ""6"", ""7"", ""8"", ""9""], ""matrix"": [[112, 0, 0, 0, 2, 0, 0, 0, 0, 0], [0, 111, 3, 0, 0, 0, 0, 0, 0, 0], [0, 1, 111, 2, 0, 0, 0, 0, 0, 0], [0, 0, 0, 107, 0, 0, 0, 0, 0, 0], [0, 0, 0, 0, 114, 0, 0, 0, 0, 0], [0, 0, 0, 0, 0, 106, 0, 0, 0, 0], [0, 0, 0, 0, 0, 0, 105, 0, 0, 0], [0, 0, 0, 0, 0, 0, 0, 115, 0, 0], [0, 0, 0, 0, 0, 0, 0, 1, 105, 0], [0, 0, 0, 0, 1, 0, 0, 1, 0, 103]]}"
c-k3-b-DD,cosine,3,borda,RetentionPolicy.DD_RETENTION,8,10,9894,1098,0.0014701999971293,0.2055145000049378,0.2069847000020672,0.9936247723132968,0.9936851117082226,0.9936506977040632,0.9936550877178052,0.9936497954543082,0.9936247723132968,0.9936246932240742,"{""labels"": [""0"", ""1"", ""2"", ""3"", ""4"", ""5"", ""6"", ""7"", ""8"", ""9""], ""matrix"": [[113, 0, 0, 0, 0, 0, 1, 0, 0, 0], [0, 112, 1, 0, 0, 0, 0, 1, 0, 0], [0, 1, 114, 0, 0, 0, 0, 0, 0, 0], [0, 1, 0, 104, 0, 0, 0, 0, 0, 0], [0, 0, 0, 0, 114, 0, 0, 0, 0, 0], [0, 0, 0, 0, 0, 105, 0, 0, 1, 0], [0, 0, 0, 0, 0, 0, 105, 0, 0, 0], [0, 0, 0, 0, 0, 0, 0, 114, 0, 0], [0, 0, 0, 0, 0, 0, 0, 0, 106, 0], [0, 0, 0, 0, 0, 1, 0, 0, 0, 104]]}"
c-k3-b-DD,cosine,3,borda,RetentionPolicy.DD_RETENTION,9,10,9890,1102,0.0015088000000105,0.2016913999977987,0.2032001999978092,0.9945553539019965,0.994575940233526,0.9945368754124854,0.9945366865404116,0.9945873709853692,0.9945553539019965,0.9945512315756814,"{""labels"": [""0"", ""1"", ""2"", ""3"", ""4"", ""5"", ""6"", ""7"", ""8"", ""9""], ""matrix"": [[114, 0, 0, 0, 1, 0, 0, 0, 0, 0], [0, 112, 1, 1, 0, 0, 0, 0, 0, 0], [0, 0, 115, 0, 0, 0, 0, 0, 0, 0], [0, 0, 0, 104, 0, 0, 0, 0, 0, 1], [0, 0, 0, 0, 115, 0, 0, 0, 0, 0], [0, 0, 0, 0, 0, 105, 0, 0, 1, 0], [0, 0, 0, 0, 0, 0, 106, 0, 0, 0], [0, 0, 0, 0, 0, 0, 0, 114, 0, 0], [0, 0, 0, 0, 0, 0, 0, 0, 106, 0], [0, 0, 0, 0, 0, 0, 0, 1, 0, 105]]}"
c-k3-mp-AR,cosine,3,modified_plurality,RetentionPolicy.ALWAYS_RETAIN,0,10,9894,1098,0.0015657999974791,0.248149300001387,0.2497150999988662,0.994535519125683,0.9944857961854654,0.9945292476474203,0.9944918269033184,0.9945598818798664,0.994535519125683,0.994531571380538,"{""labels"": [""0"", ""1"", ""2"", ""3"", ""4"", ""5"", ""6"", ""7"", ""8"", ""9""], ""matrix"": [[115, 0, 0, 0, 0, 0, 0, 0, 0, 0], [0, 113, 1, 0, 0, 0, 0, 0, 0, 0], [0, 0, 114, 0, 0, 0, 0, 0, 0, 0], [0, 0, 0, 105, 0, 0, 0, 0, 0, 0], [0, 0, 0, 0, 115, 0, 0, 0, 0, 0], [0, 0, 0, 0, 0, 105, 0, 0, 0, 0], [0, 0, 0, 0, 0, 0, 105, 0, 0, 0], [0, 0, 0, 0, 0, 0, 0, 112, 1, 1], [1, 0, 0, 0, 0, 1, 0, 0, 104, 0], [0, 0, 0, 0, 0, 0, 0, 0, 1, 104]]}"
c-k3-mp-AR,cosine,3,modified_plurality,RetentionPolicy.ALWAYS_RETAIN,1,10,9893,1099,0.001498999998148,0.2478965999980573,0.2493955999962054,0.991810737033667,0.9919865574475416,0.9919701427481749,0.9919375003971757,0.9918996626921956,0.991810737033667,0.9918143545709196,"{""labels"": [""0"", ""1"", ""2"", ""3"", ""4"", ""5"", ""6"", ""7"", ""8"", ""9""], ""matrix"": [[114, 1, 0, 0, 0, 0, 0, 0, 0, 0], [0, 113, 1, 0, 0, 0, 0, 0, 0, 0], [0, 1, 113, 0, 0, 0, 0, 0, 0, 0], [0, 0, 0, 103, 0, 0, 0, 1, 0, 1], [0, 0, 0, 0, 114, 1, 0, 0, 0, 0], [0, 0, 0, 0, 0, 105, 0, 0, 0, 0], [0, 0, 0, 0, 0, 0, 106, 0, 0, 0], [0, 1, 1, 0, 0, 0, 0, 111, 0, 1], [0, 0, 0, 0, 0, 0, 0, 0, 105, 0], [0, 0, 0, 0, 0, 0, 0, 0, 0, 106]]}"
c-k3-mp-AR,cosine,3,modified_plurality,RetentionPolicy.ALWAYS_RETAIN,2,10,9895,1097,0.001771600000211,0.2439662000033422,0.2457378000035532,0.9954421148587056,0.9953911185432924,0.9953960989430096,0.9953637826179124,0.9955172412040948,0.9954421148587056,0.9954506424242489,"{""labels"": [""0"", ""1"", ""2"", ""3"", ""4"", ""5"", ""6"", ""7"", ""8"", ""9""], ""matrix"": [[113, 0, 0, 0, 0, 0, 0, 0, 0, 1], [0, 114, 0, 0, 1, 0, 0, 0, 0, 0], [0, 0, 115, 0, 0, 0, 0, 0, 0, 0], [0, 0, 0, 104, 0, 1, 0, 0, 0, 0], [0, 0, 0, 0, 114, 0, 0, 0, 0, 0], [0, 0, 0, 0, 0, 105, 0, 0, 0, 0], [0, 0, 0, 0, 0, 0, 105, 0, 0, 0], [0, 0, 0, 0, 0, 0, 0, 114, 0, 0], [0, 0, 0, 0, 0, 0, 0, 0, 105, 0], [0, 0, 0, 0, 0, 2, 0, 0, 0, 103]]}"
c-k3-mp-AR,cosine,3,modified_plurality,RetentionPolicy.ALWAYS_RETAIN,3,10,9892,1100,0.0016441999978269,0.2388581999985035,0.2405023999963305,0.99,0.9900199003814912,0.9900054484036176,0.9899695201553824,0.990067479074989,0.99,0.9899915927907952,"{""labels"": [""0"", ""1"", ""2"", ""3"", ""4"", ""5"", ""6"", ""7"", ""8"", ""9""], ""matrix"": [[114, 0, 0, 0, 0, 0, 0, 0, 0, 0], [0, 112, 0, 2, 0, 0, 0, 0, 0, 0], [0, 0, 114, 0, 0, 0, 0, 1, 0, 0], [0, 1, 1, 103, 0, 0, 0, 0, 0, 0], [0, 0, 0, 0, 115, 0, 0, 0, 0, 0], [0, 0, 0, 1, 0, 102, 0, 0, 0, 2], [0, 0, 0, 0, 0, 0, 105, 0, 0, 0], [0, 1, 1, 0, 0, 0, 0, 112, 1, 0], [0, 0, 0, 0, 0, 0, 0, 0, 106, 0], [0, 0, 0, 0, 0, 0, 0, 0, 0, 106]]}"
c-k3-mp-AR,cosine,3,modified_plurality,RetentionPolicy.ALWAYS_RETAIN,4,10,9894,1098,0.0019801000016741,0.2376169999988633,0.2395971000005374,0.994535519125683,0.9946499391813528,0.9943864994726356,0.9944846707526998,0.9945999471652976,0.994535519125683,0.9945344707366918,"{""labels"": [""0"", ""1"", ""2"", ""3"", ""4"", ""5"", ""6"", ""7"", ""8"", ""9""], ""matrix"": [[114, 0, 0, 0, 0, 0, 0, 0, 0, 0], [0, 114, 1, 0, 0, 0, 0, 0, 0, 0], [0, 0, 114, 0, 0, 0, 0, 0, 0, 0], [0, 0, 1, 104, 0, 0, 0, 0, 0, 0], [0, 0, 0, 0, 114, 0, 0, 0, 0, 0], [0, 0, 0, 2, 0, 104, 0, 0, 0, 0], [0, 0, 0, 0, 0, 0, 106, 0, 0, 0], [0, 0, 0, 0, 0, 0, 0, 114, 0, 0], [0, 0, 0, 0, 0, 0, 0, 0, 105, 0], [0, 0, 0, 0, 1, 0, 0, 1, 0, 103]]}"
c-k3-mp-AR,cosine,3,modified_plurality,RetentionPolicy.ALWAYS_RETAIN,5,10,9894,1098,0.0014851000014459,0.2351362999979755,0.2366213999994215,0.994535519125683,0.9945545089868107,0.9945112781954888,0.99451568920018,0.9945774852729912,0.994535519125683,0.9945397359164032,"{""labels"": [""0"", ""1"", ""2"", ""3"", ""4"", ""5"", ""6"", ""7"", ""8"", ""9""], ""matrix"": [[114, 0, 0, 0, 0, 0, 0, 0, 0, 0], [0, 113, 0, 1, 0, 0, 0, 0, 0, 0], [0, 0, 114, 0, 0, 0, 0, 0, 0, 0], [0, 0, 0, 105, 0, 0, 0, 0, 0, 0], [0, 0, 0, 0, 113, 0, 0, 0, 0, 1], [0, 0, 0, 1, 0, 104, 0, 0, 0, 0], [0, 0, 0, 0, 0, 0, 108, 0, 0, 0], [0, 0, 1, 0, 0, 0, 0, 113, 0, 0], [0, 0, 0, 0, 0, 0, 0, 1, 104, 0], [0, 1, 0, 0, 0, 0, 0, 0, 0, 104]]}"
c-k3-mp-AR,cosine,3,modified_plurality,RetentionPolicy.ALWAYS_RETAIN,6,10,9890,1102,0.0018966999996337,0.2388452000013785,0.2407419000010122,0.9963702359346642,0.99641503464989,0.9963650923864212,0.9963705471811284,0.996409852151132,0.9963702359346642,0.996370086683591,"{""labels"": [""0"", ""1"", ""2"", ""3"", ""4"", ""5"", ""6"", ""7"", ""8"", ""9""], ""matrix"": [[114, 0, 0, 0, 0, 0, 0, 0, 0, 0], [0, 113, 2, 0, 0, 0, 0, 0, 0, 0], [0, 0, 114, 0, 0, 0, 0, 0, 0, 0], [0, 0, 0, 108, 0, 0, 0, 0, 0, 0], [0, 0, 0, 0, 114, 0, 0, 0, 0, 0], [0, 0, 0, 1, 0, 105, 0, 0, 0, 0], [0, 0, 0, 0, 0, 1, 104, 0, 0, 0], [0, 0, 0, 0, 0, 0, 0, 114, 0, 0], [0, 0, 0, 0, 0, 0, 0, 0, 105, 0], [0, 0, 0, 0, 0, 0, 0, 0, 0, 107]]}"
c-k3-mp-AR,cosine,3,modified_plurality,RetentionPolicy.ALWAYS_RETAIN,7,10,9892,1100,0.0014660000015283,0.2396540999980061,0.2411200999995344,0.9936363636363637,0.9938223334603242,0.993784461152882,0.993788089623178,0.993667776128026,0.9936363636363637,0.993636188592553,"{""labels"": [""0"", ""1"", ""2"", ""3"", ""4"", ""5"", ""6"", ""7"", ""8"", ""9""], ""matrix"": [[112, 0, 0, 0, 2, 0, 0, 0, 0, 0], [0, 112, 2, 0, 0, 0, 0, 0, 0, 0], [0, 1, 113, 0, 0, 0, 0, 0, 0, 0], [0, 0, 0, 107, 0, 0, 0, 0, 0, 0], [0, 0, 0, 0, 113, 0, 0, 0, 0, 1], [0, 0, 0, 0, 0, 106, 0, 0, 0, 0], [0, 0, 0, 0, 0, 0, 105, 0, 0, 0], [0, 0, 0, 0, 0, 0, 0, 115, 0, 0], [0, 0, 0, 0, 0, 0, 0, 0, 106, 0], [0, 0, 0, 0, 0, 0, 0, 1, 0, 104]]}"
c-k3-mp-AR,cosine,3,modified_plurality,RetentionPolicy.ALWAYS_RETAIN,8,10,9894,1098,0.001773800002411,0.2407934000002569,0.2425672000026679,0.9954462659380692,0.9955208249340328,0.9953974559039108,0.995438391187266,0.9954870598822037,0.9954462659380692,0.995445982474402,"{""labels"": [""0"", ""1"", ""2"", ""3"", ""4"", ""5"", ""6"", ""7"", ""8"", ""9""], ""matrix"": [[113, 0, 0, 0, 0, 0, 1, 0, 0, 0], [0, 113, 1, 0, 0, 0, 0, 0, 0, 0], [0, 0, 115, 0, 0, 0, 0, 0, 0, 0], [0, 0, 0, 104, 1, 0, 0, 0, 0, 0], [0, 0, 0, 0, 114, 0, 0, 0, 0, 0], [0, 0, 0, 0, 0, 106, 0, 0, 0, 0], [0, 0, 0, 0, 0, 0, 105, 0, 0, 0], [0, 0, 0, 0, 0, 0, 0, 114, 0, 0], [0, 0, 0, 0, 0, 0, 0, 1, 105, 0], [0, 0, 0, 0, 0, 1, 0, 0, 0, 104]]}"
c-k3-mp-AR,cosine,3,modified_plurality,RetentionPolicy.ALWAYS_RETAIN,9,10,9890,1102,0.0015060000005178,0.2467126000046846,0.2482186000052024,0.9936479128856625,0.9936501775814364,0.993667310195094,0.9936311203028524,0.9936968914833594,0.9936479128856625,0.9936442022923874,"{""labels"": [""0"", ""1"", ""2"", ""3"", ""4"", ""5"", ""6"", ""7"", ""8"", ""9""], ""matrix"": [[113, 0, 0, 0, 1, 0, 0, 0, 0, 1], [0, 112, 1, 1, 0, 0, 0, 0, 0, 0], [0, 0, 115, 0, 0, 0, 0, 0, 0, 0], [0, 0, 0, 104, 0, 0, 0, 0, 0, 1], [0, 0, 0, 0, 115, 0, 0, 0, 0, 0], [0, 0, 0, 0, 0, 105, 0, 0, 1, 0], [0, 0, 0, 0, 0, 0, 106, 0, 0, 0], [0, 0, 0, 0, 0, 0, 0, 114, 0, 0], [0, 0, 0, 0, 0, 0, 0, 0, 106, 0], [0, 0, 0, 0, 0, 0, 0, 1, 0, 105]]}"
c-k5-b-AR,cosine,5,borda,RetentionPolicy.ALWAYS_RETAIN,0,10,9894,1098,0.0014786999963689,0.2326465000005555,0.2341251999969245,0.9954462659380692,0.9954202076859144,0.9954064406298766,0.9954012455261324,0.995461954913087,0.9954462659380692,0.9954418973455752,"{""labels"": [""0"", ""1"", ""2"", ""3"", ""4"", ""5"", ""6"", ""7"", ""8"", ""9""], ""matrix"": [[115, 0, 0, 0, 0, 0, 0, 0, 0, 0], [0, 114, 0, 0, 0, 0, 0, 0, 0, 0], [0, 1, 113, 0, 0, 0, 0, 0, 0, 0], [0, 0, 0, 105, 0, 0, 0, 0, 0, 0], [0, 0, 0, 0, 115, 0, 0, 0, 0, 0], [0, 0, 0, 0, 0, 105, 0, 0, 0, 0], [0, 0, 0, 0, 0, 0, 105, 0, 0, 0], [0, 0, 0, 0, 0, 0, 0, 113, 0, 1], [1, 0, 0, 0, 0, 1, 0, 0, 104, 0], [0, 0, 0, 0, 0, 0, 0, 0, 1, 104]]}"
c-k5-b-AR,cosine,5,borda,RetentionPolicy.ALWAYS_RETAIN,1,10,9893,1099,0.001867899998615,0.2350170000063371,0.2368849000049522,0.9927206551410374,0.9928486264130588,0.9928473357306308,0.9928070656145668,0.9927938925563352,0.9927206551410374,0.9927163603469216,"{""labels"": [""0"", ""1"", ""2"", ""3"", ""4"", ""5"", ""6"", ""7"", ""8"", ""9""], ""matrix"": [[114, 1, 0, 0, 0, 0, 0, 0, 0, 0], [0, 113, 1, 0, 0, 0, 0, 0, 0, 0], [0, 0, 114, 0, 0, 0, 0, 0, 0, 0], [0, 0, 0, 103, 0, 0, 0, 1, 0, 1], [0, 0, 0, 0, 114, 1, 0, 0, 0, 0], [0, 0, 0, 0, 0, 105, 0, 0, 0, 0], [0, 0, 0, 0, 0, 0, 106, 0, 0, 0], [0, 1, 1, 0, 0, 0, 0, 111, 0, 1], [0, 0, 0, 0, 0, 0, 0, 0, 105, 0], [0, 0, 0, 0, 0, 0, 0, 0, 0, 106]]}"
c-k5-b-AR,cosine,5,borda,RetentionPolicy.ALWAYS_RETAIN,2,10,9895,1097,0.0014818999989074,0.2336064999981317,0.2350883999970392,0.9954421148587056,0.9953911185432924,0.9953960989430096,0.9953637826179124,0.9955172412040948,0.9954421148587056,0.9954506424242489,"{""labels"": [""0"", ""1"", ""2"", ""3"", ""4"", ""5"", ""6"", ""7"", ""8"", ""9""], ""matrix"": [[113, 0, 0, 0, 0, 0, 0, 0, 0, 1], [0, 114, 0, 0, 1, 0, 0, 0, 0, 0], [0, 0, 115, 0, 0, 0, 0, 0, 0, 0], [0, 0, 0, 104, 0, 1, 0, 0, 0, 0], [0, 0, 0, 0, 114, 0, 0, 0, 0, 0], [0, 0, 0, 0, 0, 105, 0, 0, 0, 0], [0, 0, 0, 0, 0, 0, 105, 0, 0, 0], [0, 0, 0, 0, 0, 0, 0, 114, 0, 0], [0, 0, 0, 0, 0, 0, 0, 0, 105, 0], [0, 0, 0, 0, 0, 2, 0, 0, 0, 103]]}"
c-k5-b-AR,cosine,5,borda,RetentionPolicy.ALWAYS_RETAIN,3,10,9892,1100,0.001588899998751,0.2336895999978878,0.2352784999966388,0.9918181818181818,0.991877855098704,0.9918350223384548,0.9918316015658132,0.991850568324908,0.9918181818181818,0.9918096175602276,"{""labels"": [""0"", ""1"", ""2"", ""3"", ""4"", ""5"", ""6"", ""7"", ""8"", ""9""], ""matrix"": [[114, 0, 0, 0, 0, 0, 0, 0, 0, 0], [0, 113, 0, 1, 0, 0, 0, 0, 0, 0], [0, 0, 114, 0, 0, 0, 0, 1, 0, 0], [0, 1, 1, 103, 0, 0, 0, 0, 0, 0], [0, 0, 0, 0, 115, 0, 0, 0, 0, 0], [0, 0, 0, 1, 0, 103, 0, 0, 0, 1], [0, 0, 0, 0, 0, 0, 105, 0, 0, 0], [0, 1, 1, 0, 0, 0, 0, 112, 1, 0], [0, 0, 0, 0, 0, 0, 0, 0, 106, 0], [0, 0, 0, 0, 0, 0, 0, 0, 0, 106]]}"
c-k5-b-AR,cosine,5,borda,RetentionPolicy.ALWAYS_RETAIN,4,10,9894,1098,0.0017402000012225,0.2309199000010267,0.2326601000022492,0.9954462659380692,0.995584350681802,0.9953298956990508,0.995432538051278,0.9954935100755634,0.9954462659380692,0.995445258657036,"{""labels"": [""0"", ""1"", ""2"", ""3"", ""4"", ""5"", ""6"", ""7"", ""8"", ""9""], ""matrix"": [[114, 0, 0, 0, 0, 0, 0, 0, 0, 0], [0, 114, 1, 0, 0, 0, 0, 0, 0, 0], [0, 0, 114, 0, 0, 0, 0, 0, 0, 0], [0, 0, 1, 104, 0, 0, 0, 0, 0, 0], [0, 0, 0, 0, 114, 0, 0, 0, 0, 0], [0, 0, 0, 1, 0, 105, 0, 0, 0, 0], [0, 0, 0, 0, 0, 0, 106, 0, 0, 0], [0, 0, 0, 0, 0, 0, 0, 114, 0, 0], [0, 0, 0, 0, 0, 0, 0, 0, 105, 0], [0, 0, 0, 0, 1, 0, 0, 1, 0, 103]]}"
c-k5-b-AR,cosine,5,borda,RetentionPolicy.ALWAYS_RETAIN,5,10,9894,1098,0.0017679999946267,0.231009000002814,0.2327769999974407,0.9954462659380692,0.995431701969267,0.9954636591478696,0.9954308224477963,0.9954882320853772,0.9954462659380692,0.9954506554986672,"{""labels"": [""0"", ""1"", ""2"", ""3"", ""4"", ""5"", ""6"", ""7"", ""8"", ""9""], ""matrix"": [[114, 0, 0, 0, 0, 0, 0, 0, 0, 0], [0, 113, 0, 1, 0, 0, 0, 0, 0, 0], [0, 0, 114, 0, 0, 0, 0, 0, 0, 0], [0, 0, 0, 105, 0, 0, 0, 0, 0, 0], [0, 0, 0, 0, 113, 0, 0, 0, 0, 1], [0, 0, 0, 1, 0, 104, 0, 0, 0, 0], [0, 0, 0, 0, 0, 0, 108, 0, 0, 0], [0, 0, 1, 0, 0, 0, 0, 113, 0, 0], [0, 0, 0, 0, 0, 0, 0, 0, 105, 0], [0, 1, 0, 0, 0, 0, 0, 0, 0, 104]]}"
c-k5-b-AR,cosine,5,borda,RetentionPolicy.ALWAYS_RETAIN,6,10,9890,1102,0.0016383999973186,0.2245155999989947,0.2261539999963133,0.9963702359346642,0.99641503464989,0.9963650923864212,0.9963705471811284,0.996409852151132,0.9963702359346642,0.996370086683591,"{""labels"": [""0"", ""1"", ""2"", ""3"", ""4"", ""5"", ""6"", ""7"", ""8"", ""9""], ""matrix"": [[114, 0, 0, 0, 0, 0, 0, 0, 0, 0], [0, 113, 2, 0, 0, 0, 0, 0, 0, 0], [0, 0, 114, 0, 0, 0, 0, 0, 0, 0], [0, 0, 0, 108, 0, 0, 0, 0, 0, 0], [0, 0, 0, 0, 114, 0, 0, 0, 0, 0], [0, 0, 0, 1, 0, 105, 0, 0, 0, 0], [0, 0, 0, 0, 0, 1, 104, 0, 0, 0], [0, 0, 0, 0, 0, 0, 0, 114, 0, 0], [0, 0, 0, 0, 0, 0, 0, 0, 105, 0], [0, 0, 0, 0, 0, 0, 0, 0, 0, 107]]}"
c-k5-b-AR,cosine,5,borda,RetentionPolicy.ALWAYS_RETAIN,7,10,9892,1100,0.0015831999990041,0.2262781000026734,0.2278613000016776,0.9927272727272728,0.9930873963201547,0.9928410649264672,0.9929219655768612,0.9928204888980752,0.9927272727272728,0.992730360873515,"{""labels"": [""0"", ""1"", ""2"", ""3"", ""4"", ""5"", ""6"", ""7"", ""8"", ""9""], ""matrix"": [[112, 0, 0, 0, 2, 0, 0, 0, 0, 0], [0, 111, 3, 0, 0, 0, 0, 0, 0, 0], [0, 1, 113, 0, 0, 0, 0, 0, 0, 0], [0, 0, 0, 107, 0, 0, 0, 0, 0, 0], [0, 0, 0, 0, 114, 0, 0, 0, 0, 0], [0, 0, 0, 0, 0, 106, 0, 0, 0, 0], [0, 0, 0, 0, 0, 0, 105, 0, 0, 0], [0, 0, 0, 0, 0, 0, 0, 115, 0, 0], [0, 0, 0, 0, 0, 0, 0, 1, 105, 0], [0, 0, 0, 0, 0, 0, 0, 1, 0, 104]]}"
c-k5-b-AR,cosine,5,borda,RetentionPolicy.ALWAYS_RETAIN,8,10,9894,1098,0.0015109999949345,0.2210215000013704,0.2225324999963049,0.9963570127504554,0.996390390151424,0.9963408521303256,0.9963490060592624,0.9963898871570908,0.9963570127504554,0.9963568989244316,"{""labels"": [""0"", ""1"", ""2"", ""3"", ""4"", ""5"", ""6"", ""7"", ""8"", ""9""], ""matrix"": [[113, 0, 0, 0, 0, 0, 1, 0, 0, 0], [0, 113, 1, 0, 0, 0, 0, 0, 0, 0], [0, 0, 115, 0, 0, 0, 0, 0, 0, 0], [0, 0, 0, 104, 1, 0, 0, 0, 0, 0], [0, 0, 0, 0, 114, 0, 0, 0, 0, 0], [0, 0, 0, 0, 0, 106, 0, 0, 0, 0], [0, 0, 0, 0, 0, 0, 105, 0, 0, 0], [0, 0, 0, 0, 0, 0, 0, 114, 0, 0], [0, 0, 0, 0, 0, 0, 0, 0, 106, 0], [0, 0, 0, 0, 0, 1, 0, 0, 0, 104]]}"
c-k5-b-AR,cosine,5,borda,RetentionPolicy.ALWAYS_RETAIN,9,10,9890,1102,0.0015108000006875,0.224955099998624,0.2264658999993116,0.9927404718693283,0.992802844837552,0.992790117212638,0.9927535741891148,0.9928126513241332,0.9927404718693283,0.9927325015165368,"{""labels"": [""0"", ""1"", ""2"", ""3"", ""4"", ""5"", ""6"", ""7"", ""8"", ""9""], ""matrix"": [[113, 0, 0, 0, 1, 0, 0, 0, 0, 1], [0, 111, 2, 1, 0, 0, 0, 0, 0, 0], [0, 0, 115, 0, 0, 0, 0, 0, 0, 0], [0, 0, 0, 104, 0, 0, 0, 0, 0, 1], [0, 0, 0, 0, 115, 0, 0, 0, 0, 0], [0, 0, 0, 0, 0, 105, 0, 0, 1, 0], [0, 0, 0, 0, 0, 0, 106, 0, 0, 0], [0, 0, 0, 0, 0, 0, 0, 114, 0, 0], [0, 0, 0, 0, 0, 0, 0, 0, 106, 0], [0, 0, 0, 0, 0, 0, 0, 1, 0, 105]]}"
c-k5-b-DD,cosine,5,borda,RetentionPolicy.DD_RETENTION,0,10,9894,1098,0.0015996000001905,0.2082563000003574,0.209855900000548,0.994535519125683,0.9944944450338248,0.9945368754124854,0.9944951017262988,0.9945766627594492,0.994535519125683,0.9945355957862893,"{""labels"": [""0"", ""1"", ""2"", ""3"", ""4"", ""5"", ""6"", ""7"", ""8"", ""9""], ""matrix"": [[115, 0, 0, 0, 0, 0, 0, 0, 0, 0], [0, 114, 0, 0, 0, 0, 0, 0, 0, 0], [0, 1, 113, 0, 0, 0, 0, 0, 0, 0], [0, 0, 0, 105, 0, 0, 0, 0, 0, 0], [0, 0, 0, 0, 114, 1, 0, 0, 0, 0], [0, 0, 0, 0, 0, 105, 0, 0, 0, 0], [0, 0, 0, 0, 0, 0, 105, 0, 0, 0], [0, 0, 0, 0, 0, 0, 0, 113, 0, 1], [1, 0, 0, 0, 0, 1, 0, 0, 104, 0], [0, 0, 0, 0, 0, 0, 0, 0, 1, 104]]}"
c-k5-b-DD,cosine,5,borda,RetentionPolicy.DD_RETENTION,1,10,9893,1099,0.0015270000003511,0.2105415999976685,0.2120685999980196,0.9927206551410374,0.9928486264130588,0.9928473357306308,0.9928070656145668,0.9927938925563352,0.9927206551410374,0.9927163603469216,"{""labels"": [""0"", ""1"", ""2"", ""3"", ""4"", ""5"", ""6"", ""7"", ""8"", ""9""], ""matrix"": [[114, 1, 0, 0, 0, 0, 0, 0, 0, 0], [0, 113, 1, 0, 0, 0, 0, 0, 0, 0], [0, 0, 114, 0, 0, 0, 0, 0, 0, 0], [0, 0, 0, 103, 0, 0, 0, 1, 0, 1], [0, 0, 0, 0, 114, 1, 0, 0, 0, 0], [0, 0, 0, 0, 0, 105, 0, 0, 0, 0], [0, 0, 0, 0, 0, 0, 106, 0, 0, 0], [0, 1, 1, 0, 0, 0, 0, 111, 0, 1], [0, 0, 0, 0, 0, 0, 0, 0, 105, 0], [0, 0, 0, 0, 0, 0, 0, 0, 0, 106]]}"
c-k5-b-DD,cosine,5,borda,RetentionPolicy.DD_RETENTION,2,10,9895,1097,0.0015545999995083,0.2062934999994468,0.2078480999989551,0.9945305378304466,0.994512218001032,0.9944437179906288,0.994443228398716,0.9945967288147484,0.9945305378304466,0.9945300678302432,"{""labels"": [""0"", ""1"", ""2"", ""3"", ""4"", ""5"", ""6"", ""7"", ""8"", ""9""], ""matrix"": [[113, 0, 0, 0, 0, 0, 0, 0, 0, 1], [0, 114, 0, 0, 1, 0, 0, 0, 0, 0], [0, 0, 115, 0, 0, 0, 0, 0, 0, 0], [0, 0, 0, 104, 0, 1, 0, 0, 0, 0], [0, 0, 0, 0, 114, 0, 0, 0, 0, 0], [0, 0, 0, 0, 0, 105, 0, 0, 0, 0], [0, 0, 0, 0, 0, 0, 105, 0, 0, 0], [0, 0, 0, 0, 0, 0, 0, 114, 0, 0], [0, 0, 0, 0, 0, 0, 0, 0, 105, 0], [0, 1, 0, 0, 0, 2, 0, 0, 0, 102]]}"
c-k5-b-DD,cosine,5,borda,RetentionPolicy.DD_RETENTION,3,10,9892,1100,0.002008499999647,0.2075360999951954,0.2095445999948424,0.9918181818181818,0.991877855098704,0.9918350223384548,0.9918316015658132,0.991850568324908,0.9918181818181818,0.9918096175602276,"{""labels"": [""0"", ""1"", ""2"", ""3"", ""4"", ""5"", ""6"", ""7"", ""8"", ""9""], ""matrix"": [[114, 0, 0, 0, 0, 0, 0, 0, 0, 0], [0, 113, 0, 1, 0, 0, 0, 0, 0, 0], [0, 0, 114, 0, 0, 0, 0, 1, 0, 0], [0, 1, 1, 103, 0, 0, 0, 0, 0, 0], [0, 0, 0, 0, 115, 0, 0, 0, 0, 0], [0, 0, 0, 1, 0, 103, 0, 0, 0, 1], [0, 0, 0, 0, 0, 0, 105, 0, 0, 0], [0, 1, 1, 0, 0, 0, 0, 112, 1, 0], [0, 0, 0, 0, 0, 0, 0, 0, 106, 0], [0, 0, 0, 0, 0, 0, 0, 0, 0, 106]]}"
c-k5-b-DD,cosine,5,borda,RetentionPolicy.DD_RETENTION,4,10,9894,1098,0.0015863000007811,0.2023824999996577,0.2039688000004389,0.9954462659380692,0.995584350681802,0.9953298956990508,0.995432538051278,0.9954935100755634,0.9954462659380692,0.995445258657036,"{""labels"": [""0"", ""1"", ""2"", ""3"", ""4"", ""5"", ""6"", ""7"", ""8"", ""9""], ""matrix"": [[114, 0, 0, 0, 0, 0, 0, 0, 0, 0], [0, 114, 1, 0, 0, 0, 0, 0, 0, 0], [0, 0, 114, 0, 0, 0, 0, 0, 0, 0], [0, 0, 1, 104, 0, 0, 0, 0, 0, 0], [0, 0, 0, 0, 114, 0, 0, 0, 0, 0], [0, 0, 0, 1, 0, 105, 0, 0, 0, 0], [0, 0, 0, 0, 0, 0, 106, 0, 0, 0], [0, 0, 0, 0, 0, 0, 0, 114, 0, 0], [0, 0, 0, 0, 0, 0, 0, 0, 105, 0], [0, 0, 0, 0, 1, 0, 0, 1, 0, 103]]}"
c-k5-b-DD,cosine,5,borda,RetentionPolicy.DD_RETENTION,5,10,9894,1098,0.0015156000008573,0.2004400000005262,0.2019556000013835,0.9954462659380692,0.9955015349468124,0.9953884711779448,0.9954294654868956,0.9954855905380644,0.9954462659380692,0.9954499830851058,"{""labels"": [""0"", ""1"", ""2"", ""3"", ""4"", ""5"", ""6"", ""7"", ""8"", ""9""], ""matrix"": [[114, 0, 0, 0, 0, 0, 0, 0, 0, 0], [0, 114, 0, 0, 0, 0, 0, 0, 0, 0], [0, 0, 114, 0, 0, 0, 0, 0, 0, 0], [0, 1, 0, 104, 0, 0, 0, 0, 0, 0], [0, 0, 0, 0, 113, 0, 0, 0, 0, 1], [0, 0, 0, 1, 0, 104, 0, 0, 0, 0], [0, 0, 0, 0, 0, 0, 108, 0, 0, 0], [0, 0, 1, 0, 0, 0, 0, 113, 0, 0], [0, 0, 0, 0, 0, 0, 0, 0, 105, 0], [0, 1, 0, 0, 0, 0, 0, 0, 0, 104]]}"
c-k5-b-DD,cosine,5,borda,RetentionPolicy.DD_RETENTION,6,10,9890,1102,0.0015008000045781,0.2032174999985727,0.2047183000031509,0.9954627949183305,0.9955750700168216,0.99549552716903,0.9954970181791908,0.995540923220372,0.9954627949183305,0.995462403388296,"{""labels"": [""0"", ""1"", ""2"", ""3"", ""4"", ""5"", ""6"", ""7"", ""8"", ""9""], ""matrix"": [[114, 0, 0, 0, 0, 0, 0, 0, 0, 0], [0, 112, 3, 0, 0, 0, 0, 0, 0, 0], [0, 0, 114, 0, 0, 0, 0, 0, 0, 0], [0, 0, 0, 108, 0, 0, 0, 0, 0, 0], [0, 0, 0, 0, 114, 0, 0, 0, 0, 0], [0, 0, 0, 1, 0, 105, 0, 0, 0, 0], [0, 0, 0, 0, 0, 1, 104, 0, 0, 0], [0, 0, 0, 0, 0, 0, 0, 114, 0, 0], [0, 0, 0, 0, 0, 0, 0, 0, 105, 0], [0, 0, 0, 0, 0, 0, 0, 0, 0, 107]]}"
c-k5-b-DD,cosine,5,borda,RetentionPolicy.DD_RETENTION,7,10,9892,1100,0.0015619000041624,0.2115997000000788,0.2131616000042413,0.9927272727272728,0.9930873963201547,0.9928410649264672,0.9929219655768612,0.9928204888980752,0.9927272727272728,0.992730360873515,"{""labels"": [""0"", ""1"", ""2"", ""3"", ""4"", ""5"", ""6"", ""7"", ""8"", ""9""], ""matrix"": [[112, 0, 0, 0, 2, 0, 0, 0, 0, 0], [0, 111, 3, 0, 0, 0, 0, 0, 0, 0], [0, 1, 113, 0, 0, 0, 0, 0, 0, 0], [0, 0, 0, 107, 0, 0, 0, 0, 0, 0], [0, 0, 0, 0, 114, 0, 0, 0, 0, 0], [0, 0, 0, 0, 0, 106, 0, 0, 0, 0], [0, 0, 0, 0, 0, 0, 105, 0, 0, 0], [0, 0, 0, 0, 0, 0, 0, 115, 0, 0], [0, 0, 0, 0, 0, 0, 0, 1, 105, 0], [0, 0, 0, 0, 0, 0, 0, 1, 0, 104]]}"
c-k5-b-DD,cosine,5,borda,RetentionPolicy.DD_RETENTION,8,10,9894,1098,0.0017215000043506,0.2112186000013025,0.2129401000056532,0.9963570127504554,0.996390390151424,0.9963408521303256,0.9963490060592624,0.9963898871570908,0.9963570127504554,0.9963568989244316,"{""labels"": [""0"", ""1"", ""2"", ""3"", ""4"", ""5"", ""6"", ""7"", ""8"", ""9""], ""matrix"": [[113, 0, 0, 0, 0, 0, 1, 0, 0, 0], [0, 113, 1, 0, 0, 0, 0, 0, 0, 0], [0, 0, 115, 0, 0, 0, 0, 0, 0, 0], [0, 0, 0, 104, 1, 0, 0, 0, 0, 0], [0, 0, 0, 0, 114, 0, 0, 0, 0, 0], [0, 0, 0, 0, 0, 106, 0, 0, 0, 0], [0, 0, 0, 0, 0, 0, 105, 0, 0, 0], [0, 0, 0, 0, 0, 0, 0, 114, 0, 0], [0, 0, 0, 0, 0, 0, 0, 0, 106, 0], [0, 0, 0, 0, 0, 1, 0, 0, 0, 104]]}"
c-k5-b-DD,cosine,5,borda,RetentionPolicy.DD_RETENTION,9,10,9890,1102,0.0015781000038259,0.2076604999965638,0.2092386000003898,0.9927404718693283,0.992802844837552,0.992790117212638,0.9927535741891148,0.9928126513241332,0.9927404718693283,0.9927325015165368,"{""labels"": [""0"", ""1"", ""2"", ""3"", ""4"", ""5"", ""6"", ""7"", ""8"", ""9""], ""matrix"": [[113, 0, 0, 0, 1, 0, 0, 0, 0, 1], [0, 111, 2, 1, 0, 0, 0, 0, 0, 0], [0, 0, 115, 0, 0, 0, 0, 0, 0, 0], [0, 0, 0, 104, 0, 0, 0, 0, 0, 1], [0, 0, 0, 0, 115, 0, 0, 0, 0, 0], [0, 0, 0, 0, 0, 105, 0, 0, 1, 0], [0, 0, 0, 0, 0, 0, 106, 0, 0, 0], [0, 0, 0, 0, 0, 0, 0, 114, 0, 0], [0, 0, 0, 0, 0, 0, 0, 0, 106, 0], [0, 0, 0, 0, 0, 0, 0, 1, 0, 105]]}"
e-k3-mp-AR,euclidean,3,modified_plurality,RetentionPolicy.ALWAYS_RETAIN,0,10,9894,1098,0.0014749999972991,0.2047648000007029,0.2062397999980021,0.9963570127504554,0.9962897729033058,0.9962836336123329,0.996278455383201,0.996364782187974,0.9963570127504554,0.9963526616780508,"{""labels"": [""0"", ""1"", ""2"", ""3"", ""4"", ""5"", ""6"", ""7"", ""8"", ""9""], ""matrix"": [[115, 0, 0, 0, 0, 0, 0, 0, 0, 0], [0, 114, 0, 0, 0, 0, 0, 0, 0, 0], [0, 0, 114, 0, 0, 0, 0, 0, 0, 0], [0, 0, 0, 105, 0, 0, 0, 0, 0, 0], [0, 0, 0, 0, 115, 0, 0, 0, 0, 0], [0, 0, 0, 0, 0, 105, 0, 0, 0, 0], [0, 0, 0, 0, 0, 0, 105, 0, 0, 0], [0, 0, 0, 0, 0, 0, 0, 113, 0, 1], [1, 0, 0, 0, 0, 1, 0, 0, 104, 0], [0, 0, 0, 0, 0, 0, 0, 0, 1, 104]]}"
e-k3-mp-AR,euclidean,3,modified_plurality,RetentionPolicy.ALWAYS_RETAIN,1,10,9893,1099,0.0017399999996996,0.2130285000021103,0.21476850000181,0.991810737033667,0.9919715720514912,0.9919039395042158,0.9919004002978964,0.9918841182413332,0.991810737033667,0.991810369656238,"{""labels"": [""0"", ""1"", ""2"", ""3"", ""4"", ""5"", ""6"", ""7"", ""8"", ""9""], ""matrix"": [[114, 1, 0, 0, 0, 0, 0, 0, 0, 0], [0, 113, 1, 0, 0, 0, 0, 0, 0, 0], [0, 0, 114, 0, 0, 0, 0, 0, 0, 0], [0, 0, 0, 103, 0, 0, 0, 1, 0, 1], [0, 0, 0, 0, 114, 1, 0, 0, 0, 0], [0, 0, 0, 0, 0, 105, 0, 0, 0, 0], [0, 0, 0, 0, 0, 0, 105, 1, 0, 0], [0, 1, 1, 0, 0, 0, 0, 111, 0, 1], [0, 0, 0, 0, 0, 0, 0, 0, 105, 0], [0, 0, 0, 0, 0, 0, 0, 0, 0, 106]]}"
e-k3-mp-AR,euclidean,3,modified_plurality,RetentionPolicy.ALWAYS_RETAIN,2,10,9895,1097,0.0015483000024687,0.2053820000000996,0.2069303000025684,0.9954421148587056,0.9953911185432924,0.9953960989430096,0.9953637826179124,0.9955172412040948,0.9954421148587056,0.9954506424242489,"{""labels"": [""0"", ""1"", ""2"", ""3"", ""4"", ""5"", ""6"", ""7"", ""8"", ""9""], ""matrix"": [[113, 0, 0, 0, 0, 0, 0, 0, 0, 1], [0, 114, 0, 0, 1, 0, 0, 0, 0, 0], [0, 0, 115, 0, 0, 0, 0, 0, 0, 0], [0, 0, 0, 104, 0, 1, 0, 0, 0, 0], [0, 0, 0, 0, 114, 0, 0, 0, 0, 0], [0, 0, 0, 0, 0, 105, 0, 0, 0, 0], [0, 0, 0, 0, 0, 0, 105, 0, 0, 0], [0, 0, 0, 0, 0, 0, 0, 114, 0, 0], [0, 0, 0, 0, 0, 0, 0, 0, 105, 0], [0, 0, 0, 0, 0, 2, 0, 0, 0, 103]]}"
e-k3-mp-AR,euclidean,3,modified_plurality,RetentionPolicy.ALWAYS_RETAIN,3,10,9892,1100,0.0016117999984999,0.2123674000031314,0.2139792000016314,0.99,0.9900749617161846,0.9900882641386074,0.9900450755718212,0.9900577600882944,0.99,0.9899920897107106,"{""labels"": [""0"", ""1"", ""2"", ""3"", ""4"", ""5"", ""6"", ""7"", ""8"", ""9""], ""matrix"": [[114, 0, 0, 0, 0, 0, 0, 0, 0, 0], [0, 112, 0, 2, 0, 0, 0, 0, 0, 0], [0, 0, 114, 0, 0, 0, 0, 1, 0, 0], [0, 1, 1, 103, 0, 0, 0, 0, 0, 0], [0, 0, 0, 0, 115, 0, 0, 0, 0, 0], [0, 0, 0, 1, 0, 103, 0, 0, 0, 1], [0, 0, 0, 0, 0, 0, 105, 0, 0, 0], [0, 2, 1, 0, 0, 0, 0, 111, 1, 0], [0, 0, 0, 0, 0, 0, 0, 0, 106, 0], [0, 0, 0, 0, 0, 0, 0, 0, 0, 106]]}"
e-k3-mp-AR,euclidean,3,modified_plurality,RetentionPolicy.ALWAYS_RETAIN,4,10,9894,1098,0.0015652000001864,0.2066657000032137,0.2082309000034001,0.994535519125683,0.9946499391813528,0.9943864994726356,0.9944846707526998,0.9945999471652976,0.994535519125683,0.9945344707366918,"{""labels"": [""0"", ""1"", ""2"", ""3"", ""4"", ""5"", ""6"", ""7"", ""8"", ""9""], ""matrix"": [[114, 0, 0, 0, 0, 0, 0, 0, 0, 0], [0, 114, 1, 0, 0, 0, 0, 0, 0, 0], [0, 0, 114, 0, 0, 0, 0, 0, 0, 0], [0, 0, 1, 104, 0, 0, 0, 0, 0, 0], [0, 0, 0, 0, 114, 0, 0, 0, 0, 0], [0, 0, 0, 2, 0, 104, 0, 0, 0, 0], [0, 0, 0, 0, 0, 0, 106, 0, 0, 0], [0, 0, 0, 0, 0, 0, 0, 114, 0, 0], [0, 0, 0, 0, 0, 0, 0, 0, 105, 0], [0, 0, 0, 0, 1, 0, 0, 1, 0, 103]]}"
e-k3-mp-AR,euclidean,3,modified_plurality,RetentionPolicy.ALWAYS_RETAIN,5,10,9894,1098,0.0014936000006855,0.2074336000005132,0.2089272000011988,0.9954462659380692,0.995431701969267,0.9953884711779448,0.995392882182636,0.995488232085377,0.9954462659380692,0.9954504827287894,"{""labels"": [""0"", ""1"", ""2"", ""3"", ""4"", ""5"", ""6"", ""7"", ""8"", ""9""], ""matrix"": [[114, 0, 0, 0, 0, 0, 0, 0, 0, 0], [0, 113, 0, 1, 0, 0, 0, 0, 0, 0], [0, 0, 114, 0, 0, 0, 0, 0, 0, 0], [0, 0, 0, 105, 0, 0, 0, 0, 0, 0], [0, 0, 0, 0, 113, 0, 0, 0, 0, 1], [0, 0, 0, 1, 0, 104, 0, 0, 0, 0], [0, 0, 0, 0, 0, 0, 108, 0, 0, 0], [0, 0, 0, 0, 0, 0, 0, 114, 0, 0], [0, 0, 0, 0, 0, 0, 0, 1, 104, 0], [0, 1, 0, 0, 0, 0, 0, 0, 0, 104]]}"
e-k3-mp-AR,euclidean,3,modified_plurality,RetentionPolicy.ALWAYS_RETAIN,6,10,9890,1102,0.0016752000010455,0.2090333000014652,0.2107085000025108,0.9945553539019965,0.9946908967188554,0.9944959335079168,0.994557585737322,0.9946262611879926,0.9945553539019965,0.9945545346780644,"{""labels"": [""0"", ""1"", ""2"", ""3"", ""4"", ""5"", ""6"", ""7"", ""8"", ""9""], ""matrix"": [[114, 0, 0, 0, 0, 0, 0, 0, 0, 0], [0, 113, 2, 0, 0, 0, 0, 0, 0, 0], [0, 0, 114, 0, 0, 0, 0, 0, 0, 0], [0, 0, 0, 108, 0, 0, 0, 0, 0, 0], [0, 0, 0, 0, 114, 0, 0, 0, 0, 0], [0, 0, 0, 1, 0, 105, 0, 0, 0, 0], [0, 0, 0, 0, 0, 1, 104, 0, 0, 0], [0, 0, 0, 0, 0, 0, 0, 114, 0, 0], [0, 0, 0, 0, 0, 0, 0, 0, 105, 0], [0, 0, 0, 0, 2, 0, 0, 0, 0, 105]]}"
e-k3-mp-AR,euclidean,3,modified_plurality,RetentionPolicy.ALWAYS_RETAIN,7,10,9892,1100,0.0021489999999175,0.2100611000059871,0.2122101000059046,0.9927272727272728,0.9930873963201547,0.9928410649264672,0.9929219655768612,0.9928204888980752,0.9927272727272728,0.992730360873515,"{""labels"": [""0"", ""1"", ""2"", ""3"", ""4"", ""5"", ""6"", ""7"", ""8"", ""9""], ""matrix"": [[112, 0, 0, 0, 2, 0, 0, 0, 0, 0], [0, 111, 3, 0, 0, 0, 0, 0, 0, 0], [0, 1, 113, 0, 0, 0, 0, 0, 0, 0], [0, 0, 0, 107, 0, 0, 0, 0, 0, 0], [0, 0, 0, 0, 114, 0, 0, 0, 0, 0], [0, 0, 0, 0, 0, 106, 0, 0, 0, 0], [0, 0, 0, 0, 0, 0, 105, 0, 0, 0], [0, 0, 0, 0, 0, 0, 0, 115, 0, 0], [0, 0, 0, 0, 0, 0, 0, 1, 105, 0], [0, 0, 0, 0, 0, 0, 0, 1, 0, 104]]}"
e-k3-mp-AR,euclidean,3,modified_plurality,RetentionPolicy.ALWAYS_RETAIN,8,10,9894,1098,0.001498999998148,0.211611200000334,0.2131101999984821,0.994535519125683,0.9946574354332268,0.9944540596774956,0.994531594534242,0.9945912869423624,0.994535519125683,0.9945390287660412,"{""labels"": [""0"", ""1"", ""2"", ""3"", ""4"", ""5"", ""6"", ""7"", ""8"", ""9""], ""matrix"": [[113, 0, 0, 0, 0, 0, 1, 0, 0, 0], [0, 113, 1, 0, 0, 0, 0, 0, 0, 0], [0, 0, 115, 0, 0, 0, 0, 0, 0, 0], [0, 0, 0, 104, 1, 0, 0, 0, 0, 0], [0, 0, 0, 0, 114, 0, 0, 0, 0, 0], [0, 0, 0, 0, 0, 105, 0, 1, 0, 0], [0, 0, 0, 0, 0, 0, 105, 0, 0, 0], [0, 0, 0, 0, 0, 0, 0, 114, 0, 0], [0, 0, 0, 0, 0, 0, 0, 1, 105, 0], [0, 0, 0, 0, 0, 1, 0, 0, 0, 104]]}"
e-k3-mp-AR,euclidean,3,modified_plurality,RetentionPolicy.ALWAYS_RETAIN,9,10,9890,1102,0.001555199996801,0.2070817999992869,0.2086369999960879,0.9927404718693283,0.992802844837552,0.992790117212638,0.9927535741891148,0.9928126513241332,0.9927404718693283,0.9927325015165368,"{""labels"": [""0"", ""1"", ""2"", ""3"", ""4"", ""5"", ""6"", ""7"", ""8"", ""9""], ""matrix"": [[113, 0, 0, 0, 1, 0, 0, 0, 0, 1], [0, 111, 2, 1, 0, 0, 0, 0, 0, 0], [0, 0, 115, 0, 0, 0, 0, 0, 0, 0], [0, 0, 0, 104, 0, 0, 0, 0, 0, 1], [0, 0, 0, 0, 115, 0, 0, 0, 0, 0], [0, 0, 0, 0, 0, 105, 0, 0, 1, 0], [0, 0, 0, 0, 0, 0, 106, 0, 0, 0], [0, 0, 0, 0, 0, 0, 0, 114, 0, 0], [0, 0, 0, 0, 0, 0, 0, 0, 106, 0], [0, 0, 0, 0, 0, 0, 0, 1, 0, 105]]}"
e-k5-b-DC,euclidean,5,borda,RetentionPolicy.DIFFERENT_CLASS_RETENTION,0,10,9894,1098,0.0014760999983991,0.1701700999983586,0.1716461999967578,0.9963570127504554,0.9962897729033058,0.9962836336123329,0.996278455383201,0.996364782187974,0.9963570127504554,0.9963526616780508,"{""labels"": [""0"", ""1"", ""2"", ""3"", ""4"", ""5"", ""6"", ""7"", ""8"", ""9""], ""matrix"": [[115, 0, 0, 0, 0, 0, 0, 0, 0, 0], [0, 114, 0, 0, 0, 0, 0, 0, 0, 0], [0, 0, 114, 0, 0, 0, 0, 0, 0, 0], [0, 0, 0, 105, 0, 0, 0, 0, 0, 0], [0, 0, 0, 0, 115, 0, 0, 0, 0, 0], [0, 0, 0, 0, 0, 105, 0, 0, 0, 0], [0, 0, 0, 0, 0, 0, 105, 0, 0, 0], [0, 0, 0, 0, 0, 0, 0, 113, 0, 1], [1, 0, 0, 0, 0, 1, 0, 0, 104, 0], [0, 0, 0, 0, 0, 0, 0, 0, 1, 104]]}"
e-k5-b-DC,euclidean,5,borda,RetentionPolicy.DIFFERENT_CLASS_RETENTION,1,10,9893,1099,0.0017204999967361,0.1726045000032172,0.1743249999999534,0.9927206551410374,0.9928486264130588,0.9928473357306308,0.9928070656145668,0.9927938925563352,0.9927206551410374,0.9927163603469216,"{""labels"": [""0"", ""1"", ""2"", ""3"", ""4"", ""5"", ""6"", ""7"", ""8"", ""9""], ""matrix"": [[114, 1, 0, 0, 0, 0, 0, 0, 0, 0], [0, 113, 1, 0, 0, 0, 0, 0, 0, 0], [0, 0, 114, 0, 0, 0, 0, 0, 0, 0], [0, 0, 0, 103, 0, 0, 0, 1, 0, 1], [0, 0, 0, 0, 114, 1, 0, 0, 0, 0], [0, 0, 0, 0, 0, 105, 0, 0, 0, 0], [0, 0, 0, 0, 0, 0, 106, 0, 0, 0], [0, 1, 1, 0, 0, 0, 0, 111, 0, 1], [0, 0, 0, 0, 0, 0, 0, 0, 105, 0], [0, 0, 0, 0, 0, 0, 0, 0, 0, 106]]}"
e-k5-b-DC,euclidean,5,borda,RetentionPolicy.DIFFERENT_CLASS_RETENTION,2,10,9895,1097,0.0015817999956198,0.1691808000032324,0.1707625999988522,0.9936189608021878,0.9935598370486508,0.9935665250081728,0.9935287877114956,0.9936851517864896,0.9936189608021878,0.993618663729355,"{""labels"": [""0"", ""1"", ""2"", ""3"", ""4"", ""5"", ""6"", ""7"", ""8"", ""9""], ""matrix"": [[113, 0, 0, 0, 0, 0, 0, 0, 0, 1], [0, 114, 0, 0, 1, 0, 0, 0, 0, 0], [0, 0, 115, 0, 0, 0, 0, 0, 0, 0], [0, 0, 0, 104, 0, 1, 0, 0, 0, 0], [0, 0, 0, 0, 114, 0, 0, 0, 0, 0], [0, 0, 0, 0, 0, 105, 0, 0, 0, 0], [0, 0, 0, 0, 0, 0, 105, 0, 0, 0], [0, 1, 0, 0, 0, 0, 0, 113, 0, 0], [0, 0, 0, 0, 0, 0, 0, 0, 105, 0], [0, 0, 0, 1, 0, 2, 0, 0, 0, 102]]}"
e-k5-b-DC,euclidean,5,borda,RetentionPolicy.DIFFERENT_CLASS_RETENTION,3,10,9892,1100,0.0014863999967928,0.1698095000028843,0.1712958999996772,0.9927272727272728,0.9928199307898304,0.9927874032908358,0.9927842040105552,0.9927667007429812,0.9927272727272728,0.9927270931982196,"{""labels"": [""0"", ""1"", ""2"", ""3"", ""4"", ""5"", ""6"", ""7"", ""8"", ""9""], ""matrix"": [[114, 0, 0, 0, 0, 0, 0, 0, 0, 0], [0, 113, 0, 1, 0, 0, 0, 0, 0, 0], [0, 0, 114, 0, 0, 0, 0, 1, 0, 0], [0, 1, 1, 103, 0, 0, 0, 0, 0, 0], [0, 0, 0, 0, 115, 0, 0, 0, 0, 0], [0, 0, 0, 1, 0, 104, 0, 0, 0, 0], [0, 0, 0, 0, 0, 0, 105, 0, 0, 0], [0, 2, 0, 0, 0, 0, 0, 112, 1, 0], [0, 0, 0, 0, 0, 0, 0, 0, 106, 0], [0, 0, 0, 0, 0, 0, 0, 0, 0, 106]]}"
e-k5-b-DC,euclidean,5,borda,RetentionPolicy.DIFFERENT_CLASS_RETENTION,4,10,9894,1098,0.001509800000349,0.1640171000035479,0.165526900003897,0.994535519125683,0.9946499391813528,0.9943864994726356,0.9944846707526998,0.9945999471652976,0.994535519125683,0.9945344707366918,"{""labels"": [""0"", ""1"", ""2"", ""3"", ""4"", ""5"", ""6"", ""7"", ""8"", ""9""], ""matrix"": [[114, 0, 0, 0, 0, 0, 0, 0, 0, 0], [0, 114, 1, 0, 0, 0, 0, 0, 0, 0], [0, 0, 114, 0, 0, 0, 0, 0, 0, 0], [0, 0, 1, 104, 0, 0, 0, 0, 0, 0], [0, 0, 0, 0, 114, 0, 0, 0, 0, 0], [0, 0, 0, 2, 0, 104, 0, 0, 0, 0], [0, 0, 0, 0, 0, 0, 106, 0, 0, 0], [0, 0, 0, 0, 0, 0, 0, 114, 0, 0], [0, 0, 0, 0, 0, 0, 0, 0, 105, 0], [0, 0, 0, 0, 1, 0, 0, 1, 0, 103]]}"
e-k5-b-DC,euclidean,5,borda,RetentionPolicy.DIFFERENT_CLASS_RETENTION,5,10,9894,1098,0.0015755999993416,0.1674375000002328,0.1690130999995744,0.9963570127504554,0.9963012671866582,0.9963408521303256,0.9963080323048652,0.9963910593602642,0.9963570127504554,0.9963614198311428,"{""labels"": [""0"", ""1"", ""2"", ""3"", ""4"", ""5"", ""6"", ""7"", ""8"", ""9""], ""matrix"": [[114, 0, 0, 0, 0, 0, 0, 0, 0, 0], [0, 113, 0, 1, 0, 0, 0, 0, 0, 0], [0, 0, 114, 0, 0, 0, 0, 0, 0, 0], [0, 0, 0, 105, 0, 0, 0, 0, 0, 0], [0, 0, 0, 0, 113, 0, 0, 0, 0, 1], [0, 0, 0, 1, 0, 104, 0, 0, 0, 0], [0, 0, 0, 0, 0, 0, 108, 0, 0, 0], [0, 0, 0, 0, 0, 0, 0, 114, 0, 0], [0, 0, 0, 0, 0, 0, 0, 0, 105, 0], [0, 1, 0, 0, 0, 0, 0, 0, 0, 104]]}"
e-k5-b-DC,euclidean,5,borda,RetentionPolicy.DIFFERENT_CLASS_RETENTION,6,10,9890,1102,0.0015449999991687,0.1704766000038944,0.1720216000030632,0.9954627949183305,0.9955454694324984,0.995430512947169,0.9954643823903458,0.9955103019262443,0.9954627949183305,0.9954624968362888,"{""labels"": [""0"", ""1"", ""2"", ""3"", ""4"", ""5"", ""6"", ""7"", ""8"", ""9""], ""matrix"": [[114, 0, 0, 0, 0, 0, 0, 0, 0, 0], [0, 113, 2, 0, 0, 0, 0, 0, 0, 0], [0, 0, 114, 0, 0, 0, 0, 0, 0, 0], [0, 0, 0, 108, 0, 0, 0, 0, 0, 0], [0, 0, 0, 0, 114, 0, 0, 0, 0, 0], [0, 0, 0, 1, 0, 105, 0, 0, 0, 0], [0, 0, 0, 0, 0, 1, 104, 0, 0, 0], [0, 0, 0, 0, 0, 0, 0, 114, 0, 0], [0, 0, 0, 0, 0, 0, 0, 0, 105, 0], [0, 0, 0, 0, 1, 0, 0, 0, 0, 106]]}"
e-k5-b-DC,euclidean,5,borda,RetentionPolicy.DIFFERENT_CLASS_RETENTION,7,10,9892,1100,0.0015133000051719,0.171459599994705,0.1729728999998769,0.9927272727272728,0.9930873963201547,0.9928410649264672,0.9929219655768612,0.9928204888980752,0.9927272727272728,0.992730360873515,"{""labels"": [""0"", ""1"", ""2"", ""3"", ""4"", ""5"", ""6"", ""7"", ""8"", ""9""], ""matrix"": [[112, 0, 0, 0, 2, 0, 0, 0, 0, 0], [0, 111, 3, 0, 0, 0, 0, 0, 0, 0], [0, 1, 113, 0, 0, 0, 0, 0, 0, 0], [0, 0, 0, 107, 0, 0, 0, 0, 0, 0], [0, 0, 0, 0, 114, 0, 0, 0, 0, 0], [0, 0, 0, 0, 0, 106, 0, 0, 0, 0], [0, 0, 0, 0, 0, 0, 105, 0, 0, 0], [0, 0, 0, 0, 0, 0, 0, 115, 0, 0], [0, 0, 0, 0, 0, 0, 0, 1, 105, 0], [0, 0, 0, 0, 0, 0, 0, 1, 0, 104]]}"
e-k5-b-DC,euclidean,5,borda,RetentionPolicy.DIFFERENT_CLASS_RETENTION,8,10,9894,1098,0.001893900000141,0.1677540999953635,0.1696479999955045,0.9954462659380692,0.99551200814687,0.9953974559039108,0.9954384121782148,0.9954785482297516,0.9954462659380692,0.995446002738888,"{""labels"": [""0"", ""1"", ""2"", ""3"", ""4"", ""5"", ""6"", ""7"", ""8"", ""9""], ""matrix"": [[113, 0, 0, 0, 0, 0, 1, 0, 0, 0], [0, 113, 1, 0, 0, 0, 0, 0, 0, 0], [0, 0, 115, 0, 0, 0, 0, 0, 0, 0], [0, 0, 0, 104, 1, 0, 0, 0, 0, 0], [0, 0, 0, 0, 114, 0, 0, 0, 0, 0], [0, 0, 0, 0, 0, 105, 0, 1, 0, 0], [0, 0, 0, 0, 0, 0, 105, 0, 0, 0], [0, 0, 0, 0, 0, 0, 0, 114, 0, 0], [0, 0, 0, 0, 0, 0, 0, 0, 106, 0], [0, 0, 0, 0, 0, 1, 0, 0, 0, 104]]}"
e-k5-b-DC,euclidean,5,borda,RetentionPolicy.DIFFERENT_CLASS_RETENTION,9,10,9890,1102,0.0014817000046605,0.1697774999993271,0.1712592000039876,0.9927404718693283,0.992802844837552,0.992790117212638,0.9927535741891148,0.9928126513241332,0.9927404718693283,0.9927325015165368,"{""labels"": [""0"", ""1"", ""2"", ""3"", ""4"", ""5"", ""6"", ""7"", ""8"", ""9""], ""matrix"": [[113, 0, 0, 0, 1, 0, 0, 0, 0, 1], [0, 111, 2, 1, 0, 0, 0, 0, 0, 0], [0, 0, 115, 0, 0, 0, 0, 0, 0, 0], [0, 0, 0, 104, 0, 0, 0, 0, 0, 1], [0, 0, 0, 0, 115, 0, 0, 0, 0, 0], [0, 0, 0, 0, 0, 105, 0, 0, 1, 0], [0, 0, 0, 0, 0, 0, 106, 0, 0, 0], [0, 0, 0, 0, 0, 0, 0, 114, 0, 0], [0, 0, 0, 0, 0, 0, 0, 0, 106, 0], [0, 0, 0, 0, 0, 0, 0, 1, 0, 105]]}"
e-k7-b-DD,euclidean,7,borda,RetentionPolicy.DD_RETENTION,0,10,9894,1098,0.0015316999997594,0.175526400002127,0.1770581000018865,0.9954462659380692,0.9954468259862056,0.9954140683949416,0.9954095424135196,0.9954874095718356,0.9954462659380692,0.995446169828798,"{""labels"": [""0"", ""1"", ""2"", ""3"", ""4"", ""5"", ""6"", ""7"", ""8"", ""9""], ""matrix"": [[115, 0, 0, 0, 0, 0, 0, 0, 0, 0], [0, 113, 1, 0, 0, 0, 0, 0, 0, 0], [0, 0, 114, 0, 0, 0, 0, 0, 0, 0], [0, 0, 0, 105, 0, 0, 0, 0, 0, 0], [0, 0, 0, 0, 114, 1, 0, 0, 0, 0], [0, 0, 0, 0, 0, 105, 0, 0, 0, 0], [0, 0, 0, 0, 0, 0, 105, 0, 0, 0], [0, 0, 0, 0, 0, 0, 0, 114, 0, 0], [1, 0, 0, 0, 0, 1, 0, 0, 104, 0], [0, 0, 0, 0, 0, 0, 0, 0, 1, 104]]}"
e-k7-b-DD,euclidean,7,borda,RetentionPolicy.DD_RETENTION,1,10,9893,1099,0.0015308000001823,0.1747625999996671,0.1762933999998495,0.9927206551410374,0.992911731250786,0.9928473357306308,0.9928509218696938,0.9927925802014682,0.9927206551410374,0.992727996799288,"{""labels"": [""0"", ""1"", ""2"", ""3"", ""4"", ""5"", ""6"", ""7"", ""8"", ""9""], ""matrix"": [[114, 1, 0, 0, 0, 0, 0, 0, 0, 0], [0, 113, 1, 0, 0, 0, 0, 0, 0, 0], [0, 1, 113, 0, 0, 0, 0, 0, 0, 0], [0, 0, 0, 103, 0, 0, 0, 1, 0, 1], [0, 0, 0, 0, 114, 1, 0, 0, 0, 0], [0, 0, 0, 0, 0, 105, 0, 0, 0, 0], [0, 0, 0, 0, 0, 0, 106, 0, 0, 0], [0, 1, 1, 0, 0, 0, 0, 112, 0, 0], [0, 0, 0, 0, 0, 0, 0, 0, 105, 0], [0, 0, 0, 0, 0, 0, 0, 0, 0, 106]]}"
e-k7-b-DD,euclidean,7,borda,RetentionPolicy.DD_RETENTION,2,10,9895,1097,0.0015560000028926,0.1716263999987859,0.1731824000016786,0.9936189608021878,0.9935598370486508,0.9935665250081728,0.9935287877114956,0.9936851517864896,0.9936189608021878,0.993618663729355,"{""labels"": [""0"", ""1"", ""2"", ""3"", ""4"", ""5"", ""6"", ""7"", ""8"", ""9""], ""matrix"": [[113, 0, 0, 0, 0, 0, 0, 0, 0, 1], [0, 114, 0, 0, 1, 0, 0, 0, 0, 0], [0, 0, 115, 0, 0, 0, 0, 0, 0, 0], [0, 0, 0, 104, 0, 1, 0, 0, 0, 0], [0, 0, 0, 0, 114, 0, 0, 0, 0, 0], [0, 0, 0, 0, 0, 105, 0, 0, 0, 0], [0, 0, 0, 0, 0, 0, 105, 0, 0, 0], [0, 1, 0, 0, 0, 0, 0, 113, 0, 0], [0, 0, 0, 0, 0, 0, 0, 0, 105, 0], [0, 0, 0, 1, 0, 2, 0, 0, 0, 102]]}"
e-k7-b-DD,euclidean,7,borda,RetentionPolicy.DD_RETENTION,3,10,9892,1100,0.001777999998012,0.1715210000038496,0.1732990000018617,0.9918181818181818,0.9918720152597248,0.9919102103083796,0.991875021990117,0.9918600322933294,0.9918181818181818,0.9918228878049944,"{""labels"": [""0"", ""1"", ""2"", ""3"", ""4"", ""5"", ""6"", ""7"", ""8"", ""9""], ""matrix"": [[114, 0, 0, 0, 0, 0, 0, 0, 0, 0], [0, 112, 0, 2, 0, 0, 0, 0, 0, 0], [0, 0, 114, 0, 0, 0, 0, 1, 0, 0], [0, 1, 1, 103, 0, 0, 0, 0, 0, 0], [0, 0, 0, 0, 115, 0, 0, 0, 0, 0], [0, 0, 0, 1, 0, 104, 0, 0, 0, 0], [0, 0, 0, 0, 0, 0, 105, 0, 0, 0], [0, 2, 0, 0, 0, 0, 0, 112, 1, 0], [0, 0, 0, 0, 0, 0, 0, 0, 106, 0], [0, 0, 0, 0, 0, 0, 0, 0, 0, 106]]}"
e-k7-b-DD,euclidean,7,borda,RetentionPolicy.DD_RETENTION,4,10,9894,1098,0.0015354999995906,0.175835800000641,0.1773713000002317,0.9954462659380692,0.995584350681802,0.9953298956990508,0.995432538051278,0.9954935100755634,0.9954462659380692,0.995445258657036,"{""labels"": [""0"", ""1"", ""2"", ""3"", ""4"", ""5"", ""6"", ""7"", ""8"", ""9""], ""matrix"": [[114, 0, 0, 0, 0, 0, 0, 0, 0, 0], [0, 114, 1, 0, 0, 0, 0, 0, 0, 0], [0, 0, 114, 0, 0, 0, 0, 0, 0, 0], [0, 0, 1, 104, 0, 0, 0, 0, 0, 0], [0, 0, 0, 0, 114, 0, 0, 0, 0, 0], [0, 0, 0, 1, 0, 105, 0, 0, 0, 0], [0, 0, 0, 0, 0, 0, 106, 0, 0, 0], [0, 0, 0, 0, 0, 0, 0, 114, 0, 0], [0, 0, 0, 0, 0, 0, 0, 0, 105, 0], [0, 0, 0, 0, 1, 0, 0, 1, 0, 103]]}"
e-k7-b-DD,euclidean,7,borda,RetentionPolicy.DD_RETENTION,5,10,9894,1098,0.0015597000019624,0.1711839999989024,0.1727437000008649,0.9963570127504554,0.9963650923864212,0.9963408521303256,0.9963407967846712,0.9963814437765136,0.9963570127504554,0.996356957057953,"{""labels"": [""0"", ""1"", ""2"", ""3"", ""4"", ""5"", ""6"", ""7"", ""8"", ""9""], ""matrix"": [[114, 0, 0, 0, 0, 0, 0, 0, 0, 0], [0, 114, 0, 0, 0, 0, 0, 0, 0, 0], [0, 0, 114, 0, 0, 0, 0, 0, 0, 0], [0, 0, 0, 105, 0, 0, 0, 0, 0, 0], [0, 0, 0, 0, 113, 0, 0, 0, 0, 1], [0, 0, 0, 1, 0, 104, 0, 0, 0, 0], [0, 0, 0, 0, 0, 0, 108, 0, 0, 0], [0, 0, 1, 0, 0, 0, 0, 113, 0, 0], [0, 0, 0, 0, 0, 0, 0, 0, 105, 0], [0, 1, 0, 0, 0, 0, 0, 0, 0, 104]]}"
e-k7-b-DD,euclidean,7,borda,RetentionPolicy.DD_RETENTION,6,10,9890,1102,0.0014969999974709,0.1733147999984794,0.1748117999959504,0.9945553539019965,0.9946682764500424,0.994553319964713,0.9945871894078896,0.9946028609099103,0.9945553539019965,0.994555055819955,"{""labels"": [""0"", ""1"", ""2"", ""3"", ""4"", ""5"", ""6"", ""7"", ""8"", ""9""], ""matrix"": [[114, 0, 0, 0, 0, 0, 0, 0, 0, 0], [0, 113, 2, 0, 0, 0, 0, 0, 0, 0], [0, 0, 114, 0, 0, 0, 0, 0, 0, 0], [0, 0, 0, 108, 0, 0, 0, 0, 0, 0], [0, 0, 0, 0, 113, 0, 0, 1, 0, 0], [0, 0, 0, 1, 0, 105, 0, 0, 0, 0], [0, 0, 0, 0, 0, 1, 104, 0, 0, 0], [0, 0, 0, 0, 0, 0, 0, 114, 0, 0], [0, 0, 0, 0, 0, 0, 0, 0, 105, 0], [0, 0, 0, 0, 1, 0, 0, 0, 0, 106]]}"
e-k7-b-DD,euclidean,7,borda,RetentionPolicy.DD_RETENTION,7,10,9892,1100,0.0016336000044248,0.1778083999961381,0.1794420000005629,0.9936363636363637,0.9939423741725688,0.9937182579089232,0.9937993779448624,0.9937065568542132,0.9936363636363637,0.9936396791458074,"{""labels"": [""0"", ""1"", ""2"", ""3"", ""4"", ""5"", ""6"", ""7"", ""8"", ""9""], ""matrix"": [[112, 0, 0, 0, 2, 0, 0, 0, 0, 0], [0, 112, 2, 0, 0, 0, 0, 0, 0, 0], [0, 1, 113, 0, 0, 0, 0, 0, 0, 0], [0, 0, 0, 107, 0, 0, 0, 0, 0, 0], [0, 0, 0, 0, 114, 0, 0, 0, 0, 0], [0, 0, 0, 0, 0, 106, 0, 0, 0, 0], [0, 0, 0, 0, 0, 0, 105, 0, 0, 0], [0, 0, 0, 0, 0, 0, 0, 115, 0, 0], [0, 0, 0, 0, 0, 0, 0, 1, 105, 0], [0, 0, 0, 0, 0, 0, 0, 1, 0, 104]]}"
e-k7-b-DD,euclidean,7,borda,RetentionPolicy.DD_RETENTION,8,10,9894,1098,0.0018794999996316,0.173622800000885,0.1755023000005167,0.994535519125683,0.9946574354332268,0.9944540596774956,0.994531594534242,0.9945912869423624,0.994535519125683,0.9945390287660412,"{""labels"": [""0"", ""1"", ""2"", ""3"", ""4"", ""5"", ""6"", ""7"", ""8"", ""9""], ""matrix"": [[113, 0, 0, 0, 0, 0, 1, 0, 0, 0], [0, 113, 1, 0, 0, 0, 0, 0, 0, 0], [0, 0, 115, 0, 0, 0, 0, 0, 0, 0], [0, 0, 0, 104, 1, 0, 0, 0, 0, 0], [0, 0, 0, 0, 114, 0, 0, 0, 0, 0], [0, 0, 0, 0, 0, 105, 0, 1, 0, 0], [0, 0, 0, 0, 0, 0, 105, 0, 0, 0], [0, 0, 0, 0, 0, 0, 0, 114, 0, 0], [0, 0, 0, 0, 0, 0, 0, 1, 105, 0], [0, 0, 0, 0, 0, 1, 0, 0, 0, 104]]}"
e-k7-b-DD,euclidean,7,borda,RetentionPolicy.DD_RETENTION,9,10,9890,1102,0.0015160999973886,0.1746970999956829,0.1762131999930716,0.9927404718693283,0.9927779712934676,0.992723913968679,0.992719894559564,0.9927958892307835,0.9927404718693283,0.9927362803255448,"{""labels"": [""0"", ""1"", ""2"", ""3"", ""4"", ""5"", ""6"", ""7"", ""8"", ""9""], ""matrix"": [[113, 0, 0, 0, 1, 0, 0, 0, 0, 1], [0, 112, 1, 1, 0, 0, 0, 0, 0, 0], [0, 0, 115, 0, 0, 0, 0, 0, 0, 0], [0, 0, 0, 104, 0, 0, 0, 0, 0, 1], [0, 0, 0, 0, 115, 0, 0, 0, 0, 0], [0, 0, 0, 0, 0, 105, 0, 0, 1, 0], [0, 0, 0, 0, 0, 0, 106, 0, 0, 0], [0, 0, 0, 0, 0, 0, 0, 114, 0, 0], [0, 0, 0, 0, 0, 0, 0, 0, 106, 0], [0, 0, 0, 0, 0, 0, 0, 2, 0, 104]]}"
e-k7-mp-AR,euclidean,7,modified_plurality,RetentionPolicy.ALWAYS_RETAIN,0,10,9894,1098,0.001518599994597,0.2113643999982741,0.2128829999928712,0.9936247723132968,0.993713530546014,0.99359347918607,0.9936125891213824,0.9936884804269484,0.9936247723132968,0.9936156690305422,"{""labels"": [""0"", ""1"", ""2"", ""3"", ""4"", ""5"", ""6"", ""7"", ""8"", ""9""], ""matrix"": [[115, 0, 0, 0, 0, 0, 0, 0, 0, 0], [0, 112, 2, 0, 0, 0, 0, 0, 0, 0], [0, 0, 114, 0, 0, 0, 0, 0, 0, 0], [0, 0, 0, 105, 0, 0, 0, 0, 0, 0], [0, 0, 0, 0, 114, 1, 0, 0, 0, 0], [0, 0, 0, 0, 0, 105, 0, 0, 0, 0], [0, 0, 0, 0, 0, 0, 105, 0, 0, 0], [0, 0, 0, 0, 0, 0, 0, 114, 0, 0], [1, 0, 0, 0, 0, 1, 0, 1, 103, 0], [0, 0, 0, 0, 0, 0, 0, 0, 1, 104]]}"
e-k7-mp-AR,euclidean,7,modified_plurality,RetentionPolicy.ALWAYS_RETAIN,1,10,9893,1099,0.0018392000056337,0.2124229999972158,0.2142622000028495,0.9899909008189264,0.9902023805719936,0.9900833502953448,0.9901230448177952,0.9900615374632408,0.9899909008189264,0.9900061551312062,"{""labels"": [""0"", ""1"", ""2"", ""3"", ""4"", ""5"", ""6"", ""7"", ""8"", ""9""], ""matrix"": [[114, 1, 0, 0, 0, 0, 0, 0, 0, 0], [0, 112, 2, 0, 0, 0, 0, 0, 0, 0], [0, 1, 113, 0, 0, 0, 0, 0, 0, 0], [0, 0, 0, 103, 0, 0, 0, 1, 0, 1], [0, 0, 0, 0, 114, 1, 0, 0, 0, 0], [0, 0, 0, 0, 0, 105, 0, 0, 0, 0], [0, 0, 0, 0, 0, 0, 105, 1, 0, 0], [0, 1, 1, 0, 0, 0, 0, 112, 0, 0], [0, 0, 0, 0, 0, 0, 0, 0, 105, 0], [0, 0, 0, 1, 0, 0, 0, 0, 0, 105]]}"
e-k7-mp-AR,euclidean,7,modified_plurality,RetentionPolicy.ALWAYS_RETAIN,2,10,9895,1097,0.0016574999972363,0.2089911000002757,0.210648599997512,0.9908842297174112,0.9909133725776836,0.9908673858559442,0.9908390556462195,0.9910002007975643,0.9908842297174112,0.9908925904325376,"{""labels"": [""0"", ""1"", ""2"", ""3"", ""4"", ""5"", ""6"", ""7"", ""8"", ""9""], ""matrix"": [[113, 0, 0, 0, 0, 0, 0, 0, 0, 1], [0, 113, 1, 0, 1, 0, 0, 0, 0, 0], [0, 0, 115, 0, 0, 0, 0, 0, 0, 0], [0, 0, 0, 104, 0, 1, 0, 0, 0, 0], [0, 0, 0, 0, 113, 1, 0, 0, 0, 0], [0, 0, 0, 0, 0, 105, 0, 0, 0, 0], [0, 0, 0, 0, 0, 0, 105, 0, 0, 0], [0, 1, 0, 0, 0, 0, 0, 113, 0, 0], [0, 0, 0, 0, 0, 0, 0, 1, 104, 0], [0, 0, 0, 1, 0, 2, 0, 0, 0, 102]]}"
e-k7-mp-AR,euclidean,7,modified_plurality,RetentionPolicy.ALWAYS_RETAIN,3,10,9892,1100,0.0018020999996224,0.2108308999959263,0.2126329999955487,0.99,0.9901300793070624,0.9900157900904848,0.9900644371733336,0.99004923995978,0.99,0.9900163013777834,"{""labels"": [""0"", ""1"", ""2"", ""3"", ""4"", ""5"", ""6"", ""7"", ""8"", ""9""], ""matrix"": [[114, 0, 0, 0, 0, 0, 0, 0, 0, 0], [0, 111, 0, 2, 0, 0, 0, 1, 0, 0], [0, 0, 114, 0, 0, 0, 0, 1, 0, 0], [0, 1, 1, 103, 0, 0, 0, 0, 0, 0], [0, 0, 0, 0, 115, 0, 0, 0, 0, 0], [0, 0, 0, 1, 0, 104, 0, 0, 0, 0], [0, 0, 0, 0, 0, 0, 105, 0, 0, 0], [0, 2, 0, 0, 0, 0, 0, 113, 0, 0], [0, 0, 0, 0, 0, 0, 0, 1, 105, 0], [0, 0, 0, 0, 0, 1, 0, 0, 0, 105]]}"
e-k7-mp-AR,euclidean,7,modified_plurality,RetentionPolicy.ALWAYS_RETAIN,4,10,9894,1098,0.0018194000003859,0.2087629000016022,0.2105823000019882,0.9918032786885246,0.9919330199659122,0.991770176055397,0.9917957067308156,0.9919236518086776,0.9918032786885246,0.9918069068053016,"{""labels"": [""0"", ""1"", ""2"", ""3"", ""4"", ""5"", ""6"", ""7"", ""8"", ""9""], ""matrix"": [[114, 0, 0, 0, 0, 0, 0, 0, 0, 0], [0, 112, 2, 1, 0, 0, 0, 0, 0, 0], [0, 0, 114, 0, 0, 0, 0, 0, 0, 0], [0, 0, 1, 104, 0, 0, 0, 0, 0, 0], [0, 0, 0, 0, 113, 1, 0, 0, 0, 0], [0, 0, 0, 2, 0, 104, 0, 0, 0, 0], [0, 0, 0, 0, 0, 0, 106, 0, 0, 0], [0, 0, 0, 0, 0, 0, 0, 114, 0, 0], [0, 0, 0, 0, 0, 0, 0, 0, 105, 0], [0, 0, 0, 0, 1, 0, 0, 1, 0, 103]]}"
e-k7-mp-AR,euclidean,7,modified_plurality,RetentionPolicy.ALWAYS_RETAIN,5,10,9894,1098,0.001738099999784,0.2073245999999926,0.2090626999997766,0.9927140255009108,0.9927998530125156,0.9927568922305764,0.9927573883251638,0.992755711310608,0.9927140255009108,0.9927141776308672,"{""labels"": [""0"", ""1"", ""2"", ""3"", ""4"", ""5"", ""6"", ""7"", ""8"", ""9""], ""matrix"": [[114, 0, 0, 0, 0, 0, 0, 0, 0, 0], [0, 112, 0, 1, 1, 0, 0, 0, 0, 0], [0, 0, 114, 0, 0, 0, 0, 0, 0, 0], [0, 0, 0, 105, 0, 0, 0, 0, 0, 0], [0, 0, 0, 0, 112, 0, 0, 1, 0, 1], [0, 0, 0, 1, 0, 104, 0, 0, 0, 0], [0, 0, 0, 0, 0, 0, 108, 0, 0, 0], [0, 0, 1, 0, 0, 0, 0, 113, 0, 0], [0, 0, 0, 0, 0, 0, 0, 1, 104, 0], [0, 1, 0, 0, 0, 0, 0, 0, 0, 104]]}"
e-k7-mp-AR,euclidean,7,modified_plurality,RetentionPolicy.ALWAYS_RETAIN,6,10,9890,1102,0.0015148000020417,0.2058861000041361,0.2074009000061778,0.9927404718693283,0.9929055883721948,0.9927491753080692,0.9927794314436832,0.9928284331683358,0.9927404718693283,0.9927358924621112,"{""labels"": [""0"", ""1"", ""2"", ""3"", ""4"", ""5"", ""6"", ""7"", ""8"", ""9""], ""matrix"": [[114, 0, 0, 0, 0, 0, 0, 0, 0, 0], [0, 112, 2, 1, 0, 0, 0, 0, 0, 0], [0, 0, 114, 0, 0, 0, 0, 0, 0, 0], [0, 0, 0, 108, 0, 0, 0, 0, 0, 0], [0, 0, 0, 0, 113, 0, 0, 1, 0, 0], [0, 0, 0, 1, 0, 105, 0, 0, 0, 0], [0, 0, 0, 0, 0, 1, 104, 0, 0, 0], [0, 0, 0, 0, 0, 0, 0, 114, 0, 0], [0, 0, 0, 0, 0, 0, 0, 0, 105, 0], [0, 0, 0, 0, 2, 0, 0, 0, 0, 105]]}"
e-k7-mp-AR,euclidean,7,modified_plurality,RetentionPolicy.ALWAYS_RETAIN,7,10,9892,1100,0.0015314999982365,0.212158599999384,0.2136900999976205,0.9945454545454544,0.9948423224285292,0.9945954508913794,0.9946764865464648,0.9946392305012994,0.9945454545454544,0.9945486826056498,"{""labels"": [""0"", ""1"", ""2"", ""3"", ""4"", ""5"", ""6"", ""7"", ""8"", ""9""], ""matrix"": [[112, 0, 0, 0, 2, 0, 0, 0, 0, 0], [0, 112, 2, 0, 0, 0, 0, 0, 0, 0], [0, 0, 114, 0, 0, 0, 0, 0, 0, 0], [0, 0, 0, 107, 0, 0, 0, 0, 0, 0], [0, 0, 0, 0, 114, 0, 0, 0, 0, 0], [0, 0, 0, 0, 0, 106, 0, 0, 0, 0], [0, 0, 0, 0, 0, 0, 105, 0, 0, 0], [0, 0, 0, 0, 0, 0, 0, 115, 0, 0], [0, 0, 0, 0, 0, 0, 0, 1, 105, 0], [0, 0, 0, 0, 0, 0, 0, 1, 0, 104]]}"
e-k7-mp-AR,euclidean,7,modified_plurality,RetentionPolicy.ALWAYS_RETAIN,8,10,9894,1098,0.0015136000001803,0.2099842000025091,0.2114978000026894,0.9927140255009108,0.9928366782855524,0.9926996737125832,0.9927236787895636,0.9927783049700424,0.9927140255009108,0.9927011334175933,"{""labels"": [""0"", ""1"", ""2"", ""3"", ""4"", ""5"", ""6"", ""7"", ""8"", ""9""], ""matrix"": [[113, 0, 0, 0, 0, 0, 1, 0, 0, 0], [0, 111, 1, 1, 0, 0, 0, 1, 0, 0], [0, 0, 115, 0, 0, 0, 0, 0, 0, 0], [0, 0, 0, 104, 1, 0, 0, 0, 0, 0], [0, 0, 0, 0, 114, 0, 0, 0, 0, 0], [0, 0, 0, 0, 0, 106, 0, 0, 0, 0], [0, 0, 0, 0, 0, 0, 105, 0, 0, 0], [0, 0, 0, 0, 0, 0, 0, 114, 0, 0], [1, 0, 0, 0, 0, 0, 0, 1, 104, 0], [0, 0, 0, 0, 0, 1, 0, 0, 0, 104]]}"
e-k7-mp-AR,euclidean,7,modified_plurality,RetentionPolicy.ALWAYS_RETAIN,9,10,9890,1102,0.0016895000007934,0.2108963999999105,0.212585900000704,0.9900181488203268,0.9900753721908035,0.9899675562984572,0.9899912125138104,0.9900704597005522,0.9900181488203268,0.9900130824147664,"{""labels"": [""0"", ""1"", ""2"", ""3"", ""4"", ""5"", ""6"", ""7"", ""8"", ""9""], ""matrix"": [[113, 0, 0, 0, 1, 0, 0, 0, 0, 1], [0, 112, 1, 1, 0, 0, 0, 0, 0, 0], [0, 0, 115, 0, 0, 0, 0, 0, 0, 0], [0, 0, 0, 104, 0, 0, 0, 0, 0, 1], [0, 0, 0, 0, 114, 1, 0, 0, 0, 0], [0, 0, 0, 0, 0, 105, 0, 0, 1, 0], [0, 0, 0, 0, 0, 0, 106, 0, 0, 0], [0, 0, 0, 0, 0, 0, 0, 114, 0, 0], [0, 0, 0, 0, 0, 0, 0, 1, 105, 0], [0, 1, 0, 0, 0, 0, 0, 2, 0, 103]]}"
e-k7-mp-NR,euclidean,7,modified_plurality,RetentionPolicy.NEVER_RETAIN,0,10,9894,1098,0.0015474000028916,0.1813506999969831,0.1828980999998748,0.9936247723132968,0.993713530546014,0.99359347918607,0.9936125891213824,0.9936884804269484,0.9936247723132968,0.9936156690305422,"{""labels"": [""0"", ""1"", ""2"", ""3"", ""4"", ""5"", ""6"", ""7"", ""8"", ""9""], ""matrix"": [[115, 0, 0, 0, 0, 0, 0, 0, 0, 0], [0, 112, 2, 0, 0, 0, 0, 0, 0, 0], [0, 0, 114, 0, 0, 0, 0, 0, 0, 0], [0, 0, 0, 105, 0, 0, 0, 0, 0, 0], [0, 0, 0, 0, 114, 1, 0, 0, 0, 0], [0, 0, 0, 0, 0, 105, 0, 0, 0, 0], [0, 0, 0, 0, 0, 0, 105, 0, 0, 0], [0, 0, 0, 0, 0, 0, 0, 114, 0, 0], [1, 0, 0, 0, 0, 1, 0, 1, 103, 0], [0, 0, 0, 0, 0, 0, 0, 0, 1, 104]]}"
e-k7-mp-NR,euclidean,7,modified_plurality,RetentionPolicy.NEVER_RETAIN,1,10,9893,1099,0.0016584999975748,0.1879655000011553,0.1896239999987301,0.9909008189262968,0.9910718107846934,0.9910267465217596,0.9910297785289128,0.9909634031979794,0.9909008189262968,0.990912216767904,"{""labels"": [""0"", ""1"", ""2"", ""3"", ""4"", ""5"", ""6"", ""7"", ""8"", ""9""], ""matrix"": [[114, 1, 0, 0, 0, 0, 0, 0, 0, 0], [0, 112, 2, 0, 0, 0, 0, 0, 0, 0], [0, 1, 113, 0, 0, 0, 0, 0, 0, 0], [0, 0, 0, 103, 0, 0, 0, 1, 0, 1], [0, 0, 0, 0, 114, 1, 0, 0, 0, 0], [0, 0, 0, 0, 0, 105, 0, 0, 0, 0], [0, 0, 0, 0, 0, 0, 106, 0, 0, 0], [0, 1, 1, 0, 0, 0, 0, 112, 0, 0], [0, 0, 0, 0, 0, 0, 0, 0, 105, 0], [0, 0, 0, 1, 0, 0, 0, 0, 0, 105]]}"
e-k7-mp-NR,euclidean,7,modified_plurality,RetentionPolicy.NEVER_RETAIN,2,10,9895,1097,0.0015783999988343,0.182240100002673,0.1838185000015073,0.99179580674567,0.9918687892928212,0.99189495477825,0.991814955733736,0.9919860132588568,0.99179580674567,0.9918260448722498,"{""labels"": [""0"", ""1"", ""2"", ""3"", ""4"", ""5"", ""6"", ""7"", ""8"", ""9""], ""matrix"": [[113, 0, 0, 0, 0, 0, 0, 0, 0, 1], [0, 113, 1, 0, 1, 0, 0, 0, 0, 0], [0, 0, 115, 0, 0, 0, 0, 0, 0, 0], [0, 0, 0, 104, 0, 1, 0, 0, 0, 0], [0, 0, 0, 0, 112, 2, 0, 0, 0, 0], [0, 0, 0, 0, 0, 105, 0, 0, 0, 0], [0, 0, 0, 0, 0, 0, 105, 0, 0, 0], [0, 1, 0, 0, 0, 0, 0, 113, 0, 0], [0, 0, 0, 0, 0, 0, 0, 0, 105, 0], [0, 0, 0, 0, 0, 2, 0, 0, 0, 103]]}"
e-k7-mp-NR,euclidean,7,modified_plurality,RetentionPolicy.NEVER_RETAIN,3,10,9892,1100,0.0015666999970562,0.1840058000016142,0.1855724999986705,0.9890909090909092,0.9891956678066132,0.9890723938640698,0.9891165698747552,0.9891573017093512,0.9890909090909092,0.989107169435476,"{""labels"": [""0"", ""1"", ""2"", ""3"", ""4"", ""5"", ""6"", ""7"", ""8"", ""9""], ""matrix"": [[114, 0, 0, 0, 0, 0, 0, 0, 0, 0], [0, 111, 0, 2, 0, 0, 0, 1, 0, 0], [0, 0, 114, 0, 0, 0, 0, 1, 0, 0], [0, 1, 1, 103, 0, 0, 0, 0, 0, 0], [0, 0, 0, 0, 115, 0, 0, 0, 0, 0], [0, 0, 0, 1, 0, 104, 0, 0, 0, 0], [0, 0, 0, 0, 0, 0, 105, 0, 0, 0], [0, 2, 0, 0, 0, 0, 0, 113, 0, 0], [0, 0, 0, 0, 0, 0, 0, 1, 105, 0], [0, 0, 0, 0, 0, 2, 0, 0, 0, 104]]}"
e-k7-mp-NR,euclidean,7,modified_plurality,RetentionPolicy.NEVER_RETAIN,4,10,9894,1098,0.0014831000007689,0.1808693999992101,0.182352499999979,0.9918032786885246,0.9919330199659122,0.991770176055397,0.9917957067308156,0.9919236518086776,0.9918032786885246,0.9918069068053016,"{""labels"": [""0"", ""1"", ""2"", ""3"", ""4"", ""5"", ""6"", ""7"", ""8"", ""9""], ""matrix"": [[114, 0, 0, 0, 0, 0, 0, 0, 0, 0], [0, 112, 2, 1, 0, 0, 0, 0, 0, 0], [0, 0, 114, 0, 0, 0, 0, 0, 0, 0], [0, 0, 1, 104, 0, 0, 0, 0, 0, 0], [0, 0, 0, 0, 113, 1, 0, 0, 0, 0], [0, 0, 0, 2, 0, 104, 0, 0, 0, 0], [0, 0, 0, 0, 0, 0, 106, 0, 0, 0], [0, 0, 0, 0, 0, 0, 0, 114, 0, 0], [0, 0, 0, 0, 0, 0, 0, 0, 105, 0], [0, 0, 0, 0, 1, 0, 0, 1, 0, 103]]}"
e-k7-mp-NR,euclidean,7,modified_plurality,RetentionPolicy.NEVER_RETAIN,5,10,9894,1098,0.0016251999986707,0.181831100002455,0.1834563000011257,0.9927140255009108,0.9927998530125156,0.9927568922305764,0.9927573883251638,0.992755711310608,0.9927140255009108,0.9927141776308672,"{""labels"": [""0"", ""1"", ""2"", ""3"", ""4"", ""5"", ""6"", ""7"", ""8"", ""9""], ""matrix"": [[114, 0, 0, 0, 0, 0, 0, 0, 0, 0], [0, 112, 0, 1, 1, 0, 0, 0, 0, 0], [0, 0, 114, 0, 0, 0, 0, 0, 0, 0], [0, 0, 0, 105, 0, 0, 0, 0, 0, 0], [0, 0, 0, 0, 112, 0, 0, 1, 0, 1], [0, 0, 0, 1, 0, 104, 0, 0, 0, 0], [0, 0, 0, 0, 0, 0, 108, 0, 0, 0], [0, 0, 1, 0, 0, 0, 0, 113, 0, 0], [0, 0, 0, 0, 0, 0, 0, 1, 104, 0], [0, 1, 0, 0, 0, 0, 0, 0, 0, 104]]}"
e-k7-mp-NR,euclidean,7,modified_plurality,RetentionPolicy.NEVER_RETAIN,6,10,9890,1102,0.0015342999977292,0.1829537000012351,0.1844879999989643,0.9927404718693283,0.9929055883721948,0.9927491753080692,0.9927794314436832,0.9928284331683358,0.9927404718693283,0.9927358924621112,"{""labels"": [""0"", ""1"", ""2"", ""3"", ""4"", ""5"", ""6"", ""7"", ""8"", ""9""], ""matrix"": [[114, 0, 0, 0, 0, 0, 0, 0, 0, 0], [0, 112, 2, 1, 0, 0, 0, 0, 0, 0], [0, 0, 114, 0, 0, 0, 0, 0, 0, 0], [0, 0, 0, 108, 0, 0, 0, 0, 0, 0], [0, 0, 0, 0, 113, 0, 0, 1, 0, 0], [0, 0, 0, 1, 0, 105, 0, 0, 0, 0], [0, 0, 0, 0, 0, 1, 104, 0, 0, 0], [0, 0, 0, 0, 0, 0, 0, 114, 0, 0], [0, 0, 0, 0, 0, 0, 0, 0, 105, 0], [0, 0, 0, 0, 2, 0, 0, 0, 0, 105]]}"
e-k7-mp-NR,euclidean,7,modified_plurality,RetentionPolicy.NEVER_RETAIN,7,10,9892,1100,0.0018035000030067,0.1817538999966927,0.1835573999996995,0.9945454545454544,0.9948423224285292,0.9945954508913794,0.9946764865464648,0.9946392305012994,0.9945454545454544,0.9945486826056498,"{""labels"": [""0"", ""1"", ""2"", ""3"", ""4"", ""5"", ""6"", ""7"", ""8"", ""9""], ""matrix"": [[112, 0, 0, 0, 2, 0, 0, 0, 0, 0], [0, 112, 2, 0, 0, 0, 0, 0, 0, 0], [0, 0, 114, 0, 0, 0, 0, 0, 0, 0], [0, 0, 0, 107, 0, 0, 0, 0, 0, 0], [0, 0, 0, 0, 114, 0, 0, 0, 0, 0], [0, 0, 0, 0, 0, 106, 0, 0, 0, 0], [0, 0, 0, 0, 0, 0, 105, 0, 0, 0], [0, 0, 0, 0, 0, 0, 0, 115, 0, 0], [0, 0, 0, 0, 0, 0, 0, 1, 105, 0], [0, 0, 0, 0, 0, 0, 0, 1, 0, 104]]}"
e-k7-mp-NR,euclidean,7,modified_plurality,RetentionPolicy.NEVER_RETAIN,8,10,9894,1098,0.0014197999989846,0.1846711000034702,0.1860909000024548,0.9936247723132968,0.9937138712680084,0.9936430699389984,0.9936387904407504,0.9936890517824284,0.9936247723132968,0.9936163897910956,"{""labels"": [""0"", ""1"", ""2"", ""3"", ""4"", ""5"", ""6"", ""7"", ""8"", ""9""], ""matrix"": [[113, 0, 0, 0, 0, 0, 1, 0, 0, 0], [0, 111, 1, 1, 0, 0, 0, 1, 0, 0], [0, 0, 115, 0, 0, 0, 0, 0, 0, 0], [0, 0, 0, 104, 1, 0, 0, 0, 0, 0], [0, 0, 0, 0, 114, 0, 0, 0, 0, 0], [0, 0, 0, 0, 0, 106, 0, 0, 0, 0], [0, 0, 0, 0, 0, 0, 105, 0, 0, 0], [0, 0, 0, 0, 0, 0, 0, 114, 0, 0], [0, 0, 0, 0, 0, 0, 0, 1, 105, 0], [0, 0, 0, 0, 0, 1, 0, 0, 0, 104]]}"
e-k7-mp-NR,euclidean,7,modified_plurality,RetentionPolicy.NEVER_RETAIN,9,10,9890,1102,0.0015267999988282,0.180309399998805,0.1818361999976332,0.9891107078039928,0.9892207994771602,0.989097991081066,0.9891213829608496,0.9891710420353794,0.9891107078039928,0.9891014713923364,"{""labels"": [""0"", ""1"", ""2"", ""3"", ""4"", ""5"", ""6"", ""7"", ""8"", ""9""], ""matrix"": [[112, 0, 0, 0, 2, 0, 0, 0, 0, 1], [0, 112, 1, 1, 0, 0, 0, 0, 0, 0], [0, 0, 115, 0, 0, 0, 0, 0, 0, 0], [0, 0, 0, 104, 0, 0, 0, 0, 0, 1], [0, 0, 0, 0, 114, 1, 0, 0, 0, 0], [0, 0, 0, 0, 0, 105, 0, 0, 1, 0], [0, 0, 0, 0, 0, 0, 106, 0, 0, 0], [0, 0, 0, 0, 0, 0, 0, 114, 0, 0], [0, 0, 0, 0, 0, 0, 0, 1, 105, 0], [0, 1, 0, 0, 1, 0, 0, 1, 0, 103]]}"
e-k7-mp-DC,euclidean,7,modified_plurality,RetentionPolicy.DIFFERENT_CLASS_RETENTION,0,10,9894,1098,0.0015236000035656,0.1834442999970633,0.184967900000629,0.9936247723132968,0.993713530546014,0.99359347918607,0.9936125891213824,0.9936884804269484,0.9936247723132968,0.9936156690305422,"{""labels"": [""0"", ""1"", ""2"", ""3"", ""4"", ""5"", ""6"", ""7"", ""8"", ""9""], ""matrix"": [[115, 0, 0, 0, 0, 0, 0, 0, 0, 0], [0, 112, 2, 0, 0, 0, 0, 0, 0, 0], [0, 0, 114, 0, 0, 0, 0, 0, 0, 0], [0, 0, 0, 105, 0, 0, 0, 0, 0, 0], [0, 0, 0, 0, 114, 1, 0, 0, 0, 0], [0, 0, 0, 0, 0, 105, 0, 0, 0, 0], [0, 0, 0, 0, 0, 0, 105, 0, 0, 0], [0, 0, 0, 0, 0, 0, 0, 114, 0, 0], [1, 0, 0, 0, 0, 1, 0, 1, 103, 0], [0, 0, 0, 0, 0, 0, 0, 0, 1, 104]]}"
e-k7-mp-DC,euclidean,7,modified_plurality,RetentionPolicy.DIFFERENT_CLASS_RETENTION,1,10,9893,1099,0.0015915000039967,0.1852572999996482,0.186848800003645,0.9909008189262968,0.9910718107846934,0.9910267465217596,0.9910297785289128,0.9909634031979794,0.9909008189262968,0.990912216767904,"{""labels"": [""0"", ""1"", ""2"", ""3"", ""4"", ""5"", ""6"", ""7"", ""8"", ""9""], ""matrix"": [[114, 1, 0, 0, 0, 0, 0, 0, 0, 0], [0, 112, 2, 0, 0, 0, 0, 0, 0, 0], [0, 1, 113, 0, 0, 0, 0, 0, 0, 0], [0, 0, 0, 103, 0, 0, 0, 1, 0, 1], [0, 0, 0, 0, 114, 1, 0, 0, 0, 0], [0, 0, 0, 0, 0, 105, 0, 0, 0, 0], [0, 0, 0, 0, 0, 0, 106, 0, 0, 0], [0, 1, 1, 0, 0, 0, 0, 112, 0, 0], [0, 0, 0, 0, 0, 0, 0, 0, 105, 0], [0, 0, 0, 1, 0, 0, 0, 0, 0, 105]]}"
e-k7-mp-DC,euclidean,7,modified_plurality,RetentionPolicy.DIFFERENT_CLASS_RETENTION,2,10,9895,1097,0.0016266999955405,0.1817308000026969,0.1833574999982374,0.9927073837739288,0.9927522818373898,0.992772147760706,0.992715771171208,0.9928322902151694,0.9927073837739288,0.992724724518742,"{""labels"": [""0"", ""1"", ""2"", ""3"", ""4"", ""5"", ""6"", ""7"", ""8"", ""9""], ""matrix"": [[113, 0, 0, 0, 0, 0, 0, 0, 0, 1], [0, 113, 1, 0, 1, 0, 0, 0, 0, 0], [0, 0, 115, 0, 0, 0, 0, 0, 0, 0], [0, 0, 0, 104, 0, 1, 0, 0, 0, 0], [0, 0, 0, 0, 113, 1, 0, 0, 0, 0], [0, 0, 0, 0, 0, 105, 0, 0, 0, 0], [0, 0, 0, 0, 0, 0, 105, 0, 0, 0], [0, 1, 0, 0, 0, 0, 0, 113, 0, 0], [0, 0, 0, 0, 0, 0, 0, 0, 105, 0], [0, 0, 0, 0, 0, 2, 0, 0, 0, 103]]}"
e-k7-mp-DC,euclidean,7,modified_plurality,RetentionPolicy.DIFFERENT_CLASS_RETENTION,3,10,9892,1100,0.0015984999990905,0.186209500003315,0.1878080000024056,0.9890909090909092,0.9891956678066132,0.9890723938640698,0.9891165698747552,0.9891573017093512,0.9890909090909092,0.989107169435476,"{""labels"": [""0"", ""1"", ""2"", ""3"", ""4"", ""5"", ""6"", ""7"", ""8"", ""9""], ""matrix"": [[114, 0, 0, 0, 0, 0, 0, 0, 0, 0], [0, 111, 0, 2, 0, 0, 0, 1, 0, 0], [0, 0, 114, 0, 0, 0, 0, 1, 0, 0], [0, 1, 1, 103, 0, 0, 0, 0, 0, 0], [0, 0, 0, 0, 115, 0, 0, 0, 0, 0], [0, 0, 0, 1, 0, 104, 0, 0, 0, 0], [0, 0, 0, 0, 0, 0, 105, 0, 0, 0], [0, 2, 0, 0, 0, 0, 0, 113, 0, 0], [0, 0, 0, 0, 0, 0, 0, 1, 105, 0], [0, 0, 0, 0, 0, 2, 0, 0, 0, 104]]}"
e-k7-mp-DC,euclidean,7,modified_plurality,RetentionPolicy.DIFFERENT_CLASS_RETENTION,4,10,9894,1098,0.0016373000034946,0.1848287999964668,0.1864660999999614,0.9918032786885246,0.9919330199659122,0.991770176055397,0.9917957067308156,0.9919236518086776,0.9918032786885246,0.9918069068053016,"{""labels"": [""0"", ""1"", ""2"", ""3"", ""4"", ""5"", ""6"", ""7"", ""8"", ""9""], ""matrix"": [[114, 0, 0, 0, 0, 0, 0, 0, 0, 0], [0, 112, 2, 1, 0, 0, 0, 0, 0, 0], [0, 0, 114, 0, 0, 0, 0, 0, 0, 0], [0, 0, 1, 104, 0, 0, 0, 0, 0, 0], [0, 0, 0, 0, 113, 1, 0, 0, 0, 0], [0, 0, 0, 2, 0, 104, 0, 0, 0, 0], [0, 0, 0, 0, 0, 0, 106, 0, 0, 0], [0, 0, 0, 0, 0, 0, 0, 114, 0, 0], [0, 0, 0, 0, 0, 0, 0, 0, 105, 0], [0, 0, 0, 0, 1, 0, 0, 1, 0, 103]]}"
e-k7-mp-DC,euclidean,7,modified_plurality,RetentionPolicy.DIFFERENT_CLASS_RETENTION,5,10,9894,1098,0.0015633000002708,0.1866945000001578,0.1882578000004287,0.9927140255009108,0.9927998530125156,0.9927568922305764,0.9927573883251638,0.992755711310608,0.9927140255009108,0.9927141776308672,"{""labels"": [""0"", ""1"", ""2"", ""3"", ""4"", ""5"", ""6"", ""7"", ""8"", ""9""], ""matrix"": [[114, 0, 0, 0, 0, 0, 0, 0, 0, 0], [0, 112, 0, 1, 1, 0, 0, 0, 0, 0], [0, 0, 114, 0, 0, 0, 0, 0, 0, 0], [0, 0, 0, 105, 0, 0, 0, 0, 0, 0], [0, 0, 0, 0, 112, 0, 0, 1, 0, 1], [0, 0, 0, 1, 0, 104, 0, 0, 0, 0], [0, 0, 0, 0, 0, 0, 108, 0, 0, 0], [0, 0, 1, 0, 0, 0, 0, 113, 0, 0], [0, 0, 0, 0, 0, 0, 0, 1, 104, 0], [0, 1, 0, 0, 0, 0, 0, 0, 0, 104]]}"
e-k7-mp-DC,euclidean,7,modified_plurality,RetentionPolicy.DIFFERENT_CLASS_RETENTION,6,10,9890,1102,0.0015949000007822,0.1837304000000585,0.1853253000008408,0.9927404718693283,0.9929055883721948,0.9927491753080692,0.9927794314436832,0.9928284331683358,0.9927404718693283,0.9927358924621112,"{""labels"": [""0"", ""1"", ""2"", ""3"", ""4"", ""5"", ""6"", ""7"", ""8"", ""9""], ""matrix"": [[114, 0, 0, 0, 0, 0, 0, 0, 0, 0], [0, 112, 2, 1, 0, 0, 0, 0, 0, 0], [0, 0, 114, 0, 0, 0, 0, 0, 0, 0], [0, 0, 0, 108, 0, 0, 0, 0, 0, 0], [0, 0, 0, 0, 113, 0, 0, 1, 0, 0], [0, 0, 0, 1, 0, 105, 0, 0, 0, 0], [0, 0, 0, 0, 0, 1, 104, 0, 0, 0], [0, 0, 0, 0, 0, 0, 0, 114, 0, 0], [0, 0, 0, 0, 0, 0, 0, 0, 105, 0], [0, 0, 0, 0, 2, 0, 0, 0, 0, 105]]}"
e-k7-mp-DC,euclidean,7,modified_plurality,RetentionPolicy.DIFFERENT_CLASS_RETENTION,7,10,9892,1100,0.001812799993786,0.1850322000027517,0.1868449999965378,0.9945454545454544,0.9948423224285292,0.9945954508913794,0.9946764865464648,0.9946392305012994,0.9945454545454544,0.9945486826056498,"{""labels"": [""0"", ""1"", ""2"", ""3"", ""4"", ""5"", ""6"", ""7"", ""8"", ""9""], ""matrix"": [[112, 0, 0, 0, 2, 0, 0, 0, 0, 0], [0, 112, 2, 0, 0, 0, 0, 0, 0, 0], [0, 0, 114, 0, 0, 0, 0, 0, 0, 0], [0, 0, 0, 107, 0, 0, 0, 0, 0, 0], [0, 0, 0, 0, 114, 0, 0, 0, 0, 0], [0, 0, 0, 0, 0, 106, 0, 0, 0, 0], [0, 0, 0, 0, 0, 0, 105, 0, 0, 0], [0, 0, 0, 0, 0, 0, 0, 115, 0, 0], [0, 0, 0, 0, 0, 0, 0, 1, 105, 0], [0, 0, 0, 0, 0, 0, 0, 1, 0, 104]]}"
e-k7-mp-DC,euclidean,7,modified_plurality,RetentionPolicy.DIFFERENT_CLASS_RETENTION,8,10,9894,1098,0.0015071000016178,0.1848525999957928,0.1863596999974106,0.9936247723132968,0.9937138712680084,0.9936430699389984,0.9936387904407504,0.9936890517824284,0.9936247723132968,0.9936163897910956,"{""labels"": [""0"", ""1"", ""2"", ""3"", ""4"", ""5"", ""6"", ""7"", ""8"", ""9""], ""matrix"": [[113, 0, 0, 0, 0, 0, 1, 0, 0, 0], [0, 111, 1, 1, 0, 0, 0, 1, 0, 0], [0, 0, 115, 0, 0, 0, 0, 0, 0, 0], [0, 0, 0, 104, 1, 0, 0, 0, 0, 0], [0, 0, 0, 0, 114, 0, 0, 0, 0, 0], [0, 0, 0, 0, 0, 106, 0, 0, 0, 0], [0, 0, 0, 0, 0, 0, 105, 0, 0, 0], [0, 0, 0, 0, 0, 0, 0, 114, 0, 0], [0, 0, 0, 0, 0, 0, 0, 1, 105, 0], [0, 0, 0, 0, 0, 1, 0, 0, 0, 104]]}"
e-k7-mp-DC,euclidean,7,modified_plurality,RetentionPolicy.DIFFERENT_CLASS_RETENTION,9,10,9890,1102,0.0015327000000979,0.1829709999947226,0.1845036999948206,0.9900181488203268,0.9900607641102284,0.9899675562984572,0.9899912125138104,0.9900475931497428,0.9900181488203268,0.990009188257949,"{""labels"": [""0"", ""1"", ""2"", ""3"", ""4"", ""5"", ""6"", ""7"", ""8"", ""9""], ""matrix"": [[113, 0, 0, 0, 1, 0, 0, 0, 0, 1], [0, 112, 1, 1, 0, 0, 0, 0, 0, 0], [0, 0, 115, 0, 0, 0, 0, 0, 0, 0], [0, 0, 0, 104, 0, 0, 0, 0, 0, 1], [0, 0, 0, 0, 114, 1, 0, 0, 0, 0], [0, 0, 0, 0, 0, 105, 0, 0, 1, 0], [0, 0, 0, 0, 0, 0, 106, 0, 0, 0], [0, 0, 0, 0, 0, 0, 0, 114, 0, 0], [0, 0, 0, 0, 0, 0, 0, 1, 105, 0], [0, 1, 0, 0, 1, 0, 0, 1, 0, 103]]}"
h-k3-mp-DD,heom,3,modified_plurality,RetentionPolicy.DD_RETENTION,0,10,9894,1098,0.0015096999995876,0.306642900002771,0.3081526000023586,0.9954462659380692,0.995364010251216,0.9954140683949416,0.9953723115833676,0.9954794900343364,0.9954462659380692,0.9954463601187652,"{""labels"": [""0"", ""1"", ""2"", ""3"", ""4"", ""5"", ""6"", ""7"", ""8"", ""9""], ""matrix"": [[115, 0, 0, 0, 0, 0, 0, 0, 0, 0], [0, 114, 0, 0, 0, 0, 0, 0, 0, 0], [0, 0, 114, 0, 0, 0, 0, 0, 0, 0], [0, 0, 0, 105, 0, 0, 0, 0, 0, 0], [0, 0, 0, 0, 114, 1, 0, 0, 0, 0], [0, 0, 0, 0, 0, 105, 0, 0, 0, 0], [0, 0, 0, 0, 0, 0, 105, 0, 0, 0], [0, 0, 0, 0, 0, 0, 0, 113, 0, 1], [1, 0, 0, 0, 0, 1, 0, 0, 104, 0], [0, 0, 0, 0, 0, 0, 0, 0, 1, 104]]}"
h-k3-mp-DD,heom,3,modified_plurality,RetentionPolicy.DD_RETENTION,1,10,9893,1099,0.0019059999976889,0.3044169999993755,0.3063229999970644,0.991810737033667,0.991993406249861,0.9919701427481749,0.991933587236467,0.991906767000334,0.991810737033667,0.9918102954233238,"{""labels"": [""0"", ""1"", ""2"", ""3"", ""4"", ""5"", ""6"", ""7"", ""8"", ""9""], ""matrix"": [[114, 1, 0, 0, 0, 0, 0, 0, 0, 0], [0, 112, 2, 0, 0, 0, 0, 0, 0, 0], [0, 0, 114, 0, 0, 0, 0, 0, 0, 0], [0, 0, 0, 103, 0, 0, 0, 1, 0, 1], [0, 0, 0, 0, 114, 1, 0, 0, 0, 0], [0, 0, 0, 0, 0, 105, 0, 0, 0, 0], [0, 0, 0, 0, 0, 0, 106, 0, 0, 0], [0, 1, 1, 0, 0, 0, 0, 111, 0, 1], [0, 0, 0, 0, 0, 0, 0, 0, 105, 0], [0, 0, 0, 0, 0, 0, 0, 0, 0, 106]]}"
h-k3-mp-DD,heom,3,modified_plurality,RetentionPolicy.DD_RETENTION,2,10,9895,1097,0.0017158999980892,0.2991818000009516,0.3008976999990409,0.9954421148587056,0.9953911185432924,0.9953960989430096,0.9953637826179124,0.9955172412040948,0.9954421148587056,0.9954506424242489,"{""labels"": [""0"", ""1"", ""2"", ""3"", ""4"", ""5"", ""6"", ""7"", ""8"", ""9""], ""matrix"": [[113, 0, 0, 0, 0, 0, 0, 0, 0, 1], [0, 114, 0, 0, 1, 0, 0, 0, 0, 0], [0, 0, 115, 0, 0, 0, 0, 0, 0, 0], [0, 0, 0, 104, 0, 1, 0, 0, 0, 0], [0, 0, 0, 0, 114, 0, 0, 0, 0, 0], [0, 0, 0, 0, 0, 105, 0, 0, 0, 0], [0, 0, 0, 0, 0, 0, 105, 0, 0, 0], [0, 0, 0, 0, 0, 0, 0, 114, 0, 0], [0, 0, 0, 0, 0, 0, 0, 0, 105, 0], [0, 0, 0, 0, 0, 2, 0, 0, 0, 103]]}"
h-k3-mp-DD,heom,3,modified_plurality,RetentionPolicy.DD_RETENTION,3,10,9892,1100,0.0014792000001762,0.3061822000017855,0.3076614000019617,0.99,0.9900749617161846,0.9900882641386074,0.9900450755718212,0.9900577600882944,0.99,0.9899920897107106,"{""labels"": [""0"", ""1"", ""2"", ""3"", ""4"", ""5"", ""6"", ""7"", ""8"", ""9""], ""matrix"": [[114, 0, 0, 0, 0, 0, 0, 0, 0, 0], [0, 112, 0, 2, 0, 0, 0, 0, 0, 0], [0, 0, 114, 0, 0, 0, 0, 1, 0, 0], [0, 1, 1, 103, 0, 0, 0, 0, 0, 0], [0, 0, 0, 0, 115, 0, 0, 0, 0, 0], [0, 0, 0, 1, 0, 103, 0, 0, 0, 1], [0, 0, 0, 0, 0, 0, 105, 0, 0, 0], [0, 2, 1, 0, 0, 0, 0, 111, 1, 0], [0, 0, 0, 0, 0, 0, 0, 0, 106, 0], [0, 0, 0, 0, 0, 0, 0, 0, 0, 106]]}"
h-k3-mp-DD,heom,3,modified_plurality,RetentionPolicy.DD_RETENTION,4,10,9894,1098,0.0018347000004723,0.3027100999970571,0.3045447999975295,0.994535519125683,0.9946499391813528,0.9943864994726356,0.9944846707526998,0.9945999471652976,0.994535519125683,0.9945344707366918,"{""labels"": [""0"", ""1"", ""2"", ""3"", ""4"", ""5"", ""6"", ""7"", ""8"", ""9""], ""matrix"": [[114, 0, 0, 0, 0, 0, 0, 0, 0, 0], [0, 114, 1, 0, 0, 0, 0, 0, 0, 0], [0, 0, 114, 0, 0, 0, 0, 0, 0, 0], [0, 0, 1, 104, 0, 0, 0, 0, 0, 0], [0, 0, 0, 0, 114, 0, 0, 0, 0, 0], [0, 0, 0, 2, 0, 104, 0, 0, 0, 0], [0, 0, 0, 0, 0, 0, 106, 0, 0, 0], [0, 0, 0, 0, 0, 0, 0, 114, 0, 0], [0, 0, 0, 0, 0, 0, 0, 0, 105, 0], [0, 0, 0, 0, 1, 0, 0, 1, 0, 103]]}"
h-k3-mp-DD,heom,3,modified_plurality,RetentionPolicy.DD_RETENTION,5,10,9894,1098,0.0015309000009438,0.3086666999952285,0.3101975999961723,0.9954462659380692,0.995431701969267,0.9953884711779448,0.995392882182636,0.995488232085377,0.9954462659380692,0.9954504827287894,"{""labels"": [""0"", ""1"", ""2"", ""3"", ""4"", ""5"", ""6"", ""7"", ""8"", ""9""], ""matrix"": [[114, 0, 0, 0, 0, 0, 0, 0, 0, 0], [0, 113, 0, 1, 0, 0, 0, 0, 0, 0], [0, 0, 114, 0, 0, 0, 0, 0, 0, 0], [0, 0, 0, 105, 0, 0, 0, 0, 0, 0], [0, 0, 0, 0, 113, 0, 0, 0, 0, 1], [0, 0, 0, 1, 0, 104, 0, 0, 0, 0], [0, 0, 0, 0, 0, 0, 108, 0, 0, 0], [0, 0, 0, 0, 0, 0, 0, 114, 0, 0], [0, 0, 0, 0, 0, 0, 0, 1, 104, 0], [0, 1, 0, 0, 0, 0, 0, 0, 0, 104]]}"
h-k3-mp-DD,heom,3,modified_plurality,RetentionPolicy.DD_RETENTION,6,10,9890,1102,0.0014830000000074,0.3062762999979895,0.307759299997997,0.9945553539019965,0.9946908967188554,0.9944959335079168,0.994557585737322,0.9946262611879926,0.9945553539019965,0.9945545346780644,"{""labels"": [""0"", ""1"", ""2"", ""3"", ""4"", ""5"", ""6"", ""7"", ""8"", ""9""], ""matrix"": [[114, 0, 0, 0, 0, 0, 0, 0, 0, 0], [0, 113, 2, 0, 0, 0, 0, 0, 0, 0], [0, 0, 114, 0, 0, 0, 0, 0, 0, 0], [0, 0, 0, 108, 0, 0, 0, 0, 0, 0], [0, 0, 0, 0, 114, 0, 0, 0, 0, 0], [0, 0, 0, 1, 0, 105, 0, 0, 0, 0], [0, 0, 0, 0, 0, 1, 104, 0, 0, 0], [0, 0, 0, 0, 0, 0, 0, 114, 0, 0], [0, 0, 0, 0, 0, 0, 0, 0, 105, 0], [0, 0, 0, 0, 2, 0, 0, 0, 0, 105]]}"
h-k3-mp-DD,heom,3,modified_plurality,RetentionPolicy.DD_RETENTION,7,10,9892,1100,0.001515299998573,0.3078636999998707,0.3093789999984437,0.9927272727272728,0.9930873963201547,0.9928410649264672,0.9929219655768612,0.9928204888980752,0.9927272727272728,0.992730360873515,"{""labels"": [""0"", ""1"", ""2"", ""3"", ""4"", ""5"", ""6"", ""7"", ""8"", ""9""], ""matrix"": [[112, 0, 0, 0, 2, 0, 0, 0, 0, 0], [0, 111, 3, 0, 0, 0, 0, 0, 0, 0], [0, 1, 113, 0, 0, 0, 0, 0, 0, 0], [0, 0, 0, 107, 0, 0, 0, 0, 0, 0], [0, 0, 0, 0, 114, 0, 0, 0, 0, 0], [0, 0, 0, 0, 0, 106, 0, 0, 0, 0], [0, 0, 0, 0, 0, 0, 105, 0, 0, 0], [0, 0, 0, 0, 0, 0, 0, 115, 0, 0], [0, 0, 0, 0, 0, 0, 0, 1, 105, 0], [0, 0, 0, 0, 0, 0, 0, 1, 0, 104]]}"
h-k3-mp-DD,heom,3,modified_plurality,RetentionPolicy.DD_RETENTION,8,10,9894,1098,0.0016447000016341,0.3013620999990962,0.3030068000007304,0.994535519125683,0.9946574354332268,0.9944540596774956,0.994531594534242,0.9945912869423624,0.994535519125683,0.9945390287660412,"{""labels"": [""0"", ""1"", ""2"", ""3"", ""4"", ""5"", ""6"", ""7"", ""8"", ""9""], ""matrix"": [[113, 0, 0, 0, 0, 0, 1, 0, 0, 0], [0, 113, 1, 0, 0, 0, 0, 0, 0, 0], [0, 0, 115, 0, 0, 0, 0, 0, 0, 0], [0, 0, 0, 104, 1, 0, 0, 0, 0, 0], [0, 0, 0, 0, 114, 0, 0, 0, 0, 0], [0, 0, 0, 0, 0, 105, 0, 1, 0, 0], [0, 0, 0, 0, 0, 0, 105, 0, 0, 0], [0, 0, 0, 0, 0, 0, 0, 114, 0, 0], [0, 0, 0, 0, 0, 0, 0, 1, 105, 0], [0, 0, 0, 0, 0, 1, 0, 0, 0, 104]]}"
h-k3-mp-DD,heom,3,modified_plurality,RetentionPolicy.DD_RETENTION,9,10,9890,1102,0.0021705999970436,0.3096210000003339,0.3117915999973775,0.9927404718693283,0.992802844837552,0.992790117212638,0.9927535741891148,0.9928126513241332,0.9927404718693283,0.9927325015165368,"{""labels"": [""0"", ""1"", ""2"", ""3"", ""4"", ""5"", ""6"", ""7"", ""8"", ""9""], ""matrix"": [[113, 0, 0, 0, 1, 0, 0, 0, 0, 1], [0, 111, 2, 1, 0, 0, 0, 0, 0, 0], [0, 0, 115, 0, 0, 0, 0, 0, 0, 0], [0, 0, 0, 104, 0, 0, 0, 0, 0, 1], [0, 0, 0, 0, 115, 0, 0, 0, 0, 0], [0, 0, 0, 0, 0, 105, 0, 0, 1, 0], [0, 0, 0, 0, 0, 0, 106, 0, 0, 0], [0, 0, 0, 0, 0, 0, 0, 114, 0, 0], [0, 0, 0, 0, 0, 0, 0, 0, 106, 0], [0, 0, 0, 0, 0, 0, 0, 1, 0, 105]]}"
h-k5-b-NR,heom,5,borda,RetentionPolicy.NEVER_RETAIN,0,10,9894,1098,0.0015430999992531,0.2827471999989939,0.284290299998247,0.9963570127504554,0.9962897729033058,0.9962836336123329,0.996278455383201,0.996364782187974,0.9963570127504554,0.9963526616780508,"{""labels"": [""0"", ""1"", ""2"", ""3"", ""4"", ""5"", ""6"", ""7"", ""8"", ""9""], ""matrix"": [[115, 0, 0, 0, 0, 0, 0, 0, 0, 0], [0, 114, 0, 0, 0, 0, 0, 0, 0, 0], [0, 0, 114, 0, 0, 0, 0, 0, 0, 0], [0, 0, 0, 105, 0, 0, 0, 0, 0, 0], [0, 0, 0, 0, 115, 0, 0, 0, 0, 0], [0, 0, 0, 0, 0, 105, 0, 0, 0, 0], [0, 0, 0, 0, 0, 0, 105, 0, 0, 0], [0, 0, 0, 0, 0, 0, 0, 113, 0, 1], [1, 0, 0, 0, 0, 1, 0, 0, 104, 0], [0, 0, 0, 0, 0, 0, 0, 0, 1, 104]]}"
h-k5-b-NR,heom,5,borda,RetentionPolicy.NEVER_RETAIN,1,10,9893,1099,0.00145249999332,0.2816567000045324,0.2831091999978525,0.9927206551410374,0.9928486264130588,0.9928473357306308,0.9928070656145668,0.9927938925563352,0.9927206551410374,0.9927163603469216,"{""labels"": [""0"", ""1"", ""2"", ""3"", ""4"", ""5"", ""6"", ""7"", ""8"", ""9""], ""matrix"": [[114, 1, 0, 0, 0, 0, 0, 0, 0, 0], [0, 113, 1, 0, 0, 0, 0, 0, 0, 0], [0, 0, 114, 0, 0, 0, 0, 0, 0, 0], [0, 0, 0, 103, 0, 0, 0, 1, 0, 1], [0, 0, 0, 0, 114, 1, 0, 0, 0, 0], [0, 0, 0, 0, 0, 105, 0, 0, 0, 0], [0, 0, 0, 0, 0, 0, 106, 0, 0, 0], [0, 1, 1, 0, 0, 0, 0, 111, 0, 1], [0, 0, 0, 0, 0, 0, 0, 0, 105, 0], [0, 0, 0, 0, 0, 0, 0, 0, 0, 106]]}"
h-k5-b-NR,heom,5,borda,RetentionPolicy.NEVER_RETAIN,2,10,9895,1097,0.0015820999979041,0.2859523000006447,0.2875343999985489,0.9936189608021878,0.9935598370486508,0.9935665250081728,0.9935287877114956,0.9936851517864896,0.9936189608021878,0.993618663729355,"{""labels"": [""0"", ""1"", ""2"", ""3"", ""4"", ""5"", ""6"", ""7"", ""8"", ""9""], ""matrix"": [[113, 0, 0, 0, 0, 0, 0, 0, 0, 1], [0, 114, 0, 0, 1, 0, 0, 0, 0, 0], [0, 0, 115, 0, 0, 0, 0, 0, 0, 0], [0, 0, 0, 104, 0, 1, 0, 0, 0, 0], [0, 0, 0, 0, 114, 0, 0, 0, 0, 0], [0, 0, 0, 0, 0, 105, 0, 0, 0, 0], [0, 0, 0, 0, 0, 0, 105, 0, 0, 0], [0, 1, 0, 0, 0, 0, 0, 113, 0, 0], [0, 0, 0, 0, 0, 0, 0, 0, 105, 0], [0, 0, 0, 1, 0, 2, 0, 0, 0, 102]]}"
h-k5-b-NR,heom,5,borda,RetentionPolicy.NEVER_RETAIN,3,10,9892,1100,0.0014836000045761,0.2774919999937992,0.2789755999983754,0.9927272727272728,0.9928199307898304,0.9927874032908358,0.9927842040105552,0.9927667007429812,0.9927272727272728,0.9927270931982196,"{""labels"": [""0"", ""1"", ""2"", ""3"", ""4"", ""5"", ""6"", ""7"", ""8"", ""9""], ""matrix"": [[114, 0, 0, 0, 0, 0, 0, 0, 0, 0], [0, 113, 0, 1, 0, 0, 0, 0, 0, 0], [0, 0, 114, 0, 0, 0, 0, 1, 0, 0], [0, 1, 1, 103, 0, 0, 0, 0, 0, 0], [0, 0, 0, 0, 115, 0, 0, 0, 0, 0], [0, 0, 0, 1, 0, 104, 0, 0, 0, 0], [0, 0, 0, 0, 0, 0, 105, 0, 0, 0], [0, 2, 0, 0, 0, 0, 0, 112, 1, 0], [0, 0, 0, 0, 0, 0, 0, 0, 106, 0], [0, 0, 0, 0, 0, 0, 0, 0, 0, 106]]}"
h-k5-b-NR,heom,5,borda,RetentionPolicy.NEVER_RETAIN,4,10,9894,1098,0.0014221999954315,0.2801727000041865,0.281594899999618,0.994535519125683,0.9946499391813528,0.9943864994726356,0.9944846707526998,0.9945999471652976,0.994535519125683,0.9945344707366918,"{""labels"": [""0"", ""1"", ""2"", ""3"", ""4"", ""5"", ""6"", ""7"", ""8"", ""9""], ""matrix"": [[114, 0, 0, 0, 0, 0, 0, 0, 0, 0], [0, 114, 1, 0, 0, 0, 0, 0, 0, 0], [0, 0, 114, 0, 0, 0, 0, 0, 0, 0], [0, 0, 1, 104, 0, 0, 0, 0, 0, 0], [0, 0, 0, 0, 114, 0, 0, 0, 0, 0], [0, 0, 0, 2, 0, 104, 0, 0, 0, 0], [0, 0, 0, 0, 0, 0, 106, 0, 0, 0], [0, 0, 0, 0, 0, 0, 0, 114, 0, 0], [0, 0, 0, 0, 0, 0, 0, 0, 105, 0], [0, 0, 0, 0, 1, 0, 0, 1, 0, 103]]}"
h-k5-b-NR,heom,5,borda,RetentionPolicy.NEVER_RETAIN,5,10,9894,1098,0.0015784999995958,0.2803634000010788,0.2819419000006746,0.9972677595628416,0.9972346576038128,0.997218045112782,0.9972180066417398,0.9972842710514008,0.9972677595628416,0.9972677213904286,"{""labels"": [""0"", ""1"", ""2"", ""3"", ""4"", ""5"", ""6"", ""7"", ""8"", ""9""], ""matrix"": [[114, 0, 0, 0, 0, 0, 0, 0, 0, 0], [0, 114, 0, 0, 0, 0, 0, 0, 0, 0], [0, 0, 114, 0, 0, 0, 0, 0, 0, 0], [0, 0, 0, 105, 0, 0, 0, 0, 0, 0], [0, 0, 0, 0, 113, 0, 0, 0, 0, 1], [0, 0, 0, 1, 0, 104, 0, 0, 0, 0], [0, 0, 0, 0, 0, 0, 108, 0, 0, 0], [0, 0, 0, 0, 0, 0, 0, 114, 0, 0], [0, 0, 0, 0, 0, 0, 0, 0, 105, 0], [0, 1, 0, 0, 0, 0, 0, 0, 0, 104]]}"
h-k5-b-NR,heom,5,borda,RetentionPolicy.NEVER_RETAIN,6,10,9890,1102,0.0015260000000125,0.2806579000025522,0.2821839000025647,0.9945553539019965,0.9946908967188554,0.9944959335079168,0.994557585737322,0.9946262611879926,0.9945553539019965,0.9945545346780644,"{""labels"": [""0"", ""1"", ""2"", ""3"", ""4"", ""5"", ""6"", ""7"", ""8"", ""9""], ""matrix"": [[114, 0, 0, 0, 0, 0, 0, 0, 0, 0], [0, 113, 2, 0, 0, 0, 0, 0, 0, 0], [0, 0, 114, 0, 0, 0, 0, 0, 0, 0], [0, 0, 0, 108, 0, 0, 0, 0, 0, 0], [0, 0, 0, 0, 114, 0, 0, 0, 0, 0], [0, 0, 0, 1, 0, 105, 0, 0, 0, 0], [0, 0, 0, 0, 0, 1, 104, 0, 0, 0], [0, 0, 0, 0, 0, 0, 0, 114, 0, 0], [0, 0, 0, 0, 0, 0, 0, 0, 105, 0], [0, 0, 0, 0, 2, 0, 0, 0, 0, 105]]}"
h-k5-b-NR,heom,5,borda,RetentionPolicy.NEVER_RETAIN,7,10,9892,1100,0.0014386999973794,0.2766687000039383,0.2781074000013177,0.9927272727272728,0.9930873963201547,0.9928410649264672,0.9929219655768612,0.9928204888980752,0.9927272727272728,0.992730360873515,"{""labels"": [""0"", ""1"", ""2"", ""3"", ""4"", ""5"", ""6"", ""7"", ""8"", ""9""], ""matrix"": [[112, 0, 0, 0, 2, 0, 0, 0, 0, 0], [0, 111, 3, 0, 0, 0, 0, 0, 0, 0], [0, 1, 113, 0, 0, 0, 0, 0, 0, 0], [0, 0, 0, 107, 0, 0, 0, 0, 0, 0], [0, 0, 0, 0, 114, 0, 0, 0, 0, 0], [0, 0, 0, 0, 0, 106, 0, 0, 0, 0], [0, 0, 0, 0, 0, 0, 105, 0, 0, 0], [0, 0, 0, 0, 0, 0, 0, 115, 0, 0], [0, 0, 0, 0, 0, 0, 0, 1, 105, 0], [0, 0, 0, 0, 0, 0, 0, 1, 0, 104]]}"
h-k5-b-NR,heom,5,borda,RetentionPolicy.NEVER_RETAIN,8,10,9894,1098,0.0014700999963679,0.2838061000002199,0.2852761999965878,0.9954462659380692,0.99551200814687,0.9953974559039108,0.9954384121782148,0.9954785482297516,0.9954462659380692,0.995446002738888,"{""labels"": [""0"", ""1"", ""2"", ""3"", ""4"", ""5"", ""6"", ""7"", ""8"", ""9""], ""matrix"": [[113, 0, 0, 0, 0, 0, 1, 0, 0, 0], [0, 113, 1, 0, 0, 0, 0, 0, 0, 0], [0, 0, 115, 0, 0, 0, 0, 0, 0, 0], [0, 0, 0, 104, 1, 0, 0, 0, 0, 0], [0, 0, 0, 0, 114, 0, 0, 0, 0, 0], [0, 0, 0, 0, 0, 105, 0, 1, 0, 0], [0, 0, 0, 0, 0, 0, 105, 0, 0, 0], [0, 0, 0, 0, 0, 0, 0, 114, 0, 0], [0, 0, 0, 0, 0, 0, 0, 0, 106, 0], [0, 0, 0, 0, 0, 1, 0, 0, 0, 104]]}"
h-k5-b-NR,heom,5,borda,RetentionPolicy.NEVER_RETAIN,9,10,9890,1102,0.0016153999968082,0.2798785000049975,0.2814939000018057,0.9927404718693283,0.992802844837552,0.992790117212638,0.9927535741891148,0.9928126513241332,0.9927404718693283,0.9927325015165368,"{""labels"": [""0"", ""1"", ""2"", ""3"", ""4"", ""5"", ""6"", ""7"", ""8"", ""9""], ""matrix"": [[113, 0, 0, 0, 1, 0, 0, 0, 0, 1], [0, 111, 2, 1, 0, 0, 0, 0, 0, 0], [0, 0, 115, 0, 0, 0, 0, 0, 0, 0], [0, 0, 0, 104, 0, 0, 0, 0, 0, 1], [0, 0, 0, 0, 115, 0, 0, 0, 0, 0], [0, 0, 0, 0, 0, 105, 0, 0, 1, 0], [0, 0, 0, 0, 0, 0, 106, 0, 0, 0], [0, 0, 0, 0, 0, 0, 0, 114, 0, 0], [0, 0, 0, 0, 0, 0, 0, 0, 106, 0], [0, 0, 0, 0, 0, 0, 0, 1, 0, 105]]}"
h-k5-b-DC,heom,5,borda,RetentionPolicy.DIFFERENT_CLASS_RETENTION,0,10,9894,1098,0.001465499997721,0.2768190999995568,0.2782845999972778,0.9963570127504554,0.9962897729033058,0.9962836336123329,0.996278455383201,0.996364782187974,0.9963570127504554,0.9963526616780508,"{""labels"": [""0"", ""1"", ""2"", ""3"", ""4"", ""5"", ""6"", ""7"", ""8"", ""9""], ""matrix"": [[115, 0, 0, 0, 0, 0, 0, 0, 0, 0], [0, 114, 0, 0, 0, 0, 0, 0, 0, 0], [0, 0, 114, 0, 0, 0, 0, 0, 0, 0], [0, 0, 0, 105, 0, 0, 0, 0, 0, 0], [0, 0, 0, 0, 115, 0, 0, 0, 0, 0], [0, 0, 0, 0, 0, 105, 0, 0, 0, 0], [0, 0, 0, 0, 0, 0, 105, 0, 0, 0], [0, 0, 0, 0, 0, 0, 0, 113, 0, 1], [1, 0, 0, 0, 0, 1, 0, 0, 104, 0], [0, 0, 0, 0, 0, 0, 0, 0, 1, 104]]}"
h-k5-b-DC,heom,5,borda,RetentionPolicy.DIFFERENT_CLASS_RETENTION,1,10,9893,1099,0.0015848000039113,0.2858128000007127,0.2873976000046241,0.9927206551410374,0.9928486264130588,0.9928473357306308,0.9928070656145668,0.9927938925563352,0.9927206551410374,0.9927163603469216,"{""labels"": [""0"", ""1"", ""2"", ""3"", ""4"", ""5"", ""6"", ""7"", ""8"", ""9""], ""matrix"": [[114, 1, 0, 0, 0, 0, 0, 0, 0, 0], [0, 113, 1, 0, 0, 0, 0, 0, 0, 0], [0, 0, 114, 0, 0, 0, 0, 0, 0, 0], [0, 0, 0, 103, 0, 0, 0, 1, 0, 1], [0, 0, 0, 0, 114, 1, 0, 0, 0, 0], [0, 0, 0, 0, 0, 105, 0, 0, 0, 0], [0, 0, 0, 0, 0, 0, 106, 0, 0, 0], [0, 1, 1, 0, 0, 0, 0, 111, 0, 1], [0, 0, 0, 0, 0, 0, 0, 0, 105, 0], [0, 0, 0, 0, 0, 0, 0, 0, 0, 106]]}"
h-k5-b-DC,heom,5,borda,RetentionPolicy.DIFFERENT_CLASS_RETENTION,2,10,9895,1097,0.0014681000029668,0.2830384999979287,0.2845066000008955,0.9936189608021878,0.9935598370486508,0.9935665250081728,0.9935287877114956,0.9936851517864896,0.9936189608021878,0.993618663729355,"{""labels"": [""0"", ""1"", ""2"", ""3"", ""4"", ""5"", ""6"", ""7"", ""8"", ""9""], ""matrix"": [[113, 0, 0, 0, 0, 0, 0, 0, 0, 1], [0, 114, 0, 0, 1, 0, 0, 0, 0, 0], [0, 0, 115, 0, 0, 0, 0, 0, 0, 0], [0, 0, 0, 104, 0, 1, 0, 0, 0, 0], [0, 0, 0, 0, 114, 0, 0, 0, 0, 0], [0, 0, 0, 0, 0, 105, 0, 0, 0, 0], [0, 0, 0, 0, 0, 0, 105, 0, 0, 0], [0, 1, 0, 0, 0, 0, 0, 113, 0, 0], [0, 0, 0, 0, 0, 0, 0, 0, 105, 0], [0, 0, 0, 1, 0, 2, 0, 0, 0, 102]]}"
h-k5-b-DC,heom,5,borda,RetentionPolicy.DIFFERENT_CLASS_RETENTION,3,10,9892,1100,0.0017138000039267,0.2809619999970891,0.2826758000010159,0.9927272727272728,0.9928199307898304,0.9927874032908358,0.9927842040105552,0.9927667007429812,0.9927272727272728,0.9927270931982196,"{""labels"": [""0"", ""1"", ""2"", ""3"", ""4"", ""5"", ""6"", ""7"", ""8"", ""9""], ""matrix"": [[114, 0, 0, 0, 0, 0, 0, 0, 0, 0], [0, 113, 0, 1, 0, 0, 0, 0, 0, 0], [0, 0, 114, 0, 0, 0, 0, 1, 0, 0], [0, 1, 1, 103, 0, 0, 0, 0, 0, 0], [0, 0, 0, 0, 115, 0, 0, 0, 0, 0], [0, 0, 0, 1, 0, 104, 0, 0, 0, 0], [0, 0, 0, 0, 0, 0, 105, 0, 0, 0], [0, 2, 0, 0, 0, 0, 0, 112, 1, 0], [0, 0, 0, 0, 0, 0, 0, 0, 106, 0], [0, 0, 0, 0, 0, 0, 0, 0, 0, 106]]}"
h-k5-b-DC,heom,5,borda,RetentionPolicy.DIFFERENT_CLASS_RETENTION,4,10,9894,1098,0.0017291999974986,0.2770755000019562,0.2788046999994549,0.994535519125683,0.9946499391813528,0.9943864994726356,0.9944846707526998,0.9945999471652976,0.994535519125683,0.9945344707366918,"{""labels"": [""0"", ""1"", ""2"", ""3"", ""4"", ""5"", ""6"", ""7"", ""8"", ""9""], ""matrix"": [[114, 0, 0, 0, 0, 0, 0, 0, 0, 0], [0, 114, 1, 0, 0, 0, 0, 0, 0, 0], [0, 0, 114, 0, 0, 0, 0, 0, 0, 0], [0, 0, 1, 104, 0, 0, 0, 0, 0, 0], [0, 0, 0, 0, 114, 0, 0, 0, 0, 0], [0, 0, 0, 2, 0, 104, 0, 0, 0, 0], [0, 0, 0, 0, 0, 0, 106, 0, 0, 0], [0, 0, 0, 0, 0, 0, 0, 114, 0, 0], [0, 0, 0, 0, 0, 0, 0, 0, 105, 0], [0, 0, 0, 0, 1, 0, 0, 1, 0, 103]]}"
h-k5-b-DC,heom,5,borda,RetentionPolicy.DIFFERENT_CLASS_RETENTION,5,10,9894,1098,0.0015645000021322,0.2883068999944953,0.2898713999966276,0.9963570127504554,0.9963012671866582,0.9963408521303256,0.9963080323048652,0.9963910593602642,0.9963570127504554,0.9963614198311428,"{""labels"": [""0"", ""1"", ""2"", ""3"", ""4"", ""5"", ""6"", ""7"", ""8"", ""9""], ""matrix"": [[114, 0, 0, 0, 0, 0, 0, 0, 0, 0], [0, 113, 0, 1, 0, 0, 0, 0, 0, 0], [0, 0, 114, 0, 0, 0, 0, 0, 0, 0], [0, 0, 0, 105, 0, 0, 0, 0, 0, 0], [0, 0, 0, 0, 113, 0, 0, 0, 0, 1], [0, 0, 0, 1, 0, 104, 0, 0, 0, 0], [0, 0, 0, 0, 0, 0, 108, 0, 0, 0], [0, 0, 0, 0, 0, 0, 0, 114, 0, 0], [0, 0, 0, 0, 0, 0, 0, 0, 105, 0], [0, 1, 0, 0, 0, 0, 0, 0, 0, 104]]}"
h-k5-b-DC,heom,5,borda,RetentionPolicy.DIFFERENT_CLASS_RETENTION,6,10,9890,1102,0.0016322000010404,0.2855934999970486,0.2872256999980891,0.9954627949183305,0.9955454694324984,0.995430512947169,0.9954643823903458,0.9955103019262443,0.9954627949183305,0.9954624968362888,"{""labels"": [""0"", ""1"", ""2"", ""3"", ""4"", ""5"", ""6"", ""7"", ""8"", ""9""], ""matrix"": [[114, 0, 0, 0, 0, 0, 0, 0, 0, 0], [0, 113, 2, 0, 0, 0, 0, 0, 0, 0], [0, 0, 114, 0, 0, 0, 0, 0, 0, 0], [0, 0, 0, 108, 0, 0, 0, 0, 0, 0], [0, 0, 0, 0, 114, 0, 0, 0, 0, 0], [0, 0, 0, 1, 0, 105, 0, 0, 0, 0], [0, 0, 0, 0, 0, 1, 104, 0, 0, 0], [0, 0, 0, 0, 0, 0, 0, 114, 0, 0], [0, 0, 0, 0, 0, 0, 0, 0, 105, 0], [0, 0, 0, 0, 1, 0, 0, 0, 0, 106]]}"
h-k5-b-DC,heom,5,borda,RetentionPolicy.DIFFERENT_CLASS_RETENTION,7,10,9892,1100,0.0016114999962155,0.2817587000026833,0.2833701999988989,0.9927272727272728,0.9930873963201547,0.9928410649264672,0.9929219655768612,0.9928204888980752,0.9927272727272728,0.992730360873515,"{""labels"": [""0"", ""1"", ""2"", ""3"", ""4"", ""5"", ""6"", ""7"", ""8"", ""9""], ""matrix"": [[112, 0, 0, 0, 2, 0, 0, 0, 0, 0], [0, 111, 3, 0, 0, 0, 0, 0, 0, 0], [0, 1, 113, 0, 0, 0, 0, 0, 0, 0], [0, 0, 0, 107, 0, 0, 0, 0, 0, 0], [0, 0, 0, 0, 114, 0, 0, 0, 0, 0], [0, 0, 0, 0, 0, 106, 0, 0, 0, 0], [0, 0, 0, 0, 0, 0, 105, 0, 0, 0], [0, 0, 0, 0, 0, 0, 0, 115, 0, 0], [0, 0, 0, 0, 0, 0, 0, 1, 105, 0], [0, 0, 0, 0, 0, 0, 0, 1, 0, 104]]}"
h-k5-b-DC,heom,5,borda,RetentionPolicy.DIFFERENT_CLASS_RETENTION,8,10,9894,1098,0.001500099999248,0.2830685000008088,0.2845686000000569,0.9954462659380692,0.99551200814687,0.9953974559039108,0.9954384121782148,0.9954785482297516,0.9954462659380692,0.995446002738888,"{""labels"": [""0"", ""1"", ""2"", ""3"", ""4"", ""5"", ""6"", ""7"", ""8"", ""9""], ""matrix"": [[113, 0, 0, 0, 0, 0, 1, 0, 0, 0], [0, 113, 1, 0, 0, 0, 0, 0, 0, 0], [0, 0, 115, 0, 0, 0, 0, 0, 0, 0], [0, 0, 0, 104, 1, 0, 0, 0, 0, 0], [0, 0, 0, 0, 114, 0, 0, 0, 0, 0], [0, 0, 0, 0, 0, 105, 0, 1, 0, 0], [0, 0, 0, 0, 0, 0, 105, 0, 0, 0], [0, 0, 0, 0, 0, 0, 0, 114, 0, 0], [0, 0, 0, 0, 0, 0, 0, 0, 106, 0], [0, 0, 0, 0, 0, 1, 0, 0, 0, 104]]}"
h-k5-b-DC,heom,5,borda,RetentionPolicy.DIFFERENT_CLASS_RETENTION,9,10,9890,1102,0.0014966000017011,0.2883769999971264,0.2898735999988275,0.9927404718693283,0.992802844837552,0.992790117212638,0.9927535741891148,0.9928126513241332,0.9927404718693283,0.9927325015165368,"{""labels"": [""0"", ""1"", ""2"", ""3"", ""4"", ""5"", ""6"", ""7"", ""8"", ""9""], ""matrix"": [[113, 0, 0, 0, 1, 0, 0, 0, 0, 1], [0, 111, 2, 1, 0, 0, 0, 0, 0, 0], [0, 0, 115, 0, 0, 0, 0, 0, 0, 0], [0, 0, 0, 104, 0, 0, 0, 0, 0, 1], [0, 0, 0, 0, 115, 0, 0, 0, 0, 0], [0, 0, 0, 0, 0, 105, 0, 0, 1, 0], [0, 0, 0, 0, 0, 0, 106, 0, 0, 0], [0, 0, 0, 0, 0, 0, 0, 114, 0, 0], [0, 0, 0, 0, 0, 0, 0, 0, 106, 0], [0, 0, 0, 0, 0, 0, 0, 1, 0, 105]]}"
h-k5-b-DD,heom,5,borda,RetentionPolicy.DD_RETENTION,0,10,9894,1098,0.0015769000019645,0.2856603999971412,0.2872372999991057,0.9963570127504554,0.9962897729033058,0.9962836336123329,0.996278455383201,0.996364782187974,0.9963570127504554,0.9963526616780508,"{""labels"": [""0"", ""1"", ""2"", ""3"", ""4"", ""5"", ""6"", ""7"", ""8"", ""9""], ""matrix"": [[115, 0, 0, 0, 0, 0, 0, 0, 0, 0], [0, 114, 0, 0, 0, 0, 0, 0, 0, 0], [0, 0, 114, 0, 0, 0, 0, 0, 0, 0], [0, 0, 0, 105, 0, 0, 0, 0, 0, 0], [0, 0, 0, 0, 115, 0, 0, 0, 0, 0], [0, 0, 0, 0, 0, 105, 0, 0, 0, 0], [0, 0, 0, 0, 0, 0, 105, 0, 0, 0], [0, 0, 0, 0, 0, 0, 0, 113, 0, 1], [1, 0, 0, 0, 0, 1, 0, 0, 104, 0], [0, 0, 0, 0, 0, 0, 0, 0, 1, 104]]}"
h-k5-b-DD,heom,5,borda,RetentionPolicy.DD_RETENTION,1,10,9893,1099,0.0022163000030559,0.2900988999972469,0.2923152000003028,0.9927206551410374,0.9928486264130588,0.9928473357306308,0.9928070656145668,0.9927938925563352,0.9927206551410374,0.9927163603469216,"{""labels"": [""0"", ""1"", ""2"", ""3"", ""4"", ""5"", ""6"", ""7"", ""8"", ""9""], ""matrix"": [[114, 1, 0, 0, 0, 0, 0, 0, 0, 0], [0, 113, 1, 0, 0, 0, 0, 0, 0, 0], [0, 0, 114, 0, 0, 0, 0, 0, 0, 0], [0, 0, 0, 103, 0, 0, 0, 1, 0, 1], [0, 0, 0, 0, 114, 1, 0, 0, 0, 0], [0, 0, 0, 0, 0, 105, 0, 0, 0, 0], [0, 0, 0, 0, 0, 0, 106, 0, 0, 0], [0, 1, 1, 0, 0, 0, 0, 111, 0, 1], [0, 0, 0, 0, 0, 0, 0, 0, 105, 0], [0, 0, 0, 0, 0, 0, 0, 0, 0, 106]]}"
h-k5-b-DD,heom,5,borda,RetentionPolicy.DD_RETENTION,2,10,9895,1097,0.0016700999985914,0.283839399999124,0.2855094999977154,0.9936189608021878,0.9935598370486508,0.9935665250081728,0.9935287877114956,0.9936851517864896,0.9936189608021878,0.993618663729355,"{""labels"": [""0"", ""1"", ""2"", ""3"", ""4"", ""5"", ""6"", ""7"", ""8"", ""9""], ""matrix"": [[113, 0, 0, 0, 0, 0, 0, 0, 0, 1], [0, 114, 0, 0, 1, 0, 0, 0, 0, 0], [0, 0, 115, 0, 0, 0, 0, 0, 0, 0], [0, 0, 0, 104, 0, 1, 0, 0, 0, 0], [0, 0, 0, 0, 114, 0, 0, 0, 0, 0], [0, 0, 0, 0, 0, 105, 0, 0, 0, 0], [0, 0, 0, 0, 0, 0, 105, 0, 0, 0], [0, 1, 0, 0, 0, 0, 0, 113, 0, 0], [0, 0, 0, 0, 0, 0, 0, 0, 105, 0], [0, 0, 0, 1, 0, 2, 0, 0, 0, 102]]}"
h-k5-b-DD,heom,5,borda,RetentionPolicy.DD_RETENTION,3,10,9892,1100,0.0015042000013636,0.2970897999985027,0.2985939999998663,0.9927272727272728,0.9928199307898304,0.9927874032908358,0.9927842040105552,0.9927667007429812,0.9927272727272728,0.9927270931982196,"{""labels"": [""0"", ""1"", ""2"", ""3"", ""4"", ""5"", ""6"", ""7"", ""8"", ""9""], ""matrix"": [[114, 0, 0, 0, 0, 0, 0, 0, 0, 0], [0, 113, 0, 1, 0, 0, 0, 0, 0, 0], [0, 0, 114, 0, 0, 0, 0, 1, 0, 0], [0, 1, 1, 103, 0, 0, 0, 0, 0, 0], [0, 0, 0, 0, 115, 0, 0, 0, 0, 0], [0, 0, 0, 1, 0, 104, 0, 0, 0, 0], [0, 0, 0, 0, 0, 0, 105, 0, 0, 0], [0, 2, 0, 0, 0, 0, 0, 112, 1, 0], [0, 0, 0, 0, 0, 0, 0, 0, 106, 0], [0, 0, 0, 0, 0, 0, 0, 0, 0, 106]]}"
h-k5-b-DD,heom,5,borda,RetentionPolicy.DD_RETENTION,4,10,9894,1098,0.0016106999973999,0.2909004000030109,0.2925111000004108,0.994535519125683,0.9946499391813528,0.9943864994726356,0.9944846707526998,0.9945999471652976,0.994535519125683,0.9945344707366918,"{""labels"": [""0"", ""1"", ""2"", ""3"", ""4"", ""5"", ""6"", ""7"", ""8"", ""9""], ""matrix"": [[114, 0, 0, 0, 0, 0, 0, 0, 0, 0], [0, 114, 1, 0, 0, 0, 0, 0, 0, 0], [0, 0, 114, 0, 0, 0, 0, 0, 0, 0], [0, 0, 1, 104, 0, 0, 0, 0, 0, 0], [0, 0, 0, 0, 114, 0, 0, 0, 0, 0], [0, 0, 0, 2, 0, 104, 0, 0, 0, 0], [0, 0, 0, 0, 0, 0, 106, 0, 0, 0], [0, 0, 0, 0, 0, 0, 0, 114, 0, 0], [0, 0, 0, 0, 0, 0, 0, 0, 105, 0], [0, 0, 0, 0, 1, 0, 0, 1, 0, 103]]}"
h-k5-b-DD,heom,5,borda,RetentionPolicy.DD_RETENTION,5,10,9894,1098,0.0016561000011279,0.2830985999971744,0.2847546999983024,0.9963570127504554,0.9963012671866582,0.9963408521303256,0.9963080323048652,0.9963910593602642,0.9963570127504554,0.9963614198311428,"{""labels"": [""0"", ""1"", ""2"", ""3"", ""4"", ""5"", ""6"", ""7"", ""8"", ""9""], ""matrix"": [[114, 0, 0, 0, 0, 0, 0, 0, 0, 0], [0, 113, 0, 1, 0, 0, 0, 0, 0, 0], [0, 0, 114, 0, 0, 0, 0, 0, 0, 0], [0, 0, 0, 105, 0, 0, 0, 0, 0, 0], [0, 0, 0, 0, 113, 0, 0, 0, 0, 1], [0, 0, 0, 1, 0, 104, 0, 0, 0, 0], [0, 0, 0, 0, 0, 0, 108, 0, 0, 0], [0, 0, 0, 0, 0, 0, 0, 114, 0, 0], [0, 0, 0, 0, 0, 0, 0, 0, 105, 0], [0, 1, 0, 0, 0, 0, 0, 0, 0, 104]]}"
h-k5-b-DD,heom,5,borda,RetentionPolicy.DD_RETENTION,6,10,9890,1102,0.0014707000009366,0.2905620000019553,0.2920327000028919,0.9945553539019965,0.9946908967188554,0.9944959335079168,0.994557585737322,0.9946262611879926,0.9945553539019965,0.9945545346780644,"{""labels"": [""0"", ""1"", ""2"", ""3"", ""4"", ""5"", ""6"", ""7"", ""8"", ""9""], ""matrix"": [[114, 0, 0, 0, 0, 0, 0, 0, 0, 0], [0, 113, 2, 0, 0, 0, 0, 0, 0, 0], [0, 0, 114, 0, 0, 0, 0, 0, 0, 0], [0, 0, 0, 108, 0, 0, 0, 0, 0, 0], [0, 0, 0, 0, 114, 0, 0, 0, 0, 0], [0, 0, 0, 1, 0, 105, 0, 0, 0, 0], [0, 0, 0, 0, 0, 1, 104, 0, 0, 0], [0, 0, 0, 0, 0, 0, 0, 114, 0, 0], [0, 0, 0, 0, 0, 0, 0, 0, 105, 0], [0, 0, 0, 0, 2, 0, 0, 0, 0, 105]]}"
h-k5-b-DD,heom,5,borda,RetentionPolicy.DD_RETENTION,7,10,9892,1100,0.0017730000035953,0.287569899999653,0.2893429000032483,0.9927272727272728,0.9930873963201547,0.9928410649264672,0.9929219655768612,0.9928204888980752,0.9927272727272728,0.992730360873515,"{""labels"": [""0"", ""1"", ""2"", ""3"", ""4"", ""5"", ""6"", ""7"", ""8"", ""9""], ""matrix"": [[112, 0, 0, 0, 2, 0, 0, 0, 0, 0], [0, 111, 3, 0, 0, 0, 0, 0, 0, 0], [0, 1, 113, 0, 0, 0, 0, 0, 0, 0], [0, 0, 0, 107, 0, 0, 0, 0, 0, 0], [0, 0, 0, 0, 114, 0, 0, 0, 0, 0], [0, 0, 0, 0, 0, 106, 0, 0, 0, 0], [0, 0, 0, 0, 0, 0, 105, 0, 0, 0], [0, 0, 0, 0, 0, 0, 0, 115, 0, 0], [0, 0, 0, 0, 0, 0, 0, 1, 105, 0], [0, 0, 0, 0, 0, 0, 0, 1, 0, 104]]}"
h-k5-b-DD,heom,5,borda,RetentionPolicy.DD_RETENTION,8,10,9894,1098,0.001608100006706,0.2841360999955213,0.2857442000022274,0.9954462659380692,0.99551200814687,0.9953974559039108,0.9954384121782148,0.9954785482297516,0.9954462659380692,0.995446002738888,"{""labels"": [""0"", ""1"", ""2"", ""3"", ""4"", ""5"", ""6"", ""7"", ""8"", ""9""], ""matrix"": [[113, 0, 0, 0, 0, 0, 1, 0, 0, 0], [0, 113, 1, 0, 0, 0, 0, 0, 0, 0], [0, 0, 115, 0, 0, 0, 0, 0, 0, 0], [0, 0, 0, 104, 1, 0, 0, 0, 0, 0], [0, 0, 0, 0, 114, 0, 0, 0, 0, 0], [0, 0, 0, 0, 0, 105, 0, 1, 0, 0], [0, 0, 0, 0, 0, 0, 105, 0, 0, 0], [0, 0, 0, 0, 0, 0, 0, 114, 0, 0], [0, 0, 0, 0, 0, 0, 0, 0, 106, 0], [0, 0, 0, 0, 0, 1, 0, 0, 0, 104]]}"
h-k5-b-DD,heom,5,borda,RetentionPolicy.DD_RETENTION,9,10,9890,1102,0.0015242999943438,0.2864872999998624,0.2880115999942063,0.9927404718693283,0.992802844837552,0.992790117212638,0.9927535741891148,0.9928126513241332,0.9927404718693283,0.9927325015165368,"{""labels"": [""0"", ""1"", ""2"", ""3"", ""4"", ""5"", ""6"", ""7"", ""8"", ""9""], ""matrix"": [[113, 0, 0, 0, 1, 0, 0, 0, 0, 1], [0, 111, 2, 1, 0, 0, 0, 0, 0, 0], [0, 0, 115, 0, 0, 0, 0, 0, 0, 0], [0, 0, 0, 104, 0, 0, 0, 0, 0, 1], [0, 0, 0, 0, 115, 0, 0, 0, 0, 0], [0, 0, 0, 0, 0, 105, 0, 0, 1, 0], [0, 0, 0, 0, 0, 0, 106, 0, 0, 0], [0, 0, 0, 0, 0, 0, 0, 114, 0, 0], [0, 0, 0, 0, 0, 0, 0, 0, 106, 0], [0, 0, 0, 0, 0, 0, 0, 1, 0, 105]]}"
h-k5-mp-DC,heom,5,modified_plurality,RetentionPolicy.DIFFERENT_CLASS_RETENTION,0,10,9894,1098,0.0015462000010302,0.303340800004662,0.3048870000056922,0.994535519125683,0.9945922532725626,0.9945368754124854,0.9945322313009844,0.9946001482844464,0.994535519125683,0.994535300367696,"{""labels"": [""0"", ""1"", ""2"", ""3"", ""4"", ""5"", ""6"", ""7"", ""8"", ""9""], ""matrix"": [[115, 0, 0, 0, 0, 0, 0, 0, 0, 0], [0, 112, 2, 0, 0, 0, 0, 0, 0, 0], [0, 0, 114, 0, 0, 0, 0, 0, 0, 0], [0, 0, 0, 105, 0, 0, 0, 0, 0, 0], [0, 0, 0, 0, 114, 1, 0, 0, 0, 0], [0, 0, 0, 0, 0, 105, 0, 0, 0, 0], [0, 0, 0, 0, 0, 0, 105, 0, 0, 0], [0, 0, 0, 0, 0, 0, 0, 114, 0, 0], [1, 0, 0, 0, 0, 1, 0, 0, 104, 0], [0, 0, 0, 0, 0, 0, 0, 0, 1, 104]]}"
h-k5-mp-DC,heom,5,modified_plurality,RetentionPolicy.DIFFERENT_CLASS_RETENTION,1,10,9893,1099,0.0019494000007398,0.3008368000009795,0.3027862000017194,0.9899909008189264,0.9902097418191762,0.9901495535393036,0.9901602133115216,0.9900691733338396,0.9899909008189264,0.9900102109919025,"{""labels"": [""0"", ""1"", ""2"", ""3"", ""4"", ""5"", ""6"", ""7"", ""8"", ""9""], ""matrix"": [[114, 1, 0, 0, 0, 0, 0, 0, 0, 0], [0, 112, 2, 0, 0, 0, 0, 0, 0, 0], [0, 2, 112, 0, 0, 0, 0, 0, 0, 0], [0, 0, 0, 103, 0, 0, 0, 1, 0, 1], [0, 0, 0, 0, 114, 1, 0, 0, 0, 0], [0, 0, 0, 0, 0, 105, 0, 0, 0, 0], [0, 0, 0, 0, 0, 0, 106, 0, 0, 0], [0, 1, 1, 0, 0, 0, 0, 112, 0, 0], [0, 0, 0, 0, 0, 0, 0, 0, 105, 0], [0, 0, 0, 1, 0, 0, 0, 0, 0, 105]]}"
h-k5-mp-DC,heom,5,modified_plurality,RetentionPolicy.DIFFERENT_CLASS_RETENTION,2,10,9895,1097,0.0018367000011494,0.2973549000016646,0.2991916000028141,0.99179580674567,0.9917961712066236,0.9917369510733356,0.9917060496820364,0.9919185219739564,0.99179580674567,0.991798759811907,"{""labels"": [""0"", ""1"", ""2"", ""3"", ""4"", ""5"", ""6"", ""7"", ""8"", ""9""], ""matrix"": [[113, 0, 0, 0, 0, 0, 0, 0, 0, 1], [0, 114, 0, 0, 1, 0, 0, 0, 0, 0], [0, 0, 115, 0, 0, 0, 0, 0, 0, 0], [0, 0, 0, 104, 0, 1, 0, 0, 0, 0], [0, 0, 0, 0, 113, 1, 0, 0, 0, 0], [0, 0, 0, 0, 0, 105, 0, 0, 0, 0], [0, 0, 0, 0, 0, 0, 105, 0, 0, 0], [0, 1, 0, 0, 0, 0, 0, 113, 0, 0], [0, 0, 0, 0, 0, 0, 0, 0, 105, 0], [0, 1, 0, 1, 0, 2, 0, 0, 0, 101]]}"
h-k5-mp-DC,heom,5,modified_plurality,RetentionPolicy.DIFFERENT_CLASS_RETENTION,3,10,9892,1100,0.0016073000006144,0.3031372999976156,0.3047445999982301,0.990909090909091,0.9909771557688314,0.9909591863168998,0.990963742552342,0.990934819897084,0.990909090909091,0.9909177078845324,"{""labels"": [""0"", ""1"", ""2"", ""3"", ""4"", ""5"", ""6"", ""7"", ""8"", ""9""], ""matrix"": [[114, 0, 0, 0, 0, 0, 0, 0, 0, 0], [0, 111, 0, 2, 0, 0, 0, 1, 0, 0], [0, 0, 114, 0, 0, 0, 0, 1, 0, 0], [0, 1, 1, 103, 0, 0, 0, 0, 0, 0], [0, 0, 0, 0, 115, 0, 0, 0, 0, 0], [0, 0, 0, 1, 0, 104, 0, 0, 0, 0], [0, 0, 0, 0, 0, 0, 105, 0, 0, 0], [0, 2, 0, 0, 0, 0, 0, 113, 0, 0], [0, 0, 0, 0, 0, 0, 0, 0, 106, 0], [0, 0, 0, 0, 0, 1, 0, 0, 0, 105]]}"
h-k5-mp-DC,heom,5,modified_plurality,RetentionPolicy.DIFFERENT_CLASS_RETENTION,4,10,9894,1098,0.001524999999674,0.2954672999985632,0.2969922999982373,0.9927140255009108,0.9928589505568046,0.992713572281812,0.9927391029572306,0.9928091863876368,0.9927140255009108,0.9927134187223784,"{""labels"": [""0"", ""1"", ""2"", ""3"", ""4"", ""5"", ""6"", ""7"", ""8"", ""9""], ""matrix"": [[114, 0, 0, 0, 0, 0, 0, 0, 0, 0], [0, 112, 2, 1, 0, 0, 0, 0, 0, 0], [0, 0, 114, 0, 0, 0, 0, 0, 0, 0], [0, 0, 1, 104, 0, 0, 0, 0, 0, 0], [0, 0, 0, 0, 113, 1, 0, 0, 0, 0], [0, 0, 0, 1, 0, 105, 0, 0, 0, 0], [0, 0, 0, 0, 0, 0, 106, 0, 0, 0], [0, 0, 0, 0, 0, 0, 0, 114, 0, 0], [0, 0, 0, 0, 0, 0, 0, 0, 105, 0], [0, 0, 0, 0, 1, 0, 0, 1, 0, 103]]}"
h-k5-mp-DC,heom,5,modified_plurality,RetentionPolicy.DIFFERENT_CLASS_RETENTION,5,10,9894,1098,0.001523899998574,0.2996884999956819,0.301212399994256,0.9963570127504554,0.9963650923864212,0.9963408521303256,0.9963407967846712,0.9963814437765136,0.9963570127504554,0.996356957057953,"{""labels"": [""0"", ""1"", ""2"", ""3"", ""4"", ""5"", ""6"", ""7"", ""8"", ""9""], ""matrix"": [[114, 0, 0, 0, 0, 0, 0, 0, 0, 0], [0, 114, 0, 0, 0, 0, 0, 0, 0, 0], [0, 0, 114, 0, 0, 0, 0, 0, 0, 0], [0, 0, 0, 105, 0, 0, 0, 0, 0, 0], [0, 0, 0, 0, 113, 0, 0, 0, 0, 1], [0, 0, 0, 1, 0, 104, 0, 0, 0, 0], [0, 0, 0, 0, 0, 0, 108, 0, 0, 0], [0, 0, 1, 0, 0, 0, 0, 113, 0, 0], [0, 0, 0, 0, 0, 0, 0, 0, 105, 0], [0, 1, 0, 0, 0, 0, 0, 0, 0, 104]]}"
h-k5-mp-DC,heom,5,modified_plurality,RetentionPolicy.DIFFERENT_CLASS_RETENTION,6,10,9890,1102,0.0019205999997211,0.2981419999996433,0.3000625999993644,0.9936479128856625,0.9937675258245212,0.9936837547473216,0.9936861947876892,0.993720092601777,0.9936479128856625,0.9936438201627312,"{""labels"": [""0"", ""1"", ""2"", ""3"", ""4"", ""5"", ""6"", ""7"", ""8"", ""9""], ""matrix"": [[114, 0, 0, 0, 0, 0, 0, 0, 0, 0], [0, 112, 2, 1, 0, 0, 0, 0, 0, 0], [0, 0, 114, 0, 0, 0, 0, 0, 0, 0], [0, 0, 0, 108, 0, 0, 0, 0, 0, 0], [0, 0, 0, 0, 113, 0, 0, 1, 0, 0], [0, 0, 0, 1, 0, 105, 0, 0, 0, 0], [0, 0, 0, 0, 0, 1, 104, 0, 0, 0], [0, 0, 0, 0, 0, 0, 0, 114, 0, 0], [0, 0, 0, 0, 0, 0, 0, 0, 105, 0], [0, 0, 0, 0, 1, 0, 0, 0, 0, 106]]}"
h-k5-mp-DC,heom,5,modified_plurality,RetentionPolicy.DIFFERENT_CLASS_RETENTION,7,10,9892,1100,0.0016269999978248,0.2983776999972178,0.3000046999950427,0.9927272727272728,0.99300171202501,0.992848692691532,0.9928976293326086,0.992790477403651,0.9927272727272728,0.9927307685987472,"{""labels"": [""0"", ""1"", ""2"", ""3"", ""4"", ""5"", ""6"", ""7"", ""8"", ""9""], ""matrix"": [[112, 0, 0, 0, 2, 0, 0, 0, 0, 0], [0, 112, 2, 0, 0, 0, 0, 0, 0, 0], [0, 1, 113, 0, 0, 0, 0, 0, 0, 0], [0, 0, 0, 107, 0, 0, 0, 0, 0, 0], [0, 0, 0, 0, 114, 0, 0, 0, 0, 0], [0, 0, 0, 0, 0, 106, 0, 0, 0, 0], [0, 0, 0, 0, 0, 0, 105, 0, 0, 0], [0, 0, 0, 1, 0, 0, 0, 114, 0, 0], [0, 0, 0, 0, 0, 0, 0, 1, 105, 0], [0, 0, 0, 0, 0, 0, 0, 1, 0, 104]]}"
h-k5-mp-DC,heom,5,modified_plurality,RetentionPolicy.DIFFERENT_CLASS_RETENTION,8,10,9894,1098,0.0018118000007234,0.2956556000062846,0.2974674000070081,0.9927140255009108,0.9928650898477775,0.9926996737125832,0.9927357417011006,0.9928084457022006,0.9927140255009108,0.9927133273589156,"{""labels"": [""0"", ""1"", ""2"", ""3"", ""4"", ""5"", ""6"", ""7"", ""8"", ""9""], ""matrix"": [[113, 0, 0, 0, 0, 0, 1, 0, 0, 0], [0, 111, 1, 1, 0, 0, 0, 1, 0, 0], [0, 0, 115, 0, 0, 0, 0, 0, 0, 0], [0, 0, 0, 104, 1, 0, 0, 0, 0, 0], [0, 0, 0, 0, 114, 0, 0, 0, 0, 0], [0, 0, 0, 0, 0, 105, 0, 1, 0, 0], [0, 0, 0, 0, 0, 0, 105, 0, 0, 0], [0, 0, 0, 0, 0, 0, 0, 114, 0, 0], [0, 0, 0, 0, 0, 0, 0, 1, 105, 0], [0, 0, 0, 0, 0, 1, 0, 0, 0, 104]]}"
h-k5-mp-DC,heom,5,modified_plurality,RetentionPolicy.DIFFERENT_CLASS_RETENTION,9,10,9890,1102,0.0016953000013018,0.2985545999981696,0.3002498999994714,0.9900181488203268,0.9900753721908035,0.9899675562984572,0.9899912125138104,0.9900704597005522,0.9900181488203268,0.9900130824147664,"{""labels"": [""0"", ""1"", ""2"", ""3"", ""4"", ""5"", ""6"", ""7"", ""8"", ""9""], ""matrix"": [[113, 0, 0, 0, 1, 0, 0, 0, 0, 1], [0, 112, 1, 1, 0, 0, 0, 0, 0, 0], [0, 0, 115, 0, 0, 0, 0, 0, 0, 0], [0, 0, 0, 104, 0, 0, 0, 0, 0, 1], [0, 0, 0, 0, 114, 1, 0, 0, 0, 0], [0, 0, 0, 0, 0, 105, 0, 0, 1, 0], [0, 0, 0, 0, 0, 0, 106, 0, 0, 0], [0, 0, 0, 0, 0, 0, 0, 114, 0, 0], [0, 0, 0, 0, 0, 0, 0, 1, 105, 0], [0, 1, 0, 0, 0, 0, 0, 2, 0, 103]]}"
h-k7-mp-AR,heom,7,modified_plurality,RetentionPolicy.ALWAYS_RETAIN,0,10,9894,1098,0.0016715999954612,0.3388170000034733,0.3404885999989346,0.9936247723132968,0.993713530546014,0.99359347918607,0.9936125891213824,0.9936884804269484,0.9936247723132968,0.9936156690305422,"{""labels"": [""0"", ""1"", ""2"", ""3"", ""4"", ""5"", ""6"", ""7"", ""8"", ""9""], ""matrix"": [[115, 0, 0, 0, 0, 0, 0, 0, 0, 0], [0, 112, 2, 0, 0, 0, 0, 0, 0, 0], [0, 0, 114, 0, 0, 0, 0, 0, 0, 0], [0, 0, 0, 105, 0, 0, 0, 0, 0, 0], [0, 0, 0, 0, 114, 1, 0, 0, 0, 0], [0, 0, 0, 0, 0, 105, 0, 0, 0, 0], [0, 0, 0, 0, 0, 0, 105, 0, 0, 0], [0, 0, 0, 0, 0, 0, 0, 114, 0, 0], [1, 0, 0, 0, 0, 1, 0, 1, 103, 0], [0, 0, 0, 0, 0, 0, 0, 0, 1, 104]]}"
h-k7-mp-AR,heom,7,modified_plurality,RetentionPolicy.ALWAYS_RETAIN,1,10,9893,1099,0.0016274000008706,0.3307222000003094,0.3323496000011801,0.9899909008189264,0.9902023805719936,0.9900833502953448,0.9901230448177952,0.9900615374632408,0.9899909008189264,0.9900061551312062,"{""labels"": [""0"", ""1"", ""2"", ""3"", ""4"", ""5"", ""6"", ""7"", ""8"", ""9""], ""matrix"": [[114, 1, 0, 0, 0, 0, 0, 0, 0, 0], [0, 112, 2, 0, 0, 0, 0, 0, 0, 0], [0, 1, 113, 0, 0, 0, 0, 0, 0, 0], [0, 0, 0, 103, 0, 0, 0, 1, 0, 1], [0, 0, 0, 0, 114, 1, 0, 0, 0, 0], [0, 0, 0, 0, 0, 105, 0, 0, 0, 0], [0, 0, 0, 0, 0, 0, 105, 1, 0, 0], [0, 1, 1, 0, 0, 0, 0, 112, 0, 0], [0, 0, 0, 0, 0, 0, 0, 0, 105, 0], [0, 0, 0, 1, 0, 0, 0, 0, 0, 105]]}"
h-k7-mp-AR,heom,7,modified_plurality,RetentionPolicy.ALWAYS_RETAIN,2,10,9895,1097,0.0014659000007668,0.3367459000000963,0.3382118000008631,0.9908842297174112,0.9909133725776836,0.9908673858559442,0.9908390556462195,0.9910002007975643,0.9908842297174112,0.9908925904325376,"{""labels"": [""0"", ""1"", ""2"", ""3"", ""4"", ""5"", ""6"", ""7"", ""8"", ""9""], ""matrix"": [[113, 0, 0, 0, 0, 0, 0, 0, 0, 1], [0, 113, 1, 0, 1, 0, 0, 0, 0, 0], [0, 0, 115, 0, 0, 0, 0, 0, 0, 0], [0, 0, 0, 104, 0, 1, 0, 0, 0, 0], [0, 0, 0, 0, 113, 1, 0, 0, 0, 0], [0, 0, 0, 0, 0, 105, 0, 0, 0, 0], [0, 0, 0, 0, 0, 0, 105, 0, 0, 0], [0, 1, 0, 0, 0, 0, 0, 113, 0, 0], [0, 0, 0, 0, 0, 0, 0, 1, 104, 0], [0, 0, 0, 1, 0, 2, 0, 0, 0, 102]]}"
h-k7-mp-AR,heom,7,modified_plurality,RetentionPolicy.ALWAYS_RETAIN,3,10,9892,1100,0.0015450999999302,0.3344509999951697,0.3359960999950999,0.99,0.9901300793070624,0.9900157900904848,0.9900644371733336,0.99004923995978,0.99,0.9900163013777834,"{""labels"": [""0"", ""1"", ""2"", ""3"", ""4"", ""5"", ""6"", ""7"", ""8"", ""9""], ""matrix"": [[114, 0, 0, 0, 0, 0, 0, 0, 0, 0], [0, 111, 0, 2, 0, 0, 0, 1, 0, 0], [0, 0, 114, 0, 0, 0, 0, 1, 0, 0], [0, 1, 1, 103, 0, 0, 0, 0, 0, 0], [0, 0, 0, 0, 115, 0, 0, 0, 0, 0], [0, 0, 0, 1, 0, 104, 0, 0, 0, 0], [0, 0, 0, 0, 0, 0, 105, 0, 0, 0], [0, 2, 0, 0, 0, 0, 0, 113, 0, 0], [0, 0, 0, 0, 0, 0, 0, 1, 105, 0], [0, 0, 0, 0, 0, 1, 0, 0, 0, 105]]}"
h-k7-mp-AR,heom,7,modified_plurality,RetentionPolicy.ALWAYS_RETAIN,4,10,9894,1098,0.0017518999957246,0.3355076000007102,0.3372594999964349,0.9918032786885246,0.9919330199659122,0.991770176055397,0.9917957067308156,0.9919236518086776,0.9918032786885246,0.9918069068053016,"{""labels"": [""0"", ""1"", ""2"", ""3"", ""4"", ""5"", ""6"", ""7"", ""8"", ""9""], ""matrix"": [[114, 0, 0, 0, 0, 0, 0, 0, 0, 0], [0, 112, 2, 1, 0, 0, 0, 0, 0, 0], [0, 0, 114, 0, 0, 0, 0, 0, 0, 0], [0, 0, 1, 104, 0, 0, 0, 0, 0, 0], [0, 0, 0, 0, 113, 1, 0, 0, 0, 0], [0, 0, 0, 2, 0, 104, 0, 0, 0, 0], [0, 0, 0, 0, 0, 0, 106, 0, 0, 0], [0, 0, 0, 0, 0, 0, 0, 114, 0, 0], [0, 0, 0, 0, 0, 0, 0, 0, 105, 0], [0, 0, 0, 0, 1, 0, 0, 1, 0, 103]]}"
h-k7-mp-AR,heom,7,modified_plurality,RetentionPolicy.ALWAYS_RETAIN,5,10,9894,1098,0.0015109999949345,0.3400231000050553,0.3415340999999898,0.9927140255009108,0.9927998530125156,0.9927568922305764,0.9927573883251638,0.992755711310608,0.9927140255009108,0.9927141776308672,"{""labels"": [""0"", ""1"", ""2"", ""3"", ""4"", ""5"", ""6"", ""7"", ""8"", ""9""], ""matrix"": [[114, 0, 0, 0, 0, 0, 0, 0, 0, 0], [0, 112, 0, 1, 1, 0, 0, 0, 0, 0], [0, 0, 114, 0, 0, 0, 0, 0, 0, 0], [0, 0, 0, 105, 0, 0, 0, 0, 0, 0], [0, 0, 0, 0, 112, 0, 0, 1, 0, 1], [0, 0, 0, 1, 0, 104, 0, 0, 0, 0], [0, 0, 0, 0, 0, 0, 108, 0, 0, 0], [0, 0, 1, 0, 0, 0, 0, 113, 0, 0], [0, 0, 0, 0, 0, 0, 0, 1, 104, 0], [0, 1, 0, 0, 0, 0, 0, 0, 0, 104]]}"
h-k7-mp-AR,heom,7,modified_plurality,RetentionPolicy.ALWAYS_RETAIN,6,10,9890,1102,0.0015237000043271,0.3388379999960307,0.3403617000003578,0.9927404718693283,0.9929055883721948,0.9927491753080692,0.9927794314436832,0.9928284331683358,0.9927404718693283,0.9927358924621112,"{""labels"": [""0"", ""1"", ""2"", ""3"", ""4"", ""5"", ""6"", ""7"", ""8"", ""9""], ""matrix"": [[114, 0, 0, 0, 0, 0, 0, 0, 0, 0], [0, 112, 2, 1, 0, 0, 0, 0, 0, 0], [0, 0, 114, 0, 0, 0, 0, 0, 0, 0], [0, 0, 0, 108, 0, 0, 0, 0, 0, 0], [0, 0, 0, 0, 113, 0, 0, 1, 0, 0], [0, 0, 0, 1, 0, 105, 0, 0, 0, 0], [0, 0, 0, 0, 0, 1, 104, 0, 0, 0], [0, 0, 0, 0, 0, 0, 0, 114, 0, 0], [0, 0, 0, 0, 0, 0, 0, 0, 105, 0], [0, 0, 0, 0, 2, 0, 0, 0, 0, 105]]}"
h-k7-mp-AR,heom,7,modified_plurality,RetentionPolicy.ALWAYS_RETAIN,7,10,9892,1100,0.0016652000049361,0.3320751999999629,0.3337404000048991,0.9945454545454544,0.9948423224285292,0.9945954508913794,0.9946764865464648,0.9946392305012994,0.9945454545454544,0.9945486826056498,"{""labels"": [""0"", ""1"", ""2"", ""3"", ""4"", ""5"", ""6"", ""7"", ""8"", ""9""], ""matrix"": [[112, 0, 0, 0, 2, 0, 0, 0, 0, 0], [0, 112, 2, 0, 0, 0, 0, 0, 0, 0], [0, 0, 114, 0, 0, 0, 0, 0, 0, 0], [0, 0, 0, 107, 0, 0, 0, 0, 0, 0], [0, 0, 0, 0, 114, 0, 0, 0, 0, 0], [0, 0, 0, 0, 0, 106, 0, 0, 0, 0], [0, 0, 0, 0, 0, 0, 105, 0, 0, 0], [0, 0, 0, 0, 0, 0, 0, 115, 0, 0], [0, 0, 0, 0, 0, 0, 0, 1, 105, 0], [0, 0, 0, 0, 0, 0, 0, 1, 0, 104]]}"
h-k7-mp-AR,heom,7,modified_plurality,RetentionPolicy.ALWAYS_RETAIN,8,10,9894,1098,0.0015369999964605,0.3392602000021725,0.340797199998633,0.9927140255009108,0.9928366782855524,0.9926996737125832,0.9927236787895636,0.9927783049700424,0.9927140255009108,0.9927011334175933,"{""labels"": [""0"", ""1"", ""2"", ""3"", ""4"", ""5"", ""6"", ""7"", ""8"", ""9""], ""matrix"": [[113, 0, 0, 0, 0, 0, 1, 0, 0, 0], [0, 111, 1, 1, 0, 0, 0, 1, 0, 0], [0, 0, 115, 0, 0, 0, 0, 0, 0, 0], [0, 0, 0, 104, 1, 0, 0, 0, 0, 0], [0, 0, 0, 0, 114, 0, 0, 0, 0, 0], [0, 0, 0, 0, 0, 106, 0, 0, 0, 0], [0, 0, 0, 0, 0, 0, 105, 0, 0, 0], [0, 0, 0, 0, 0, 0, 0, 114, 0, 0], [1, 0, 0, 0, 0, 0, 0, 1, 104, 0], [0, 0, 0, 0, 0, 1, 0, 0, 0, 104]]}"
h-k7-mp-AR,heom,7,modified_plurality,RetentionPolicy.ALWAYS_RETAIN,9,10,9890,1102,0.0017433000029996,0.3358258000007481,0.3375691000037477,0.9900181488203268,0.9900753721908035,0.9899675562984572,0.9899912125138104,0.9900704597005522,0.9900181488203268,0.9900130824147664,"{""labels"": [""0"", ""1"", ""2"", ""3"", ""4"", ""5"", ""6"", ""7"", ""8"", ""9""], ""matrix"": [[113, 0, 0, 0, 1, 0, 0, 0, 0, 1], [0, 112, 1, 1, 0, 0, 0, 0, 0, 0], [0, 0, 115, 0, 0, 0, 0, 0, 0, 0], [0, 0, 0, 104, 0, 0, 0, 0, 0, 1], [0, 0, 0, 0, 114, 1, 0, 0, 0, 0], [0, 0, 0, 0, 0, 105, 0, 0, 1, 0], [0, 0, 0, 0, 0, 0, 106, 0, 0, 0], [0, 0, 0, 0, 0, 0, 0, 114, 0, 0], [0, 0, 0, 0, 0, 0, 0, 1, 105, 0], [0, 1, 0, 0, 0, 0, 0, 2, 0, 103]]}"
h-k7-mp-NR,heom,7,modified_plurality,RetentionPolicy.NEVER_RETAIN,0,10,9894,1098,0.0015572000047541,0.2926751999984844,0.2942324000032386,0.9936247723132968,0.993713530546014,0.99359347918607,0.9936125891213824,0.9936884804269484,0.9936247723132968,0.9936156690305422,"{""labels"": [""0"", ""1"", ""2"", ""3"", ""4"", ""5"", ""6"", ""7"", ""8"", ""9""], ""matrix"": [[115, 0, 0, 0, 0, 0, 0, 0, 0, 0], [0, 112, 2, 0, 0, 0, 0, 0, 0, 0], [0, 0, 114, 0, 0, 0, 0, 0, 0, 0], [0, 0, 0, 105, 0, 0, 0, 0, 0, 0], [0, 0, 0, 0, 114, 1, 0, 0, 0, 0], [0, 0, 0, 0, 0, 105, 0, 0, 0, 0], [0, 0, 0, 0, 0, 0, 105, 0, 0, 0], [0, 0, 0, 0, 0, 0, 0, 114, 0, 0], [1, 0, 0, 0, 0, 1, 0, 1, 103, 0], [0, 0, 0, 0, 0, 0, 0, 0, 1, 104]]}"
h-k7-mp-NR,heom,7,modified_plurality,RetentionPolicy.NEVER_RETAIN,1,10,9893,1099,0.0014679000014439,0.2991592999969725,0.3006271999984164,0.9909008189262968,0.9910718107846934,0.9910267465217596,0.9910297785289128,0.9909634031979794,0.9909008189262968,0.990912216767904,"{""labels"": [""0"", ""1"", ""2"", ""3"", ""4"", ""5"", ""6"", ""7"", ""8"", ""9""], ""matrix"": [[114, 1, 0, 0, 0, 0, 0, 0, 0, 0], [0, 112, 2, 0, 0, 0, 0, 0, 0, 0], [0, 1, 113, 0, 0, 0, 0, 0, 0, 0], [0, 0, 0, 103, 0, 0, 0, 1, 0, 1], [0, 0, 0, 0, 114, 1, 0, 0, 0, 0], [0, 0, 0, 0, 0, 105, 0, 0, 0, 0], [0, 0, 0, 0, 0, 0, 106, 0, 0, 0], [0, 1, 1, 0, 0, 0, 0, 112, 0, 0], [0, 0, 0, 0, 0, 0, 0, 0, 105, 0], [0, 0, 0, 1, 0, 0, 0, 0, 0, 105]]}"
h-k7-mp-NR,heom,7,modified_plurality,RetentionPolicy.NEVER_RETAIN,2,10,9895,1097,0.0015553999983239,0.2997513000009348,0.3013066999992588,0.99179580674567,0.9918687892928212,0.99189495477825,0.991814955733736,0.9919860132588568,0.99179580674567,0.9918260448722498,"{""labels"": [""0"", ""1"", ""2"", ""3"", ""4"", ""5"", ""6"", ""7"", ""8"", ""9""], ""matrix"": [[113, 0, 0, 0, 0, 0, 0, 0, 0, 1], [0, 113, 1, 0, 1, 0, 0, 0, 0, 0], [0, 0, 115, 0, 0, 0, 0, 0, 0, 0], [0, 0, 0, 104, 0, 1, 0, 0, 0, 0], [0, 0, 0, 0, 112, 2, 0, 0, 0, 0], [0, 0, 0, 0, 0, 105, 0, 0, 0, 0], [0, 0, 0, 0, 0, 0, 105, 0, 0, 0], [0, 1, 0, 0, 0, 0, 0, 113, 0, 0], [0, 0, 0, 0, 0, 0, 0, 0, 105, 0], [0, 0, 0, 0, 0, 2, 0, 0, 0, 103]]}"
h-k7-mp-NR,heom,7,modified_plurality,RetentionPolicy.NEVER_RETAIN,3,10,9892,1100,0.0016391000026487,0.3012243999983184,0.3028635000009672,0.9890909090909092,0.9891956678066132,0.9890723938640698,0.9891165698747552,0.9891573017093512,0.9890909090909092,0.989107169435476,"{""labels"": [""0"", ""1"", ""2"", ""3"", ""4"", ""5"", ""6"", ""7"", ""8"", ""9""], ""matrix"": [[114, 0, 0, 0, 0, 0, 0, 0, 0, 0], [0, 111, 0, 2, 0, 0, 0, 1, 0, 0], [0, 0, 114, 0, 0, 0, 0, 1, 0, 0], [0, 1, 1, 103, 0, 0, 0, 0, 0, 0], [0, 0, 0, 0, 115, 0, 0, 0, 0, 0], [0, 0, 0, 1, 0, 104, 0, 0, 0, 0], [0, 0, 0, 0, 0, 0, 105, 0, 0, 0], [0, 2, 0, 0, 0, 0, 0, 113, 0, 0], [0, 0, 0, 0, 0, 0, 0, 1, 105, 0], [0, 0, 0, 0, 0, 2, 0, 0, 0, 104]]}"
h-k7-mp-NR,heom,7,modified_plurality,RetentionPolicy.NEVER_RETAIN,4,10,9894,1098,0.0014981999993324,0.2968242999995709,0.2983224999989033,0.9918032786885246,0.9919330199659122,0.991770176055397,0.9917957067308156,0.9919236518086776,0.9918032786885246,0.9918069068053016,"{""labels"": [""0"", ""1"", ""2"", ""3"", ""4"", ""5"", ""6"", ""7"", ""8"", ""9""], ""matrix"": [[114, 0, 0, 0, 0, 0, 0, 0, 0, 0], [0, 112, 2, 1, 0, 0, 0, 0, 0, 0], [0, 0, 114, 0, 0, 0, 0, 0, 0, 0], [0, 0, 1, 104, 0, 0, 0, 0, 0, 0], [0, 0, 0, 0, 113, 1, 0, 0, 0, 0], [0, 0, 0, 2, 0, 104, 0, 0, 0, 0], [0, 0, 0, 0, 0, 0, 106, 0, 0, 0], [0, 0, 0, 0, 0, 0, 0, 114, 0, 0], [0, 0, 0, 0, 0, 0, 0, 0, 105, 0], [0, 0, 0, 0, 1, 0, 0, 1, 0, 103]]}"
h-k7-mp-NR,heom,7,modified_plurality,RetentionPolicy.NEVER_RETAIN,5,10,9894,1098,0.0015253000019583,0.2964461000010487,0.2979714000030071,0.9927140255009108,0.9927998530125156,0.9927568922305764,0.9927573883251638,0.992755711310608,0.9927140255009108,0.9927141776308672,"{""labels"": [""0"", ""1"", ""2"", ""3"", ""4"", ""5"", ""6"", ""7"", ""8"", ""9""], ""matrix"": [[114, 0, 0, 0, 0, 0, 0, 0, 0, 0], [0, 112, 0, 1, 1, 0, 0, 0, 0, 0], [0, 0, 114, 0, 0, 0, 0, 0, 0, 0], [0, 0, 0, 105, 0, 0, 0, 0, 0, 0], [0, 0, 0, 0, 112, 0, 0, 1, 0, 1], [0, 0, 0, 1, 0, 104, 0, 0, 0, 0], [0, 0, 0, 0, 0, 0, 108, 0, 0, 0], [0, 0, 1, 0, 0, 0, 0, 113, 0, 0], [0, 0, 0, 0, 0, 0, 0, 1, 104, 0], [0, 1, 0, 0, 0, 0, 0, 0, 0, 104]]}"
h-k7-mp-NR,heom,7,modified_plurality,RetentionPolicy.NEVER_RETAIN,6,10,9890,1102,0.0014627999989897,0.2987406000029295,0.3002034000019193,0.9927404718693283,0.9929055883721948,0.9927491753080692,0.9927794314436832,0.9928284331683358,0.9927404718693283,0.9927358924621112,"{""labels"": [""0"", ""1"", ""2"", ""3"", ""4"", ""5"", ""6"", ""7"", ""8"", ""9""], ""matrix"": [[114, 0, 0, 0, 0, 0, 0, 0, 0, 0], [0, 112, 2, 1, 0, 0, 0, 0, 0, 0], [0, 0, 114, 0, 0, 0, 0, 0, 0, 0], [0, 0, 0, 108, 0, 0, 0, 0, 0, 0], [0, 0, 0, 0, 113, 0, 0, 1, 0, 0], [0, 0, 0, 1, 0, 105, 0, 0, 0, 0], [0, 0, 0, 0, 0, 1, 104, 0, 0, 0], [0, 0, 0, 0, 0, 0, 0, 114, 0, 0], [0, 0, 0, 0, 0, 0, 0, 0, 105, 0], [0, 0, 0, 0, 2, 0, 0, 0, 0, 105]]}"
h-k7-mp-NR,heom,7,modified_plurality,RetentionPolicy.NEVER_RETAIN,7,10,9892,1100,0.0015975999995134,0.2976338000007672,0.2992314000002807,0.9945454545454544,0.9948423224285292,0.9945954508913794,0.9946764865464648,0.9946392305012994,0.9945454545454544,0.9945486826056498,"{""labels"": [""0"", ""1"", ""2"", ""3"", ""4"", ""5"", ""6"", ""7"", ""8"", ""9""], ""matrix"": [[112, 0, 0, 0, 2, 0, 0, 0, 0, 0], [0, 112, 2, 0, 0, 0, 0, 0, 0, 0], [0, 0, 114, 0, 0, 0, 0, 0, 0, 0], [0, 0, 0, 107, 0, 0, 0, 0, 0, 0], [0, 0, 0, 0, 114, 0, 0, 0, 0, 0], [0, 0, 0, 0, 0, 106, 0, 0, 0, 0], [0, 0, 0, 0, 0, 0, 105, 0, 0, 0], [0, 0, 0, 0, 0, 0, 0, 115, 0, 0], [0, 0, 0, 0, 0, 0, 0, 1, 105, 0], [0, 0, 0, 0, 0, 0, 0, 1, 0, 104]]}"
h-k7-mp-NR,heom,7,modified_plurality,RetentionPolicy.NEVER_RETAIN,8,10,9894,1098,0.0014771999994991,0.2977950999993481,0.2992722999988473,0.9936247723132968,0.9937138712680084,0.9936430699389984,0.9936387904407504,0.9936890517824284,0.9936247723132968,0.9936163897910956,"{""labels"": [""0"", ""1"", ""2"", ""3"", ""4"", ""5"", ""6"", ""7"", ""8"", ""9""], ""matrix"": [[113, 0, 0, 0, 0, 0, 1, 0, 0, 0], [0, 111, 1, 1, 0, 0, 0, 1, 0, 0], [0, 0, 115, 0, 0, 0, 0, 0, 0, 0], [0, 0, 0, 104, 1, 0, 0, 0, 0, 0], [0, 0, 0, 0, 114, 0, 0, 0, 0, 0], [0, 0, 0, 0, 0, 106, 0, 0, 0, 0], [0, 0, 0, 0, 0, 0, 105, 0, 0, 0], [0, 0, 0, 0, 0, 0, 0, 114, 0, 0], [0, 0, 0, 0, 0, 0, 0, 1, 105, 0], [0, 0, 0, 0, 0, 1, 0, 0, 0, 104]]}"
h-k7-mp-NR,heom,7,modified_plurality,RetentionPolicy.NEVER_RETAIN,9,10,9890,1102,0.0017279999956372,0.2956109000006108,0.2973388999962481,0.9891107078039928,0.9892207994771602,0.989097991081066,0.9891213829608496,0.9891710420353794,0.9891107078039928,0.9891014713923364,"{""labels"": [""0"", ""1"", ""2"", ""3"", ""4"", ""5"", ""6"", ""7"", ""8"", ""9""], ""matrix"": [[112, 0, 0, 0, 2, 0, 0, 0, 0, 1], [0, 112, 1, 1, 0, 0, 0, 0, 0, 0], [0, 0, 115, 0, 0, 0, 0, 0, 0, 0], [0, 0, 0, 104, 0, 0, 0, 0, 0, 1], [0, 0, 0, 0, 114, 1, 0, 0, 0, 0], [0, 0, 0, 0, 0, 105, 0, 0, 1, 0], [0, 0, 0, 0, 0, 0, 106, 0, 0, 0], [0, 0, 0, 0, 0, 0, 0, 114, 0, 0], [0, 0, 0, 0, 0, 0, 0, 1, 105, 0], [0, 1, 0, 0, 1, 0, 0, 1, 0, 103]]}"
h-k7-mp-DC,heom,7,modified_plurality,RetentionPolicy.DIFFERENT_CLASS_RETENTION,0,10,9894,1098,0.0018068999997922,0.3010347000017646,0.3028416000015568,0.9936247723132968,0.993713530546014,0.99359347918607,0.9936125891213824,0.9936884804269484,0.9936247723132968,0.9936156690305422,"{""labels"": [""0"", ""1"", ""2"", ""3"", ""4"", ""5"", ""6"", ""7"", ""8"", ""9""], ""matrix"": [[115, 0, 0, 0, 0, 0, 0, 0, 0, 0], [0, 112, 2, 0, 0, 0, 0, 0, 0, 0], [0, 0, 114, 0, 0, 0, 0, 0, 0, 0], [0, 0, 0, 105, 0, 0, 0, 0, 0, 0], [0, 0, 0, 0, 114, 1, 0, 0, 0, 0], [0, 0, 0, 0, 0, 105, 0, 0, 0, 0], [0, 0, 0, 0, 0, 0, 105, 0, 0, 0], [0, 0, 0, 0, 0, 0, 0, 114, 0, 0], [1, 0, 0, 0, 0, 1, 0, 1, 103, 0], [0, 0, 0, 0, 0, 0, 0, 0, 1, 104]]}"
h-k7-mp-DC,heom,7,modified_plurality,RetentionPolicy.DIFFERENT_CLASS_RETENTION,1,10,9893,1099,0.0016763000021455,0.3032795999970403,0.3049558999991859,0.9909008189262968,0.9910718107846934,0.9910267465217596,0.9910297785289128,0.9909634031979794,0.9909008189262968,0.990912216767904,"{""labels"": [""0"", ""1"", ""2"", ""3"", ""4"", ""5"", ""6"", ""7"", ""8"", ""9""], ""matrix"": [[114, 1, 0, 0, 0, 0, 0, 0, 0, 0], [0, 112, 2, 0, 0, 0, 0, 0, 0, 0], [0, 1, 113, 0, 0, 0, 0, 0, 0, 0], [0, 0, 0, 103, 0, 0, 0, 1, 0, 1], [0, 0, 0, 0, 114, 1, 0, 0, 0, 0], [0, 0, 0, 0, 0, 105, 0, 0, 0, 0], [0, 0, 0, 0, 0, 0, 106, 0, 0, 0], [0, 1, 1, 0, 0, 0, 0, 112, 0, 0], [0, 0, 0, 0, 0, 0, 0, 0, 105, 0], [0, 0, 0, 1, 0, 0, 0, 0, 0, 105]]}"
h-k7-mp-DC,heom,7,modified_plurality,RetentionPolicy.DIFFERENT_CLASS_RETENTION,2,10,9895,1097,0.0017249000011361,0.3006315999955404,0.3023564999966766,0.9927073837739288,0.9927522818373898,0.992772147760706,0.992715771171208,0.9928322902151694,0.9927073837739288,0.992724724518742,"{""labels"": [""0"", ""1"", ""2"", ""3"", ""4"", ""5"", ""6"", ""7"", ""8"", ""9""], ""matrix"": [[113, 0, 0, 0, 0, 0, 0, 0, 0, 1], [0, 113, 1, 0, 1, 0, 0, 0, 0, 0], [0, 0, 115, 0, 0, 0, 0, 0, 0, 0], [0, 0, 0, 104, 0, 1, 0, 0, 0, 0], [0, 0, 0, 0, 113, 1, 0, 0, 0, 0], [0, 0, 0, 0, 0, 105, 0, 0, 0, 0], [0, 0, 0, 0, 0, 0, 105, 0, 0, 0], [0, 1, 0, 0, 0, 0, 0, 113, 0, 0], [0, 0, 0, 0, 0, 0, 0, 0, 105, 0], [0, 0, 0, 0, 0, 2, 0, 0, 0, 103]]}"
h-k7-mp-DC,heom,7,modified_plurality,RetentionPolicy.DIFFERENT_CLASS_RETENTION,3,10,9892,1100,0.0015119000017875,0.2986922999989474,0.300204200000735,0.9890909090909092,0.9891956678066132,0.9890723938640698,0.9891165698747552,0.9891573017093512,0.9890909090909092,0.989107169435476,"{""labels"": [""0"", ""1"", ""2"", ""3"", ""4"", ""5"", ""6"", ""7"", ""8"", ""9""], ""matrix"": [[114, 0, 0, 0, 0, 0, 0, 0, 0, 0], [0, 111, 0, 2, 0, 0, 0, 1, 0, 0], [0, 0, 114, 0, 0, 0, 0, 1, 0, 0], [0, 1, 1, 103, 0, 0, 0, 0, 0, 0], [0, 0, 0, 0, 115, 0, 0, 0, 0, 0], [0, 0, 0, 1, 0, 104, 0, 0, 0, 0], [0, 0, 0, 0, 0, 0, 105, 0, 0, 0], [0, 2, 0, 0, 0, 0, 0, 113, 0, 0], [0, 0, 0, 0, 0, 0, 0, 1, 105, 0], [0, 0, 0, 0, 0, 2, 0, 0, 0, 104]]}"
h-k7-mp-DC,heom,7,modified_plurality,RetentionPolicy.DIFFERENT_CLASS_RETENTION,4,10,9894,1098,0.0016161000021384,0.2977307999972254,0.2993468999993638,0.9918032786885246,0.9919330199659122,0.991770176055397,0.9917957067308156,0.9919236518086776,0.9918032786885246,0.9918069068053016,"{""labels"": [""0"", ""1"", ""2"", ""3"", ""4"", ""5"", ""6"", ""7"", ""8"", ""9""], ""matrix"": [[114, 0, 0, 0, 0, 0, 0, 0, 0, 0], [0, 112, 2, 1, 0, 0, 0, 0, 0, 0], [0, 0, 114, 0, 0, 0, 0, 0, 0, 0], [0, 0, 1, 104, 0, 0, 0, 0, 0, 0], [0, 0, 0, 0, 113, 1, 0, 0, 0, 0], [0, 0, 0, 2, 0, 104, 0, 0, 0, 0], [0, 0, 0, 0, 0, 0, 106, 0, 0, 0], [0, 0, 0, 0, 0, 0, 0, 114, 0, 0], [0, 0, 0, 0, 0, 0, 0, 0, 105, 0], [0, 0, 0, 0, 1, 0, 0, 1, 0, 103]]}"
h-k7-mp-DC,heom,7,modified_plurality,RetentionPolicy.DIFFERENT_CLASS_RETENTION,5,10,9894,1098,0.0018057999986922,0.3020582000026479,0.3038640000013402,0.9927140255009108,0.9927998530125156,0.9927568922305764,0.9927573883251638,0.992755711310608,0.9927140255009108,0.9927141776308672,"{""labels"": [""0"", ""1"", ""2"", ""3"", ""4"", ""5"", ""6"", ""7"", ""8"", ""9""], ""matrix"": [[114, 0, 0, 0, 0, 0, 0, 0, 0, 0], [0, 112, 0, 1, 1, 0, 0, 0, 0, 0], [0, 0, 114, 0, 0, 0, 0, 0, 0, 0], [0, 0, 0, 105, 0, 0, 0, 0, 0, 0], [0, 0, 0, 0, 112, 0, 0, 1, 0, 1], [0, 0, 0, 1, 0, 104, 0, 0, 0, 0], [0, 0, 0, 0, 0, 0, 108, 0, 0, 0], [0, 0, 1, 0, 0, 0, 0, 113, 0, 0], [0, 0, 0, 0, 0, 0, 0, 1, 104, 0], [0, 1, 0, 0, 0, 0, 0, 0, 0, 104]]}"
h-k7-mp-DC,heom,7,modified_plurality,RetentionPolicy.DIFFERENT_CLASS_RETENTION,6,10,9890,1102,0.0017642999955569,0.3030478000000585,0.3048120999956154,0.9927404718693283,0.9929055883721948,0.9927491753080692,0.9927794314436832,0.9928284331683358,0.9927404718693283,0.9927358924621112,"{""labels"": [""0"", ""1"", ""2"", ""3"", ""4"", ""5"", ""6"", ""7"", ""8"", ""9""], ""matrix"": [[114, 0, 0, 0, 0, 0, 0, 0, 0, 0], [0, 112, 2, 1, 0, 0, 0, 0, 0, 0], [0, 0, 114, 0, 0, 0, 0, 0, 0, 0], [0, 0, 0, 108, 0, 0, 0, 0, 0, 0], [0, 0, 0, 0, 113, 0, 0, 1, 0, 0], [0, 0, 0, 1, 0, 105, 0, 0, 0, 0], [0, 0, 0, 0, 0, 1, 104, 0, 0, 0], [0, 0, 0, 0, 0, 0, 0, 114, 0, 0], [0, 0, 0, 0, 0, 0, 0, 0, 105, 0], [0, 0, 0, 0, 2, 0, 0, 0, 0, 105]]}"
h-k7-mp-DC,heom,7,modified_plurality,RetentionPolicy.DIFFERENT_CLASS_RETENTION,7,10,9892,1100,0.0016651999976602,0.3030943999983719,0.3047595999960322,0.9945454545454544,0.9948423224285292,0.9945954508913794,0.9946764865464648,0.9946392305012994,0.9945454545454544,0.9945486826056498,"{""labels"": [""0"", ""1"", ""2"", ""3"", ""4"", ""5"", ""6"", ""7"", ""8"", ""9""], ""matrix"": [[112, 0, 0, 0, 2, 0, 0, 0, 0, 0], [0, 112, 2, 0, 0, 0, 0, 0, 0, 0], [0, 0, 114, 0, 0, 0, 0, 0, 0, 0], [0, 0, 0, 107, 0, 0, 0, 0, 0, 0], [0, 0, 0, 0, 114, 0, 0, 0, 0, 0], [0, 0, 0, 0, 0, 106, 0, 0, 0, 0], [0, 0, 0, 0, 0, 0, 105, 0, 0, 0], [0, 0, 0, 0, 0, 0, 0, 115, 0, 0], [0, 0, 0, 0, 0, 0, 0, 1, 105, 0], [0, 0, 0, 0, 0, 0, 0, 1, 0, 104]]}"
h-k7-mp-DC,heom,7,modified_plurality,RetentionPolicy.DIFFERENT_CLASS_RETENTION,8,10,9894,1098,0.0015041000006021,0.3024900000018533,0.3039941000024555,0.9936247723132968,0.9937138712680084,0.9936430699389984,0.9936387904407504,0.9936890517824284,0.9936247723132968,0.9936163897910956,"{""labels"": [""0"", ""1"", ""2"", ""3"", ""4"", ""5"", ""6"", ""7"", ""8"", ""9""], ""matrix"": [[113, 0, 0, 0, 0, 0, 1, 0, 0, 0], [0, 111, 1, 1, 0, 0, 0, 1, 0, 0], [0, 0, 115, 0, 0, 0, 0, 0, 0, 0], [0, 0, 0, 104, 1, 0, 0, 0, 0, 0], [0, 0, 0, 0, 114, 0, 0, 0, 0, 0], [0, 0, 0, 0, 0, 106, 0, 0, 0, 0], [0, 0, 0, 0, 0, 0, 105, 0, 0, 0], [0, 0, 0, 0, 0, 0, 0, 114, 0, 0], [0, 0, 0, 0, 0, 0, 0, 1, 105, 0], [0, 0, 0, 0, 0, 1, 0, 0, 0, 104]]}"
h-k7-mp-DC,heom,7,modified_plurality,RetentionPolicy.DIFFERENT_CLASS_RETENTION,9,10,9890,1102,0.001600600000529,0.2991991000017151,0.3007997000022442,0.9900181488203268,0.9900607641102284,0.9899675562984572,0.9899912125138104,0.9900475931497428,0.9900181488203268,0.990009188257949,"{""labels"": [""0"", ""1"", ""2"", ""3"", ""4"", ""5"", ""6"", ""7"", ""8"", ""9""], ""matrix"": [[113, 0, 0, 0, 1, 0, 0, 0, 0, 1], [0, 112, 1, 1, 0, 0, 0, 0, 0, 0], [0, 0, 115, 0, 0, 0, 0, 0, 0, 0], [0, 0, 0, 104, 0, 0, 0, 0, 0, 1], [0, 0, 0, 0, 114, 1, 0, 0, 0, 0], [0, 0, 0, 0, 0, 105, 0, 0, 1, 0], [0, 0, 0, 0, 0, 0, 106, 0, 0, 0], [0, 0, 0, 0, 0, 0, 0, 114, 0, 0], [0, 0, 0, 0, 0, 0, 0, 1, 105, 0], [0, 1, 0, 0, 1, 0, 0, 1, 0, 103]]}"
h-k7-mp-DD,heom,7,modified_plurality,RetentionPolicy.DD_RETENTION,0,10,9894,1098,0.001895900000818,0.308334500005003,0.3102304000058211,0.9936247723132968,0.993713530546014,0.99359347918607,0.9936125891213824,0.9936884804269484,0.9936247723132968,0.9936156690305422,"{""labels"": [""0"", ""1"", ""2"", ""3"", ""4"", ""5"", ""6"", ""7"", ""8"", ""9""], ""matrix"": [[115, 0, 0, 0, 0, 0, 0, 0, 0, 0], [0, 112, 2, 0, 0, 0, 0, 0, 0, 0], [0, 0, 114, 0, 0, 0, 0, 0, 0, 0], [0, 0, 0, 105, 0, 0, 0, 0, 0, 0], [0, 0, 0, 0, 114, 1, 0, 0, 0, 0], [0, 0, 0, 0, 0, 105, 0, 0, 0, 0], [0, 0, 0, 0, 0, 0, 105, 0, 0, 0], [0, 0, 0, 0, 0, 0, 0, 114, 0, 0], [1, 0, 0, 0, 0, 1, 0, 1, 103, 0], [0, 0, 0, 0, 0, 0, 0, 0, 1, 104]]}"
h-k7-mp-DD,heom,7,modified_plurality,RetentionPolicy.DD_RETENTION,1,10,9893,1099,0.0016670999975758,0.3107852000030107,0.3124523000005865,0.9909008189262968,0.9910718107846934,0.9910267465217596,0.9910297785289128,0.9909634031979794,0.9909008189262968,0.990912216767904,"{""labels"": [""0"", ""1"", ""2"", ""3"", ""4"", ""5"", ""6"", ""7"", ""8"", ""9""], ""matrix"": [[114, 1, 0, 0, 0, 0, 0, 0, 0, 0], [0, 112, 2, 0, 0, 0, 0, 0, 0, 0], [0, 1, 113, 0, 0, 0, 0, 0, 0, 0], [0, 0, 0, 103, 0, 0, 0, 1, 0, 1], [0, 0, 0, 0, 114, 1, 0, 0, 0, 0], [0, 0, 0, 0, 0, 105, 0, 0, 0, 0], [0, 0, 0, 0, 0, 0, 106, 0, 0, 0], [0, 1, 1, 0, 0, 0, 0, 112, 0, 0], [0, 0, 0, 0, 0, 0, 0, 0, 105, 0], [0, 0, 0, 1, 0, 0, 0, 0, 0, 105]]}"
h-k7-mp-DD,heom,7,modified_plurality,RetentionPolicy.DD_RETENTION,2,10,9895,1097,0.0018172999989474,0.3063006000011228,0.3081179000000702,0.9927073837739288,0.9927522818373898,0.992772147760706,0.992715771171208,0.9928322902151694,0.9927073837739288,0.992724724518742,"{""labels"": [""0"", ""1"", ""2"", ""3"", ""4"", ""5"", ""6"", ""7"", ""8"", ""9""], ""matrix"": [[113, 0, 0, 0, 0, 0, 0, 0, 0, 1], [0, 113, 1, 0, 1, 0, 0, 0, 0, 0], [0, 0, 115, 0, 0, 0, 0, 0, 0, 0], [0, 0, 0, 104, 0, 1, 0, 0, 0, 0], [0, 0, 0, 0, 113, 1, 0, 0, 0, 0], [0, 0, 0, 0, 0, 105, 0, 0, 0, 0], [0, 0, 0, 0, 0, 0, 105, 0, 0, 0], [0, 1, 0, 0, 0, 0, 0, 113, 0, 0], [0, 0, 0, 0, 0, 0, 0, 0, 105, 0], [0, 0, 0, 0, 0, 2, 0, 0, 0, 103]]}"
h-k7-mp-DD,heom,7,modified_plurality,RetentionPolicy.DD_RETENTION,3,10,9892,1100,0.0015863000007811,0.3031762000027811,0.3047625000035623,0.9890909090909092,0.9891956678066132,0.9890723938640698,0.9891165698747552,0.9891573017093512,0.9890909090909092,0.989107169435476,"{""labels"": [""0"", ""1"", ""2"", ""3"", ""4"", ""5"", ""6"", ""7"", ""8"", ""9""], ""matrix"": [[114, 0, 0, 0, 0, 0, 0, 0, 0, 0], [0, 111, 0, 2, 0, 0, 0, 1, 0, 0], [0, 0, 114, 0, 0, 0, 0, 1, 0, 0], [0, 1, 1, 103, 0, 0, 0, 0, 0, 0], [0, 0, 0, 0, 115, 0, 0, 0, 0, 0], [0, 0, 0, 1, 0, 104, 0, 0, 0, 0], [0, 0, 0, 0, 0, 0, 105, 0, 0, 0], [0, 2, 0, 0, 0, 0, 0, 113, 0, 0], [0, 0, 0, 0, 0, 0, 0, 1, 105, 0], [0, 0, 0, 0, 0, 2, 0, 0, 0, 104]]}"
h-k7-mp-DD,heom,7,modified_plurality,RetentionPolicy.DD_RETENTION,4,10,9894,1098,0.0015359000026364,0.3091414000009536,0.31067730000359,0.9918032786885246,0.9919330199659122,0.991770176055397,0.9917957067308156,0.9919236518086776,0.9918032786885246,0.9918069068053016,"{""labels"": [""0"", ""1"", ""2"", ""3"", ""4"", ""5"", ""6"", ""7"", ""8"", ""9""], ""matrix"": [[114, 0, 0, 0, 0, 0, 0, 0, 0, 0], [0, 112, 2, 1, 0, 0, 0, 0, 0, 0], [0, 0, 114, 0, 0, 0, 0, 0, 0, 0], [0, 0, 1, 104, 0, 0, 0, 0, 0, 0], [0, 0, 0, 0, 113, 1, 0, 0, 0, 0], [0, 0, 0, 2, 0, 104, 0, 0, 0, 0], [0, 0, 0, 0, 0, 0, 106, 0, 0, 0], [0, 0, 0, 0, 0, 0, 0, 114, 0, 0], [0, 0, 0, 0, 0, 0, 0, 0, 105, 0], [0, 0, 0, 0, 1, 0, 0, 1, 0, 103]]}"
h-k7-mp-DD,heom,7,modified_plurality,RetentionPolicy.DD_RETENTION,5,10,9894,1098,0.0016918999972403,0.30760459999874,0.3092964999959804,0.9927140255009108,0.9927998530125156,0.9927568922305764,0.9927573883251638,0.992755711310608,0.9927140255009108,0.9927141776308672,"{""labels"": [""0"", ""1"", ""2"", ""3"", ""4"", ""5"", ""6"", ""7"", ""8"", ""9""], ""matrix"": [[114, 0, 0, 0, 0, 0, 0, 0, 0, 0], [0, 112, 0, 1, 1, 0, 0, 0, 0, 0], [0, 0, 114, 0, 0, 0, 0, 0, 0, 0], [0, 0, 0, 105, 0, 0, 0, 0, 0, 0], [0, 0, 0, 0, 112, 0, 0, 1, 0, 1], [0, 0, 0, 1, 0, 104, 0, 0, 0, 0], [0, 0, 0, 0, 0, 0, 108, 0, 0, 0], [0, 0, 1, 0, 0, 0, 0, 113, 0, 0], [0, 0, 0, 0, 0, 0, 0, 1, 104, 0], [0, 1, 0, 0, 0, 0, 0, 0, 0, 104]]}"
h-k7-mp-DD,heom,7,modified_plurality,RetentionPolicy.DD_RETENTION,6,10,9890,1102,0.0016987999988486,0.3085396000024047,0.3102384000012534,0.9927404718693283,0.9929055883721948,0.9927491753080692,0.9927794314436832,0.9928284331683358,0.9927404718693283,0.9927358924621112,"{""labels"": [""0"", ""1"", ""2"", ""3"", ""4"", ""5"", ""6"", ""7"", ""8"", ""9""], ""matrix"": [[114, 0, 0, 0, 0, 0, 0, 0, 0, 0], [0, 112, 2, 1, 0, 0, 0, 0, 0, 0], [0, 0, 114, 0, 0, 0, 0, 0, 0, 0], [0, 0, 0, 108, 0, 0, 0, 0, 0, 0], [0, 0, 0, 0, 113, 0, 0, 1, 0, 0], [0, 0, 0, 1, 0, 105, 0, 0, 0, 0], [0, 0, 0, 0, 0, 1, 104, 0, 0, 0], [0, 0, 0, 0, 0, 0, 0, 114, 0, 0], [0, 0, 0, 0, 0, 0, 0, 0, 105, 0], [0, 0, 0, 0, 2, 0, 0, 0, 0, 105]]}"
h-k7-mp-DD,heom,7,modified_plurality,RetentionPolicy.DD_RETENTION,7,10,9892,1100,0.0015129999956116,0.3079685999982757,0.3094815999938873,0.9945454545454544,0.9948423224285292,0.9945954508913794,0.9946764865464648,0.9946392305012994,0.9945454545454544,0.9945486826056498,"{""labels"": [""0"", ""1"", ""2"", ""3"", ""4"", ""5"", ""6"", ""7"", ""8"", ""9""], ""matrix"": [[112, 0, 0, 0, 2, 0, 0, 0, 0, 0], [0, 112, 2, 0, 0, 0, 0, 0, 0, 0], [0, 0, 114, 0, 0, 0, 0, 0, 0, 0], [0, 0, 0, 107, 0, 0, 0, 0, 0, 0], [0, 0, 0, 0, 114, 0, 0, 0, 0, 0], [0, 0, 0, 0, 0, 106, 0, 0, 0, 0], [0, 0, 0, 0, 0, 0, 105, 0, 0, 0], [0, 0, 0, 0, 0, 0, 0, 115, 0, 0], [0, 0, 0, 0, 0, 0, 0, 1, 105, 0], [0, 0, 0, 0, 0, 0, 0, 1, 0, 104]]}"
h-k7-mp-DD,heom,7,modified_plurality,RetentionPolicy.DD_RETENTION,8,10,9894,1098,0.0016452999989269,0.3045576000004075,0.3062028999993345,0.9936247723132968,0.9937138712680084,0.9936430699389984,0.9936387904407504,0.9936890517824284,0.9936247723132968,0.9936163897910956,"{""labels"": [""0"", ""1"", ""2"", ""3"", ""4"", ""5"", ""6"", ""7"", ""8"", ""9""], ""matrix"": [[113, 0, 0, 0, 0, 0, 1, 0, 0, 0], [0, 111, 1, 1, 0, 0, 0, 1, 0, 0], [0, 0, 115, 0, 0, 0, 0, 0, 0, 0], [0, 0, 0, 104, 1, 0, 0, 0, 0, 0], [0, 0, 0, 0, 114, 0, 0, 0, 0, 0], [0, 0, 0, 0, 0, 106, 0, 0, 0, 0], [0, 0, 0, 0, 0, 0, 105, 0, 0, 0], [0, 0, 0, 0, 0, 0, 0, 114, 0, 0], [0, 0, 0, 0, 0, 0, 0, 1, 105, 0], [0, 0, 0, 0, 0, 1, 0, 0, 0, 104]]}"
h-k7-mp-DD,heom,7,modified_plurality,RetentionPolicy.DD_RETENTION,9,10,9890,1102,0.0015504000039072,0.3067663999972865,0.3083168000011937,0.9900181488203268,0.9900607641102284,0.9899675562984572,0.9899912125138104,0.9900475931497428,0.9900181488203268,0.990009188257949,"{""labels"": [""0"", ""1"", ""2"", ""3"", ""4"", ""5"", ""6"", ""7"", ""8"", ""9""], ""matrix"": [[113, 0, 0, 0, 1, 0, 0, 0, 0, 1], [0, 112, 1, 1, 0, 0, 0, 0, 0, 0], [0, 0, 115, 0, 0, 0, 0, 0, 0, 0], [0, 0, 0, 104, 0, 0, 0, 0, 0, 1], [0, 0, 0, 0, 114, 1, 0, 0, 0, 0], [0, 0, 0, 0, 0, 105, 0, 0, 1, 0], [0, 0, 0, 0, 0, 0, 106, 0, 0, 0], [0, 0, 0, 0, 0, 0, 0, 114, 0, 0], [0, 0, 0, 0, 0, 0, 0, 1, 105, 0], [0, 1, 0, 0, 1, 0, 0, 1, 0, 103]]}"
